tree
version=v4
num_class=1
num_tree_per_iteration=1
label_index=0
max_feature_idx=46
objective=binary sigmoid:1
feature_names=vol_d vol_w vol_ratio ret_1 ret_2 ret_4 ret_8 ret_16 ret_32 ret_64 ret_128 ret_256 atr_pct rsi stoch_24 stoch_96 stoch_288 ema_dist_20 ema_dist_50 ema_dist_200 ema_slope_50 vol_z taker_1 taker_8 taker_dev trades_z body upper_wick lower_wick hour dow mkt_ret_1 btc_ret_1 mkt_ret_4 btc_ret_4 mkt_ret_8 btc_ret_8 mkt_ret_24 btc_ret_24 mkt_ret_72 btc_ret_72 breadth_24 xs_rank_24 xs_rank_72 rel_ret_24 beta sym
feature_infos=[0.00052815257285610321:0.32637734670843593] [0.0017681497233405178:0.15114284116552595] [0.096899893637738585:2.6488389739903981] [-6.7671016842838965:6.8923858990535374] [-6.2926577096620484:6.4846718672578954] [-5.5931377208062196:6.1324076076242013] [-4.8685865745603456:5.6455616907338353] [-4.7988070675390464:5.3765480864204847] [-3.7698607615868118:4.4313640175974323] [-4.5526624194116962:4.2975564211885056] [-4.2401905739253172:4.4434397900157512] [-4.9780329579680469:5.7137272440275844] [0.001854416062408731:0.96681802611149448] [0:98.385825955312484] [0:1] [0:1] [0:1] [-8.1030340072155997:7.842543547155099] [-9.1719398586151719:8.9530671794241972] [-24.689037513635771:14.211010731033992] [-2.5392894889454651:9.1279914549416823] [-6.5763709630819482:5.4665894185089376] [-0.49453408061359139:0.49232948127684539] [-0.34771614690896779:0.47406578742789141] [-0.37047981682307718:0.30461565404041696] [-6.4620543530466081:5.579739207295912] [-1:1] [0:1] [0:1] [0:22] [0:6] [-8.67288987925388:7.3499954238517287] [-9.0357795633810571:9.3586633506186754] [-6.3546634702206672:6.9033954562585116] [-7.285067626945799:6.2937281352962673] [-5.4315490751676316:5.5130522845373404] [-6.2089260769812986:5.518842989227605] [-4.5672843646418864:4.770867185434156] [-4.909094252859628:4.8409525958633326] [-3.2784195061451658:3.8131348467622841] [-3.8179481386363885:4.0146718798546717] [0:1] [0.10000000000000001:1] [0.10000000000000001:1] [-1.0589438330651799:2.0849530993778389] [0.30139038882084707:3.0698903829091435] -1:1:0:2:5:4:8:6:9:3:7
tree_sizes=1793 1811 1820 1815 1811 1790 1815 1829 1821 1822 1824 1834 1824 1827 1817 1808 1831 1820 1813 1815 1832 1822 1818 1839 1826 1826 1828 1828 1806 1835 1815 1815 1837 1820 1807 1800 1833 1814 1821 1837 1836 1809 1816 1815 1815 1821 1839 1839 1802 1830 1814 1808 1815 1838 1840 1821 1805 1811 1815 1809 1819 1842 1838 1814 1817 1845 1829 1845 1819 1850 1813 1833 1841 1830 1808 1836 1810 1817 1818 1827 1832 1832 1829 1815 1811 1813 1821 1829 1821 1828 1823 1815 1813 1810 1818 1821 1807 1819 1806 1830 1807 1817 1818 1839 1807 1810 1813 1814 1792 1829 1828 1846 1820 1813 1816 1793 1804 1809 1823 1834 1847 1813 1841 1819 1800 1827 1809 1830 1824 1815 1806 1837 1815 1818 1810 1816 1797 1844 1822 1833 1805 1815 1817 1801 1806 1809 1829 1813 1809 1833 1831 1810 1797 1807 1850 1815 1841 1848 1839 1798 1815 1836 1836 1843 1831 1821 1817 1807 1806 1805 1790 1820 1811 1820 1815 1811 1823 1811 1809 1800 1820 1816 1808 1805 1827 1787 1810 1832 1807 1811 1809 1824 1823 1809 1836 1845 1824 1824 1824 1839 1791 1803 1827 1818 1826 1799 1824 1831 1816 1799 1842 1826 1827 1802 1806 1822 1830 1814 1818 1832 1813 1830 1813 1831 1830 1827 1822 1821 1849 1815 1821 1826 1831 1810 1805 1796 1805 1815 1815 1823 1847 1803 1812 1811 1817 1819 1794 1813 1822 1807 1798 1830 1821 1841 1830 1835 1825 1809 1804 1818 1833 1814 1828 1795 1791 1802 1804 1825 1844 1807 1830 1820 1809 1837 1809 1838 1840 1813 1820 1751 1813 1803 1818 1801 1794 1818 1809 1829 1803 1826 1816 1800 1812 1806 1791 1813 1804 1787 1827 1814

Tree=0
num_leaves=15
num_cat=1
split_feature=34 39 39 12 37 46 36 30 30 35 12 40 11 0
split_gain=220.049 184.995 196.742 154.682 217.283 196.265 147.839 146.897 137.059 133.78 113.133 103.79 99.2281 98.1015
threshold=1.737872041545214 0.85988707139511911 2.1324168955337464 0.033848483095298726 -1.7842672868464209 0 -0.44440305502024302 2.5000000000000004 4.5000000000000009 -1.3422989876975417 0.0096759448772127648 -1.6823852431989177 -0.95643677627493395 0.0032850460388870952
decision_type=8 10 10 2 10 1 10 2 2 10 2 10 10 10
left_child=1 3 7 4 -1 11 -5 9 -9 -3 -10 -6 -8 -7
right_child=-2 2 -4 6 5 13 12 8 10 -11 -12 -13 -14 -15
leaf_value=-0.70684102419948347 -0.68484362495248086 -0.66486322093770034 -0.70286144188319566 -0.68240338950181922 -0.7079689510888667 -0.70976890396288872 -0.68223163706477385 -0.68120667850417116 -0.67655786616280111 -0.69495748584899708 -0.69295943727977427 -0.69253274512970386 -0.69779248985705422 -0.69708920426296461
leaf_weight=1550.2648983299732 2284.2968880236149 127.74467132985592 1089.2732583135366 1543.3777943104506 392.34276446700096 557.18893164396286 457.88133497536182 2541.5635478496552 431.66590677201748 3803.9030652344227 2656.2005050778389 15347.800225183368 1732.2177432328463 18080.425368413329
leaf_count=6978 10282 575 4903 6947 1766 2508 2061 11440 1943 17122 11956 69083 7797 81383
internal_value=-0.69393 -0.694344 -0.690835 -0.695287 -0.695891 -0.695393 -0.689482 -0.689457 -0.686354 -0.693908 -0.690618 -0.692927 -0.694501 -0.697475
internal_weight=52596.1 50311.9 10650.4 39661.5 35928 34377.8 3733.48 9561.08 5629.43 3931.65 3087.87 15740.1 2190.1 18637.6
internal_count=236744 226462 47939 178523 161718 154740 16805 43036 25339 17697 13899 70849 9858 83891
cat_boundaries=0 1
cat_threshold=263
is_linear=0
shrinkage=1


Tree=1
num_leaves=15
num_cat=0
split_feature=19 2 45 38 1 8 37 38 1 37 10 1 35 10
split_gain=233.57 167.627 162.417 159.992 319.16 178.35 97.9534 93.1858 119.083 87.4593 90.089 86.0544 86.0401 84.2671
threshold=0.30195724968847415 0.55870484503503259 1.0476671307919865 -0.1808905395500216 0.01689188677208216 0.60349261444949354 -0.14960318950031029 -0.70090576348564937 0.012811435005883047 -1.7842672868464209 -0.9095637055974054 0.0056753136967946172 1.5865332831225201 -1.7490870704420647
decision_type=2 8 10 8 8 10 10 10 10 10 8 8 8 10
left_child=1 -1 11 4 9 6 -5 -4 -9 -3 -11 -2 -8 -6
right_child=2 3 7 5 13 -7 12 8 -10 10 -12 -13 -14 -15
leaf_value=-0.0071531746786821417 0.010681606723626459 -0.011796802319521417 0.008352553100490781 0.0085863337402312598 0.028232012259677922 -0.0063722214658258952 0.00094991674794109673 0.0022827277231446323 -0.0045180212515759108 0.00014916611603574831 -0.0062381597829669049 0.0034486460944310737 0.018109463437270153 0.0051871549527498072
leaf_weight=4479.5690361261368 1688.9997248351574 1593.8253082185984 933.33120383322239 2503.521218329668 143.08688364923 1978.8028032332659 6495.3066973686218 4117.0675886124372 5277.0360190719366 2927.5596415400505 6175.130124360323 11720.6302870363 264.16473945975304 2316.1258490681648
leaf_count=20176 7593 7200 4199 11271 643 8907 29241 18526 23748 13186 27805 52730 1188 10415
internal_value=-1.37388e-05 -0.0018257 0.00219042 -0.000845002 -0.00308967 0.00178223 0.00352922 -0.000637174 -0.00153826 -0.00532999 -0.00418599 0.00436695 0.00164628 0.0066369
internal_weight=52614.2 28877.1 23737.1 24397.5 13155.7 11241.8 9262.99 10327.4 9394.1 10696.5 9102.69 13409.6 6759.47 2459.21
internal_count=236828 130032 106796 109856 59249 50607 41700 46473 42274 48191 40991 60323 30429 11058
is_linear=0
shrinkage=0.03


Tree=2
num_leaves=15
num_cat=1
split_feature=39 30 30 30 35 40 39 40 37 46 34 0 40 40
split_gain=223.841 165.619 153.026 151.186 144.97 144.563 144.225 198.497 156.634 120.574 112.309 110.641 100.828 112.556
threshold=0.85988707139511911 2.5000000000000004 4.5000000000000009 4.5000000000000009 -1.3422989876975417 1.6877905140902369 -1.800661752700941 -1.745031036448901 -1.7842672868464209 0 1.8056436193488123 0.032933053693275073 0.53186611505036818 1.4741246670191961
decision_type=8 2 2 2 10 10 10 10 10 1 10 8 8 10
left_child=3 4 12 5 -2 6 7 -1 11 -5 -10 -8 -3 -14
right_child=1 2 -4 9 -6 -7 8 -9 10 -11 -12 -13 13 -15
leaf_value=0.0015839084316911372 0.028400463350926778 0.023110413447136231 0.0025468446131364738 -0.0010800686545654364 -0.0013951322816064932 0.023738897840369109 -0.014086547230521508 0.034389870815680137 -0.0003732907849302706 -0.0072746105914199589 0.0096618796724179598 0.015328622194503915 0.0035718507810215245 0.016538519762064104
leaf_weight=478.26393119990826 141.58208467066288 561.4571089297533 3583.6801887750626 6015.5567399412394 4818.5879331380129 220.34973667562008 1077.9214582890272 245.07429304718971 26313.752701491117 5345.8046160042286 1033.4952094703913 120.44356955587864 1442.1949018985033 1033.9060996621847
leaf_count=2156 631 2516 16111 27083 21682 991 4885 1106 118472 24104 4634 540 6464 4636
internal_value=-2.3452e-05 0.0036561 0.00675754 -0.00106727 -0.000489222 6.58917e-05 -0.000120376 0.0130163 -0.000457697 -0.00400594 9.3471e-06 -0.0110277 0.0117006 0.00903088
internal_weight=52432.1 11581.4 6621.24 40850.7 4960.17 29489.3 29269 723.338 28545.6 11361.4 27347.2 1198.37 3037.56 2476.1
internal_count=236011 52040 29727 183971 22313 132784 131793 3262 128531 51187 123106 5425 13616 11100
cat_boundaries=0 1
cat_threshold=271
is_linear=0
shrinkage=0.03


Tree=3
num_leaves=15
num_cat=1
split_feature=2 38 11 35 40 10 34 40 38 40 40 40 38 46
split_gain=212.007 149.014 165.452 112.591 123.147 108.146 106.231 101.367 93.172 91.8085 109.512 87.1428 85.3207 84.6136
threshold=0.64987144642926931 -0.1719380628677514 0.28874404964408201 -1.1768542058331051 1.3745917832793058 -0.88392414722112223 1.6752315362477856 1.6877905140902369 0.26482985361946587 -1.5774181993146279 -1.3171971665602744 1.2044723062420994 -1.3939149835849485 0
decision_type=8 8 8 8 10 10 8 8 10 10 10 10 10 1
left_child=7 2 5 4 -3 12 9 13 -9 -5 -11 -4 -2 -1
right_child=1 3 11 6 -6 -7 -8 8 -10 10 -12 -13 -14 -15
leaf_value=-0.0070855836409355359 -0.0054838253268495365 0.0078471235997676983 0.0021796704459164135 -0.020895505638528985 0.038035185410848299 -0.0054651832801538049 0.0085329890302794052 0.030067586109300451 0.00081590824249051731 0.02056378746029764 0.0013523039391615257 0.018261579875284283 0.0036031867953168831 -0.0019301103469433454
leaf_weight=4893.7481444031 1380.5442358851433 727.33886320888996 4988.8435069620609 154.52803489565849 138.29701061546803 7228.5355293005705 2076.9667949676514 137.1592698097229 295.10722589492798 260.6949852257967 20176.316408932209 313.27021318674088 2797.8333639502525 6960.5486606508493
leaf_count=22090 6240 3267 22444 696 618 32604 9297 615 1325 1172 90745 1406 12597 31344
internal_value=-9.94323e-05 0.000953768 -0.00121233 0.00249154 0.0130494 -0.00324679 0.0020828 -0.00354703 0.0105675 0.00142837 0.0016073 0.00316244 0.000594895 -0.0040702
internal_weight=52529.7 40243.2 16709 23534.1 865.636 11406.9 22668.5 12286.6 432.266 20591.5 20437 5302.11 4178.38 11854.3
internal_count=236460 181086 75291 105795 3885 51441 101910 55374 1940 92613 91917 23850 18837 53434
cat_boundaries=0 1
cat_threshold=624
is_linear=0
shrinkage=0.03


Tree=4
num_leaves=15
num_cat=0
split_feature=39 30 30 35 1 30 40 40 38 36 1 38 39 40
split_gain=217.889 233.429 261.602 188.725 183.309 143.055 136.838 162.001 142.122 132.631 155.267 130.247 112.843 155.987
threshold=0.56764800424328044 2.5000000000000004 4.5000000000000009 -1.1475916595967293 0.005307420508664654 4.5000000000000009 0.53186611505036818 1.5312603655106738 0.36897597742787142 -1.2574721057525611 0.017790030453589817 -0.58530821059609217 -1.800661752700941 -1.6823852431989177
decision_type=8 2 2 10 8 2 8 10 10 10 8 10 10 10
left_child=5 3 6 -2 -4 9 -3 -8 -9 10 -1 -5 -11 -14
right_child=1 2 4 11 -6 -7 7 8 -10 12 -12 -13 13 -15
leaf_value=-0.0085152101407843551 0.020017545572404715 0.02024930480230366 0.026101130307811637 0.011994176799449457 -0.00018672279060517039 -0.0043496763231331212 0.0033435357804264387 0.034733000830781825 0.010588987298958978 0.017033224660543803 0.0090822025490979799 -0.0036740393909862048 -0.017439807879301571 0.0007458050188232445
leaf_weight=2818.5421561151743 344.70224258303642 1127.7228438407183 241.73599895834923 508.45303900539875 4620.0285865664482 10111.963988021016 2177.0491150319576 300.90700972080231 799.07588113844395 363.01427689194679 528.40747483074665 6074.0142665654421 422.82870481908321 22057.041562736034
leaf_count=12737 1534 5045 1081 2288 20771 45651 9757 1338 3562 1629 2368 27325 1911 99321
internal_value=-2.99328e-05 0.00286283 0.00597451 -0.00130229 0.00117125 -0.00132078 0.0112615 0.00811629 0.0174471 -0.000150108 -0.0057182 -0.00244741 0.000667876 0.000396145
internal_weight=52495.5 16193.7 9266.52 6927.17 4861.76 36301.8 4404.75 3277.03 1099.98 26189.8 3346.95 6582.47 22842.9 22479.9
internal_count=236318 72701 41554 31147 21852 163617 19702 14657 4900 117966 15105 29613 102861 101232
is_linear=0
shrinkage=0.03


Tree=5
num_leaves=15
num_cat=0
split_feature=19 39 40 45 37 1 21 40 39 10 1 20 33 40
split_gain=196.635 155.15 183.045 154.801 147.01 203.299 159.381 137.431 138.851 100.409 111.449 109.534 95.867 86.7646
threshold=0.30195724968847415 -1.800661752700941 -1.745031036448901 1.0522879818176751 -1.7842672868464209 0.02328594170803824 -0.40682165968411288 -1.5774181993146279 -1.1737838742515134 -0.7971978742462732 0.02125563125452648 -0.041248552557236008 -0.086563152108653674 1.6877905140902369
decision_type=2 10 8 10 10 8 8 10 10 10 8 10 10 8
left_child=1 2 -1 13 5 -3 7 -6 -9 10 -8 -12 -4 -2
right_child=3 4 12 -5 6 -7 9 8 -10 -11 11 -13 -14 -15
leaf_value=0.00015767683233034236 0.0032397988666768148 -0.014399598461349966 0.014554954983431432 -0.00072142302300922463 -0.022153340310445684 0.028881298504225696 0.0020657986017127688 0.0069371076540249901 -0.0047430271510350893 -0.0014101019483539873 0.021289233354115606 -0.0077018389843595287 0.046663757691911854 0.010334096965334331
leaf_weight=688.11926823854446 11847.533966243267 1343.9360667765141 264.15515731275082 10134.431409150362 364.00761297345161 96.061168700456619 5031.625523135066 1003.0844393819571 9654.8846970200539 9617.3842120021582 525.41641569137573 144.55374290049076 123.86751142144203 1779.7135825008154
leaf_count=3106 53183 6131 1184 45572 1650 430 22670 4523 43567 43351 2359 651 552 7956
internal_value=6.56688e-05 -0.00159824 0.00952652 0.00208621 -0.00203245 -0.0113331 -0.0015199 -0.00426927 -0.00363827 0.00045976 0.00361077 0.0150128 0.0257198 0.00417321
internal_weight=52618.8 28857.1 1076.14 23761.7 27781 1440 26341 11022 10658 15319 5701.6 669.97 388.023 13627.2
internal_count=236885 130174 4842 106711 125332 6561 118771 49740 48090 69031 25680 3010 1736 61139
is_linear=0
shrinkage=0.03


Tree=6
num_leaves=15
num_cat=0
split_feature=19 12 33 30 30 1 30 39 7 37 0 39 35 41
split_gain=177.62 158.949 158.879 144.309 135.899 150.389 130.631 172.458 117.317 114.06 102.534 102.12 94.374 88.5539
threshold=0.25058720800975925 0.03294658031181457 0.71313966240435767 1.5000000000000002 4.5000000000000009 0.0047553153535469664 3.5000000000000004 0.54548509334021733 -0.25038247529127716 -1.6711359168606357 0.0040172599885251459 1.8222334440802765 -0.097560699251999006 0.95000000000000007
decision_type=2 2 8 2 2 10 2 10 10 10 10 10 10 2
left_child=1 2 9 13 6 -6 11 -8 -3 -1 -11 -5 -7 -2
right_child=3 8 -4 4 5 12 7 -9 -10 10 -12 -13 -14 -15
leaf_value=-0.010779804667294682 -3.8394345435417662e-06 0.010150009278130423 0.0034118349077445214 0.0043661957212416096 0.022592230298233013 0.0046056799909592171 0.0026237489906965512 0.016387355585918664 -0.0021052939040945586 -0.0086464130166823572 -0.0018967996280930188 -0.0086459753967818923 -0.0030727156373523911 -0.0084440946114280983
leaf_weight=1678.2124647796154 5491.8015269339085 1695.0491104573011 3721.6999225318432 6214.9653226435184 249.52794417738914 2082.3871843069792 1441.6441135108471 1901.7577316313982 1191.2067806273699 2274.778273165226 17967.416532829404 585.4161382317543 4615.8345921188593 1394.9844673573971
leaf_count=7668 24680 7602 16757 27856 1111 9368 6480 8465 5357 10295 81088 2622 20764 6269
internal_value=3.8583e-05 -0.00156085 -0.00231253 0.00194137 0.00341812 0.000184874 0.0056303 0.0104781 0.00510223 -0.00328554 -0.0026592 0.00323498 -0.000682298 -0.00172326
internal_weight=52506.7 28528.4 25642.1 23978.3 17091.5 6947.75 10143.8 3343.4 2886.26 21920.4 20242.2 6800.38 6698.22 6886.79
internal_count=236382 128767 115808 107615 76666 31243 45423 14945 12959 99051 91383 30478 30132 30949
is_linear=0
shrinkage=0.03


Tree=7
num_leaves=15
num_cat=0
split_feature=19 25 16 38 0 1 35 40 38 38 40 10 40 37
split_gain=185.45 115.881 112.719 122.056 105.129 101.59 97.5247 132.968 96.221 80.1432 89.839 81.0022 69.4364 68.9908
threshold=-1.0000000180025095e-35 -0.35636050840213812 0.30909750826568749 -1.4990529980008322 0.020515711254523093 0.010469136399527621 -1.0695225656410641 1.1444229333967242 -0.71372822471158404 -0.82475024927459251 -1.6300809730482866 -0.021705684776570148 -0.43263079710904306 -0.14960318950031029
decision_type=2 8 10 8 8 8 10 8 10 10 10 8 10 10
left_child=1 9 3 -3 -5 12 7 -7 -8 -1 -11 -12 13 -2
right_child=5 2 -4 4 -6 6 8 -9 -10 10 11 -13 -14 -15
leaf_value=-0.0093057670843202517 0.0053567994610227579 -0.0055561774055600576 -0.0034085555050578811 0.0020751341246785923 0.012260907035052717 0.0035984511377238544 0.0081240793496544488 0.031378774019021408 -0.0013048819386086272 -0.018292262242705772 -0.00099347074580880945 -0.0080411352833264418 0.0046460443900279026 -0.012124225838926864
leaf_weight=2103.3260165005922 354.92959652841091 1643.1882448792458 5743.3093827664852 7118.2172776013613 1037.2038702368736 747.56888438761234 1048.5531116127968 186.77913074195385 12198.306329622865 318.53470630943775 7753.9389665871859 1801.5515114814043 10049.194240108132 451.73536609113216
leaf_count=9534 1596 7470 25915 32099 4645 3348 4700 827 54812 1448 35028 8147 45008 2030
internal_value=-8.48048e-05 -0.00178429 -7.48593e-05 0.00188062 0.00338399 0.00178313 0.000110641 0.0094253 -0.000552969 -0.00400055 -0.00286218 -0.00232922 0.00396583 -0.00446123
internal_weight=52556.3 27519.3 15541.9 9798.61 8155.42 25037.1 14181.2 934.348 13246.9 11977.4 9874.03 9555.49 10855.9 806.665
internal_count=236607 124286 70129 44214 36744 112321 63687 4175 59512 54157 44623 43175 48634 3626
is_linear=0
shrinkage=0.03


Tree=8
num_leaves=15
num_cat=0
split_feature=19 12 37 45 33 16 0 38 45 40 40 40 35 15
split_gain=181.175 191.078 169.037 140.337 110.559 108.293 98.5265 94.7711 88.0741 102.729 99.7182 87.1124 82.0378 78.8153
threshold=0.14777743805327198 0.032517041383130059 -1.7842672868464209 1.0476671307919865 0.71313966240435767 0.18878800369731949 0.0040172599885251459 -1.6304694291202 1.2048854646943059 0.058297864883589283 -1.5774181993146279 -0.89661841097587203 -0.49465727753975713 0.2152777777777779
decision_type=2 2 8 10 8 10 10 8 8 10 10 10 10 10
left_child=1 2 11 -2 6 7 13 -3 9 10 12 -1 -8 -4
right_child=3 5 4 -5 -6 -7 8 -9 -10 -11 -12 -13 -14 -15
leaf_value=-0.0066575230916395122 0.0038164278252507036 -0.0022534810736046062 -0.018306584073299152 -0.00077260600815334357 0.0029364714989143109 0.00098132184928995591 -0.00037374427330177365 0.017844103649152895 -0.0065299223987654734 -0.0046962482536198578 0.0015224355418490569 -0.021973219225419355 -0.020140957404454107 -0.0053820098136195668
leaf_weight=892.88046063482761 13839.164851665497 278.49273690581322 566.57601682841778 10573.785625934601 3549.6027644276619 1797.2493936121464 397.03190319240093 837.42323108017445 3234.8816063702106 4744.4675468355417 9211.4642178863287 537.62928073108196 351.22641450166702 1668.7877931445837
leaf_count=4104 61927 1251 2575 47519 15967 8075 1801 3736 14620 21427 41618 2480 1601 7579
internal_value=-6.03e-05 -0.00170393 -0.00254673 0.00182931 -0.00193996 0.00555729 -0.00279898 0.012853 -0.00205612 -0.00106813 0.000663159 -0.0125262 -0.00979557 -0.00872482
internal_weight=52480.7 28067.7 25154.5 24413 23724 2913.17 20174.4 1115.92 17939.1 14704.2 9959.72 1430.51 748.258 2235.36
internal_count=236280 126834 113772 109446 107188 13062 91221 4987 81067 66447 45020 6584 3402 10154
is_linear=0
shrinkage=0.03


Tree=9
num_leaves=15
num_cat=0
split_feature=34 12 38 45 35 18 1 19 9 11 12 38 45 1
split_gain=151.28 133.066 175.851 144.345 91.3804 89.5294 80.9636 78.1556 73.6508 88.4384 95.7448 66.5492 66.5008 64.0678
threshold=1.365404701834336 0.03294658031181457 -1.4990529980008322 1.1986765600347253 -0.47276111844520169 0.93277657018734261 0.015207848809586635 0.30195724968847415 0.48552337354516195 -0.71696186944991014 0.010296243038843265 2.2082746140165401 1.0476671307919865 0.0056033301392984227
decision_type=8 2 10 8 10 2 10 2 10 8 2 8 10 10
left_child=1 2 -1 7 -3 -5 -7 8 9 10 -4 -2 13 -9
right_child=11 4 3 5 -6 6 -8 12 -10 -11 -12 -13 -14 -15
leaf_value=-0.0090170073823565306 0.0041960145599475923 0.0095068980983781196 -0.0043726521539576993 -0.0064933219926650836 0.0011929199700549983 0.005606687145974616 -0.0065822691432342725 0.0090070308687481039 -0.0073092136489558675 -0.0023337774467357135 0.0038464370154439585 0.015706770041969537 -0.0012365900182093618 0.0022270116998179212
leaf_weight=2297.2894969731569 3249.8375136554241 1822.2672674208879 1629.509303316474 5116.2208643108606 3403.1722484230995 1264.0403544306755 787.58621926605701 1432.4355554878712 1522.5129787474871 9637.2456733137369 5749.0298658311367 518.25265185534954 4431.6620855182409 9734.476167678833
leaf_count=10519 14525 8129 7388 23128 15279 5687 3552 6370 6884 43589 25979 2307 19921 43551
internal_value=3.29969e-05 -0.000414429 -0.000956857 -0.000506493 0.00410487 -0.00437359 0.000918313 0.000306539 -0.00100997 -0.000442375 0.00202784 0.00581655 0.00187081 0.003104
internal_weight=52595.5 48827.4 43602 41304.7 5225.44 7167.85 2051.63 34136.9 18538.3 17015.8 7378.54 3768.09 15598.6 11166.9
internal_count=236808 219976 196568 186049 23408 32367 9239 153682 83840 76956 33367 16832 69842 49921
is_linear=0
shrinkage=0.03


Tree=10
num_leaves=15
num_cat=1
split_feature=19 30 12 37 46 30 1 30 39 39 11 39 7 33
split_gain=191.055 155.68 147.629 157.789 120.677 111.588 169.051 130.715 157.891 107.811 126.771 95.3234 89.8321 87.5451
threshold=0.30195724968847415 1.5000000000000002 0.03294658031181457 -1.7842672868464209 0 4.5000000000000009 0.0047553153535469664 3.5000000000000004 0.56764800424328044 -1.800661752700941 -0.84926925209778503 1.8222334440802765 -0.25899543005679404 0.31899329074968574
decision_type=2 2 2 8 1 2 10 2 10 8 10 10 10 8
left_child=2 -2 3 -1 -5 7 -7 11 -9 10 -6 13 -4 -3
right_child=1 5 12 4 9 6 -8 8 -10 -11 -12 -13 -14 -15
leaf_value=-0.01182887460679124 -0.0017036742684228053 0.0012279361508021763 0.0093390232586616495 0.0015216100927325626 -0.0076163266701978587 0.024402019881291405 -0.00021359777785561891 0.0031188097611236001 0.016224527306410549 -0.0033698517141153455 0.03252510547756509 -0.008191775178991197 -0.0014362763881267178 0.008435855312590234
leaf_weight=1444.799847766757 6832.7681900858879 3508.4811647087336 1692.2671225816011 7453.9983302652836 119.34523038566113 250.92413794994354 6662.2433150559664 1479.6963750720024 1883.3011780232191 16624.595969617367 153.49153281748295 589.04894733428955 1174.3427146226168 2666.6247512698174
leaf_count=6697 30666 15681 7537 33672 538 1104 29934 6634 8324 75258 687 2640 5271 11906
internal_value=0.000138498 0.00212036 -0.00151235 -0.00223046 -0.00165635 0.00365381 0.000713821 0.00565808 0.0104844 -0.00305742 0.0153178 0.00324658 0.00493514 0.00434917
internal_weight=52535.9 23873.1 28662.8 25796.2 24351.4 17040.3 6913.17 10127.2 3363 16897.4 272.837 6764.15 2866.61 6175.11
internal_count=236549 106889 129660 116852 110155 76223 31038 45185 14958 76483 1225 30227 12808 27587
cat_boundaries=0 1
cat_threshold=262
is_linear=0
shrinkage=0.03


Tree=11
num_leaves=15
num_cat=1
split_feature=33 2 30 41 30 38 0 46 20 35 0 10 36 0
split_gain=182.181 134.64 125.499 88.6916 199.064 100.724 87.0273 88.648 75.4332 75.019 70.7666 73.7809 67.8048 63.1615
threshold=0.52748769023272568 0.48441832078458547 4.5000000000000009 0.65000000000000002 1.5000000000000002 -0.16339987913102602 0.044676222094108514 0 -0.60942087498712605 0.79372554968089049 0.018290593861483722 -1.3943867869661215 0.53913339734152277 0.0058999388862033394
decision_type=8 8 2 2 2 8 8 1 10 10 10 10 10 8
left_child=1 8 3 5 -5 12 7 10 -1 -6 -3 -12 -2 -4
right_child=2 6 13 4 9 -7 -8 -9 -10 -11 11 -13 -14 -15
leaf_value=-0.01567950876699389 0.0060362168528756413 -0.0035956643190477181 0.0051550029253566859 -0.0052488798624655292 0.00029799871749484295 0.011270547730863851 0.013467281307252374 0.00055647273152307521 -0.004471748403720755 0.0099264652070345273 0.020192384046463768 0.00060918615451910883 -0.0046446214209573417 -0.0043798695337248904
leaf_weight=653.993916913867 1893.6889664530754 10745.828943625093 815.26721884310246 2149.9760697036982 1123.8648924529552 2739.3228357583284 388.7377552986145 21425.898219823837 2995.2779449522495 2062.3926851451397 179.10147579014301 2061.2280419915915 735.54164358973503 2578.1612035483122
leaf_count=2985 8517 48592 3665 9656 5025 12250 1728 96481 13561 9175 801 9258 3302 11612
internal_value=2.59704e-05 -0.00104368 0.00294191 0.00453454 0.00179041 0.00725375 -0.000467964 -0.000629251 -0.00651768 0.00654185 -0.00258294 0.00225752 0.00304192 -0.00208071
internal_weight=52548.3 38450.1 14098.2 10704.8 5336.23 5368.55 34800.8 34412.1 3649.27 3186.26 12986.2 2240.33 2629.23 3393.43
internal_count=236608 173406 63202 47925 23856 24069 156860 155132 16546 14200 58651 10059 11819 15277
cat_boundaries=0 1
cat_threshold=688
is_linear=0
shrinkage=0.03


Tree=12
num_leaves=15
num_cat=1
split_feature=2 8 1 36 39 39 19 40 39 36 40 38 37 46
split_gain=182.291 105.336 191.536 90.0245 95.6934 110.305 104.8 90.5458 136.701 126.363 128.388 97.3271 89.3916 86.1844
threshold=0.64987144642926931 -1.3841678147333714 0.01689188677208216 1.8634857398669054 2.1324168955337464 0.85988707139511911 -5.4597118634474802 0.59064520704891665 1.450990479986296 -0.6926889290061885 1.0321956605276676 -0.54816887260986025 0.41821849272623085 0
decision_type=8 8 10 8 10 10 2 10 10 10 10 8 10 1
left_child=-1 2 -2 4 5 6 -3 8 12 10 -9 -11 -7 -8
right_child=1 3 -4 -5 -6 7 13 9 -10 11 -12 -13 -14 -15
leaf_value=-0.0032104637442043255 -0.0075399080397924832 0.0059651556471098611 0.012133449688925066 0.0075865452956402242 -0.0083388913751607559 0.0059568361315418287 0.0021992060699890397 -0.0027099499500995205 -0.0058407368853270894 0.022772585613207035 0.026975871763379147 0.00041630898133619292 0.020867299966367495 -0.0015785384904959184
leaf_weight=12267.464986845851 2656.5648834854364 2723.4508205503225 525.36917980015278 2002.7481258511543 938.44313497841358 659.65355305373669 8404.350717023015 204.13570640981197 374.11508551239967 171.53274446725845 348.27564044296741 5083.8953756839037 822.01039339601994 15298.073203623295
leaf_count=55495 12141 12275 2331 8917 4213 2940 37742 910 1674 764 1540 22706 3661 69000
internal_value=-1.07964e-05 0.000965866 -0.0042638 0.00141627 0.00106141 0.00132256 0.000402944 0.00448894 0.0102409 0.00263656 0.0161528 0.00118786 0.0143134 -0.00023841
internal_weight=52480.1 40212.6 3181.93 37030.7 35027.9 34089.5 26425.9 7663.62 1855.78 5807.84 552.411 5255.43 1481.66 23702.4
internal_count=236309 180814 14472 166342 157425 153212 119017 34195 8275 25920 2450 23470 6601 106742
cat_boundaries=0 1
cat_threshold=7
is_linear=0
shrinkage=0.03


Tree=13
num_leaves=15
num_cat=2
split_feature=2 38 12 37 36 40 39 46 40 33 40 46 30 38
split_gain=163.606 115.897 112.423 203.123 119.71 97.2521 205.361 93.9322 88.4714 87.6252 85.8061 75.4278 71.0861 69.7994
threshold=0.64987144642926931 2.4326689520438873 0.032517041383130059 -1.7324497193990476 -0.21854230158594459 -1.6823852431989177 -1.800661752700941 0 -0.72275713693377475 0.52748769023272568 1.6877905140902369 1 4.5000000000000009 0.2459316174710536
decision_type=8 8 2 10 10 10 10 1 10 10 8 1 2 10
left_child=10 2 3 8 -4 -5 -7 -8 -2 13 11 -1 -3 -9
right_child=1 12 4 5 -6 6 7 9 -10 -11 -12 -13 -14 -15
leaf_value=-0.0012401012821683659 -0.0055020911865012716 0.015725610699197878 0.0097449585242487882 -0.011003536040459264 0.00045592870291789823 0.036639647852236008 0.0027980704306816723 -0.0034296990010178803 -0.020879652245174983 0.0024740189281379638 0.0098612201675821829 -0.0060547374082715417 -0.0085806477326516827 0.00087056873723178447
leaf_weight=6204.3468127250671 1050.891923174262 694.20613788068295 2380.2920025140047 629.63634882867336 2616.3844369798899 133.33354924619198 11657.570324882865 9127.5105034708977 493.32811483740807 6004.6650791019201 437.76421701908112 5568.1834388673306 121.37335273623466 5401.9507649838924
leaf_count=28020 4883 3077 10579 2869 11703 587 52183 41248 2299 26916 1951 25324 542 24315
internal_value=1.78663e-06 0.00092339 0.000690671 8.09824e-05 0.00489162 0.000580654 0.000809627 0.000649892 -0.0105175 -0.000571517 -0.00303907 -0.00352673 0.0120483 -0.00183139
internal_weight=52521.4 40311.1 39495.6 34498.9 4996.68 32954.7 32325 32191.7 1544.22 20534.1 12210.3 11772.5 815.579 14529.5
internal_count=236496 181201 177582 155300 22282 148118 145249 144662 7182 92479 55295 53344 3619 65563
cat_boundaries=0 1 2
cat_threshold=7 271
is_linear=0
shrinkage=0.03


Tree=14
num_leaves=15
num_cat=0
split_feature=2 12 38 36 39 30 41 30 37 40 35 34 37 40
split_gain=138.641 114.37 204.791 137.276 132.454 111.868 206.437 128.124 127.518 102.988 100.29 98.9522 95.2495 107.955
threshold=0.63145071910327888 0.03294658031181457 -0.1808905395500216 -0.21854230158594459 0.56764800424328044 1.5000000000000002 0.75000000000000011 5.5000000000000009 -0.42929065892088419 -0.10374281949270815 0.68077319208994336 -0.76040831065552106 -0.91978443267836818 -0.016297238413190765
decision_type=8 2 10 10 10 2 2 2 10 8 10 10 10 10
left_child=-1 2 4 -3 9 6 8 -7 -4 -2 -10 -9 -6 -14
right_child=1 3 5 -5 12 7 -8 11 10 -11 -12 -13 13 -15
leaf_value=-0.0029528376676347177 -0.0021396354059771919 0.010364138013194676 0.019967949555186975 0.00036937062091169819 0.021564424623384516 0.0047161649553962492 -0.0069234035315664955 0.018062273122456899 -0.00126990902695008 -0.0084275985296554841 0.010182319913917695 -0.0042677523401185155 0.017693389774450632 -0.001350344258645394
leaf_weight=11208.609599083662 8868.1688173860312 2329.0659953653812 369.18625539541245 2626.0712978094816 244.68155166506767 12596.786412775517 3076.2645814418793 183.09930284321308 2677.0951058715582 3182.1224002242088 915.5437811166048 2393.6739427149296 314.52462407946587 1529.1027546226978
leaf_count=50830 40328 10316 1654 11744 1091 56320 13835 824 12030 14406 4099 10772 1405 6832
internal_value=4.72574e-06 0.000807809 0.000224389 0.00507863 -0.00259688 0.0020206 -0.00110442 0.00346989 0.00341994 -0.00380571 0.00166873 -0.00261734 0.00436336 0.00197646
internal_weight=52514 41305.4 36350.2 4955.14 14138.6 22211.6 7038.09 15173.6 3961.83 12050.3 3592.64 2576.77 2088.31 1843.63
internal_count=236486 185656 163596 22060 64062 99534 31618 67916 17783 54734 16129 11596 9328 8237
is_linear=0
shrinkage=0.03


Tree=15
num_leaves=15
num_cat=0
split_feature=2 38 1 19 1 30 40 30 41 15 38 37 15 10
split_gain=134.49 106.309 214.108 128.658 111.62 101.155 99.2959 94.8155 149.155 90.8007 84.4871 80.4786 79.7951 76.0693
threshold=0.64987144642926931 -0.1719380628677514 0.01689188677208216 -0.15037637832745596 0.012341897493789328 1.5000000000000002 1.2044723062420994 2.5000000000000004 0.8500000000000002 0.53473958619615825 0.62346296110988708 -0.10524717036306673 0.24183006535947707 -1.2833014741697513
decision_type=8 10 8 2 10 2 10 2 2 8 10 10 8 10
left_child=-1 2 3 5 7 -2 12 8 10 -6 11 -3 -5 -4
right_child=1 4 13 6 9 -7 -8 -9 -10 -11 -12 -13 -14 -15
leaf_value=-0.0028085931542657081 0.0001999210433781173 0.008265423738383508 0.017141540710015675 0.021262295584241662 0.003519388326977214 -0.0067080191474653047 0.017551310143504723 0.00602248151304049 -0.0043671229129410433 -0.0027644307901370144 0.010579097400542119 -0.002092066616771531 -0.00065033859474207469 0.0037946946290819167
leaf_weight=12244.33110485971 2675.1324664354324 1050.0758429765701 429.5550484508276 146.52844072878361 3190.8397639840841 6636.254999011755 319.55759315192699 7574.5657368004322 2682.8229647427797 5846.4500805288553 1424.6525834798813 1851.4751081615686 3353.0926330834627 3156.4992217123508
leaf_count=55561 12175 4699 1893 659 14316 30271 1415 33801 12042 26192 6364 8306 15028 14076
internal_value=-5.60897e-05 0.000779914 -0.00105046 -0.00282493 0.00207518 -0.0047253 0.00180853 0.00369772 0.00118038 -0.000544335 0.0046227 0.00167184 0.000325108 0.00543667
internal_weight=52581.8 40337.5 16716.6 13130.6 23620.9 9311.39 3819.18 14583.6 7009.03 9037.29 4326.2 2901.55 3499.62 3586.05
internal_count=236798 181237 75517 59548 105720 42446 17102 65212 31411 40508 19369 13005 15687 15969
is_linear=0
shrinkage=0.03


Tree=16
num_leaves=15
num_cat=1
split_feature=39 25 39 30 1 30 38 35 41 38 30 45 46 38
split_gain=148.202 145.992 128.934 126.171 180.038 146.403 114.748 93.3123 87.1047 96.2861 83.8051 83.2707 92.0167 80.2168
threshold=0.85988707139511911 0.054652197082247805 2.1324168955337464 2.5000000000000004 0.005307420508664654 4.5000000000000009 2.6300836929250067 -1.3730688873722234 0.75000000000000011 0.024334216897722128 1.5000000000000002 1.2015253308011105 0 -0.54816887260986025
decision_type=8 8 10 2 8 2 8 10 2 10 2 8 1 10
left_child=1 11 3 6 -5 -6 13 -3 9 -9 -10 -1 -13 -2
right_child=2 7 -4 4 5 -7 -8 8 10 -11 -12 12 -14 -15
leaf_value=-0.0015857731001292035 0.011546400610007427 -0.0039150016554146258 -0.0061818718301023439 0.027806301365749502 0.010609083825254833 0.0010012956478934278 0.023865736342233834 0.0015243624603357407 -0.0072741466842413775 0.0075861683919818739 0.0017540241555328597 -0.0022846070776038402 -0.010880689027426897 -0.0022234193582713253
leaf_weight=18941.176057294011 412.73808059096336 2732.127125248313 1247.5703595280647 336.63104848563671 2680.8020245730877 3045.0140193998814 165.92279745638371 7198.3534525036812 1494.621642306447 3502.4592944681644 2396.1023995876312 2569.6990387588739 2002.8716408163309 3828.366166010499
leaf_count=85652 1830 12397 5595 1467 11776 13649 733 32502 6743 15693 10735 11628 9112 17183
internal_value=-7.20823e-05 -0.000925508 0.00290061 0.00398777 0.00679206 0.00551027 0.000123461 0.00116388 0.00211689 0.00351367 -0.0017239 -0.0024647 -0.00609411 -0.000859352
internal_weight=52554.5 40837.4 11717 10469.5 6062.45 5725.82 4407.03 17323.7 14591.5 10700.8 3890.72 23513.7 4572.57 4241.1
internal_count=236695 184462 52233 46638 26892 25425 19746 78070 65673 48195 17478 106392 20740 19013
cat_boundaries=0 1
cat_threshold=396
is_linear=0
shrinkage=0.03


Tree=17
num_leaves=15
num_cat=0
split_feature=33 12 37 40 30 2 20 2 30 37 37 39 15 19
split_gain=134.32 140.586 113.412 110.709 104.37 102.558 113.866 64.4661 83.3956 179.089 167.714 138.845 93.869 96.0939
threshold=0.52748769023272568 0.032517041383130059 -1.6711359168606357 -0.73668629609605907 4.5000000000000009 0.46625789547253149 -0.21463951373428455 1.1975196757736242 2.5000000000000004 0.39208276394391356 -0.14960318950031029 -1.2117676422949224 0.1847387294896454 -6.3865716343036825
decision_type=8 2 10 10 2 10 10 10 2 10 10 10 10 2
left_child=1 2 3 -1 -2 6 -4 8 10 12 -7 -11 -10 -14
right_child=4 -3 5 -5 -6 7 -8 -9 9 11 -12 -13 13 -15
leaf_value=-0.0033976290924403497 0.00404731735705436 0.0043944034234443411 -0.012897413933878424 -0.019776397477121805 -0.0019830487091861073 0.0011317027220678413 -0.0011350567584694467 0.002476639998136989 -0.0077897252810495065 0.039855654074154472 -0.0065958169255349785 0.0044281240623817286 0.014096175082704243 -0.001256644618889728
leaf_weight=1066.7891112715006 10722.561482638121 4136.8868770301342 1321.1201731711626 564.2526541352272 3394.9494094848633 4466.8128460645676 1674.8072456270456 5262.4410083293915 1986.282998546958 92.077592194080353 5805.1605527698994 4422.1353760957718 376.33997479081154 7290.3164425939322
leaf_count=4976 47862 18409 6072 2650 15295 20179 7614 23649 9040 417 26203 19839 1707 32934
internal_value=9.5032e-05 -0.000823588 -0.0014535 -0.00914978 0.00259677 -0.00106691 -0.00634758 -0.000532299 -0.00118096 0.000311482 -0.00323764 0.00523725 -0.0019951 -0.000485626
internal_weight=52582.9 38465.4 34328.5 1631.04 14117.5 32697.5 2995.93 29701.6 24439.1 14167.2 10272 4514.21 9652.94 7666.66
internal_count=236846 173689 155280 7626 63157 147654 13686 133968 110319 63937 46382 20256 43681 34641
is_linear=0
shrinkage=0.03


Tree=18
num_leaves=15
num_cat=0
split_feature=40 39 2 12 37 40 39 11 14 14 40 39 19 39
split_gain=134.863 138.068 127.933 99.3355 165.189 91.287 83.2102 82.363 81.4855 79.5547 103.536 162.874 110.536 71.8663
threshold=1.6877905140902369 1.3880421456012877 0.62353313800268773 0.033405801742459607 -1.6711359168606357 -0.79859734425339701 2.2044107238699313 0.26514592352308736 0.65786898560943741 0.22535211267605429 -1.745031036448901 -1.800661752700941 -6.277558930922158 2.0637555910113634
decision_type=8 10 8 2 10 10 10 10 10 10 10 10 2 10
left_child=2 -2 -1 4 5 -4 9 -3 -5 -6 -11 -12 -13 -9
right_child=1 7 3 8 6 -7 -8 13 -10 10 11 12 -14 -15
leaf_value=-0.003328629912528152 0.014584661298984267 -0.0088662778120889817 -0.0037908484424229311 0.0072172573775761851 -0.0027077237765677003 -0.01800551262789829 -0.017129257645924979 0.0099650926493571913 -0.0015851733024105411 -0.015104254384920962 0.037936322761775103 0.011520067778914334 0.00087236216914251456 -0.0021191889387728387
leaf_weight=10343.301889121532 1085.2833933383226 511.96294997632504 1100.4655196070671 3173.002662807703 5749.1281150728464 641.70631477236748 233.10061004757881 1000.49635887146 1342.5815008580685 336.77581611275673 99.349028021097183 899.29275968670845 25176.614111810923 783.29740677773952
leaf_count=47085 4797 2272 5132 14036 26007 3032 1049 4419 5997 1544 433 4049 112997 3510
internal_value=3.34653e-05 0.00581975 -0.000366122 0.000425256 -0.000126866 -0.00909951 0.000356852 0.00163099 0.00460238 0.000488465 0.00118232 0.00139755 0.00124385 0.00467643
internal_weight=52476.4 3381.04 49095.3 38752 34236.4 1742.17 32494.3 2295.76 4515.58 32261.2 26512 26175.3 26075.9 1783.79
internal_count=236359 14998 221361 174276 154243 8164 146079 10201 20033 145030 119023 117479 117046 7929
is_linear=0
shrinkage=0.03


Tree=19
num_leaves=15
num_cat=0
split_feature=2 30 36 39 15 39 30 39 0 36 12 11 39 36
split_gain=126.421 99.9071 92.4193 106.545 90.6851 89.0136 141.25 99.1523 114.625 102.762 89.0046 85.2138 100.613 79.7803
threshold=0.60852270798399422 5.5000000000000009 1.8634857398669054 2.1324168955337464 0.70432125365471732 0.98581648510811615 2.5000000000000004 -1.800661752700941 0.010996838162313515 -1.2916645236870627 0.041494004614875089 -1.1781096191613798 0.60711833479442934 -0.57654543273285908
decision_type=8 2 10 10 8 10 2 8 10 8 2 10 10 8
left_child=4 2 3 5 -1 7 -7 8 -2 -9 -10 12 -11 -3
right_child=1 13 -4 -5 -6 6 -8 9 10 11 -12 -13 -14 -15
leaf_value=-0.0044605607839035034 0.026893903331495477 0.0048750220094668697 0.0076847930033800945 -0.0095259733111906497 0.0024202283055116194 -5.848784332988656e-05 0.0092654247891667853 -0.004834034958119314 -0.0041221514925100632 0.0064686109846055851 0.020732891785154264 0.00017953849027324765 -0.012343432123145212 -0.0052160061052771989
leaf_weight=7711.5058127492666 257.53511755168438 859.25449910759926 1949.8209674060345 836.16839525103569 2212.3308589458466 2910.1244841516018 2928.9562506228685 3149.9638004302979 431.06858193874359 3455.2619636952877 173.994958370924 21568.073244720697 267.12306523323059 3755.1977560371161
leaf_count=35215 1159 3877 8623 3767 9987 13030 12876 14336 1955 15583 758 97045 1202 16927
internal_value=0.000121577 0.000832938 0.00134022 0.000994337 -0.00292573 0.0012473 0.00462635 0.000572618 0.0105337 0.000266903 0.00324616 0.000903892 0.00508918 -0.00333048
internal_weight=52466.4 42542.5 37928.1 35978.3 9923.84 35142.1 5839.08 29303 862.599 28440.4 605.064 25290.5 3722.39 4614.45
internal_count=236340 191138 170334 161711 45202 157944 25906 132038 3872 128166 2713 113830 16785 20804
is_linear=0
shrinkage=0.03


Tree=20
num_leaves=15
num_cat=1
split_feature=33 36 40 1 39 36 30 40 39 37 46 30 41 37
split_gain=111.16 112.541 118.864 119.407 105.356 104.626 104.577 95.2978 103.614 100.796 96.7246 94.0555 168.644 83.4365
threshold=0.56559553926127093 -0.27787662703641075 1.3536161207558146 0.017948368403986736 -1.0715049215149421 -1.2574721057525611 4.5000000000000009 -1.745031036448901 -1.800661752700941 -1.284707023629758 0 1.5000000000000002 0.65000000000000002 0.35555007226404556
decision_type=8 10 10 8 10 10 2 10 10 10 1 2 2 10
left_child=1 2 3 5 -5 13 11 9 -9 -3 -10 12 -2 -1
right_child=6 7 -4 4 -6 -7 -8 8 10 -11 -12 -13 -14 -15
leaf_value=-0.0063331894289710552 0.0064663955446980816 0.0059619233494359438 0.01218130828122414 0.017357119065924378 0.0031072362971417472 0.00099006562977664602 -0.0023553039286247838 0.028383357155662575 0.00014890681947099329 -0.029581789687550993 -0.0037641879852124849 0.0062448424509118491 -0.0057248063809611895 0.015739014717515046
leaf_weight=3126.0520205944777 2027.1390589922667 101.72718551754951 829.22779275476933 590.89042602479458 2124.3262367397547 9015.148594006896 3151.1912795901299 91.588032826781273 10422.291497096419 212.34199623763561 12496.409036561847 6103.4837705940008 2037.8144182562828 152.73096565902233
leaf_count=14327 9040 468 3669 2607 9477 40822 14206 402 46865 981 56620 27076 9168 681
internal_value=4.79082e-05 -0.000757337 0.00119381 0.000579067 0.00626063 -0.000679823 0.0024143 -0.00208221 -0.00185383 -0.0182404 -0.00198699 0.00389326 0.000355736 -0.0052603
internal_weight=52482.4 39162.7 15838.4 15009.1 2715.22 12293.9 13319.6 23324.4 23010.3 314.069 22918.7 10168.4 4064.95 3278.78
internal_count=236409 176919 71583 67914 12084 55830 59490 105336 103887 1449 103485 45284 18208 15008
cat_boundaries=0 1
cat_threshold=263
is_linear=0
shrinkage=0.03


Tree=21
num_leaves=15
num_cat=0
split_feature=2 12 37 36 36 17 35 40 40 39 19 11 35 45
split_gain=120.446 86.2476 174.799 85.8028 76.7135 69.1821 90.8461 66.8051 66.6807 167.612 70.0241 83.093 72.9162 68.3836
threshold=0.64987144642926931 0.03294658031181457 -1.7842672868464209 -0.28579423544681298 1.8634857398669054 -0.021209009652680542 -0.65843726168272998 -0.73668629609605907 -1.745031036448901 -1.800661752700941 -6.277558930922158 -1.270839640926068 -1.303942678146367 0.77404030145805491
decision_type=8 2 10 10 10 2 10 8 10 8 2 10 10 8
left_child=5 2 7 -3 8 6 -1 -2 -4 -10 11 12 -11 -12
right_child=1 3 4 -5 -6 -7 -8 -9 9 10 13 -13 -14 -15
leaf_value=0.0024558821926201832 -0.0055563212485733333 0.0087881190334321378 -0.0099233479100123562 0.00083669641512565472 0.0066247982594126549 -0.00042817305744614301 -0.0067666130168845548 -0.019532422704552733 0.030486979387357453 -0.0068447919492956285 0.0026992637723590135 -0.0020626713193327797 0.015971203575065093 -0.00076429713434271246
leaf_weight=1191.214973628521 976.70755051076412 2219.8448672145605 555.08020056784153 2705.872930303216 1808.6661576330662 6082.0504941046238 4875.7854203730822 448.31471475958824 156.58460350334644 144.81744539737701 6563.9005583226681 597.28987419605255 761.15348748862743 23353.963702753186
leaf_count=5428 4585 9744 2558 12060 7979 27610 22301 2146 677 658 29342 2693 3416 105029
internal_value=-7.38499e-05 0.000715721 0.00019721 0.00443066 0.000630638 -0.00269089 -0.00495478 -0.0100587 0.000291287 0.000473927 0.000314707 0.00661083 0.0122892 -3.75299e-06
internal_weight=52441.2 40292.2 35366.5 4925.72 33941.5 12149.1 6067 1425.02 32132.8 31577.7 31421.1 1503.26 905.971 29917.9
internal_count=236226 180887 159083 21804 152352 55339 27729 6731 144373 141815 141138 6767 4074 134371
is_linear=0
shrinkage=0.03


Tree=22
num_leaves=15
num_cat=0
split_feature=19 45 39 0 37 1 40 39 36 25 36 40 9 2
split_gain=111.857 137.133 126.596 145.426 95.6626 162.079 137.517 166.902 100.069 89.8418 71.3179 69.3193 68.3952 66.4848
threshold=0.30195724968847415 1.0522879818176751 -1.800661752700941 0.0088324298315891562 -1.6711359168606357 0.01689188677208216 -1.6823852431989177 -1.1924373062288918 -0.63231858497068016 -0.43113499440489322 -1.2916645236870627 -1.745031036448901 0.58053204041549133 0.60084388265934063
decision_type=2 10 10 8 10 8 10 10 10 8 10 8 10 10
left_child=2 -2 3 -1 5 -4 8 -8 -6 13 -11 -5 -12 -9
right_child=1 -3 4 11 6 -7 7 9 -10 10 12 -13 -14 -15
leaf_value=0.030044159303154367 0.0033361863197722171 -0.0012525150853733575 -0.012691486967423069 -0.0029360758119295256 -0.0012022578437585142 0.01155180084522568 0.0065822838160430001 -0.0075664469463411713 -0.024469268721632447 -0.0069223137280498819 0.0012529999201622095 0.014790719636610328 -0.007436103966859068 -0.0022430678658483211
leaf_weight=216.00921505689621 13768.290464311838 10193.875201925635 1445.8254378437996 586.56131212413311 290.19241306185722 291.01324813067913 2374.5979107320309 3087.9481634348631 383.30985710024834 1244.867212370038 10863.654381036758 288.20233172178268 871.44370213150978 6675.2032479941845
leaf_count=963 61266 45755 6848 2648 1323 1281 10700 14228 1779 5652 49002 1270 3942 30223
internal_value=-0.000127486 0.00138437 -0.00139339 0.00858427 -0.00179172 -0.00858657 -0.00133099 -0.000969293 -0.0146085 -0.0017603 -0.000124435 0.00300541 0.000601969 -0.0039328
internal_weight=52581 23962.2 28618.8 1090.77 27528.1 1736.84 25791.2 25117.7 673.502 22743.1 12980 874.764 11735.1 9763.15
internal_count=236880 107021 129859 4881 124978 8129 116849 113747 3102 103047 58596 3918 52944 44451
is_linear=0
shrinkage=0.03


Tree=23
num_leaves=15
num_cat=1
split_feature=34 46 12 39 30 1 43 45 38 20 39 20 1 19
split_gain=107.689 87.544 115.344 83.9893 118.601 90.9698 79.6652 76.8546 72.0366 70.7767 67.8499 66.85 67.0874 63.6165
threshold=1.737872041545214 0 0.03294658031181457 0.78443120026194424 2.5000000000000004 0.0061848154606596482 0.5634920634920636 1.2726833085685452 -0.33909666259347754 -1.3667322272559879 -1.800661752700941 0.057484328895289739 0.0082658305179008525 -4.7159824127179313
decision_type=8 1 2 10 2 10 10 8 10 8 10 10 10 2
left_child=1 9 3 6 11 -6 10 13 -4 -1 -3 -5 -13 -8
right_child=-2 2 8 4 5 -7 7 -9 -10 -11 -12 12 -14 -15
leaf_value=-0.011258265037303575 0.0063098197717413448 0.011914694064742179 0.0083057942286160358 0.0068066956843015978 0.026829068100497656 0.0037181189567617929 0.0075422542568331745 -0.0081662694603358548 -0.00024897767991455326 0.0013404304891369157 -0.0051382390210737003 0.0062055039035075581 -0.0092500093366552991 -0.00080173886631737176
leaf_weight=398.74245604872704 2338.2587248384953 205.11328223347664 1607.6329251527786 398.79081669449806 152.14465841650963 2956.1766414195299 946.61875377595425 1093.2842544466257 1957.1439763605595 22303.904520064592 10451.002434313297 296.82967606186867 1486.0024631768465 5850.669659525156
leaf_count=1840 10303 924 7090 1796 668 13154 4341 4983 8731 100151 47677 1330 6704 26589
internal_value=3.08345e-05 -0.000263394 -0.00140431 -0.00215771 0.00117497 0.00493175 -0.00310839 -0.000821887 0.00362147 0.0011138 -0.00479913 -0.00417567 -0.00665651 0.000369653
internal_weight=52442.3 50104.1 27401.4 23836.6 5289.94 3108.32 18546.7 7890.57 3564.78 22702.6 10656.1 2181.62 1782.83 6797.29
internal_count=236281 225978 123987 108166 23652 13822 84514 35913 15821 101991 48601 9830 8034 30930
cat_boundaries=0 1
cat_threshold=263
is_linear=0
shrinkage=0.03


Tree=24
num_leaves=15
num_cat=0
split_feature=6 36 12 36 39 37 1 38 20 39 30 37 30 19
split_gain=93.2291 121.818 133.261 144.446 130.863 84.3581 79.9272 125.04 95.9427 88.9225 83.3101 119.165 70.5406 66.7335
threshold=0.90411304458484165 -0.28579423544681298 0.030988825258948857 -1.2574721057525611 1.3031147672551857 0.35555007226404556 0.014742010012146279 -0.18898188143061143 0.10735726338218522 -1.8876272350736987 1.5000000000000002 -0.50778686174221321 4.5000000000000009 -1.4059079374353913
decision_type=8 10 2 8 10 10 10 10 10 10 2 10 2 2
left_child=1 2 3 4 5 -1 7 9 12 -3 11 -9 -8 -11
right_child=-2 6 -4 -5 -6 -7 8 10 -10 13 -12 -13 -14 -15
leaf_value=-0.0074265875278198149 0.0027850664259395658 0.022387300885101533 0.0074231280215637041 0.0018385935399011066 0.027888505033015324 0.015964445667558228 0.0012819513832105505 0.021225804493040068 -0.0081862972235107311 -0.0080896893661530286 0.002004010058604044 -0.0043122473687189694 -0.0070341224239333956 -0.0013515760610983446
leaf_weight=3062.3978228718042 8356.1544661819935 97.178031668066978 2705.8525718897581 10845.277840837836 93.757949858903885 136.14021997153759 2807.4556822031736 162.3236486017704 3470.9651218950748 3127.2068263292313 10309.954896941781 3660.9626380950212 1352.3291639387608 2295.4804608076811
leaf_count=14125 37249 437 11915 49020 410 605 12631 724 15652 14337 46329 16525 6160 10359
internal_value=-0.000118601 -0.00066896 0.00133669 0.000167358 -0.00532682 -0.00638434 -0.00190717 -0.000894402 -0.00451097 -0.00471904 0.000601623 -0.00317545 -0.00143196 -0.00524511
internal_weight=52483.4 44127.3 16843.4 14137.6 3292.3 3198.54 27283.9 19653.1 7630.75 5519.87 14133.2 3823.29 4159.78 5422.69
internal_count=236478 199229 76075 64160 15140 14730 123154 88711 34443 25133 63578 17249 18791 24696
is_linear=0
shrinkage=0.03


Tree=25
num_leaves=15
num_cat=0
split_feature=39 35 40 11 12 39 11 38 1 40 39 40 40 10
split_gain=101.169 182.658 131.261 138.199 103.605 90.5786 153.968 116.705 168.523 125.726 157.238 120.577 96.8689 160.563
threshold=0.56764800424328044 -1.1475916595967293 -0.15466922134522257 -1.0284109751387274 0.0062589244738169318 -1.800661752700941 -0.92843953508476507 -0.46786180689621598 0.016771030651519879 -1.5774181993146279 -1.3029678569888075 0.13369643035102363 -0.63477151805630216 -0.78561830848140002
decision_type=8 10 10 8 2 10 8 10 8 10 10 10 10 10
left_child=5 -2 -3 -4 -5 6 -1 8 11 -9 -11 -7 13 -12
right_child=1 2 3 4 -6 7 -8 9 -10 10 12 -13 -14 -15
leaf_value=-0.0046905484294803949 0.016477196540407666 0.01416429933891664 -0.011042253618202106 0.019578405057673554 0.0010276309153567616 -0.0040384700943872547 0.017966502328202405 -0.018740247061939521 0.003456737869595813 0.013005230549726699 0.0038865787517926194 -0.013780971783268365 0.00073986289167112581 -0.0089287830881980713
leaf_weight=489.73587517440319 734.912088945508 669.67044252157211 843.17144891619682 266.42010501027107 13843.280404835939 7772.9019437432289 582.42832873761654 305.68812949955463 2391.5860819369555 837.43769778311253 1342.1094061732292 1334.5297120511532 18590.877367541194 2519.3632783293724
leaf_count=2195 3216 2982 3808 1172 61702 35702 2588 1417 10639 3755 6067 6108 83923 11404
internal_value=5.85789e-06 0.00196293 0.00127005 0.000683491 0.00139153 -0.000879583 0.00766966 -0.00114288 -0.00361962 6.51583e-05 0.000319924 -0.00547961 -0.000158797 -0.00447609
internal_weight=52524.1 16357.5 15622.5 14952.9 14109.7 36166.7 1072.16 35094.5 11499 23595.5 23289.8 9107.43 22452.4 3861.47
internal_count=236678 72880 69664 66682 62874 163798 4783 159015 52449 106566 105149 41810 101394 17471
is_linear=0
shrinkage=0.03


Tree=26
num_leaves=15
num_cat=1
split_feature=39 11 46 40 35 38 12 2 40 35 38 1 34 39
split_gain=109.614 132.998 98.7396 94.2354 106.074 136.898 105.164 89.8108 86.0577 78.6231 68.5747 79.118 66.6385 66.1502
threshold=0.85988707139511911 1.5412844251171343 0 0.59064520704891665 -0.60493196807214211 -0.54816887260986025 0.0066410604447747637 0.63911708768944164 1.4236364487916544 0.20883752168877021 0.82627899223111456 0.0081636008794519366 1.6752315362477856 1.3636274023156696
decision_type=8 10 1 10 10 10 2 8 10 10 10 10 10 10
left_child=2 3 12 10 8 -6 -7 -4 -5 -8 -2 -12 -1 -3
right_child=1 13 7 4 5 6 9 -9 -10 -11 11 -13 -14 -15
leaf_value=0.00026639510193875778 0.0074235428787595807 0.0017102728617049189 -0.0059941539901142071 0.0034665712725179629 0.025761116482844969 0.02354940387429123 -0.0050266021791376169 -0.0012012871650459638 0.022309866632764477 0.0020822801359767534 0.044800666504789921 0.011239509451092278 0.0090816117220303087 -0.0091225497809709118
leaf_weight=20861.714540719986 1673.3084184676409 891.33695873618126 4638.5742803812027 475.11796982586384 188.31648644804955 163.00178833305836 2031.2589303851128 14507.801932215691 400.33762830495834 4448.5561816394329 91.970804020762444 192.79437516629696 791.47828713059425 1159.3158356100321
leaf_count=94130 7413 3951 21380 2102 829 710 9083 65640 1751 19780 400 848 3483 5166
internal_value=-6.10135e-05 0.00249552 -0.000795536 0.00396772 0.00246775 0.00119955 0.000465586 -0.00236374 0.0122381 -0.000150487 0.00982879 0.0232309 0.000592383 -0.0044285
internal_weight=52514.9 11715.3 40799.6 9664.66 7706.59 6831.13 6642.82 19146.4 875.456 6479.82 1958.07 284.765 21653.2 2050.65
internal_count=236666 52033 184633 42916 34255 30402 29573 87020 3853 28863 8661 1248 97613 9117
cat_boundaries=0 1
cat_threshold=271
is_linear=0
shrinkage=0.03


Tree=27
num_leaves=15
num_cat=1
split_feature=34 39 30 11 38 11 46 30 39 36 40 33 11 37
split_gain=118.098 90.7899 169.379 135.414 113.81 106.466 106.056 108.864 101.476 101.32 101.807 96.4275 84.3613 100.486
threshold=1.6752315362477856 0.61976591398728387 2.5000000000000004 1.5412844251171343 -0.54816887260986025 -1.1606335871482567 0 4.5000000000000009 -1.800661752700941 -0.54890577809827168 0.60395559058806259 -1.3323834266600443 -0.44239150908581332 1.3247084325091281
decision_type=8 10 2 10 10 8 1 2 10 10 10 10 8 10
left_child=1 6 4 5 -3 -4 -1 8 -8 -7 -11 -6 13 -13
right_child=-2 2 3 -5 11 9 7 -9 -10 10 -12 12 -14 -15
leaf_value=0.00075982492448836594 0.0062899940885624119 0.0097027705121554234 -0.010708650480369088 -0.0044414974107337543 0.015675466128160082 0.016247573205571065 0.013299459120798744 -0.0060299119513521349 -0.0015914098307518751 0.012388132576101085 0.0031856326886014093 -0.018621958532261711 -0.0028975214695349653 0.012336639075574732
leaf_weight=15394.837301820517 2555.2212858498096 636.05435042083263 316.35249355435371 1297.9505049437284 213.22972311079502 891.63854166865349 414.27567152678967 5757.4156215935946 14154.237428411841 1422.1281463950872 4473.508786380291 608.0356137752533 4331.1688185483217 104.17639310657978
leaf_count=69523 11230 2804 1429 5758 944 3909 1829 26412 64253 6299 19838 2762 19470 467
internal_value=1.19922e-05 -0.000309938 0.00170986 0.00444264 -0.00218738 0.00606988 -0.00111845 -0.00253984 -0.00115914 0.00686652 0.00542265 -0.00364179 -0.00448791 -0.0139855
internal_weight=52570.2 50015 14294.2 8401.58 5892.66 7103.63 35720.8 20325.9 14568.5 6787.28 5895.64 5256.61 5043.38 712.212
internal_count=236927 225697 63680 37233 26447 31475 162017 92494 66082 30046 26137 23643 22699 3229
cat_boundaries=0 1
cat_threshold=15
is_linear=0
shrinkage=0.03


Tree=28
num_leaves=15
num_cat=0
split_feature=2 39 39 11 1 30 38 37 30 1 1 35 9 38
split_gain=84.2818 92.3527 112.387 122.797 99.4436 96.2927 101.347 142.203 112.458 105.532 101.341 90.0806 87.2337 76.9665
threshold=0.65338346439733919 2.1324168955337464 1.0767330620930282 1.483218987472857 0.007724216775439845 5.5000000000000009 -0.1808905395500216 -0.1141798895719265 1.5000000000000002 0.018116823040757752 0.026473228499867992 -0.96333846731835793 -1.2092804607591254 1.2166716009893908
decision_type=8 8 10 8 10 2 10 10 2 8 10 10 10 10
left_child=-1 2 5 4 -4 6 9 12 -9 -2 13 -6 -8 -7
right_child=1 -3 3 -5 11 10 7 8 -10 -11 -12 -13 -14 -15
leaf_value=-0.0020666371802792755 -0.0021965786096550957 -0.0075790958586048236 0.01457869604080418 -0.0036137921988533624 0.020768752727071679 -0.0071879220794448927 0.022175117358323573 -0.0028405427004579019 0.0031604708279466091 0.0047521570532483796 0.01679646951345044 0.0032284559551089063 0.006349326365222843 0.013298973931575839
leaf_weight=12311.181247755885 11573.532782703638 1148.0240627676249 1125.683478012681 1284.3528561145067 274.4296398460865 2807.1367098689079 344.95673567056656 4346.7946465611458 7911.1127189844847 2359.7146977186203 176.92189449071884 3697.8025791347027 2876.4367684423923 166.2768614590168
leaf_count=56238 52789 5153 4928 5698 1183 12729 1532 19568 35243 10398 784 16380 12826 745
internal_value=0.00010351 0.000770234 0.00101824 0.00465515 0.0067414 0.000304198 0.00083861 0.00250863 0.00103186 -0.00101719 -0.00467211 0.00448937 0.00810738 -0.00600153
internal_weight=52404.4 40093.2 38945.2 6382.27 5097.92 32562.9 29412.5 15479.3 12257.9 13933.2 3150.34 3972.23 3221.39 2973.41
internal_count=236194 179956 174803 28189 22491 146614 132356 69169 54811 63187 14258 17563 14358 13474
is_linear=0
shrinkage=0.03


Tree=29
num_leaves=15
num_cat=1
split_feature=38 2 20 30 46 12 10 45 24 37 44 11 40 37
split_gain=107.417 90.1035 87.2796 67.4379 66.9357 101.962 85.3142 71.0815 65.9299 62.8562 53.5426 71.3033 67.5188 54.0994
threshold=2.4326689520438873 0.48441832078458547 -0.60942087498712605 4.5000000000000009 0 0.033405801742459607 -1.3943867869661215 1.3038259658910809 0.0078358412192067479 -1.7324497193990476 0.01966217613558241 2.0273698035533445 0.23097811405440544 -0.6803087771874099
decision_type=8 8 10 2 1 2 10 8 10 10 8 10 10 10
left_child=1 2 -1 -2 5 7 -7 9 10 -3 11 13 -13 -6
right_child=3 4 -4 -5 8 6 -8 -9 -10 -11 -12 12 -14 -15
leaf_value=-0.013852422579281567 0.013929460423800633 -0.011499400173969295 -0.0023592423342546462 -0.00829764399111119 -0.0035479836756926006 0.023192141279433181 0.0029023412313684796 -0.0080550990175351604 0.0031033514507405788 -0.00097291514905360711 0.0031561997114838455 0.0056610618877298092 -0.01745269391819812 0.00070577524148603317
leaf_weight=706.58907623589039 745.19796705245972 520.79405073821545 3534.0092222094536 139.79690846800804 3509.5766662210226 195.71434259414673 2053.0028202980757 1586.7589361667633 10058.804074943066 13482.182017013431 4109.3692281395197 151.32957474887371 403.26612703502178 11418.775837242603
leaf_count=3308 3255 2489 16194 622 15959 851 9080 7234 45087 61005 18441 677 1801 51155
internal_value=6.04801e-05 -0.000117776 -0.00430238 0.0103649 0.000256716 -0.00119462 0.0047631 -0.00205725 0.00112999 -0.00137234 0.000116363 -0.000691964 -0.0111572 -0.000295967
internal_weight=52615.2 51730.2 4240.6 884.995 47489.6 17838.5 2248.72 15589.7 29651.1 14003 19592.3 15482.9 554.596 14928.4
internal_count=237158 233281 19502 3877 213779 80659 9931 70728 133120 63494 88033 69592 2478 67114
cat_boundaries=0 1
cat_threshold=688
is_linear=0
shrinkage=0.03


Tree=30
num_leaves=15
num_cat=0
split_feature=2 40 38 39 39 0 38 36 38 1 19 36 37 38
split_gain=96.4059 74.5415 70.8693 91.3527 79.7187 131.781 81.8692 78.8416 77.1223 171.602 91.959 79.1903 69.7048 67.92
threshold=0.64987144642926931 1.6877905140902369 2.4326689520438873 2.1324168955337464 0.95219857194658142 0.0049451678229211361 -0.54816887260986025 -0.54890577809827168 -0.42269215662604515 0.016771030651519879 -5.4597118634474802 -0.21137924116140089 1.9533495851223017 0.26482985361946587
decision_type=8 8 10 10 10 10 10 10 8 8 2 10 10 10
left_child=1 -1 3 4 8 -6 -7 -8 9 -2 -10 -11 -4 -3
right_child=2 13 12 -5 5 6 7 -9 10 11 -12 -13 -14 -15
leaf_value=-0.0028481863364577245 -0.0037725495104384099 0.026352717644617253 0.018618912317298383 -0.0087790414421512128 0.020900486391713262 0.013030291957857005 0.011010255902945578 0.00037773097168479616 0.0081580140759781213 0.0090388336212512133 0.00059921535702400926 -0.0018052957621004651 0.0010181522160050158 0.0013966849803989372
leaf_weight=11635.367314770818 9223.7495487630367 137.01394069194794 378.37778376042843 925.38411724567413 363.48462501168251 606.53142589330673 697.05478124320507 5597.0471016317606 1565.3703405112028 1606.3995698988438 18022.110088631511 965.02764010429382 425.71001981198788 298.95462942123413
leaf_count=53289 42319 601 1653 4182 1576 2638 3041 24805 6996 7039 80772 4294 1858 1335
internal_value=-3.78332e-05 -0.00238901 0.000665519 0.000485143 0.000709185 0.0035389 0.00259548 0.00157085 5.32732e-05 -0.00186229 0.00120715 0.00497793 0.00942747 0.00965478
internal_weight=52447.6 12071.3 40376.2 39572.2 38646.8 7264.12 6900.63 6294.1 31382.7 11795.2 19587.5 2571.43 804.088 435.969
internal_count=236398 55225 181173 177662 173480 32060 30484 27846 141420 53652 87768 11333 3511 1936
is_linear=0
shrinkage=0.03


Tree=31
num_leaves=15
num_cat=0
split_feature=33 36 40 37 35 39 37 37 0 36 36 16 40 40
split_gain=85.857 95.1294 88.5427 86.2734 126.993 82.093 88.795 77.1803 75.9893 81.7518 70.975 72.9279 68.2771 63.8457
threshold=0.48953017232900031 -0.27787662703641075 -1.745031036448901 0.40896085505792307 -1.0695225656410641 -1.1924373062288918 0.29866489106048766 -1.4068528174949546 0.017238090000166181 -1.2574721057525611 0.55020662316034097 0.4879161069960945 0.65122001973708354 -0.16295365402006259
decision_type=8 10 10 10 10 10 10 10 8 10 10 8 10 10
left_child=1 3 7 8 -5 6 -4 -3 9 -1 11 -7 -6 -11
right_child=-2 2 5 4 12 10 -8 -9 -10 13 -12 -13 -14 -15
leaf_value=-0.005809957434887986 0.0019084721159723724 0.0047047839350848261 0.0025219865269109579 0.025182234187882145 0.007807605164252239 -0.0054741940824623008 0.026374460143381864 -0.027678346222801308 0.004395844722779786 0.0030432153528338153 0.00065183088427459067 -0.0012756441111197857 -0.002945564434054354 -0.0024199778962876932
leaf_weight=2550.6180396527052 14934.776706710458 91.324014484882355 1123.2833266705275 269.41575776040554 1378.6207133233547 7382.8342126309872 151.03235410153866 208.52305160462856 2807.3392487764359 3937.0250927656889 5411.0380307286978 7517.4739548414946 853.99122968316078 3748.6586442440748
leaf_count=11796 66646 422 5093 1177 6175 33767 679 985 12472 17939 24331 33851 3798 16940
internal_value=-1.38771e-05 -0.000781186 -0.00205544 0.00101291 0.0061039 -0.00182598 0.00553234 -0.0179819 3.24262e-05 -0.00116738 -0.00229013 -0.00335823 0.00369964 0.000378885
internal_weight=52366 37431.2 21885.5 15545.7 2502.03 21585.7 1274.32 299.847 13043.6 10236.3 20311.3 14900.3 2232.61 7685.68
internal_count=236071 169425 99128 70297 11150 97721 5772 1407 59147 46675 91949 67618 9973 34879
is_linear=0
shrinkage=0.03


Tree=32
num_leaves=15
num_cat=1
split_feature=34 36 39 36 30 35 6 45 37 39 0 35 39 46
split_gain=94.6449 79.7681 94.8864 107.37 105.136 89.7063 77.6928 83.7105 72.7688 68.1773 67.6359 66.572 64.9795 61.5208
threshold=1.737872041545214 -0.27787662703641075 0.5570626339436896 -1.2574721057525611 2.5000000000000004 -1.3422989876975417 0.82254452886648011 1.1583822340904069 -0.49714236035350823 -0.19828055554896398 0.030634301645009913 -1.7153300863559358 1.7459370174669557 0
decision_type=8 10 10 10 2 10 10 10 10 10 8 10 10 1
left_child=1 2 3 10 5 -4 7 -3 -7 11 -1 -5 -6 -9
right_child=-2 6 4 9 12 8 -8 13 -10 -11 -12 -13 -14 -15
leaf_value=-0.0053039735891906789 0.0059541791451267218 -0.00085978489571571671 0.017115636066672529 -0.0098842846909969837 0.012004213739610284 0.011920081361218748 0.0016194040655130543 -0.002166356626282858 -0.0053186043626438657 -0.0011636861715454614 0.0086805940196361328 0.0046908463803231855 -0.003281616452127537 -0.0080651659390525866
leaf_weight=3448.6508449912071 2337.2858039885759 18820.563483446836 233.20196986198425 287.98007416725159 1864.8695411086082 254.74341203272343 7399.0058502405882 3604.5142978727818 1312.5083870887756 3911.4871715158224 333.05211420357227 5531.090474948287 284.50917369127274 2880.2764407843351
leaf_count=15920 10228 85056 1008 1307 8191 1127 33062 16342 5871 17684 1440 25037 1251 13174
internal_value=6.63102e-05 -0.000209141 0.00142749 0.000230509 0.00551142 0.000157099 -0.00108317 -0.0018737 -0.00245879 0.0018976 -0.00405272 0.00395382 0.00997503 -0.0048105
internal_weight=52503.7 50166.5 17462.1 13512.3 3949.83 1800.45 32704.4 25305.4 1567.25 9730.56 3781.7 5819.07 2149.38 6484.79
internal_count=236698 226470 78836 61388 17448 8006 147634 114572 6998 44028 17360 26344 9442 29516
cat_boundaries=0 1
cat_threshold=396
is_linear=0
shrinkage=0.03


Tree=33
num_leaves=15
num_cat=0
split_feature=2 13 36 36 30 41 12 37 36 45 38 15 30 30
split_gain=90.3054 69.4648 71.8526 69.1957 64.8388 75.8343 61.7711 118.823 67.9455 64.0017 58.907 50.8108 49.7008 48.8254
threshold=0.64987144642926931 46.348265313433323 -0.31063366253488506 1.8634857398669054 1.5000000000000002 0.8500000000000002 0.032517041383130059 -1.9153160777630476 -0.21854230158594459 0.77404030145805491 2.2082746140165401 0.063267903519152804 4.5000000000000009 4.5000000000000009
decision_type=8 10 10 10 2 2 2 10 10 8 10 8 2 2
left_child=1 2 -1 6 5 -3 7 11 -8 -9 -5 -2 -4 -10
right_child=3 4 12 10 -6 -7 8 9 13 -11 -12 -13 -14 -15
leaf_value=-0.00066867034831777838 0.0026404867049695207 -0.0012700364494132872 -0.0040577362603226525 0.0028669600936560426 0.00082944263271519068 -0.015139292818783515 0.00712751003019716 0.0028199562977648598 0.002587155470140867 -0.00042077916934056607 0.014238328844189501 -0.013034040644122624 -0.012490187610984799 -0.0068942825225472397
leaf_weight=1779.9855999350548 232.65863436460495 1052.4876704216003 1205.8136352300644 1460.1191037893295 6186.5930489599705 526.86451806128025 2414.1602438390255 6990.9086101204157 1829.7099665850401 25314.994786858559 564.07113693654537 864.15541812777519 1337.995719268918 655.68160806596279
leaf_count=8152 1114 4806 5559 6410 28211 2419 10493 31204 8131 114043 2444 4136 6245 2940
internal_value=1.65091e-05 -0.00225662 -0.00529953 0.000698376 -0.000557801 -0.0059629 0.000411916 -4.98916e-05 0.00355398 0.000281163 0.00609018 -0.00971531 -0.00852459 6.82132e-05
internal_weight=52416.2 12089.7 4323.79 40326.5 7765.95 1579.35 38302.3 33402.7 4899.55 32305.9 2024.19 1096.81 2543.81 2485.39
internal_count=236307 55392 19956 180915 35436 7225 172061 150497 21564 145247 8854 5250 11804 11071
is_linear=0
shrinkage=0.03


Tree=34
num_leaves=15
num_cat=0
split_feature=40 1 2 15 40 8 1 10 19 40 40 16 40 8
split_gain=104.255 102.961 84.9807 80.914 78.8119 83.1298 95.3335 86.5986 111.23 107.574 130.197 88.1924 69.2308 77.4727
threshold=1.6877905140902369 0.0056033301392984227 0.48441832078458547 0.21831808993277116 0.53186611505036818 -1.5083861406080628 0.022349980839472112 -0.8087283638101801 -1.4059079374353913 -1.745031036448901 -1.035354013581717 0.20158861170337544 2.23283889851727 1.2404657477130019
decision_type=8 8 8 10 10 8 10 8 2 10 10 10 10 8
left_child=2 -2 3 -1 5 6 -4 9 -9 -7 11 -11 13 -3
right_child=1 12 4 -5 -6 7 -8 8 -10 10 -12 -13 -14 -15
leaf_value=-0.014134748984569722 0.023625763907483215 0.010822833651917314 -0.0059609315403498795 -0.0026300737950011128 -0.002023488968585179 -0.0084700492977759223 0.018153217003251884 -0.0024682122181735712 0.0018899511139742046 0.017395072209413765 0.0028083763855679795 0.0021659934329620874 -0.0022015912952038927 -0.0021820882690421523
leaf_weight=645.75056192278862 240.39691387116909 1394.2383028119802 2340.0015998035669 3466.9331507384777 12202.077667683363 563.97258041799068 147.82493688166142 8250.0472587049007 14553.318291112781 1078.2197707444429 5351.6492466777563 503.82958853244781 1158.4666758775711 579.41710831224918
leaf_count=3039 1036 6143 10842 15981 54515 2588 632 37545 65290 4839 24221 2261 5117 2556
internal_value=6.90378e-06 0.00510123 -0.000343951 -0.00446638 3.37949e-05 0.000799778 -0.00446115 0.00123305 0.000312817 0.00402769 0.00505496 0.0125892 0.00360877 0.00701315
internal_weight=52476.1 3372.52 49103.6 4112.68 44990.9 32788.9 2487.83 30301 22803.4 7497.67 6933.7 1582.05 3132.12 1973.66
internal_count=236605 14852 221753 19020 202733 148218 11474 136744 102835 33909 31321 7100 13816 8699
is_linear=0
shrinkage=0.03


Tree=35
num_leaves=15
num_cat=0
split_feature=25 39 45 1 30 15 36 38 11 38 39 0 11 39
split_gain=86.2251 74.7729 70.3763 68.8743 73.5622 69.4683 68.8681 65.4164 54.7118 52.8115 67.3561 75.0933 54.3422 51.9883
threshold=-0.021854085914295662 0.85988707139511911 1.1958183029678666 0.005307420508664654 3.5000000000000004 0.52731202057783333 1.8634857398669054 1.8830224903366182 -1.0752865146850363 -1.355235726461711 -1.800661752700941 0.0092147596722222322 0.64378770081517589 2.2044107238699313
decision_type=10 10 10 10 2 8 8 8 8 10 10 10 10 10
left_child=1 2 9 4 -3 -5 13 -8 -7 12 11 -11 -1 -2
right_child=6 3 -4 5 -6 8 7 -9 -10 10 -12 -13 -14 -15
leaf_value=-0.0095630481934206469 0.0011274251593823652 -0.0029000670089851942 -0.005231923887580813 0.010112891988662248 0.027774525418416816 -0.017264898528821827 0.0021329247600906632 0.0142075394640583 0.00050808608042919275 0.033690766264017277 -0.00082512762066187979 -0.0018987221645332404 0.011978090672135138 -0.0081464672334258421
leaf_weight=997.36215357482433 22453.412319585681 111.14627380669117 4489.2350233644247 677.11896574497223 173.89627294242382 151.57788287103176 964.60772943496704 689.935941234231 4414.2019144147635 98.162892252206802 16528.576983451843 103.31674781441689 109.15826703608036 547.63422560691833
leaf_count=4632 100955 484 20543 3009 741 688 4228 2988 19615 428 75002 463 494 2480
internal_value=3.8199e-05 -0.00110538 -0.00187875 0.00201579 0.0161207 0.00121971 0.00133004 0.00722308 -0.000118395 -0.00103234 -0.000610363 0.016214 -0.00734977 0.000903178
internal_weight=52509.3 27853.8 22325.8 5527.94 285.043 5242.9 24655.6 1654.54 4565.78 17836.6 16730.1 201.48 1106.52 23001
internal_count=236750 126099 101562 24537 1225 23312 110651 7216 20303 81019 75893 891 5126 103435
is_linear=0
shrinkage=0.03


Tree=36
num_leaves=15
num_cat=1
split_feature=25 24 40 40 1 39 0 40 8 39 35 45 46 12
split_gain=89.3661 64.9636 63.3466 82.6448 67.3083 62.1895 103.621 101.271 77.2319 117.48 63.2122 62.1683 68.9993 51.7467
threshold=-0.021854085914295662 0.015382926375492907 1.6877905140902369 2.23283889851727 0.0096737528060814888 -1.8876272350736987 0.011133603559652485 -1.6300809730482866 -1.5083861406080628 -1.1924373062288918 -0.36690986691511485 1.1932148017714954 0 0.032517041383130059
decision_type=8 8 8 10 10 10 10 10 10 10 10 10 1 2
left_child=2 13 5 -4 -5 6 -1 10 -9 -10 -7 -11 -13 -2
right_child=1 -3 3 4 -6 7 -8 8 9 11 -12 12 -14 -15
leaf_value=0.029457939908670121 -0.00014747866108730237 0.0041240030726091082 0.010204661711079904 0.0064147006009267439 -0.015378153871652304 -0.0017487808007617567 -0.0058615373459240299 -0.010871708057499711 0.007334487878834014 -0.00079627988650531414 -0.022759397674862489 -0.0013539623244504123 -0.0085706064354390092 0.0044181002965380653
leaf_weight=142.23533235490322 16272.827312693 5733.135836020112 932.02034941315651 239.0402038693428 253.54380352795124 215.35011920332909 141.4537932574749 736.85539534687996 1399.2103257030249 18617.87203772366 317.68541179597378 2670.8872218281031 2160.7893049269915 2579.7409979254007
leaf_count=628 73370 25606 4092 1045 1133 998 640 3433 6300 84217 1504 12137 9931 11312
internal_value=1.29095e-05 0.00133052 -0.00115129 0.00498932 -0.00488535 -0.00148438 0.0122469 -0.00163816 -0.0013655 -0.00107935 -0.0144595 -0.0015843 -0.00461287 0.000479275
internal_weight=52412.6 24585.7 27826.9 1424.6 492.584 26402.3 283.689 26118.6 25585.6 24848.8 533.036 23449.5 4831.68 18852.6
internal_count=236346 110288 126058 6270 2178 119788 1268 118520 116018 112585 2502 106285 22068 84682
cat_boundaries=0 1
cat_threshold=396
is_linear=0
shrinkage=0.03


Tree=37
num_leaves=15
num_cat=0
split_feature=25 39 44 39 1 36 34 15 11 39 36 1 39 0
split_gain=85.9392 64.8132 75.0515 73.4867 76.4388 67.0164 61.057 57.061 53.0088 52.248 52.2326 51.4251 50.8106 65.9479
threshold=-0.021854085914295662 0.85988707139511911 -0.0079422871691201252 2.0637555910113634 0.005307420508664654 -0.54890577809827168 1.6752315362477856 0.53089721291525738 -1.0447681939226896 2.2044107238699313 -2.4533527491768634 0.018502962067781185 -1.800661752700941 0.011201500341866058
decision_type=8 8 10 10 10 10 8 10 8 10 10 8 10 10
left_child=1 2 -1 4 -3 -6 9 -7 -9 10 11 -2 13 -4
right_child=6 3 12 -5 5 7 -8 8 -10 -11 -12 -13 -14 -15
leaf_value=-0.003929344072041022 -0.010858517667410611 0.018056819575058069 0.026969403003595491 -0.0087893806084477812 0.011305583784259891 0.0094537560502367893 0.0062636744447986791 -0.017923037371949519 -6.6856239819796195e-06 -0.0081796573561897495 0.001345203086906437 0.008826123340077997 -0.00065300089559089999 -0.0039383835731027069
leaf_weight=9204.7928902506828 570.0335528254509 272.77749183773994 127.19082134962082 525.93802186846733 595.98795795440674 557.6622127443552 2033.3834328949451 145.37809213995934 3419.7647177428007 552.75654052197933 21381.282548621297 142.32204911112785 12849.101653307676 109.45692165195942
leaf_count=41960 2661 1166 556 2374 2593 2480 8858 666 15200 2503 96031 609 58526 495
internal_value=8.52151e-06 -0.00113489 -0.00185536 0.00177391 0.00290226 0.0019899 0.0012968 0.000619135 -0.000785361 0.000848263 0.00107773 -0.00685797 -0.000394595 0.0130935
internal_weight=52487.8 27808.1 22290.5 5517.51 4991.57 4718.79 24679.8 4122.81 3565.14 22646.4 22093.6 712.356 13085.7 236.648
internal_count=236678 126016 101537 24479 22105 20939 110662 18346 15866 101804 99301 3270 59577 1051
is_linear=0
shrinkage=0.03


Tree=38
num_leaves=15
num_cat=0
split_feature=5 34 40 40 35 30 41 30 40 36 12 36 37 40
split_gain=74.8241 69.2766 78.2089 73.1173 154.992 67.0907 69.7737 134.487 92.3541 78.4385 62.4752 96.5759 61.8629 59.5595
threshold=0.4104599490600786 -0.44035565091588397 -1.745031036448901 1.3745917832793058 -0.84492343227040845 4.5000000000000009 0.65000000000000002 1.5000000000000002 -0.64983721148691209 0.51864896686185691 0.032517041383130059 -1.2916645236870627 -1.5285419233601589 -0.16295365402006259
decision_type=8 10 10 8 10 2 2 2 10 10 2 10 10 10
left_child=1 3 -3 10 -5 6 -2 -8 -9 -10 11 -1 -4 -13
right_child=5 2 12 4 -6 -7 7 8 9 -11 -12 13 -14 -15
leaf_value=-0.0056268551216726165 0.0050889253752397163 -0.014349788872555655 -0.0096174283116591767 0.02917982724616509 0.00072298754815748817 -0.0015423997147925971 -0.0050731988794333579 -0.015117592506067203 -0.00062797853541323833 0.0091956086063690115 0.005779842862111445 0.0040630555675388556 -0.0010754948772076101 -0.001215345412576913
leaf_weight=2370.9272885322571 6353.2229098528624 414.99000577628613 779.79112726449966 246.06269779801369 527.93464198708534 4011.8755894452333 2295.5026101469994 196.72379952669144 1151.3926600962877 1990.2923517972231 1750.1933688819408 3645.1032548844814 22761.94418373704 4054.7073273509741
leaf_count=11026 28302 1943 3656 1055 2337 18122 10326 881 5105 8701 7635 16583 102997 18297
internal_value=0.000102444 -0.000646503 -0.00159327 0.00115416 0.0100265 0.00181284 0.00293613 0.000503753 0.00434218 0.0056048 0.000565245 -0.000345835 -0.0013624 0.00128549
internal_weight=52550.7 36551.7 23956.7 12594.9 773.997 15999 11987.1 5633.91 3338.41 3141.69 11820.9 10070.7 23541.7 7699.81
internal_count=236966 165529 108596 56933 3392 71437 53315 25013 14687 13806 53541 45906 106653 34880
is_linear=0
shrinkage=0.03


Tree=39
num_leaves=15
num_cat=1
split_feature=33 41 40 30 38 12 46 30 16 38 40 30 37 39
split_gain=72.1553 86.0689 115.315 88.6978 80.373 79.5806 89.1277 69.9443 63.028 62.8812 84.3629 74.2634 141.87 71.4973
threshold=0.56559553926127093 0.65000000000000002 -0.58212004591178201 1.5000000000000002 -0.16339987913102602 0.032517041383130059 0 4.5000000000000009 0.4879161069960945 0.2995866601470602 1.3745917832793058 2.5000000000000004 0.41821849272623085 -1.800661752700941
decision_type=8 2 10 2 8 2 1 2 8 10 10 2 10 10
left_child=5 4 -3 -4 -2 6 8 -5 -1 10 13 12 -11 -8
right_child=1 2 3 7 -6 -7 9 -9 -10 11 -12 -13 -14 -15
leaf_value=-0.0014926436338036019 0.00084859582996582627 -0.013851930121113007 -0.0048669975403408307 0.0056249968499939461 0.0074674627787204685 0.0031522108584181472 0.0094625060561144853 -0.0024776025178101708 0.0022389763215976987 0.0048174063694313351 0.0094684732036620575 0.0027111618686567964 -0.0094172258901888909 -0.0046757827239441363
leaf_weight=7876.2842064499855 3197.9271392077208 529.53809955716133 1852.4931111931801 2902.9319329112768 3410.0688032507896 4262.8600149303675 321.98549318313599 1422.290083065629 8416.6591070741415 1018.662110209465 405.79084739089012 3534.3954875171185 1621.6177537590265 11699.832443088293
leaf_count=35912 14348 2394 8330 12702 15067 18784 1459 6388 37585 4627 1799 15962 7384 53893
internal_value=-6.38377e-05 0.00184309 -0.000551089 0.000609569 0.0042704 -0.000712572 -0.00118547 0.002961 0.000434972 -0.00260305 -0.00383308 -0.000129417 -0.00392782 -0.00428956
internal_weight=52473.3 13315.2 6707.25 6177.72 6608 39158.1 34895.2 4325.22 16292.9 18602.3 12427.6 6174.68 2640.28 12021.8
internal_count=236634 59229 29814 27420 29415 177405 158621 19090 73497 85124 57151 27973 12011 55352
cat_boundaries=0 1
cat_threshold=263
is_linear=0
shrinkage=0.03


Tree=40
num_leaves=15
num_cat=1
split_feature=34 39 39 40 11 11 39 46 0 23 35 39 1 40
split_gain=80.7838 69.678 106.825 93.0166 90.0442 90.0819 84.714 79.9372 84.3684 75.4014 70.5569 67.3669 69.4648 63.4227
threshold=1.6752315362477856 2.1324168955337464 0.85988707139511911 0.59064520704891665 -0.34944371413167374 1.483218987472857 1.450990479986296 0 0.0037085476991650522 -0.00042202411761299569 0.47422868770171611 -1.0715049215149421 0.015721027171989182 2.4337304276749538
decision_type=8 10 10 10 8 10 10 1 10 10 10 8 8 10
left_child=1 2 7 6 -5 13 10 -1 -9 -7 -4 12 -10 -6
right_child=-2 -3 3 4 5 9 -8 8 11 -11 -12 -13 -14 -15
leaf_value=0.00068808642894444309 0.0053707925207434459 -0.0075847025639845063 0.0060983723624926899 -0.0065698434268119136 0.005302405652554968 -0.012189402868692224 -0.0040123223087379948 -0.011476532884615058 -0.0005940019701185502 0.0028147982367413057 0.017822440651987771 -0.0024103288418896082 0.0094496363892474285 -0.0091228553369880686
leaf_weight=20723.879984289408 2587.1309864968061 1072.4642841666937 1208.0418806970119 1113.3468657433987 4645.0805800110102 593.58123122155666 424.73607943952084 803.87546207010746 1921.0419259518385 596.08053658902645 755.93019159138203 14655.402533113956 904.1822202205658 282.56179113686085
leaf_count=93582 11264 4866 5313 4977 20491 2641 1886 3771 8867 2646 3309 66942 4020 1243
internal_value=0.000212858 -5.66628e-05 0.00011089 0.00294071 0.00124058 0.00267048 0.00806039 -0.00058751 -0.00203214 -0.00471074 0.0106784 -0.00159267 0.00264235 0.00445843
internal_weight=52287.3 49700.2 48627.7 9619.36 7230.65 6117.3 2388.71 39008.4 18284.5 1189.66 1963.97 17480.6 2825.22 4927.64
internal_count=235818 224554 219688 42506 31998 27021 10508 177182 83600 5287 8622 79829 12887 21734
cat_boundaries=0 1
cat_threshold=271
is_linear=0
shrinkage=0.03


Tree=41
num_leaves=15
num_cat=0
split_feature=12 14 8 1 20 30 10 30 38 24 39 12 7 1
split_gain=74.8806 92.3935 121.301 97.3731 72.2894 75.4021 66.9459 66.3766 63.0434 61.2763 61.1228 84.5122 59.855 56.3999
threshold=0.032517041383130059 0.28813559322033894 -1.3313896454253846 0.013390252347069437 0.76145686772507981 5.5000000000000009 -1.5742758407887056 2.5000000000000004 1.0919233012765666 0.013204532119407699 2.1324168955337464 0.024530774454660599 -0.43392866661386181 0.02125563125452648
decision_type=2 10 8 8 10 2 8 2 10 8 10 2 10 10
left_child=1 -1 -3 9 5 -5 13 -6 -7 10 11 -4 -8 -2
right_child=6 2 3 4 7 8 12 -9 -10 -11 -12 -13 -14 -15
leaf_value=-0.002633613853118688 0.00097567301117852277 -0.011432463435765518 0.00073523090588478246 0.00084551045088007996 -0.013253533802303154 -0.0099282468071523033 0.0067435357281501228 -0.0024511205469379921 0.013538435157674292 0.0039616125731131192 -0.0098426464258097746 0.017708768515234917 0.00030717453342250794 0.031264799072357762
leaf_weight=11805.853292047977 93.494608774781227 748.00200681388378 16405.46352301538 6143.0965437293053 838.87936623394489 1009.6143926382065 2007.7584246397018 1304.4890802204609 105.90353801846504 7460.7202340662479 470.67143827676773 258.36007568240166 3660.2379864752293 127.9294311106205
leaf_count=54190 408 3460 73676 27807 3795 4644 8752 5833 481 33391 2128 1148 16235 555
internal_value=6.15032e-05 -0.000341952 0.00043725 0.000701691 -0.00189375 -0.000461068 0.00324567 -0.00672092 -0.00759991 0.00169421 0.000705206 0.00100886 0.00259497 0.0190702
internal_weight=52440.5 46551.1 34745.2 33997.2 9401.98 7258.61 5889.42 2143.37 1115.52 24595.2 17134.5 16663.8 5668 221.424
internal_count=236503 210553 156363 152903 42560 32932 25950 9628 5125 110343 76952 74824 24987 963
is_linear=0
shrinkage=0.03


Tree=42
num_leaves=15
num_cat=0
split_feature=30 30 39 41 35 34 38 1 34 1 11 36 36 40
split_gain=73.3964 129.082 234.611 168.806 162.328 118.72 102.474 99.5304 96.2276 94.0211 144.899 82.9105 83.6052 77.0358
threshold=4.5000000000000009 3.5000000000000004 0.54548509334021733 0.8500000000000002 0.40252751153404415 -0.36165213964079512 -1.225176856508009 0.0099389680286239308 1.1235206407696301 0.038316930863740439 -0.61532360625239468 -0.53521434619698272 1.8634857398669054 -1.6823852431989177
decision_type=2 2 10 2 8 10 10 8 10 8 10 10 10 8
left_child=1 3 8 4 9 -2 -7 -8 -3 -1 -11 -5 -13 -6
right_child=5 2 -4 11 13 6 7 -9 -10 10 -12 12 -14 -15
leaf_value=-0.00076509626657028076 0.0033934083440446228 -0.00054983457660479301 0.012106147239976521 0.0071895906046872144 -0.02061478086267559 -0.015170817533474568 0.00085129470618671517 -0.0048997076385480232 0.013966044833023914 0.044277967023543009 -0.00067389027786250559 -0.0067734331434741984 0.0031413712020157917 0.0055926376947332624
leaf_weight=16815.522123277187 3141.0329842567444 4822.5355447083712 2329.4757695198059 506.35037443041801 93.03156279027462 597.23344460129738 4632.07412520051 6502.830996260047 439.24632960557938 96.654749944806099 162.68621084094048 5274.3115638047457 889.0511906594038 6139.724517121911
leaf_count=76037 14232 21901 10103 2261 431 2788 21020 29677 1938 423 716 23779 3888 27332
internal_value=3.93265e-06 0.000710111 0.00420182 -0.000175213 0.00102936 -0.0017791 -0.00316564 -0.0025087 0.000686125 -0.000483882 0.0171013 -0.00437988 -0.00534047 0.00516906
internal_weight=52441.8 37568.6 7591.26 29977.3 23307.6 14873.2 11732.1 11134.9 5261.78 17074.9 259.341 6669.71 6163.36 6232.76
internal_count=236526 168809 33942 134867 104939 67717 53485 50697 23839 77176 1139 29928 27667 27763
is_linear=0
shrinkage=0.03


Tree=43
num_leaves=15
num_cat=0
split_feature=40 1 36 2 20 40 38 1 38 1 30 45 1 38
split_gain=96.4829 107.448 69.4715 64.8038 75.3516 61.7127 79.6327 115.167 85.1883 82.824 105.053 82.2288 79.019 72.3565
threshold=1.6877905140902369 0.0056033301392984227 -0.87654140924330559 0.48441832078458547 -0.14507911421604155 0.45552310205796376 -0.18898188143061143 0.0159330412410035 -2.6119452810248469 0.010320142295238076 1.0000000180025095e-35 1.1656705541176124 0.012930702084569952 1.1913822755029051
decision_type=8 8 8 8 10 10 10 8 10 10 2 8 10 10
left_child=3 -2 -3 4 -1 6 7 8 -5 10 -8 12 -10 -12
right_child=1 2 -4 5 -6 -7 9 -9 11 -11 13 -13 -14 -15
leaf_value=-0.0081745766614591438 0.024254463717568828 0.027230383771306897 0.0026635922090935769 -0.018487548427136145 -2.457803729664843e-05 -0.0015991899544974754 -0.003397927719695674 0.003641869150654863 -0.0017168340804680539 0.00043554098106243685 0.0056293421116879799 -0.006921266251696102 0.005725541529027026 0.018964763031158485
leaf_weight=1911.1038652658463 232.00834339857101 97.392851650714874 3092.793946325779 270.05562843382359 2179.1993863433599 13506.042863592505 1135.2976838201284 4182.3204161673784 8009.4413742125034 8621.0022994726896 5131.6383072733879 2224.0248965024948 1518.7842631936073 387.10392168164253
leaf_count=8992 989 412 13618 1281 10001 60369 5105 18525 36742 38791 23002 10312 6938 1717
internal_value=0.000107443 0.0049702 0.00349634 -0.000232593 -0.00384313 9.64747e-05 0.00082426 -0.000640587 -0.00213216 0.00237765 0.00488943 -0.00174093 -0.000525772 0.00659735
internal_weight=52498.2 3422.2 3190.19 49076 4090.3 44985.7 31479.7 16204.6 12022.3 15275 6654.04 11752.3 9528.23 5518.74
internal_count=236794 15019 14030 221775 18993 202782 142413 73798 55273 68615 29824 53992 43680 24719
is_linear=0
shrinkage=0.03


Tree=44
num_leaves=15
num_cat=0
split_feature=21 36 40 39 37 37 19 40 24 39 35 1 7 11
split_gain=74.8654 65.7053 82.5227 114.375 76.3334 72.4761 80.6232 63.2917 60.5145 55.2742 49.9738 49.1283 51.9029 47.6646
threshold=0.15544996472213671 -0.30276921536240681 -1.6300809730482866 -1.6785484084443045 -1.0413363186295836 -1.0029783077129588 -1.500984940210516 1.4236364487916544 -0.017402681479252165 -1.2117676422949224 -0.56618836732267563 0.013323550772864106 -1.4240267339514912 -1.0284109751387274
decision_type=8 10 10 10 10 10 2 8 8 10 10 10 10 8
left_child=1 7 4 -4 -3 6 13 11 -2 -7 -9 12 -1 -5
right_child=8 2 3 5 -6 9 -8 10 -10 -11 -12 -13 -14 -15
leaf_value=-0.0099759190697461374 -0.0019670183013114581 0.0045146256022997218 0.025089883991023017 -0.0027534436188750957 -0.022715553058332581 0.0066806288291838579 0.0018321585474424537 0.019994222031556527 0.0021026593296222438 -0.001617944837901691 0.00096176093050423213 0.003595422825366994 -0.00014607779361823609 -0.019226097621922501
leaf_weight=531.87571538984776 4028.8989998847246 127.71632395684719 134.03872269392014 225.36850626766682 301.5357620716095 740.32098440825939 409.84586562216282 271.20687280595303 17718.127191394567 19561.017772331834 224.22582302987576 3091.6575161218643 4485.7618639618158 550.76689380407333
leaf_count=2490 18219 594 581 1047 1438 3324 1861 1163 79260 88604 987 13891 20354 2564
internal_value=2.19914e-06 -0.000952749 -0.00182014 -0.00155785 -0.0146954 -0.00173568 -0.00891336 0.00126958 0.00134814 -0.00131218 0.0115699 0.000626819 -0.00120582 -0.0145388
internal_weight=52402.4 30655.3 22050.6 21621.4 429.252 21487.3 1185.98 8604.73 21747 20301.3 495.433 8109.3 5017.64 776.135
internal_count=236377 138898 100013 97981 2032 97400 5472 38885 97479 91928 2150 36735 22844 3611
is_linear=0
shrinkage=0.03


Tree=45
num_leaves=15
num_cat=0
split_feature=39 0 37 1 40 39 16 35 40 2 40 15 1 37
split_gain=72.4236 153.91 80.6142 132.773 116.853 108.345 108.76 94.1273 80.7266 79.8571 64.9012 59.9713 60.2866 78.7913
threshold=-1.800661752700941 0.0091590141598275315 -1.7842672868464209 0.02328594170803824 -1.5774181993146279 -1.1924373062288918 0.20465004314719751 -0.48232588750287603 -0.73668629609605907 0.72854716052950474 -1.7980471760198522 0.20527399536864524 0.013125409478723302 -0.25509200992657349
decision_type=10 8 10 10 10 10 10 10 10 8 10 8 10 10
left_child=1 -1 3 -2 7 6 -6 -4 -8 11 -3 -7 -13 -14
right_child=2 10 4 -5 5 9 8 -9 -10 -11 -12 12 13 -15
leaf_value=0.027847833841693134 -0.0099464904035970435 -0.0046868334554237287 0.00023829135083987756 0.022729272488034146 0.012496980280941556 -0.0071695162320968659 -0.0040794498490398668 -0.018083808330287516 0.016699940976036415 0.00075337317742294678 0.012230275984059976 0.00042948544077732882 0.0032607070039710868 -0.0053688768958791043
leaf_weight=247.36198289692402 1315.4054779112339 558.05973729491234 449.08293351531029 112.81940102577209 1246.3175475895405 1705.349767178297 926.99143479764462 565.30131284892559 195.10025553405285 30932.452392682433 308.72164036333561 8195.4504727572203 1195.5704335123301 4560.3798849284649
leaf_count=1080 6350 2506 2057 482 5573 7946 4168 2677 874 138224 1360 37300 5457 20834
internal_value=-5.80667e-05 0.00747469 -0.000222768 -0.00722525 -2.12277e-05 0.000188558 0.0064341 -0.0100492 -0.000350897 -0.000130253 0.0014093 -0.00187537 -0.00122356 -0.00357388
internal_weight=52514.4 1114.14 51400.2 1428.22 49972 48957.6 2368.41 1014.38 1122.09 46589.2 866.781 15656.8 13951.4 5755.95
internal_count=236888 4946 231942 6832 225110 220376 10615 4734 5042 209761 3866 71537 63591 26291
is_linear=0
shrinkage=0.03


Tree=46
num_leaves=15
num_cat=1
split_feature=39 40 20 15 45 46 40 1 16 33 1 12 1 10
split_gain=78.2281 126.931 73.459 70.6415 61.2066 94.1041 72.9551 73.7274 67.3087 59.7529 56.6447 55.8461 56.7368 62.8025
threshold=-1.800661752700941 -1.745031036448901 -1.0625812024906964 0.13851494630956659 1.0476671307919865 0 1.6877905140902369 0.0056033301392984227 0.22953593849071471 0.14193076114123215 0.015505886941388719 0.014033308365818118 0.0095872826512492359 -0.32433531608358201
decision_type=10 8 8 10 10 1 10 10 8 10 10 2 10 10
left_child=1 3 10 -1 6 -6 11 -8 -7 -3 -2 12 -4 -14
right_child=2 9 4 -5 5 8 7 -9 -10 -11 -12 -13 13 -15
leaf_value=0.0066749516955917606 -0.0073533525898243383 0.013398943448855156 -9.743884768440246e-05 -0.013415994949818702 0.00052993249471285618 0.0017730577427986461 0.021876413795297839 0.0042788835726708455 -0.0047471008809215022 0.039781030551178757 0.004154557251930719 0.0019243300709852616 0.00087633815794444468 -0.010739796329788899
leaf_weight=448.46205113828182 2062.9073559641838 313.27726651728153 11111.925805389881 229.94410589337349 12207.946526646614 1758.7011661678553 235.55057449638844 1758.4560988694429 7398.1934355050325 102.14526592195034 465.84752555191517 12657.873992994428 711.38625305891037 1003.8764852881432
leaf_count=2022 9699 1361 49983 1039 55046 8073 998 7689 33641 427 2084 56831 3272 4557
internal_value=-8.01841e-05 0.00782182 -0.000249923 -0.000230789 8.68205e-06 -0.0011954 0.000944943 0.00645646 -0.00349044 0.0206685 -0.00522535 0.000511347 -0.000883399 -0.00594498
internal_weight=52466.5 1093.83 51372.7 678.406 48843.9 21364.8 27479.1 1994.01 9156.89 415.423 2528.75 25485.1 12827.2 1715.26
internal_count=236722 4849 231873 3061 220090 96760 123330 8687 41714 1788 11783 114643 57812 7829
cat_boundaries=0 1
cat_threshold=398
is_linear=0
shrinkage=0.03


Tree=47
num_leaves=15
num_cat=1
split_feature=39 0 37 1 0 36 12 1 39 21 39 46 18 33
split_gain=66.4046 123.521 85.7691 123.456 62.8837 58.0246 88.9003 86.3872 76.6791 72.4362 63.1494 62.7394 62.1379 53.9046
threshold=-1.800661752700941 0.0088324298315891562 -1.7842672868464209 0.01689188677208216 0.024817733456337792 -0.27787662703641075 0.02167013498267235 0.0056753136967946172 -1.0715049215149421 -0.065720482394570359 0.61976591398728387 0 -2.1361153989149373 0.4613351437937534
decision_type=10 8 10 8 10 10 2 8 10 10 10 1 2 10
left_child=1 -1 3 -2 -3 6 -4 11 -8 12 -10 -7 -9 -13
right_child=2 4 5 -5 -6 7 8 9 10 -11 -12 13 -14 -15
leaf_value=0.026457809487003121 -0.011836929689733985 -0.0029727553655985177 -0.00013218345366022212 0.010193462326575368 0.014675702226790649 0.0067717809249757772 0.013029116376786389 -0.010209585877235913 0.00055910842235156637 0.00037800775937940514 0.0081915976028269673 -0.0090575758636019729 -0.0020862708368793908 0.0071062259226191311
leaf_weight=225.32706689834595 1142.6219495683908 641.66028176248074 10366.472495913506 277.46576787531376 242.19805815815926 2167.3288106918335 820.76993981003761 885.53245252370834 2958.4288352578878 14359.243336990476 1446.8523053228855 494.37583638727665 16125.872243732214 284.80989743769169
leaf_count=973 5619 2902 46942 1200 1032 9609 3661 4139 13247 64181 6321 2264 73249 1260
internal_value=-8.9864e-05 0.0071393 -0.000247439 -0.00749131 0.00197342 -3.98687e-05 0.00147708 -0.000729348 0.0046634 -0.00119102 0.00307877 0.00417339 -0.00251488 -0.00309495
internal_weight=52439 1109.19 51329.8 1420.09 883.858 49909.7 15592.5 34317.2 5226.05 31370.6 4405.28 2946.51 17011.4 779.186
internal_count=236599 4907 231692 6819 3934 224873 70171 154702 23229 141569 19568 13133 77388 3524
cat_boundaries=0 1
cat_threshold=271
is_linear=0
shrinkage=0.03


Tree=48
num_leaves=15
num_cat=0
split_feature=40 39 38 37 35 40 39 39 39 36 39 37 37 34
split_gain=66.3564 100.81 87.3811 71.7982 65.3354 63.9714 127.914 108.392 82.3543 105.114 87.8593 79.149 74.7828 78.3081
threshold=1.6877905140902369 1.3880421456012877 0.21311793323267117 1.4798767117825431 -0.50626476117741126 0.46665899233000291 0.78443120026194424 1.450990479986296 1.1672008633511177 -1.3666773000634782 1.9611555039440209 1.7777122455150398 0.41821849272623085 0.71502116680364913
decision_type=8 10 10 10 10 10 10 10 10 10 10 10 10 10
left_child=5 3 -3 -2 -4 6 -1 12 11 -10 -11 -7 13 -8
right_child=1 2 4 -5 -6 8 7 -9 9 10 -12 -13 -14 -15
leaf_value=-0.00016102058198084684 0.014652055995315699 0.015196122254954179 0.01412245509309853 -0.0058350606865875294 -0.0037362182825381135 -0.0040642354782015741 0.00017727806612702178 -0.0067983179964945335 0.031557368308244522 0.0027159836356976646 -0.0085033501692209999 0.010059501198011153 0.015573958873609036 0.02480348708608485
leaf_weight=32310.76810541749 931.86032815277576 299.51121699810028 195.38764543831348 178.39217022061348 1802.9368613958359 9639.2894966900349 797.49658767879009 411.5389705747366 91.671217992901802 3458.6479081809521 757.18601566553116 361.50061240792274 1021.6538032740355 126.0657375305891
leaf_count=146979 4047 1302 844 762 7966 43385 3516 1830 392 15340 3416 1584 4462 550
internal_value=-8.26051e-05 0.00395874 0.000359826 0.0113375 -0.00192845 -0.000364582 0.000332057 0.0070642 -0.00205152 0.00141415 0.000685578 -0.00354416 0.0100168 0.00376842
internal_weight=52383.9 3408.09 2297.84 1110.25 1998.32 48975.8 34667.5 2356.76 14308.3 4307.51 4215.83 10000.8 1945.22 923.562
internal_count=236375 14921 10112 4809 8810 221454 157337 10358 64117 19148 18756 44969 8528 4066
is_linear=0
shrinkage=0.03


Tree=49
num_leaves=15
num_cat=1
split_feature=44 24 12 37 39 46 39 39 19 40 16 38 25 41
split_gain=75.9972 70.0342 61.0679 61.9028 53.9976 57.8465 52.707 45.9723 76.4001 43.5487 73.6931 50.874 40.907 39.5986
threshold=0.01966217613558241 0.013204532119407699 0.03294658031181457 -2.1746834102327997 1.0570195890266993 0 2.0637555910113634 -1.800661752700941 -6.0968016975951569 -1.0184317870304156 0.25350177658660672 -1.3939149835849485 -0.1845011363808203 0.55000000000000016
decision_type=8 10 2 8 10 1 10 10 2 8 8 10 10 2
left_child=1 2 3 -1 5 -3 7 8 -5 -4 -11 -12 -7 -2
right_child=13 4 9 6 -6 12 -8 -9 -10 10 11 -13 -14 -15
leaf_value=-0.013982411470279416 0.0037106985233939355 0.0028724032689753779 -0.0027813483355656229 -0.0049093325085998183 0.0064176615675652715 -0.0049313228739505076 -0.010065724883645004 -0.0015710536780880165 0.024059777402235485 0.017033204129707061 0.018238837554670456 0.00065043787243484227 0.0010035179135422948 -3.0469764134910437e-05
leaf_weight=360.62410998344421 6191.1891339421272 4488.6894328892231 878.8437352180481 156.5727581679821 1653.93893840909 2126.7583222836256 642.79482555389404 27341.208597451448 155.63454063236713 373.71518711745739 154.49399952590466 1485.5566980391741 2040.6971524953842 4319.9557780176401
leaf_count=1763 27812 20171 3819 710 7276 9800 2907 124016 672 1632 668 6568 9225 19301
internal_value=-0.000104814 -0.000677558 -0.00137896 -0.00179845 0.00146803 0.00051599 -0.00163829 -0.00143883 0.00983022 0.00276877 0.00519272 0.00240777 -0.00202489 0.00217456
internal_weight=52370.7 41859.5 31549.4 28656.8 10310.1 8656.14 28296.2 27653.4 312.207 2892.61 2013.77 1640.05 4167.46 10511.1
internal_count=236340 189227 142755 130068 46472 39196 128305 125398 1382 12687 8868 7236 19025 47113
cat_boundaries=0 1
cat_threshold=271
is_linear=0
shrinkage=0.03


Tree=50
num_leaves=15
num_cat=0
split_feature=30 36 41 39 11 33 37 1 19 18 37 39 39 30
split_gain=63.6946 96.4857 123.695 76.036 102.169 76.0111 71.0572 137.504 70.6448 68.0265 68.013 64.6689 96.9902 100.994
threshold=5.5000000000000009 -0.30276921536240681 0.65000000000000002 -1.800661752700941 -0.92843953508476507 0.069053033592180083 -1.7324497193990476 0.01689188677208216 -6.277558930922158 -2.2380758520060859 -2.0827692911768261 2.1324168955337464 1.1469683337248899 2.5000000000000004
decision_type=2 10 2 10 8 10 10 8 2 2 10 10 10 2
left_child=3 9 -3 4 -1 -4 7 -5 -8 -2 -6 12 -10 -14
right_child=1 2 5 6 10 -7 8 -9 11 -11 -12 -13 13 -15
leaf_value=-0.0022190515406336282 -0.0061340752035912291 -0.0083971013209206413 0.0075021604207958599 -0.010361147054918635 0.0044578386884954763 -0.0034418096041372334 0.0055497122805993398 0.012785328816472928 -0.00016072026206798121 0.0068801502720221173 0.026440099019606686 -0.0069293281056847893 0.00014961283064687128 0.008068355990349543
leaf_weight=415.08568485081196 482.68899808824062 3125.0752868801355 898.08653461933136 1225.7484210282564 218.68923692405224 1529.7409823536873 2398.2065053582191 275.12027759850025 33416.740043237805 1357.2706310302019 307.50164803862572 1085.4743791669607 2949.7059414982796 2840.8177949935198
leaf_count=1855 2214 14381 4110 6033 972 6958 10866 1184 150712 6102 1323 4919 13105 12314
internal_value=9.0048e-05 -0.00248925 -0.00446034 0.000512999 0.00890482 0.000620682 0.000332281 -0.00606169 0.000558438 0.00345134 0.0175576 0.000260056 0.000460814 0.00404174
internal_weight=52526 7392.86 5552.9 45133.1 941.277 2427.83 44191.8 1500.87 42690.9 1839.96 526.191 40292.7 39207.3 5790.52
internal_count=237048 33765 25449 203283 4150 11068 199133 7217 191916 8316 2295 181050 176131 25419
is_linear=0
shrinkage=0.03


Tree=51
num_leaves=15
num_cat=0
split_feature=33 45 30 1 41 30 40 39 36 1 40 37 8 40
split_gain=70.6857 72.9192 72.1636 77.7642 72.6683 166.317 98.9482 68.2266 59.9023 77.8037 62.6172 71.6138 56.6839 53.8605
threshold=0.48953017232900031 1.2048854646943059 4.5000000000000009 0.0074659736502280015 0.65000000000000002 1.5000000000000002 -0.70711651716964619 -1.6785484084443045 -0.27787662703641075 0.014390918741863538 -1.745031036448901 -1.284707023629758 -0.47863538671725919 1.4236364487916544
decision_type=8 10 2 8 2 2 10 8 10 8 10 10 10 10
left_child=1 8 4 -4 7 -6 -7 -2 9 13 11 -10 -9 -1
right_child=2 -3 3 -5 5 6 -8 12 10 -11 -12 -13 -14 -15
leaf_value=-0.0003325311366562254 0.025845250109751267 -0.0034276057133025071 0.0071100863887320507 -0.0040213667733444555 -0.0058616874293397772 -0.017242917106813156 0.0058291424684956475 0.000698942698992159 0.0060787766279234556 0.0056048097645855725 -0.0009449975436408597 -0.027238191295432191 0.0070344553883724421 0.010217505283579939
leaf_weight=8994.0446173846722 132.83046294748783 7010.53769056499 688.2601730376482 2953.8671542108059 2214.9261232465506 166.74525465071201 3266.8837804794312 1967.2323850989342 83.611314073204994 3168.2307190597057 17445.378816008568 159.28012895584106 3593.503226980567 447.65586465597153
leaf_count=41071 575 32017 3077 13409 9997 752 14271 8795 391 14044 79106 780 15820 1931
internal_value=2.62819e-05 -0.000672729 0.00176601 -0.00190412 0.00294519 0.000532291 0.00466189 0.00533388 -3.43728e-05 0.00154481 -0.0011604 -0.0159825 0.00479841 0.000177955
internal_weight=52293 37308.7 14984.2 3642.13 11342.1 5648.56 3433.63 5693.57 30298.2 12609.9 17688.3 242.891 5560.74 9441.7
internal_count=236036 169340 66696 16486 50210 25020 15023 25190 137323 57046 80277 1171 24615 43002
is_linear=0
shrinkage=0.03


Tree=52
num_leaves=15
num_cat=0
split_feature=39 0 37 1 0 43 16 30 15 41 1 30 18 10
split_gain=68.8126 117.261 65.2996 138.466 55.585 55.027 53.3275 84.3954 186.419 92.0893 81.6431 60.0748 53.4699 51.7561
threshold=-1.800661752700941 0.0091590141598275315 -1.7842672868464209 0.02328594170803824 0.024817733456337792 0.41428571428571431 0.22339137350761865 2.5000000000000004 0.45150063404379259 0.65000000000000002 0.013056840633192889 4.5000000000000009 -1.3403294705948567 1.0697163975334758
decision_type=10 8 10 8 10 8 8 2 10 2 10 2 2 10
left_child=1 -1 3 -2 -3 -4 11 9 -9 -8 -10 -7 -13 -11
right_child=2 4 5 -5 -6 6 7 8 10 13 -12 12 -14 -15
leaf_value=0.025082898885578891 -0.0094051323389721612 -0.0028827961612902606 -0.0012572024675262874 0.023154390598256049 0.01371224378405999 0.0062873042372853247 0.00046895965577686924 -0.0041881332968663103 0.0057074245452498427 -0.0030301848132686503 0.00062787022788111534 -0.0079402833969380096 0.0048706441377571819 -0.010343343168985658
leaf_weight=248.44853730499744 1292.6544366031885 610.40247865021229 18933.783432304859 119.69060169160366 247.15030477941036 2908.1288790404797 7183.8076567798853 3605.9509000480175 6865.5639375150204 3188.4260306209326 4866.0098314881325 598.92151926457882 556.26771499216557 1195.8469756990671
leaf_count=1065 6324 2762 85611 505 1049 13166 32197 16477 30550 14389 21781 2785 2560 5396
internal_value=-3.92768e-06 0.00736581 -0.000164173 -0.00650245 0.00200289 1.64797e-05 0.000795338 0.000310915 0.00176961 -0.00162296 0.00360286 0.00399435 -0.00178248 -0.00504391
internal_weight=52421.1 1106 51315.1 1412.35 857.553 49902.7 30968.9 26905.6 15337.5 11568.1 11731.6 4063.32 1155.19 4384.27
internal_count=236617 4876 231741 6829 3811 224912 139301 120790 68808 51982 52331 18511 5345 19785
is_linear=0
shrinkage=0.03


Tree=53
num_leaves=15
num_cat=1
split_feature=45 46 44 40 39 15 37 10 40 40 8 39 40 16
split_gain=63.5897 120.114 70.6201 62.8345 96.9775 78.695 68.1805 65.6647 119.005 106.067 75.5978 70.6088 69.7704 88.853
threshold=1.1958183029678666 0 -0.051890812802242281 -1.7980471760198522 -1.800661752700941 0.12703142882295951 -2.2839785964369712 -0.87134010415276941 -0.63477151805630216 0.19446467483171756 -1.4754985222815058 -1.0357267802456829 -0.43263079710904306 0.20158861170337544
decision_type=10 1 10 8 10 10 10 8 10 10 10 10 10 8
left_child=3 2 -2 5 -5 -1 -6 9 -9 10 -8 12 13 -12
right_child=1 -3 -4 4 6 -7 7 8 -10 -11 11 -13 -14 -15
leaf_value=0.0013405427481028619 0.0086744476425028756 -0.00076240745697126909 -0.012143313203125202 0.01511117748120511 -0.013179106312210627 -0.015488124174848995 -0.0046805881822300647 -0.0041545233878752304 0.00086604299296495183 -0.0045057406040259033 0.015179381726901812 0.0042118661715034355 0.036365315267365292 -0.0029655527219115524
leaf_weight=507.05481128394604 157.19082646071911 8877.5688147395849 1352.6213358044624 405.86706358194351 312.99744927883148 480.68153473734856 610.70219786465168 4980.2704433500767 28602.064006909728 1238.849638313055 886.76864574849606 3478.2881586104631 92.449231505393982 329.12982794642448
leaf_count=2328 703 40306 6227 1741 1537 2251 2852 22674 128199 5650 3978 15805 415 1482
internal_value=-4.20231e-06 -0.00210438 -0.00986817 0.000516516 0.000697645 -0.00692227 0.000549622 0.000659714 0.000120476 0.00338423 0.0052002 0.00646797 0.0123885 0.0102836
internal_weight=52312.5 10387.4 1509.81 41925.1 40937.4 987.736 40531.5 40218.5 33582.3 6636.19 5397.34 4786.64 1308.35 1215.9
internal_count=236148 47236 6930 188912 184333 4579 182592 181055 150873 30182 24532 21680 5875 5460
cat_boundaries=0 1
cat_threshold=531
is_linear=0
shrinkage=0.03


Tree=54
num_leaves=15
num_cat=1
split_feature=33 45 46 30 12 39 16 39 30 15 37 40 33 19
split_gain=58.516 69.6112 78.1543 68.5806 57.0528 69.2023 76.9138 94.1582 83.2805 80.6779 66.7383 64.2243 58.6018 56.7533
threshold=0.52748769023272568 1.2048854646943059 0 4.5000000000000009 0.016798178518597929 -1.7323926026804164 0.4710125655257475 0.12179827259660254 3.5000000000000004 0.2152777777777779 1.2515648197586415 -0.88039029480771347 -1.0634180494474481 -6.0084129638145241
decision_type=8 10 1 2 2 10 10 10 2 10 10 10 10 2
left_child=1 4 -3 -2 5 12 7 9 -8 -7 -9 -6 -1 -13
right_child=3 2 -4 -5 11 6 8 10 -10 -11 -12 13 -14 -15
leaf_value=-0.0028698328263310185 0.0027329723676889988 -0.001241604036754611 -0.0080255314567428213 -0.0021588803529244134 -0.0023548246657628569 -0.0053672346588609443 -0.0020640221746826607 -0.0090496252398131333 0.0040699488735844482 0.0013846397149574917 0.0089796410989959764 0.010754842525069622 0.026593370389876966 0.0019449095478460349
leaf_weight=100.27111177146435 10800.353598967195 4934.4254607856274 2205.556102797389 3379.2705159932375 3120.8174489885569 2622.3645979911089 4329.7032256573439 2642.7947478741407 3672.910652205348 4025.2709932774305 190.77895140647888 697.89674550294876 137.52063716948032 9517.2611083984375
leaf_count=448 47747 22464 10214 15287 14193 12225 19409 12077 16451 18470 847 3171 600 42858
internal_value=-7.86691e-05 -0.000689618 -0.00335843 0.00156645 -7.51883e-05 -0.00119032 -0.00141267 -0.00323931 0.000752815 -0.00128291 -0.00780844 0.00140645 0.014555 0.00255673
internal_weight=52377.2 38197.6 7139.98 14179.6 31057.6 17721.6 17483.8 9481.21 8002.61 6647.64 2833.57 13336 237.792 10215.2
internal_count=236461 173427 32678 63034 140749 80527 79479 43619 35860 30695 12924 60222 1048 46029
cat_boundaries=0 1
cat_threshold=460
is_linear=0
shrinkage=0.03


Tree=55
num_leaves=15
num_cat=0
split_feature=36 40 35 30 30 8 12 12 35 38 1 40 30 20
split_gain=62.1882 119.942 80.6925 101.958 161.609 110.805 88.1956 80.5166 93.2802 79.5366 116.009 85.7385 95.9835 113.236
threshold=-0.27787662703641075 -1.6300809730482866 0.20168715335899035 4.5000000000000009 1.5000000000000002 0.18475453851615722 0.013458852404069863 0.027986661552477785 -2.0890591837551153 0.36897597742787142 0.014835113485502044 1.2872264462450465 3.5000000000000004 0.28784168286301687
decision_type=10 10 10 2 2 8 2 2 10 10 8 10 2 10
left_child=7 -2 9 4 5 -4 -5 8 -1 -3 11 12 13 -11
right_child=1 2 3 6 -6 -7 -8 -9 -10 10 -12 -13 -14 -15
leaf_value=-0.0088362891036748992 -0.014177248829358006 -0.0041020819230286505 0.003108530051181748 0.0017298375780228472 0.0043642866928642653 -0.0051979934737321374 -0.0056939281005749407 0.0053563683316051255 0.001037551165262328 0.010330355213515476 -0.0072891552631589888 -0.0045047294027148197 0.013021290138444944 -0.0068034842075851412
leaf_weight=912.9979363232851 579.37144155800343 8477.6429585069418 2375.8273104131222 2399.3580023944378 9354.5749694555998 3659.8248094171286 3579.025562942028 3700.2695189118385 12836.275446802378 639.08680476248264 1162.7241288423538 850.57443988323212 1106.9959558695555 736.49462200701237
leaf_count=4342 2766 38816 10691 10886 41384 16497 16306 16221 58256 2898 5303 3779 5000 3320
internal_value=-2.74402e-05 -0.000758161 -0.000527712 0.000605396 0.00189675 -0.00192854 -0.00271657 0.00143454 0.000375949 -0.00239308 0.000831456 0.00367755 0.00648777 0.0011739
internal_weight=52371 34921.5 34342.1 21368.6 15390.2 6035.65 5978.38 17449.5 13749.3 12973.5 4495.88 3333.15 2482.58 1375.58
internal_count=236465 157646 154880 95764 68572 27188 27192 78819 62598 59116 20300 14997 11218 6218
is_linear=0
shrinkage=0.03


Tree=56
num_leaves=15
num_cat=0
split_feature=34 36 40 39 40 37 35 37 1 39 16 35 38 39
split_gain=65.5025 69.6604 109.441 103.158 91.2654 87.8044 81.0735 76.5585 72.6796 72.3436 69.1355 66.8837 60.3641 56.1722
threshold=1.365404701834336 -0.28579423544681298 -1.6823852431989177 -1.800661752700941 1.4236364487916544 -1.615803495231223 -0.55363612849688548 -1.0660773483132269 0.0143156993551146 -1.0715049215149421 0.12719429493477402 -2.0890591837551153 -2.6119452810248469 -0.95627574842858531
decision_type=8 10 10 10 10 10 10 10 8 10 8 10 10 10
left_child=1 4 5 -4 8 -3 -6 -5 11 10 -10 -1 -13 -9
right_child=-2 2 3 7 6 -7 -8 13 9 -11 -12 12 -14 -15
leaf_value=-0.0084069939406447372 0.0038002860837104413 0.0095094883466910786 0.0264308863297977 -0.0073946425329470726 0.019868062550888951 -0.022062321793063479 0.0011539498124560155 0.0038404581611725572 0.0017372174624601903 0.001750758167684283 0.016324622965800704 -0.02072723232946045 0.00034060403374768064 -0.00103970613685503
leaf_weight=899.42179571092129 3822.7146196812391 94.407375231385231 113.84486693143845 1590.2297300547361 426.55632129311562 364.3802587389946 401.05327768623829 2294.7505212128162 511.4755485355854 4061.091089874506 681.00212998688221 113.90637783706188 10058.731077432632 26897.200614839792
leaf_count=4308 16703 442 472 7379 1813 1780 1759 10405 2235 18053 2993 556 45742 121636
internal_value=2.46811e-05 -0.00027358 -0.00111434 -0.00089575 0.00126301 -0.0155013 0.0109214 -0.00100537 0.000767003 0.00366933 0.0101343 -0.000612187 8.45767e-05 -0.000654897
internal_weight=52330.8 48508.1 31354.8 30896 17153.2 458.788 827.61 30782.2 16325.6 5253.57 1192.48 11072.1 10172.6 29192
internal_count=236276 219573 142114 139892 77459 2222 3572 139420 73887 23281 5228 50606 46298 132041
is_linear=0
shrinkage=0.03


Tree=57
num_leaves=15
num_cat=0
split_feature=24 36 1 8 40 39 11 11 16 43 40 39 10 24
split_gain=62.4127 72.5238 108.487 79.1203 73.6834 64.0456 59.7507 74.9261 88.1568 59.6833 57.294 69.1381 83.5108 55.7847
threshold=-0.0097083080522744874 -0.28579423544681298 0.012341897493789328 -1.2806644818030086 1.3745917832793058 1.5512390769961939 0.81847878769986671 -1.1781096191613798 0.20761229392304489 0.81666666666666676 -1.6300809730482866 -1.0715049215149421 -0.82142514824708346 0.017195485419715249
decision_type=8 10 10 8 10 10 10 8 8 10 10 10 10 10
left_child=9 4 3 -3 -2 -6 7 8 13 -1 -5 12 -12 -4
right_child=1 2 6 10 5 -7 -8 -9 -10 -11 11 -13 -14 -15
leaf_value=-0.0025270977557089393 0.0022632468952765712 -0.0089260496891551896 0.015968229205647 -0.017432449884897526 0.023166382322249324 0.0020795444097997627 0.0011574839807804173 -0.0049344916800186031 -0.0059384286828545498 0.0019660659828640015 0.021979477519250105 0.0016345580907733432 0.0023568236290281257 -0.002423413915936483
leaf_weight=12331.971894413233 9521.6064000427723 617.33470477163792 465.19284595549107 126.07627984881401 282.41346037387848 236.72740969061852 3123.0749078989029 6876.8728635907173 531.89584256708622 3383.8429370820522 330.19657595455647 13891.713624581695 464.40751592814922 212.3878440707922
leaf_count=56028 42940 2906 2101 616 1212 1033 14079 31221 2440 15281 1470 62244 2095 961
internal_value=2.22096e-05 0.000699941 -0.000119286 0.00151213 0.00287139 0.0137718 -0.00236426 -0.00372417 0.00314155 -0.00155902 0.00195289 0.00213105 0.0106828 0.010252
internal_weight=52395.7 36679.9 26639.2 15429.7 10040.7 519.141 11209.4 8086.35 1209.48 15715.8 14812.4 14686.3 794.604 677.581
internal_count=236627 165318 120133 69331 45185 2245 50802 36723 5502 71309 66425 65809 3565 3062
is_linear=0
shrinkage=0.03


Tree=58
num_leaves=15
num_cat=0
split_feature=2 15 39 39 30 11 35 35 36 0 11 15 11 30
split_gain=60.4593 67.4906 55.1291 67.7486 104.703 79.4504 73.4477 79.1662 66.3169 58.9321 88.3356 55.2627 64.8926 52.2979
threshold=0.48441832078458547 0.20527399536864524 2.1324168955337464 1.0767330620930282 2.5000000000000004 1.5121175970145071 -1.3422989876975417 0.61633006998375295 -0.2038565316918983 0.0082047544089013658 0.5336134681514344 0.59685863874345624 -0.10653105673987573 5.5000000000000009
decision_type=8 8 10 10 2 10 10 10 10 10 10 10 8 2
left_child=1 -1 3 13 6 8 -5 11 -6 -10 -11 -8 -13 -2
right_child=2 -3 -4 4 5 -7 7 -9 9 10 -12 12 -14 -15
leaf_value=-0.013486709710330915 0.00032582655516673055 -0.0020440189346382026 -0.0060425540789371011 0.024048810021876973 0.015547026232115605 -0.0027663769008962778 0.0058330460112965051 0.0034828620899116183 0.011818311094527415 -0.0042621104933928391 0.0092413305827659421 -0.023782176028407619 -0.0058120981507693596 -0.0030422557599262389
leaf_weight=522.53148368000984 34976.644026651978 3647.0568563789129 1209.7689770460129 91.706704542040825 809.15694205462933 733.95106166601181 282.26034125685692 1377.0467487424612 920.64986576139927 871.92429725825787 853.57041130959988 204.82618768513203 1229.5007070302963 4697.4454099237919
leaf_count=2512 157937 16929 5498 382 3464 3224 1253 6103 3988 3821 3718 925 5489 21497
internal_value=-4.54468e-05 -0.00350685 0.000254287 0.000417448 0.00305586 0.00616724 -0.00104263 -0.00186152 0.00806736 0.00573026 0.00243255 -0.00614412 -0.00852517 -7.36233e-05
internal_weight=52428 4169.59 48258.5 47048.7 7374.59 4189.25 3185.34 3093.63 3455.3 2646.14 1725.49 1716.59 1434.33 39674.1
internal_count=236740 19441 217299 211801 32367 18215 14152 13770 14991 11527 7539 7667 6414 179434
is_linear=0
shrinkage=0.03


Tree=59
num_leaves=15
num_cat=3
split_feature=31 45 19 40 10 46 15 46 19 16 15 46 12 40
split_gain=57.8941 53.1816 102.071 93.3987 88.8244 87.197 84.2005 80.2928 63.1669 62.4787 63.8091 59.4902 72.1476 58.6295
threshold=2.8312508026343428 1.0476671307919865 0.30195724968847415 0.28943420931787339 -0.8087283638101801 0 0.27793184627970124 1 2.8287276867042466 0.26815415019463501 0.3526264827303307 2 0.010954743017964943 1.7258651639187355
decision_type=8 10 2 10 8 1 10 1 2 8 10 1 2 10
left_child=1 2 3 4 -1 8 -7 -3 -4 10 -9 12 -6 -8
right_child=-2 7 5 -5 11 6 13 9 -10 -11 -12 -13 -14 -15
leaf_value=0.0034340179866882209 0.010670725354850863 0.00044814047268956731 0.0034120579294438943 -0.0054811901282146675 -0.0052177842222458524 0.02323905567268205 0.003026435104633927 -0.0020508400773279387 -0.0038544969319719569 -0.004645734033235982 0.0082172448846491893 -0.0036219640836083178 0.005460082595709106 0.010284377403367261
leaf_weight=4995.7895778417587 450.11679573357105 12985.244973108172 1874.4752335697412 3089.3646589964628 835.31739237904549 199.37032468616962 7773.499108299613 2058.3750065863132 2502.1519205421209 7055.973576888442 729.47421924769878 4986.5087750405073 1738.6523912101984 1143.5717373937368
leaf_count=22739 1960 58666 8289 14061 3837 895 34459 9490 11049 32216 3341 22837 7933 4956
internal_value=7.59858e-05 -1.78154e-05 0.000831527 -0.000817248 0.000333725 0.00274252 0.00440933 -0.00110179 -0.000739918 -0.003142 0.000655695 -0.00171671 0.0019804 0.00396771
internal_weight=52417.9 51967.8 29138.7 15645.6 12556.3 13493.1 9116.44 22829.1 4376.63 9843.82 2787.85 7560.48 2573.97 8917.07
internal_count=236728 234768 131055 71407 57346 59648 40310 103713 19338 45047 12831 34607 11770 39415
cat_boundaries=0 1 2 3
cat_threshold=780 398 836
is_linear=0
shrinkage=0.03


Tree=60
num_leaves=15
num_cat=0
split_feature=34 36 40 1 14 8 40 1 36 40 40 30 41 30
split_gain=59.4221 70.7583 112.367 78.8222 85.9198 69.5829 67.5109 66.2133 77.9642 118.171 69.3604 61.776 70.7464 70.583
threshold=1.737872041545214 -0.27787662703641075 -1.6300809730482866 0.013193843933291352 0.26666666666666677 -1.3057008731747775 1.4236364487916544 0.018116823040757752 -1.2916645236870627 1.0321956605276676 0.41208371036096603 4.5000000000000009 0.65000000000000002 3.5000000000000004
decision_type=8 10 10 8 10 10 10 8 10 10 10 2 2 2
left_child=1 6 -3 4 -4 -6 7 8 9 -1 -10 12 -5 -14
right_child=-2 2 3 11 5 -7 -8 -9 10 -11 -12 -13 13 -15
leaf_value=-0.0050051825029545907 0.0046111966860238364 -0.014158503924204317 -0.0050683590639244583 0.0010340351873780829 -0.011679805262910124 0.0012661293902564144 0.0094615890193232941 0.0048688727969728087 0.0026644678755026081 0.028102222498896226 -0.0031248198404947381 -0.0060885805483480602 -0.0069895230999025316 0.004258593406842575
leaf_weight=3200.7087315171957 2397.2383259087801 567.26575671136379 2364.7407248169184 4656.9728945940733 371.67412659525871 17923.970189020038 862.30113457143307 3068.9993963390589 7806.0323658883572 90.209027245640755 2436.0669932514429 3545.1632424145937 2535.3848789930344 618.26264719665051
leaf_count=14958 10374 2751 10947 20938 1742 80582 3704 13406 35427 397 10929 16360 11573 2741
internal_value=7.18362e-06 -0.000214221 -0.00103996 -0.00080318 0.000300566 0.000996897 0.00132609 0.000898098 -5.31922e-06 -0.00401527 0.00128579 -0.0028098 -0.00131571 -0.00477787
internal_weight=52445 50047.8 32583.4 32016.2 20660.4 18295.6 17464.3 16602 13533 3290.92 10242.1 11355.8 7810.62 3153.65
internal_count=236829 226455 147634 144883 93271 82324 78821 75117 61711 15355 46356 51612 35252 14314
is_linear=0
shrinkage=0.03


Tree=61
num_leaves=15
num_cat=1
split_feature=4 32 46 1 14 12 11 30 20 1 10 45 12 45
split_gain=56.445 52.648 53.6461 76.5908 61.8972 59.4732 52.3831 52.2801 65.3585 58.8702 57.1747 52.0337 45.1311 48.4854
threshold=0.87599926833731478 -0.8898488632300442 0 0.0059077594814355662 0.29143823998178431 0.0085697019228264375 1.8189375770305349 4.5000000000000009 -0.29879762371920621 0.012993002554125698 -1.3474193082747232 1.0281802339415516 0.013101768693511045 0.77728617984278914
decision_type=8 10 1 10 8 2 10 2 10 8 8 10 2 10
left_child=1 -1 3 4 -3 -5 -6 11 10 -10 -9 12 -4 -14
right_child=-2 2 7 5 6 -7 -8 8 9 -11 -12 -13 13 -15
leaf_value=0.0021057037357453661 0.0022764120700428238 -0.0033777576406759276 -0.002633503540361886 -0.0084429223915946181 0.0085225115700211084 -0.00017161741580166943 -0.011396699651472705 0.0027051306199142255 0.0013295766707727683 -0.0065404233709340249 -0.010760629011353913 -0.0026539285141804311 0.012019953907756996 0.0018244967261773547
leaf_weight=6123.3974411040545 7886.2826696932316 624.95699548721313 1747.5838543772697 810.25283859670162 1959.043968051672 16953.943717643619 117.98293870687485 333.03729486465454 2043.412527307868 1458.0916772335768 1780.2283832132816 7133.4309861958027 479.67419062554836 2982.8725396096706
leaf_count=27629 35051 2854 7954 3707 8689 76298 521 1563 9332 6722 8423 32498 2153 13446
internal_value=-6.13347e-05 -0.000475602 -0.000887405 0.000163098 0.00485913 -0.000553422 0.00734184 -0.00208296 -0.00448157 -0.00195693 -0.00863576 -0.000990841 0.00128689 0.00326744
internal_weight=52434.2 44547.9 38424.5 20466.2 2701.98 17764.2 2077.03 17958.3 5614.77 3501.5 2113.27 12343.6 5210.13 3462.55
internal_count=236840 201789 174160 92069 12064 80005 9210 82091 26040 16054 9986 56051 23553 15599
cat_boundaries=0 1
cat_threshold=271
is_linear=0
shrinkage=0.03


Tree=62
num_leaves=15
num_cat=1
split_feature=43 2 45 46 16 1 1 11 7 19 16 9 45 16
split_gain=52.6952 68.1241 49.8845 90.103 69.1776 55.9474 46.4063 42.5656 38.0449 36.449 67.4503 65.9895 63.6017 62.8123
threshold=0.95000000000000007 0.36034622516300313 1.1958183029678666 0 0.27425881823403947 0.018305773219471626 0.0074659736502280015 -0.75115742532897767 0.057741354111939765 5.1470958818110821 0.53979214427781297 1.6645994091668148 0.76646438990103072 0.24173156444381808
decision_type=10 8 8 1 10 10 10 10 10 2 10 10 10 8
left_child=1 8 9 4 5 7 -5 -4 -1 10 13 -12 -11 -3
right_child=-2 2 3 6 -6 -7 -8 -9 -10 12 11 -13 -14 -15
leaf_value=-0.012844061952656386 0.0026108586076013449 0.0015284677345619817 -0.014488215401953244 0.011497244683340927 -0.014938889087577555 0.013823994539222277 -0.0013599220748118891 0.007152504842145321 -0.0013576383760002765 0.0027957328826633916 0.0028254708563855081 -0.012541992371141815 -0.0056033471542933999 -0.0017515102729268482
leaf_weight=588.37814797461033 6193.3623813688755 9131.4175967425108 234.42607207596302 252.02087388932705 796.70978869497776 153.38462966680527 7097.4276572614908 115.49631662666798 462.89099431037903 1261.4298176914454 11294.883225128055 247.480772793293 2239.9198807179928 12349.353267639875
leaf_count=2789 27816 41681 1087 1140 3686 679 32314 540 2163 5523 50215 1101 9954 56096
internal_value=1.45659e-05 -0.000333781 -0.000157242 -0.00220446 -0.0094214 -0.000750148 -0.000902785 -0.00734515 -0.00784685 0.000328036 0.000636849 0.0024854 -0.00257807 -0.000357138
internal_weight=52418.6 46225.2 45173.9 8649.47 1300.02 503.307 7349.45 349.922 1051.27 36524.5 33023.1 11542.4 3501.35 21480.8
internal_count=236784 208968 204016 39446 5992 2306 33454 1627 4952 164570 149093 51316 15477 97777
cat_boundaries=0 1
cat_threshold=531
is_linear=0
shrinkage=0.03


Tree=63
num_leaves=15
num_cat=0
split_feature=5 41 40 30 38 30 39 12 45 40 40 10 39 38
split_gain=52.7065 52.0419 106.778 70.361 55.6373 71.9347 58.8961 49.7973 61.6388 52.7327 48.701 46.1552 50.6489 79.2389
threshold=0.39148054393357323 0.65000000000000002 -0.63477151805630216 1.5000000000000002 -0.1719380628677514 5.5000000000000009 -0.9859951011366902 0.032517041383130059 0.77404030145805491 1.6877905140902369 -0.16295365402006259 -0.93567127549885709 1.0405445398383708 -0.57384905977221823
decision_type=8 2 10 2 8 2 8 2 8 10 10 10 10 10
left_child=7 4 -3 -4 11 6 -6 8 9 -1 -5 -2 -13 -14
right_child=1 2 3 10 5 -7 -8 -9 -10 -11 -12 12 13 -15
leaf_value=0.00068326747522181035 0.0065025759389043944 -0.012641476648305653 -0.0039800500793526622 0.010666039218683117 0.018764569857108913 -0.0041307503883517864 0.0056336760060206412 0.0024175954726642092 -0.0018097169650353234 0.011170886893624344 0.0014359411223625539 -0.0023043007836829753 0.026301292405831747 -0.0025460940214131274
leaf_weight=6534.4834766983986 900.17321227490902 588.39483605325222 2129.8664830625057 574.88118417561054 330.42417447268963 621.97482265532017 3473.3630722761154 4044.6859126538038 24934.642042472959 452.14222097396851 4316.910836443305 3097.5626311451197 139.14400364458561 197.73789800703526
leaf_count=29553 4052 2685 9641 2567 1443 2829 15301 17763 114160 1946 19006 13997 595 872
internal_value=-7.22648e-05 0.00133838 -0.00047635 0.000559581 0.00291356 0.00527565 0.00682053 -0.000714532 -0.00111203 0.00137697 0.0025402 0.000495204 -0.00109364 0.00978362
internal_weight=52336.4 16370.4 7610.05 7021.66 8760.38 4425.76 3803.79 35966 31921.3 6986.63 4891.79 4334.62 3434.44 336.882
internal_count=236410 72988 33899 31214 39089 19573 16744 163422 145659 31499 21573 19516 15464 1467
is_linear=0
shrinkage=0.03


Tree=64
num_leaves=15
num_cat=0
split_feature=33 41 40 30 40 30 36 37 35 41 0 10 20 39
split_gain=51.6362 67.1107 111.003 93.7886 81.5358 70.9968 65.6287 66.1991 90.4734 72.6028 63.2635 64.9463 70.7848 59.764
threshold=0.47986631680807906 0.75000000000000011 -0.59705149268482616 1.5000000000000002 -0.1809729265166348 4.5000000000000009 -0.33722360085736142 0.10423040592082668 -1.0695225656410641 0.55000000000000016 0.0092147596722222322 -0.94836705441038749 -0.8117329675932845 -1.0357267802456829
decision_type=8 2 10 2 10 2 10 10 10 2 8 8 10 10
left_child=6 10 -3 -4 -5 -6 7 13 -9 -10 -2 -12 -13 -1
right_child=1 2 3 4 5 -7 -8 8 9 -11 11 12 -14 -15
leaf_value=0.0035872889252357367 0.0062659656171700166 -0.014967747152509625 -0.0056101930031776069 0.01528987554671396 0.0042082364770811851 -0.0046083945834581109 -0.0015803906316957973 0.01688179514277546 0.010793242965843755 9.4203674280266691e-05 0.008738758429526261 -0.0087437546841837056 0.0013405226283981896 -0.0014934838365120325
leaf_weight=2813.0217070430517 3540.5207213163376 456.76051287353039 1725.2665398716927 406.66402380168438 2466.1354617029428 1220.9729871749878 22807.10584846139 456.17688547074795 743.77391318976879 2352.6889607608318 840.93524967133999 736.19714261591434 3894.3462142199278 7945.6341325342655
leaf_count=12866 15780 2096 7829 1809 10693 5502 104042 1980 3303 10490 3735 3322 17221 36074
internal_value=2.2951e-05 0.00148972 -0.000891444 0.000237246 0.00270924 0.00128407 -0.000581399 0.00101063 0.00455509 0.0026906 0.00314707 0.00112112 -0.000278136 -0.000162937
internal_weight=52406.2 15287.8 6275.8 5819.04 4093.77 3687.11 37118.4 14311.3 3552.64 3096.46 9012 5471.48 4630.54 10758.7
internal_count=236742 67987 27929 25833 18004 16195 168755 64713 15773 13793 40058 24278 20543 48940
is_linear=0
shrinkage=0.03


Tree=65
num_leaves=15
num_cat=1
split_feature=31 44 24 19 1 34 38 20 43 2 20 43 20 46
split_gain=53.1231 52.3018 51.6991 72.0356 59.3504 71.4294 58.8217 42.8725 42.8117 41.2588 38.3832 38.3833 34.5227 34.1779
threshold=2.8312508026343428 -0.13749750835241922 -0.012160736227353806 -5.6084618477820607 0.010273068144512072 -0.19483141217714273 -1.3939149835849485 -0.94968048813978034 0.81666666666666676 0.89091913937435063 -1.3220501681621062 0.43650793650793657 0.80101676533477806 0
decision_type=8 10 10 2 10 10 10 10 10 10 10 10 10 1
left_child=1 -1 8 10 6 -6 -5 -7 -3 -9 -4 -12 -11 -13
right_child=-2 2 3 4 5 7 -8 9 -10 12 11 13 -14 -15
leaf_value=0.013489982934185877 0.010172305499347811 -0.0025434150911509213 -0.0033827413205384472 -0.0076039787146030347 0.0015955163800223475 -0.010076185242394113 0.0018839592783623945 -0.0034629931967732445 0.001545257044716502 0.0015299618534769901 0.0030857875161217911 0.016578256530061515 -0.0035807124048515522 0.005745024406172439
leaf_weight=247.32082329690456 456.05199360847473 10630.575788065791 491.80883511900902 603.76043118536472 6299.5179295986891 597.29926665127277 14187.667510583997 6901.3656443059444 2934.8085783571005 3950.1211280077696 2130.7335024625063 419.94642655551434 1690.3307871520519 796.71670886874199
leaf_count=1080 1976 48399 2314 2866 28419 2750 63504 31487 13245 17634 9703 1911 7528 3625
internal_value=8.89821e-05 -1.59539e-06 -6.88172e-05 0.000497879 6.03069e-05 -0.00102917 0.0014918 -0.00228782 -0.00165836 -0.00190917 0.00438895 0.00553746 -5.23167e-06 0.0097709
internal_weight=52338 51882 51634.7 38069.3 34230.1 19438.6 14791.4 13139.1 13565.4 12541.8 3839.21 3347.4 5640.45 1216.66
internal_count=236441 234465 233385 171741 154188 87818 66370 59399 61644 56649 17553 15239 25162 5536
cat_boundaries=0 1
cat_threshold=540
is_linear=0
shrinkage=0.03


Tree=66
num_leaves=15
num_cat=2
split_feature=25 45 40 37 10 19 40 38 46 1 0 12 46 19
split_gain=58.0924 58.0393 71.8014 80.4135 59.5566 94.0076 73.0157 60.0198 50.9968 49.1411 48.9984 44.8699 46.6518 50.1937
threshold=-0.021854085914295662 1.1608438237691863 -1.5388585142873519 -1.0413363186295836 -0.87134010415276941 -1.2599633675417099 -1.0936112790207564 -1.3939149835849485 0 0.032867599984082202 0.0045085974369634876 0.04613949155416748 1 3.981724265860799
decision_type=8 8 10 10 8 2 10 10 1 10 10 2 1 2
left_child=1 2 3 -1 6 7 -4 -6 -3 11 -8 12 13 -7
right_child=-2 8 4 -5 5 9 10 -9 -10 -11 -12 -13 -14 -15
leaf_value=0.0046551817438660525 0.0011141725474908021 -0.00081603231767912699 0.014307001691597175 -0.016567340004928651 -0.015901870224810957 -0.0001200043075275699 -0.0065185252143415843 -0.0029814760267536235 -0.0059413136496089276 -0.01513173829561882 0.0037865626567153486 0.02050650254244071 0.0023001721934848862 -0.0095167259268769677
leaf_weight=237.12785346806049 24658.141834050417 3717.757303327322 502.44112165272236 465.70561619102955 337.95309689640999 2591.1928710639477 492.91066510975361 4798.6247147917747 3303.3044879883528 157.11052103340626 2385.1342163532972 97.987039864063263 7971.8928842842579 627.55531838536263
leaf_count=1113 110476 16975 2245 2212 1622 11705 2299 22086 15346 702 10868 427 35580 2815
internal_value=5.54003e-05 -0.000887618 -8.65352e-05 -0.00944225 0.000247416 -0.00049306 0.00387041 -0.0038608 -0.00324203 0.00102035 0.00200519 0.00125835 0.00107165 -0.00196977
internal_weight=52344.8 27686.7 20665.6 702.833 19962.8 16582.3 3380.49 5136.58 7021.06 11445.7 2878.04 11288.6 11190.6 3218.75
internal_count=236471 125995 93674 3325 90349 74937 15412 23708 32321 51229 13167 50527 50100 14520
cat_boundaries=0 1 2
cat_threshold=392 912
is_linear=0
shrinkage=0.03


Tree=67
num_leaves=15
num_cat=1
split_feature=32 39 40 40 15 37 39 10 17 46 39 20 37 1
split_gain=66.2766 64.1239 81.6826 68.3851 67.251 67.0324 69.3454 80.3814 63.5035 58.2372 59.3837 62.0352 57.7723 54.2212
threshold=-0.8898488632300442 -1.800661752700941 -1.7980471760198522 -1.7980471760198522 0.13462987899066373 -1.7324497193990476 -1.1924373062288918 -0.8451600749891901 -0.74828750709835301 0 0.56764800424328044 0.065318695546549024 0.34545084116236774 0.0083129071288078303
decision_type=10 10 10 10 10 10 10 10 2 1 10 10 10 8
left_child=-1 2 4 8 -2 -5 7 -7 -3 -8 -11 -12 -9 -13
right_child=1 3 -4 5 -6 6 9 12 -10 10 11 13 -14 -15
leaf_value=0.0027837616697909953 0.01012472150714995 -0.00053377634517862041 0.019758370226987107 -0.0078922042058021877 -0.014282283120336529 0.010419065793650008 0.00062663484042754596 -0.0030519122878965321 -0.023111608240346596 -0.0027632464156403564 0.0056608464612064981 0.0054013096745086069 0.018987353953732911 -0.0021293936761409803
leaf_weight=6367.5499896109104 219.78391163051128 216.65017671883106 308.17157812416553 1068.4324348270893 172.16776444017887 1127.4539914727211 18881.217129230499 1042.6726235449314 223.45320326089859 14624.678414702415 1629.4675871133804 1019.6608888804913 109.1798819154501 5232.2213336229324
leaf_count=28689 986 1036 1310 5203 784 5021 84333 4740 1102 67129 7296 4477 491 23427
internal_value=-8.18498e-05 -0.000480121 0.00846512 -0.000620597 -0.000684842 -0.000503415 -0.00032086 0.0047619 -0.012256 -0.000601864 -0.00163188 0.000466275 -0.000817448 -0.000894497
internal_weight=52242.8 45875.2 700.123 45175.1 391.952 44735 43666.6 2279.31 440.103 41387.2 22506 7881.35 1151.85 6251.88
internal_count=236024 207335 3080 204255 1770 202117 196914 10252 2138 186662 102329 35200 5231 27904
cat_boundaries=0 1
cat_threshold=263
is_linear=0
shrinkage=0.03


Tree=68
num_leaves=15
num_cat=0
split_feature=31 43 44 45 24 34 12 16 39 20 0 19 45 39
split_gain=55.8358 44.9257 52.5692 58.5219 46.8064 41.0719 39.6423 38.7452 36.1084 54.2001 45.7739 38.3323 37.8835 34.8111
threshold=2.8312508026343428 0.41428571428571431 0.0070920335997881256 1.0499009583646646 0.010481160302773298 0.53436538984183068 0.026088625117145204 0.84016268470190403 -0.50697222414922305 -0.02465669003124207 0.0034555256417879627 -4.5926759583996128 0.51704043172968783 0.81189204327183961
decision_type=8 8 8 10 10 10 2 8 10 10 10 2 10 10
left_child=1 5 4 8 7 6 -1 13 10 -10 -4 -12 -13 -3
right_child=-2 2 3 -5 -6 -7 -8 -9 9 -11 11 12 -14 -15
leaf_value=-0.0026000469870811511 0.010449208041767407 -0.0014973210323084741 -0.01226156312481373 -0.00024719185843228929 0.0020920464835083841 0.0013465000037550764 0.0014034309250480475 -0.005599298644584345 0.010972040442167303 0.0035453712112668893 0.0070713812789983772 0.013236335390622187 -0.001578242741003719 0.0030596949363717184
leaf_weight=12318.3816549927 455.58461154997349 8943.7015185803175 209.30282053351402 6153.9443855285645 4781.7631932944059 4649.0260651260614 2709.7726580947638 1694.7142833173275 1088.859694853425 4641.8718966990709 897.5849878937006 159.42944085597992 1860.379890203476 1804.7835084199905
leaf_count=56432 1969 40822 971 27732 21560 20732 12119 7547 4923 20531 4118 723 8450 8000
internal_value=0.000106374 1.36121e-05 0.000703049 0.00200017 -0.00042788 -0.00111565 -0.00187771 -0.00139716 0.0035601 0.00497312 0.000962667 0.00195006 -0.000349436 -0.000730017
internal_weight=52369.1 51913.5 32236.3 15011.4 17225 19677.2 15028.2 12443.2 8857.43 5730.73 3126.7 2917.39 2019.81 10748.5
internal_count=236629 234660 145377 67448 77929 89283 68551 56369 39716 25454 14262 13291 9173 48822
is_linear=0
shrinkage=0.03


Tree=69
num_leaves=15
num_cat=1
split_feature=33 41 40 40 34 32 45 36 39 12 0 35 46 11
split_gain=53.1631 60.9022 108.946 65.4741 55.7693 69.7877 58.6812 58.6363 94.5169 71.801 54.2118 50.4439 47.5559 62.9322
threshold=0.48953017232900031 0.75000000000000011 -0.56863280159699092 -0.21661580372381065 -0.44035565091588397 -0.43732740661758412 0.77404030145805491 -1.2916645236870627 1.3031147672551857 0.04354536417363028 0.0091590141598275315 0.32824510363845749 0 -0.66062591544338523
decision_type=8 2 10 10 10 10 10 10 10 2 8 10 1 10
left_child=4 10 -3 -4 7 -6 12 8 9 -1 -2 -8 13 -7
right_child=1 2 3 -5 5 6 11 -9 -10 -11 -12 -13 -14 -15
leaf_value=-0.0054258709775690554 0.0059573649454996488 -0.014833743591108927 0.010874415994728426 -0.00070477341932170725 0.0017082523255501679 0.020204034437426674 -0.0043059257927426505 0.0020398977167329258 0.023525543233778541 0.0087037381146284325 0.0011398839121116362 -0.000626071126913176 -0.00079126824326044198 0.0020738818031215533
leaf_weight=2642.9458770751953 3430.4129271656275 455.06230452656746 469.72999376058578 5231.1729966700077 4785.774202555418 231.57825995981693 10751.862693890929 9792.3814896643162 109.31539191305637 359.54839345812798 5421.1400057077408 4875.3024097234011 3162.6026047766209 610.56195485591888
leaf_count=12307 15249 2098 2095 23206 21723 1059 49428 44078 459 1517 24046 22202 14228 2756
internal_value=-8.82831e-05 0.00141908 -0.00087183 0.000266673 -0.000694626 -0.00153745 -0.00232914 0.000900151 -0.0026815 -0.00371058 0.00301151 -0.00315903 0.000909033 0.00715409
internal_weight=52329.4 15007.5 6155.97 5700.9 37321.9 24417.7 19631.9 12904.2 3111.81 3002.49 8851.55 15627.2 4004.74 842.14
internal_count=236451 66694 27399 25301 169757 111396 89673 58361 14283 13824 39295 71630 18043 3815
cat_boundaries=0 1
cat_threshold=562
is_linear=0
shrinkage=0.03


Tree=70
num_leaves=15
num_cat=0
split_feature=38 30 39 39 11 30 40 0 36 36 40 40 10 19
split_gain=49.8954 47.5104 46.9159 48.1166 101.579 101.996 85.3966 75.0285 77.7932 71.0147 68.5328 85.7606 71.1047 100.459
threshold=2.4326689520438873 4.5000000000000009 2.1324168955337464 1.0405445398383708 1.5121175970145071 2.5000000000000004 0.66351787188907851 0.0076971239072775753 -0.63231858497068016 -1.3666773000634782 1.6877905140902369 0.41208371036096603 -0.8087283638101801 -1.2599633675417099
decision_type=8 2 10 10 8 2 10 10 10 10 10 10 8 2
left_child=2 -2 3 10 5 9 -7 -8 -9 -5 11 12 -1 -14
right_child=1 -3 -4 4 -6 6 7 8 -10 -11 -12 -13 13 -15
leaf_value=0.0022774184346767584 0.0098700555201784949 -0.00881768498824957 -0.0065176661336016316 0.023928431281610606 -0.004808212011906344 0.015689384567103233 0.011168097744023341 0.019184618945650496 -0.00096758821975142443 -0.0017697970650205448 0.011770905976122974 -0.0030814375298663186 -0.0030641394584409701 0.00095514062268943197
leaf_weight=9618.6334439367056 748.30297952890396 137.9333181232214 1040.9938937425613 90.627663284540176 1553.4423826336861 781.79165261983871 997.25336818397045 181.44866128265858 1725.45540112257 2527.3969015628099 394.99025310575962 9832.9624172151089 9916.3885820358992 12823.420402720571
leaf_count=43840 3208 611 4767 381 6897 3376 4319 758 7548 11265 1712 44429 45770 57781
internal_value=-0.000122138 0.00689557 -0.000244253 -0.000113525 0.00204201 0.003735 0.00694422 0.00454429 0.00104004 -0.00079254 -0.000511618 -0.000629367 0.000116481 -0.000798166
internal_weight=52371 886.236 51484.8 50443.8 7857.42 6303.97 3685.95 2904.16 1906.9 2618.02 42586.4 42191.4 32358.4 22739.8
internal_count=236662 3819 232843 228076 34544 27647 16001 12625 8306 11646 193532 191820 147391 103551
is_linear=0
shrinkage=0.03


Tree=71
num_leaves=15
num_cat=1
split_feature=14 12 40 19 1 11 37 16 15 40 34 46 30 30
split_gain=51.6435 86.3733 76.2717 64.8285 65.0886 55.9106 55.3409 57.5571 53.5731 53.2849 49.8577 48.7381 47.2022 73.6178
threshold=0.27405235125274102 0.04056176425580172 -1.7980471760198522 -5.4597118634474802 0.0059077594814355662 2.0889122416477606 -1.7324497193990476 0.10640270610475082 0.51590863075580107 1.6877905140902369 -0.74319346376541295 0 5.5000000000000009 1.5000000000000002
decision_type=8 2 8 2 10 10 10 10 8 10 10 1 2 2
left_child=1 -1 6 -4 5 9 -2 -8 -3 11 -6 -5 13 -12
right_child=2 8 3 4 10 -7 7 -9 -10 -11 12 -13 -14 -15
leaf_value=-0.0022824738622105878 0.0068381595918093896 0.0118778467691647 0.0051787490195532764 0.0058339454757620835 0.003626535301013496 -0.015649570545517737 0.0049466873253952298 -0.021649206388303241 -0.0089064249312952315 0.017485705692792404 -0.0022683074256476411 -0.0022434396433089429 -0.0033309517446017175 0.0011768723942338047
leaf_weight=11698.575793370605 119.97482824325562 613.17357082664967 2716.0311403274536 2529.3241676688194 3008.7623553872108 115.49086034297943 90.000552594661713 318.97263376414776 128.25980994105339 264.35112690925598 8216.6044123917818 904.76689445972443 4280.4265834987164 17355.473222434521
leaf_count=53954 549 2617 12316 11183 13402 508 419 1543 559 1111 37170 4107 19622 77568
internal_value=3.60733e-05 -0.00165092 0.000562059 0.000715248 0.000383376 0.00408776 -0.0106477 -0.015818 0.00821172 0.00474463 -4.76732e-05 0.00371592 -0.000419078 6.94423e-05
internal_weight=52360.2 12440 39920.2 39391.2 36675.2 3813.93 528.948 408.973 741.433 3698.44 32861.3 3434.09 29852.5 25572.1
internal_count=236628 57130 179498 176987 164671 16909 2511 1962 3176 16401 147762 15290 134360 114738
cat_boundaries=0 1
cat_threshold=271
is_linear=0
shrinkage=0.03


Tree=72
num_leaves=15
num_cat=0
split_feature=32 40 39 15 37 39 10 40 40 1 38 11 11 37
split_gain=51.8774 55.1247 154.305 79.9277 67.6974 89.1506 65.7069 65.5966 69.9096 82.9866 126.253 76.2571 66.392 64.4311
threshold=-0.8898488632300442 -1.7980471760198522 -1.8876272350736987 0.12703142882295951 -1.7324497193990476 -1.1924373062288918 -0.8451600749891901 -0.62115575546277624 -0.19855484225155315 0.013457757958961888 -0.45633903850447138 2.0889122416477606 0.86381745033209056 -0.23722256306352579
decision_type=10 10 10 8 10 10 8 10 10 10 10 10 8 10
left_child=-1 3 -3 -2 -4 6 -6 -7 -9 10 -10 -12 13 -11
right_child=1 2 4 -5 5 7 -8 8 9 12 11 -13 -14 -15
leaf_value=0.002449458016247197 0.00280993748405647 0.024843418755660082 -0.0077185430617467757 -0.015780378357653124 0.010533355840203451 -0.0035398902415753265 0.00046086911494368313 0.0027152789507661331 -0.0058432746861764966 0.0004949762267973288 0.0017196350241149305 -0.0086482968814793806 0.00034331621388389424 -0.0066858695777130576
leaf_weight=6380.8236620277166 354.11621643602848 208.73628014326096 1103.891984641552 486.02020332217216 1151.4728687107563 5687.3452327102423 1172.0059444308281 6586.5871111899614 2530.4862206429243 1493.019349321723 16560.225874885917 654.22897104918957 3378.6487385332584 4530.7464986294508
leaf_count=28720 1631 883 5379 2336 5098 26002 5318 29868 11578 6763 73991 2916 15207 20595
internal_value=-8.29452e-05 -0.000435465 -0.000292604 -0.00800371 -0.000415105 -0.000229082 0.00547635 -0.000550366 -7.37019e-05 -0.000704658 0.00040018 0.00132081 -0.00302276 -0.00490819
internal_weight=52278.4 45897.5 45057.4 840.136 44848.7 43744.8 2323.48 41421.3 35733.9 29147.4 19744.9 17214.5 9402.41 6023.77
internal_count=236285 207565 203598 3967 202715 197336 10416 186920 160918 131050 88485 76907 42565 27358
is_linear=0
shrinkage=0.03


Tree=73
num_leaves=15
num_cat=1
split_feature=43 30 35 39 41 30 45 31 39 34 46 38 10 39
split_gain=57.8301 55.6305 60.7239 54.2135 52.2126 105.923 48.7202 48.1653 45.7981 44.2269 43.2492 43.0117 54.4706 42.7245
threshold=0.41428571428571431 4.5000000000000009 0.20168715335899035 2.1324168955337464 0.8500000000000002 3.5000000000000004 0.78446133816212116 2.8312508026343428 -0.57872202016650387 -0.36165213964079512 0 -0.18898188143061143 0.45439071705167466 0.45834371885149988
decision_type=10 2 10 10 2 2 8 8 10 8 1 10 8 10
left_child=1 2 -1 7 11 8 -5 13 -6 -3 -11 -4 -13 -2
right_child=3 9 4 6 5 -7 -8 -9 -10 10 -12 12 -14 -15
leaf_value=-0.0018825082578442995 0.00018258879628551126 0.001472736527832034 -0.00013257075217161407 0.01243028943582586 -0.019998329076983647 0.010409688709810794 -0.0098144064366515564 0.014036938455533799 -0.0032349275258711841 -0.00023257894411088856 -0.0068733434504041771 0.0093564676635852911 -0.00049854050043115659 0.002526069635701996
leaf_weight=8134.993214905262 20813.056568369269 1174.5173292458057 1318.2804820090532 93.196749448776245 150.81028887629509 527.70792071521282 669.02218678593636 246.0633572191 1763.9911291450262 1226.5309440791607 3216.7886474132538 1773.818180128932 702.60757398605347 10542.322273641825
leaf_count=36985 94636 5341 5959 417 691 2284 3070 1062 7910 5639 14891 7884 3102 46736
internal_value=0.000102102 -0.00116622 -0.000176011 0.000885623 0.00204917 -0.00136892 -0.00696879 0.00107721 -0.00465226 -0.00369467 -0.00506083 0.00424708 0.00656966 0.000971069
internal_weight=52353.7 19990 14372.2 32363.7 6237.22 2442.51 762.219 31601.4 1914.8 5617.84 4443.32 3794.71 2476.43 31355.4
internal_count=236607 90686 64815 145921 27830 10885 3487 142434 8601 25871 20530 16945 10986 141372
cat_boundaries=0 1
cat_threshold=266
is_linear=0
shrinkage=0.03


Tree=74
num_leaves=15
num_cat=0
split_feature=33 41 39 30 34 38 39 36 39 11 1 40 40 34
split_gain=56.2955 67.5765 99.0574 65.1407 74.4681 52.749 56.2795 46.1907 53.0619 55.8423 43.6609 52.9383 57.3739 44.2247
threshold=0.45288187772342586 0.75000000000000011 -0.57872202016650387 1.5000000000000002 1.501858460774476 -0.16339987913102602 -0.97113239347895686 0.41371428813154593 1.0405445398383708 -1.1255240239791038 0.01702567561104194 -0.63477151805630216 0.3195258133669186 0.16585040974328952
decision_type=8 2 10 2 10 8 10 10 10 8 10 10 10 10
left_child=-1 5 -3 -4 -5 7 -7 -2 9 -9 11 -8 13 -13
right_child=1 2 3 4 -6 6 10 8 -10 -11 -12 12 -14 -15
leaf_value=-0.00058853580412759627 0.0028160004178835562 -0.013405435428183019 -0.0046170767739099313 0.00021069611174412165 0.0099294776776334571 0.015099109948744435 -0.0090861121730987562 0.0090197732409393813 0.015287841181000756 -0.0085760771795966775 -0.0016900686357157843 -0.004498446031631193 0.0032854766460749898 0.012556204355899206
leaf_weight=36554.025916814804 2730.0404843986034 507.19504387676716 1719.0367925465107 3301.6826257109642 893.95184996724129 457.38441132009029 202.40248143672943 184.12660294771194 107.71956843137741 1023.0467668920755 921.84390757977962 147.05597013235092 2234.6448685377836 1357.7507936805487
leaf_count=166369 12297 2325 7828 14654 3821 1994 906 825 467 4594 4105 653 9786 5976
internal_value=5.80565e-05 0.00155455 -0.000815128 0.000285321 0.00230014 0.00317847 0.0051386 0.000593628 -0.00400699 -0.00584018 0.00417284 0.00554476 0.00635879 0.0108709
internal_weight=52341.9 15787.9 6421.87 5914.67 4195.63 9366.02 5321.08 4044.93 1314.89 1207.17 4863.7 3941.85 3739.45 1504.81
internal_count=236600 70231 28628 26303 18475 41603 23420 18183 5886 5419 21426 17321 16415 6629
is_linear=0
shrinkage=0.03


Tree=75
num_leaves=15
num_cat=0
split_feature=30 34 13 30 41 33 15 36 36 0 11 11 37 36
split_gain=46.1272 98.1143 110.542 92.7281 154.865 122.131 110.692 95.4494 91.8867 89.4482 64.3669 66.942 60.5841 82.1684
threshold=4.5000000000000009 -0.36165213964079512 44.917349111213639 3.5000000000000004 0.8500000000000002 -0.0071839436083923841 0.57746275038410844 -0.45636257260114482 1.4726977850238212 0.0089403559643957478 -0.92843953508476507 0.78789603764360083 -0.3245627960430994 -1.5575190851906979
decision_type=2 10 10 2 2 8 10 10 10 8 8 10 10 10
left_child=3 -2 -3 4 5 12 10 -6 -9 -4 -5 -12 13 -1
right_child=1 2 9 6 7 -7 -8 8 -10 -11 11 -13 -14 -15
leaf_value=-0.0052714793166284621 0.0033181502216604224 -0.0080460264117338046 0.0015314500430558158 0.0070388149665995001 0.0067417032735783361 0.003327838350569537 0.0078521590410400386 -0.0073662093762715325 0.0013820903308439253 -0.0044963541733791792 -0.0032993849065568528 0.0085046561661763238 -0.0032560039173978933 0.0027526850992607267
leaf_weight=1472.0089982450008 3159.7033957839012 2621.2815621048212 5153.7901188582182 1023.4955259114504 644.50365306437016 10937.381324335933 3162.4865521639585 4630.8656749278307 1404.8132516145706 3871.658104762435 2854.4436589330435 499.49923333525658 5794.1548664569855 5097.1993648260832
leaf_count=6824 14316 12370 23528 4658 2866 48815 13759 21058 6190 17670 12966 2230 26121 23159
internal_value=5.40687e-05 -0.00136329 -0.00263509 0.000613598 -0.000134668 0.00102008 0.00358516 -0.00415799 -0.00533111 -0.00105642 0.000491585 -0.00152137 -0.00102254 0.000949374
internal_weight=52327.3 14806.4 11646.7 37520.9 29980.9 23300.7 7539.92 6680.18 6035.68 9025.45 4377.44 3353.94 12363.4 6569.21
internal_count=236530 67884 53568 168646 135033 104919 33613 30114 27248 41198 19854 15196 56104 29983
is_linear=0
shrinkage=0.03


Tree=76
num_leaves=15
num_cat=0
split_feature=39 0 37 43 12 10 39 0 39 11 11 1 36 40
split_gain=56.3622 115.32 52.6226 52.0029 55.4931 60.0687 52.0903 51.4945 48.2638 95.2742 80.219 79.1669 67.8057 76.1419
threshold=-1.800661752700941 0.011067024874046595 -2.0827692911768261 0.41428571428571431 0.025480121366687574 -1.6100666638675551 2.1324168955337464 0.022639971750056564 0.41676328006838786 -0.46695595467128387 -0.75115742532897767 0.027747566769996537 -0.54890577809827168 1.1264750121892593
decision_type=10 8 10 8 2 8 10 10 10 8 8 10 10 10
left_child=1 2 -1 4 -2 -6 8 -3 10 -10 11 -5 13 -11
right_child=3 7 -4 6 5 -7 -8 -9 9 12 -12 -13 -14 -15
leaf_value=0.00037914949200672232 -0.0019613239219984815 -0.006385153026270747 0.026206478728015632 0.0024966542146713146 0.01751421713104763 0.0011780989535765936 -0.0069258941133646598 0.0095362781033362862 -0.0045753093798416048 0.0053716336091759673 -0.0010618548968887405 0.021021703709379596 0.0025553512707240378 0.020888346319344529
leaf_weight=93.769692301750183 15780.916090458632 454.64685010910034 286.24127720296383 4999.4453281164169 205.47366012632847 3423.8068299144506 760.92000319063663 291.43366055190563 1463.8479274809361 1076.7271464318037 14603.372372433543 206.93488001823425 8302.0429459810257 382.56083896756172
leaf_count=418 71963 2074 1224 22883 913 15354 3492 1232 6623 4705 66339 921 36789 1621
internal_value=0.000177745 0.00678686 0.0200066 3.11044e-05 -0.00119216 0.00214856 0.000777999 -0.000122058 0.000969055 0.00253973 7.82004e-05 0.00327185 0.00361032 0.00955391
internal_weight=52332.1 1126.09 380.011 51206 19410.2 3629.28 31795.9 746.081 31034.9 11225.2 19809.8 5206.38 9761.33 1459.29
internal_count=236551 4948 1642 231603 88230 16267 143373 3306 139881 49738 90143 23804 43115 6326
is_linear=0
shrinkage=0.03


Tree=77
num_leaves=15
num_cat=2
split_feature=6 39 45 46 1 11 46 1 39 39 0 30 19 1
split_gain=46.0014 63.1574 48.732 86.6829 66.8874 41.9213 55.2783 49.1672 89.2828 66.0141 43.3927 41.5504 40.6039 53.7308
threshold=1.3395445663157068 -0.69779277785206772 1.1958183029678666 0 0.032867599984082202 2.1629152527826032 1 0.013125409478723302 -1.0715049215149421 -0.50697222414922305 0.015159054722544066 4.5000000000000009 -4.6522487812253841 0.015302303556337585
decision_type=8 10 10 1 10 8 1 10 10 10 10 2 2 10
left_child=2 -2 -1 4 12 7 -7 9 -9 -5 -10 -3 13 -4
right_child=1 11 3 5 -6 6 -8 8 10 -11 -12 -13 -14 -15
leaf_value=0.00025492782062292558 -0.0094203683209033977 0.0054216296698751734 -0.0099138427974808895 -0.005588613465419146 0.01087549480033703 0.023988666038791188 -0.00044237976962492403 0.0066255801508692423 -0.0080965669355341757 0.0047236810406910187 -0.0020495018824082853 -0.0021738416546588568 -0.013920234430939935 0.017392332078836992
leaf_weight=38328.450234249234 334.01005151867867 3360.3222322016954 184.15601320564747 767.72258329391479 129.50825844705105 118.13646157085896 217.4926450252533 711.92788247764111 1940.3207037597895 1977.6710812300444 2381.3725406229496 796.71904826164246 998.40810456871986 87.404789865016937
leaf_count=173202 1486 14708 883 3602 584 533 994 3206 9024 9045 10679 3561 4669 402
internal_value=5.05038e-05 0.00295003 -0.000222239 -0.0021428 -0.00898274 -0.000941338 0.0092835 -0.00139505 -0.00315425 0.00183013 -0.00477689 0.00396419 -0.0111472 -0.000819488
internal_weight=52333.6 4491.05 47842.6 9514.12 1399.48 8114.64 335.629 7779.01 5033.62 2745.39 4321.69 4157.04 1269.97 271.561
internal_count=236578 19755 216823 43621 6538 37083 1527 35556 22909 12647 19703 18269 5954 1285
cat_boundaries=0 1 2
cat_threshold=531 268
is_linear=0
shrinkage=0.03


Tree=78
num_leaves=15
num_cat=0
split_feature=31 2 15 38 30 8 1 0 30 20 15 11 1 40
split_gain=44.9507 43.1633 68.0572 56.2307 44.3175 66.0523 115.782 60.5647 59.5567 105.66 95.5423 165.743 84.7183 80.6856
threshold=2.8312508026343428 0.49032389863227704 0.20850053928863158 -0.82475024927459251 5.5000000000000009 0.019337882960235201 0.024088512339601794 0.0081538538111034353 3.5000000000000004 0.21784545591845564 0.44803353554127839 -1.803521712062264 0.0067550788823078642 -0.91405568796140635
decision_type=8 8 10 10 2 10 10 10 2 10 10 8 8 10
left_child=1 2 -1 -4 8 6 -6 -7 9 -3 11 -10 13 -13
right_child=-2 4 3 -5 5 7 -8 -9 10 -11 -12 12 -14 -15
leaf_value=-0.012459461966714 0.0094339856547665905 0.0012687993468938322 -0.018045021159468919 -0.00060857673145180331 -0.0075298704319733505 0.0056611124393635415 0.014898122542039828 -0.0027707185080622066 0.024569417187267673 -0.0024976711134225291 0.0044537429572488749 0.024610195225149255 -0.0031214748595606609 0.0021718700986400833
leaf_weight=568.90335960686207 446.19789607822895 17123.667702585459 164.51026953756809 3627.630035161972 2460.5076126158237 1303.9455099403858 216.87556797266006 1831.2323377877474 216.01285776495934 11001.247334554791 7557.8748216331005 176.685776039958 4895.9420257508755 644.58751678466797
leaf_count=2770 1921 77413 786 16892 11398 5871 963 8321 975 49114 33436 810 22513 2951
internal_value=5.81819e-05 -2.44018e-05 -0.00287703 -0.00141047 0.000238448 -0.00221307 -0.00566446 0.000742997 0.000581304 -0.000204845 0.00221913 -0.000630081 -0.00162343 0.00723715
internal_weight=52235.8 51789.6 4361.04 3792.14 47428.6 5812.56 2677.38 3135.18 41616 28124.9 13491.1 5933.23 5717.22 821.273
internal_count=236134 234213 20448 17678 213765 26553 12361 14192 187212 126527 60685 27249 26274 3761
is_linear=0
shrinkage=0.03


Tree=79
num_leaves=15
num_cat=1
split_feature=4 45 46 1 12 1 13 40 40 45 35 10 11 20
split_gain=43.044 43.826 57.6936 101.696 54.4614 67.2222 61.7488 70.5706 62.4205 60.9095 61.3526 47.2781 45.277 45.5002
threshold=0.74966047766847488 0.77404030145805491 0 0.010518917181527329 0.032517041383130059 0.0194468161753087 45.518365353343206 0.51990211827113264 -1.6300809730482866 0.80853275299251892 -1.1768542058331051 1.4020630706440611 2.1629152527826032 0.033393593885890936
decision_type=8 10 1 8 2 10 10 10 10 10 10 8 10 10
left_child=1 2 3 -1 5 6 -3 8 -8 -9 -11 -5 13 -7
right_child=-2 4 -4 11 -6 12 7 9 -10 10 -12 -13 -14 -15
leaf_value=0.00029470342860666736 0.0017219479415093832 -0.0027755121443658734 0.0005080959421119249 0.01304318768884267 0.0020965446362819218 -0.002992485491021755 -0.019476182585137912 -0.013006940167997937 0.0020485500325466755 0.019604121721745429 -0.0018891581966295216 0.0370855666178668 0.013134209667163737 -0.011775957747966052
leaf_weight=594.4029897749424 9564.8144813030958 11059.902287065983 7734.6839830875397 298.75202618539333 4461.9527505040169 1077.9229804128408 112.89125035703182 431.57844407856464 9487.8816873282194 111.94586552679539 6140.2522033452988 98.354415357112885 92.617794424295425 1053.5366099774837
leaf_count=2665 42525 51343 34694 1338 19623 4988 565 1916 43115 479 27573 426 428 4859
internal_value=-9.62745e-05 -0.000503325 0.00139234 0.00813004 -0.000989682 -0.00145595 -0.00104674 0.000128368 0.00177545 -0.00223667 -0.00147363 0.0197626 -0.00645992 -0.00736869
internal_weight=52321.5 42756.7 8726.19 991.509 34030.5 29568.5 27344.5 16284.5 9600.77 6683.78 6252.2 397.106 2224.08 2131.46
internal_count=236537 194012 39123 4429 154889 135266 124991 73648 43680 29968 28052 1764 10275 9847
cat_boundaries=0 1
cat_threshold=546
is_linear=0
shrinkage=0.03


Tree=80
num_leaves=15
num_cat=0
split_feature=43 2 24 32 20 40 11 15 40 10 11 2 18 1
split_gain=52.4282 60.6769 51.8624 46.9208 54.6064 55.1014 51.0454 50.5031 50.1511 55.859 60.2902 81.045 55.7362 48.8639
threshold=0.95000000000000007 0.36034622516300313 -0.012160736227353806 -0.8898488632300442 0.72260559789066392 -1.9542331522320981 -0.44239150908581332 0.15699484171275027 1.4236364487916544 -0.87134010415276941 -0.72852134492467036 0.7523334127519693 -0.54401337606278599 0.032867599984082202
decision_type=10 8 10 10 10 10 8 10 10 8 8 10 2 10
left_child=1 -1 -3 -4 5 7 -6 -5 9 10 11 12 -7 -11
right_child=-2 2 3 4 6 8 -8 -9 -10 13 -12 -13 -14 -15
leaf_value=-0.0074125977964715779 0.002648425274203072 -0.0018266832528959416 0.0036160118549562266 -0.00028886767006507645 -0.010349623528449724 0.0051531543497624127 -0.001547339846189268 -0.022959759017995844 0.0061676852224074241 -9.546227395566916e-05 -0.00067117869544543716 0.0097457899958266654 -0.0074794764285952015 -0.010844961835933878
leaf_weight=1041.2745841443539 6199.6593292653561 11829.492159351707 3804.6684335023165 186.71470479667187 672.62419241666794 756.82835233211517 4557.7800971418619 158.45376154780388 1488.7876805961132 16650.007662385702 2176.1702545881271 1885.8875817358494 522.6939650028944 379.49517622590065
leaf_count=4940 27822 53841 17067 863 3039 3479 20161 760 6543 75529 9923 8460 2391 1702
internal_value=6.05736e-05 -0.000287865 -0.000121649 0.000485505 7.97821e-05 0.000680653 -0.00269689 -0.0110496 0.000854907 0.000498745 0.00317232 0.00580846 -2.53482e-05 -0.000341234
internal_weight=52310.5 46110.9 45069.6 33240.1 29435.4 24205 5230.4 345.168 23859.9 22371.1 5341.58 3165.41 1279.52 17029.5
internal_count=236520 208698 203758 149917 132850 109650 23200 1623 108027 101484 24253 14330 5870 77231
is_linear=0
shrinkage=0.03


Tree=81
num_leaves=15
num_cat=1
split_feature=43 2 36 37 20 30 11 41 30 36 35 11 36 46
split_gain=51.6447 60.5689 48.0445 55.3634 47.1861 78.4801 96.073 62.1561 53.4509 50.1435 53.1432 47.6602 47.3703 47.2488
threshold=0.81666666666666676 0.62353313800268773 -1.2916645236870627 0.35555007226404556 0.71049969511778943 2.5000000000000004 1.8657376744546386 0.95000000000000007 5.5000000000000009 -0.57654543273285908 -0.60493196807214211 -1.3329086597079962 1.7895456262497773 0
decision_type=10 8 10 10 10 2 8 2 2 10 10 10 10 1
left_child=1 -1 3 -3 8 7 -7 -6 11 10 -10 13 -9 -4
right_child=-2 2 4 -5 5 6 -8 12 9 -11 -12 -13 -14 -15
leaf_value=-0.0028041658051145804 0.001731336348012169 -0.0044818760405715332 0.0094723488793250887 0.012756893834603912 -0.0023703807455772675 0.0025683053210966275 -0.016426072658773775 -0.016794857512052667 -0.00028537021461800052 -0.0049645812033644087 0.0233040013606652 0.00093710887368766754 -0.00033797384038875391 0.0013746786405934386
leaf_weight=8476.9419647157192 11440.718777835369 2925.6305432319641 1230.9018886834383 168.2892902046442 1282.0961169451475 2763.700198367238 252.35362017154694 642.1406098306179 306.85693953931332 2144.4960611462593 109.2678836286068 18965.595679312944 208.05553330481052 1381.605556294322
leaf_count=39433 51391 13537 5514 725 5733 12089 1116 2933 1385 9842 485 85152 914 6218
internal_value=-4.93321e-05 -0.000548243 4.30135e-05 -0.00350612 0.000419017 -0.00218574 0.000930013 -0.00657663 0.000975238 -0.00311488 0.00631035 0.00146182 -0.0128184 0.00525289
internal_weight=52298.7 40857.9 32381 3093.92 29287.1 5148.35 3016.05 2132.29 24138.7 2560.62 416.125 21578.1 850.196 2612.51
internal_count=236467 185076 145643 14262 131381 22785 13205 9580 108596 11712 1870 96884 3847 11732
cat_boundaries=0 1
cat_threshold=583
is_linear=0
shrinkage=0.03


Tree=82
num_leaves=15
num_cat=0
split_feature=33 39 6 16 41 12 45 37 12 39 16 39 11 11
split_gain=50.771 54.5574 76.7852 52.1647 49.9132 49.2044 74.4056 52.6201 53.1628 59.6983 50.5074 87.6668 69.6879 52.3063
threshold=0.48953017232900031 -0.57872202016650387 0.010547089589538669 0.32488557813154589 0.95000000000000007 0.032517041383130059 1.2048854646943059 -2.1746834102327997 0.016719088350117355 -1.800661752700941 0.4836015295192681 0.19169548693472566 -0.37236608030715951 0.91129481837490212
decision_type=8 8 8 8 2 2 8 10 2 10 10 10 8 10
left_child=5 2 -2 -3 -4 6 7 -1 9 -9 11 12 -11 -12
right_child=1 3 4 -5 -6 -7 -8 8 -10 10 13 -13 -14 -15
leaf_value=-0.0098091538065221782 0.0046782117703009765 0.0065530855390712028 -0.0041010977443952552 0.0013661301546644025 -0.019644207826988475 0.0024243041344392791 -0.004272054468944581 0.017268876359273447 0.0014696867596316119 0.00098116700340422527 0.002286370905933339 -0.0076401292256122102 -0.0055214380334557556 -0.0029345559901708378
leaf_weight=517.27445815503597 919.53666295111179 2098.1346718221903 1667.6584625244141 10184.307215094566 200.91695773601532 4111.0297432541847 5393.5676439702511 144.93779283761978 10200.212236940861 4581.709656894207 4763.413296431303 2551.7994209975004 2181.7340931147337 2696.2577362507582
leaf_count=2564 4129 9365 7490 45000 927 18007 25196 616 46390 21208 21352 11704 10116 12029
internal_value=-7.11279e-05 0.00139694 -0.00238553 0.0022568 -0.00586803 -0.000667019 -0.00105238 -0.000422729 -0.000240148 -0.00127119 -0.00144157 -0.00291346 -0.00112148 0.000397893
internal_weight=52212.5 15070.6 2788.11 12282.4 1868.58 37141.9 33030.9 27637.3 27120.1 16919.9 16774.9 9315.24 6763.44 7459.67
internal_count=236093 66911 12546 54365 8417 169182 151175 125979 123415 77025 76409 43028 31324 33381
is_linear=0
shrinkage=0.03


Tree=83
num_leaves=15
num_cat=0
split_feature=4 31 38 44 16 19 20 30 12 15 19 8 41 15
split_gain=39.0443 41.1989 70.8734 39.052 38.5245 33.2919 32.7912 32.7277 40.9217 33.8997 31.2628 29.5125 37.2489 32.912
threshold=0.68158125070862308 -0.66563570630578661 1.0919233012765666 -0.13749750835241922 0.26530612244897972 -0.55068308508719699 0.73495337656021886 3.5000000000000004 0.016163755001176727 0.14229052366625347 7.4684236787910816 -1.4127662430527577 0.45000000000000007 0.35616438356164354
decision_type=8 10 8 8 8 2 8 2 2 10 2 10 2 10
left_child=1 2 7 -3 11 -6 -7 8 -1 -9 -8 -2 -13 -14
right_child=4 3 -4 -5 5 6 10 9 -10 -11 -12 12 13 -15
leaf_value=-0.0039215380812966652 -0.0040094905942425338 0.014664254017376309 0.009077249346180729 -0.00085617509344198509 -0.0027236841517281319 0.0034229993595676525 -0.0027937118801801162 -0.0027382525298848227 0.0013734687694504364 0.0045511364799747031 0.0054003651193547785 0.0099789667847278007 -0.005601737881094639 0.0069937983128440578
leaf_weight=2263.2719252854586 260.11840179562569 136.60234422981739 974.58327321708202 31978.698076590896 1825.9325885176659 4239.5052657425404 1863.2875958532095 731.61204972863197 3103.1405508965254 2565.3691972643137 530.03828278183937 1156.0119349807501 330.15199495851994 404.43602995574474
leaf_count=10304 1202 602 4308 145431 8261 18727 8209 3399 13980 11570 2335 5170 1490 1803
internal_value=0.000143673 -0.000269366 0.00144989 -0.000785615 0.00176789 0.000853552 0.00184094 0.00058238 -0.000862828 0.00293021 -0.00096409 0.00534341 0.00664455 0.00133368
internal_weight=52362.8 41753.3 9637.98 32115.3 10609.5 8458.76 6632.83 8663.39 5366.41 3296.98 2393.33 2150.72 1890.6 734.588
internal_count=236791 189594 43561 146033 47197 37532 29271 39253 24284 14969 10544 9665 8463 3293
is_linear=0
shrinkage=0.03


Tree=84
num_leaves=15
num_cat=0
split_feature=25 8 36 1 39 39 45 31 10 2 11 16 20 11
split_gain=52.021 46.101 44.5062 59.8057 46.7613 65.8391 58.7577 41.7207 41.0625 62.2328 75.5171 67.1465 56.5447 48.4564
threshold=0.06555082169827943 -1.5083861406080628 -0.31063366253488506 0.0056753136967946172 0.91896252622109953 -0.40570511873498322 0.82003013930442969 -0.4985729071383514 -0.8330311355526826 0.52189687987075306 -1.1606335871482567 0.19519707998941666 -0.71474890013092318 0.17539108923270477
decision_type=10 8 8 8 10 10 10 10 8 10 10 8 10 10
left_child=1 -1 7 4 5 -4 -7 -3 9 -5 11 -11 13 -10
right_child=-2 2 3 8 -6 6 -8 -9 12 10 -12 -13 -14 -15
leaf_value=-0.0072692010129503512 0.0011293245218459058 0.005412009491754145 0.011470406695033334 -0.0063469285162949286 0.014547340737014948 0.0031370106027523372 -0.01149126944490997 0.0001702393215385014 -0.01149121393435077 0.016301107838446856 -0.00016966286025711012 -0.00076290067313883509 -0.0018736685573205838 0.0017126561286822848
leaf_weight=942.59970207512379 22954.501597493887 1781.7416660636663 429.27521325647831 779.65586687624454 301.68193107843399 649.30649071931839 385.96431179344654 5762.2187168300152 1018.7454120069742 580.14072753489017 1940.7167324572802 318.7901880890131 14091.504383161664 327.37728525698185
leaf_count=4503 102786 8006 1945 3727 1279 2908 1775 25994 4818 2611 8862 1450 64150 1515
internal_value=6.00915e-05 -0.0007774 -0.0005592 -0.00127432 0.00399213 0.00173395 -0.00237439 0.00141377 -0.00176426 0.00110938 0.00317167 0.0103078 -0.00243826 -0.00829108
internal_weight=52264.2 29309.7 28367.1 20823.2 1766.23 1464.55 1035.27 7543.96 19056.9 3619.3 2839.65 898.931 15437.6 1346.12
internal_count=236329 133543 129040 95040 7907 6628 4683 34000 87133 16650 12923 4061 70483 6333
is_linear=0
shrinkage=0.03


Tree=85
num_leaves=15
num_cat=0
split_feature=39 11 38 40 37 12 39 39 11 30 40 15 40 40
split_gain=54.2901 80.9682 61.8564 58.9513 50.1293 47.8595 42.7007 66.5767 95.4239 68.2032 118.461 63.7237 59.6126 73.5685
threshold=-1.800661752700941 -0.92843953508476507 -1.3249551572897709 -2.1675646737775494 -2.4122823310216561 0.039672023551927178 2.0637555910113634 1.0767330620930282 1.483218987472857 2.5000000000000004 2.5463137433785379 0.58910507528025613 1.6877905140902369 0.51990211827113264
decision_type=10 8 10 10 10 2 10 10 10 2 10 10 10 10
left_child=1 5 -3 -2 -5 -1 7 12 9 11 -11 -9 13 -6
right_child=3 2 -4 4 6 -7 -8 8 -10 10 -12 -13 -14 -15
leaf_value=-0.0081915807770417109 -0.020614957029884223 0.0051015907410381913 0.024264836046762595 -0.012033139326951447 0.00021489280104049015 0.01190157048152536 -0.0050801687721928846 0.011769924885236283 -0.0040210858153739981 0.0083616304462993153 -0.015580145254078427 -0.0014057859971140585 0.0093764689961621742 -0.0029244351886923
leaf_weight=358.16776403784752 115.73590733110905 345.83521147072315 269.90438422560692 302.16022236645222 32757.175196304917 140.49725048243999 1422.5054233521223 380.54976849257946 1493.7884570211172 3398.7997468858957 187.70460043847561 2134.7986992448568 555.69420197606087 8441.3563286662102
leaf_count=1641 552 1528 1144 1484 149310 590 6465 1676 6628 14695 813 9485 2389 38140
internal_value=4.48167e-05 0.00656564 0.0137552 -9.83953e-05 -4.78781e-05 -0.00240772 2.5805e-05 0.000173984 0.00275553 0.00441838 0.00706877 0.000626295 -0.000296182 -0.000428892
internal_weight=52304.7 1114.4 615.74 51190.3 51074.5 498.665 50772.4 49349.9 7595.64 6101.85 3586.5 2515.35 41754.2 41198.5
internal_count=236540 4903 2672 231637 231085 2231 229601 223136 33297 26669 15508 11161 189839 187450
is_linear=0
shrinkage=0.03


Tree=86
num_leaves=15
num_cat=0
split_feature=38 37 44 39 40 40 1 39 11 39 39 11 40 39
split_gain=45.3602 83.1084 47.8443 57.7765 44.5503 62.9571 77.1753 70.4508 90.8865 67.4503 52.539 160.078 99.5875 96.311
threshold=2.6300836929250067 1.9533495851223017 -0.13749750835241922 2.1324168955337464 2.5463137433785379 1.6877905140902369 0.0060441390742691989 1.1672008633511177 0.54778063134138877 0.64353678188379748 1.1672008633511177 1.5121175970145071 0.53186611505036818 0.85988707139511911
decision_type=8 10 10 10 10 10 10 10 10 10 10 10 10 10
left_child=2 -2 -1 4 5 10 -7 9 -9 -8 12 -12 13 -4
right_child=1 -3 3 -5 -6 6 7 8 -10 -11 11 -13 -14 -15
leaf_value=0.012543805382313056 0.018188057336708773 -0.0025726177886628201 -0.00011598906075437603 -0.0072898830703472068 -0.011854117791520118 0.022948781885483154 -0.0076359090540887757 -0.0089383668950512828 0.0066359908623403853 0.018612529789497321 0.0056223098716805704 -0.0079577055469066994 -0.0033950346923690305 0.0086564849343669162
leaf_weight=256.08320420980453 329.31702165305614 350.79020538926125 33443.525986149907 1006.9524823576212 276.96483163535595 188.60244297981262 107.4461714476347 601.2789166867733 742.21351104974747 383.52749979496002 3728.2104437947273 978.2843147367239 8788.6892249584198 1155.6014126390219
leaf_count=1111 1402 1508 152600 4644 1217 784 467 2618 3216 1650 16362 4377 39701 5027
internal_value=-4.26011e-05 0.00759787 -0.000144645 -0.000210286 -6.74076e-05 8.13862e-08 0.00517113 0.00322889 -0.000348841 0.0128305 -0.000218467 0.0027887 -0.000545237 0.000179426
internal_weight=52337.5 680.107 51657.4 51401.3 50394.3 50117.4 2023.07 1834.47 1343.49 490.974 48094.3 4706.49 43387.8 34599.1
internal_count=236684 2910 233774 232663 228019 226802 8735 7951 5834 2117 218067 20739 197328 157627
is_linear=0
shrinkage=0.03


Tree=87
num_leaves=15
num_cat=0
split_feature=32 33 38 39 30 30 41 39 35 41 15 33 2 0
split_gain=42.665 58.204 56.7302 59.2803 54.4712 88.695 176.596 155.85 101.203 88.6252 88.245 83.1478 80.6633 73.0417
threshold=-0.43732740661758412 -0.86530924057212777 -2.6119452810248469 -1.8876272350736987 4.5000000000000009 3.5000000000000004 0.8500000000000002 0.54548509334021733 0.3860650771882464 0.95000000000000007 0.45150063404379259 -0.33337300182194046 0.93063424673012951 0.0089403559643957478
decision_type=10 8 10 10 2 2 2 10 10 2 10 10 10 8
left_child=1 -1 -2 -4 5 6 8 9 10 -7 -5 -6 -8 -13
right_child=2 -3 3 4 11 7 12 -9 -10 -11 -12 13 -14 -15
leaf_value=-0.00155523683288369 -0.017907586452754233 0.0027205025706348342 0.011399523080603673 0.0016191932202063383 0.002804408116373139 -0.0016870006682871037 -0.0093107592643912867 0.010647292740415829 0.0042286295857862912 0.013029872129179053 -0.0037692309711943716 -0.0012930391084996862 -0.0018156118666218318 -0.0066536554152811294
leaf_weight=4160.0005818605423 159.34023371338844 9158.810299679637 362.86749309301376 5974.8319940119982 2270.4580668658018 3289.0405229777098 2586.9698780924082 1827.4505610913038 5205.1120108813047 404.54832816123962 5028.669321000576 5356.7446360588074 2584.2618114352226 3990.8021549284458
leaf_count=18833 763 41262 1601 27279 10416 14923 11845 7819 23056 1795 22585 24759 11544 18340
internal_value=-8.06976e-05 0.00138485 -0.000580894 -0.000505302 -0.000620381 0.000121194 -0.000754492 0.00350746 0.000786224 -4.42738e-05 -0.000844537 -0.00233609 -0.00557588 -0.00358634
internal_weight=52359.9 13318.8 39041.1 38881.8 38518.9 26900.9 21379.8 5521.04 16208.6 3693.59 11003.5 11618 5171.23 9347.55
internal_count=236820 60095 176725 175962 174361 120846 96309 24537 72920 16718 49864 53515 23389 43099
is_linear=0
shrinkage=0.03


Tree=88
num_leaves=15
num_cat=2
split_feature=43 45 46 12 40 19 7 24 1 44 1 46 40 12
split_gain=44.0767 45.8092 90.9488 58.2217 63.3993 97.8718 68.8295 56.6617 56.1784 53.0344 45.5168 50.1913 44.7746 42.8977
threshold=0.95000000000000007 1.1958183029678666 0 0.026540573314186845 -0.98181171742601669 -5.9243486091155155 -0.081978023513384804 0.007428141510990611 0.022349980839472112 -0.055645602553961733 0.011996999722827922 1 0.379189280845937 0.013458852404069863
decision_type=10 8 1 2 10 2 10 10 10 8 10 1 10 2
left_child=1 3 9 7 6 8 -5 -1 -6 -3 11 -9 -12 -4
right_child=-2 2 13 4 5 -7 -8 10 -10 -11 12 -13 -14 -15
leaf_value=-0.0012388262292300229 0.0023943619788748443 0.0082441626625131235 0.0056594110622733354 0.0018350776053936617 0.0072804539976977058 0.0038488542444581205 -0.012772520092520244 0.005107649512501514 0.033990126996709683 -0.01139242994565502 0.00093299872537998371 0.00049782766861664941 -0.0068139274296235234 -0.0017192784010450774
leaf_weight=20769.452447429299 6209.1957802474499 130.569884121418 783.90450175106525 1106.6679333150387 139.37087166309357 3172.8003048449755 382.62890458106995 3686.6279068738222 150.317188590765 1212.9281965941191 1845.7208355665207 5011.044070571661 1043.5920524299145 6643.9382530450821
leaf_count=94294 27834 586 3636 4903 615 14103 1714 16407 657 5687 8426 22539 4722 30370
internal_value=2.36882e-05 -0.000296209 -0.00224569 0.000162603 0.0031886 0.00541019 -0.00197805 -0.000301334 0.0218116 -0.00936799 0.00137872 0.00246182 -0.00187897 -0.000932745
internal_weight=52288.8 46079.6 8771.34 37308.2 4951.79 3462.49 1489.3 32356.4 289.688 1343.5 11587 8697.67 2889.31 7427.84
internal_count=236493 208659 40279 168380 21992 15375 6617 146388 1272 6273 52094 38946 13148 34006
cat_boundaries=0 1 2
cat_threshold=531 267
is_linear=0
shrinkage=0.03


Tree=89
num_leaves=15
num_cat=0
split_feature=24 43 32 1 38 37 38 11 11 39 11 20 0 10
split_gain=48.4196 43.2543 42.6877 41.6116 83.2969 77.2569 65.798 59.7948 57.9756 55.4167 44.6225 43.6648 46.9805 96.2531
threshold=-0.012160736227353806 0.81666666666666676 -0.8898488632300442 0.014742010012146279 -0.1808905395500216 -0.14960318950031029 -0.51294219083910941 -0.53624175115628259 2.8135121707842776 0.81189204327183961 2.2461601617586591 -0.0081160018541846287 0.01553322431013235 -1.0166569648988821
decision_type=10 10 10 10 10 10 10 8 10 10 8 10 10 8
left_child=1 -1 -2 4 -4 7 9 -6 11 -5 -7 12 -8 -14
right_child=2 -3 3 6 5 10 8 -9 -10 -11 -12 -13 13 -15
leaf_value=-0.0022913203062064546 0.0034603150876814249 0.0018198790589923155 -0.0015594725135149956 0.0015392036019502603 0.013715212031137508 0.0016544609487396552 -0.0040191043877402678 0.0035916228843039869 0.016075880231206218 0.016987373416183015 -0.00834509668155607 -0.0048783434103531233 0.017031821683850864 -0.00073595312784929443
leaf_weight=10782.401057809591 4339.8811383992434 2920.0176910609007 7887.2203186154366 2085.7962418943644 824.97285830974579 13750.323795065284 1447.0132360756397 1443.2846746146679 135.79685604572296 222.63433867692947 403.91065834462643 4540.6811754256487 351.46267978847027 1136.1751287728548
leaf_count=49259 19421 13169 36352 9328 3701 61434 6729 6429 618 958 1807 20619 1532 5081
internal_value=0.000116711 -0.00141453 0.000660938 0.000305102 0.000973193 0.00218976 -0.00133151 0.00731765 -0.00267664 0.00309593 0.00136342 -0.00303832 -0.00018442 0.00354748
internal_weight=52271.6 13702.4 38569.2 34229.3 24309.7 16422.5 9919.56 2268.26 7611.13 2308.43 14154.2 7475.33 2934.65 1487.64
internal_count=236437 62428 174009 154588 109723 73371 44865 10130 34579 10286 63241 33961 13342 6613
is_linear=0
shrinkage=0.03


Tree=90
num_leaves=15
num_cat=2
split_feature=43 24 1 44 46 16 39 46 39 12 1 0 45 24
split_gain=54.1873 43.5984 55.2634 48.7655 45.8049 42.0414 46.0005 53.4088 57.699 56.1246 67.7954 41.53 40.461 38.5787
threshold=0.41428571428571431 0.014806713584161581 0.012107709151872519 0.020112046659949982 0 0.90448780506452986 0.5570626339436896 1 1.7844660751178314 0.03209345131266278 0.01663012386091502 0.026560423824647707 1.2676092618112487 -0.012160736227353806
decision_type=10 8 10 10 1 10 8 1 10 2 10 10 8 10
left_child=13 3 -3 5 -4 6 12 -8 9 10 -9 -11 -2 -1
right_child=1 2 4 -5 -6 -7 7 8 -10 11 -12 -13 -14 -15
leaf_value=-0.0034872686949396609 -0.0008133337297646496 0.0047912276461202557 0.0092069388293039792 0.0021870890526309856 -0.001993120579027759 -0.0063453740978290148 0.0060761804204717005 0.0017052434065517694 -0.012283087100479272 0.020553467875272978 -0.013033928586290586 -0.0017929820791892433 -0.0070399213232861801 -0.00052141947822574152
leaf_weight=5411.4567376375198 11377.526575639844 4438.565814524889 357.70622690021992 7003.8375250399113 2513.7286929488182 1126.8943433314562 1857.3934756964445 1678.9875932484865 320.00107730925083 201.35091355443001 326.922637835145 113.56536707282066 1014.2188439071178 14532.915007025003
leaf_count=24791 51902 19803 1597 31388 11355 5006 8223 7475 1447 884 1498 487 4710 65897
internal_value=-9.80923e-05 0.000660477 0.00269694 6.46682e-05 -0.000545738 -0.000761153 -0.000385041 0.00221043 -0.000542041 0.00112027 -0.000749682 0.0126877 -0.00132822 -0.00132748
internal_weight=52275.1 32330.7 7310 25020.7 2871.43 18016.9 16890 4498.22 2640.83 2320.83 2005.91 314.916 12391.7 19944.4
internal_count=236463 145775 32755 113020 12952 81632 76626 20014 11791 10344 8973 1371 56612 90688
cat_boundaries=0 1 2
cat_threshold=4 139
is_linear=0
shrinkage=0.03


Tree=91
num_leaves=15
num_cat=0
split_feature=44 38 1 11 1 40 40 39 35 2 16 20 35 11
split_gain=40.1847 45.0109 79.5046 105.471 75.2497 66.4431 63.2654 81.9219 65.4304 51.3031 49.5591 49.2655 69.1466 50.2837
threshold=0.0076377958510158274 -0.1808905395500216 0.013259214923021038 2.0889122416477606 0.019850056862785976 0.87116728366387053 -0.060729235777491959 0.56764800424328044 -0.17154866424158075 0.82602860742922901 0.7364963898730883 0.10735726338218522 -1.1203359610912347 2.8135121707842776
decision_type=8 8 10 10 10 10 10 10 10 10 10 10 10 8
left_child=1 4 3 -3 5 6 7 -1 -8 -7 -6 -4 -13 -14
right_child=-2 2 11 -5 10 9 8 -9 -10 -11 -12 12 13 -15
leaf_value=-0.0025928007462728436 0.0011939863115325779 0.0019255417027970417 -2.7997376576613127e-05 -0.01247316033051313 0.0050053251896051846 -0.0038631749728608436 -0.011134735874808548 0.013612953004776282 -0.0024789422995931377 0.012975203131403129 -0.012415651786726441 0.019360072608429427 -0.0067115698013322719 0.014616536853716578
leaf_weight=7019.6851171702147 17547.319884315133 14591.708326175809 3510.1760884225368 462.79102890193462 1740.5194829106331 265.80707374215126 1652.0378056466579 282.57462196052074 1504.9621224850416 395.826949223876 150.93161679804325 90.371894404292107 2928.9749521315098 93.818660199642181
leaf_count=32690 78859 65365 16017 2087 7652 1198 7677 1242 6912 1753 666 386 13372 429
internal_value=2.44529e-05 -0.000567305 0.000270012 0.00147492 -0.00196137 -0.00290232 -0.00348693 -0.00194793 -0.00702932 0.0062537 0.0035572 -0.00246678 -0.00520768 -0.0060036
internal_weight=52237.5 34690.2 21677.8 15054.5 13012.3 11120.9 10459.3 7302.26 3157 661.634 1891.45 6623.34 3113.17 3022.79
internal_count=236305 157446 97656 67452 59790 51472 48521 33932 14589 2951 8318 30204 14187 13801
is_linear=0
shrinkage=0.03


Tree=92
num_leaves=15
num_cat=2
split_feature=36 32 43 19 12 46 40 10 46 19 10 16 45 1
split_gain=37.4135 32.7661 32.7526 45.0812 95.5856 103.846 51.6633 56.2049 65.5471 45.3729 58.6324 57.5167 57.2578 53.674
threshold=1.8634857398669054 -0.98382860125551896 0.41428571428571431 -4.7159824127179313 0.010032327816844828 0 -1.6823852431989177 -0.78561830848140002 1 -1.4560546799721137 -0.94836705441038749 0.33759745892174853 1.0476671307919865 0.032867599984082202
decision_type=8 8 10 2 2 1 10 8 1 2 8 8 10 10
left_child=2 -2 -1 4 -4 -6 -7 -8 -9 -5 -11 -12 13 -13
right_child=1 -3 3 9 5 6 7 8 -10 10 11 12 -14 -15
leaf_value=-0.0011527065305032729 0.019993024815481604 0.0029753539670212114 -0.0089666764170489195 -0.0020677038070497818 -0.0033163155386918583 -0.00039657573559477702 0.014648195292541388 0.019116101500155414 -0.005917262133594405 -0.014531224117424591 0.0080684665525602127 0.0022707159601077624 -0.0012654490178873805 -0.013997279697864776
leaf_weight=19096.934488639235 97.559739276766777 2094.388759046793 453.69016453623772 6956.1718789935112 819.03723491728306 400.8856583237648 1274.8584737479687 115.32952730357647 290.82228335738182 214.15959599614143 949.34788048267365 10708.073318332434 8722.2855292409658 175.84969136118889
leaf_count=87093 417 9054 2127 31999 3742 1863 5757 531 1352 972 4294 47547 39405 775
internal_value=-7.29918e-06 0.00382014 -0.000175225 0.000425552 0.00370484 0.00571059 0.00923246 0.0115721 0.00179683 2.75896e-05 0.00073 0.000895989 0.000544756 0.00199527
internal_weight=52369.4 2191.95 50177.4 31080.5 3354.62 2900.93 2081.9 1681.01 406.152 27725.9 20769.7 20555.6 19606.2 10883.9
internal_count=236928 9471 227457 140364 15372 13245 9503 7640 1883 124992 92993 92021 87727 48322
cat_boundaries=0 1 2
cat_threshold=385 524
is_linear=0
shrinkage=0.03


Tree=93
num_leaves=15
num_cat=0
split_feature=36 36 40 37 38 40 40 35 35 37 30 40 40 16
split_gain=44.5392 58.4076 95.7501 77.4911 55.8628 50.563 84.8933 84.0376 81.2428 62.3051 64.43 53.4111 50.5549 48.5408
threshold=1.8634857398669054 -0.28579423544681298 -1.6300809730482866 -1.615803495231223 1.8830224903366182 1.1070344986724681 -0.13926649054093093 -0.92017951371476847 -1.3730688873722234 0.39208276394391356 3.5000000000000004 -0.72275713693377475 0.59064520704891665 0.2505708665317698
decision_type=8 10 10 10 8 10 10 10 10 10 2 10 10 8
left_child=1 5 3 -3 13 6 8 -7 11 -8 12 -1 -11 -2
right_child=4 2 -4 -5 -6 7 9 -9 -10 10 -12 -13 -14 -15
leaf_value=0.00096197052146204708 0.016612126917440038 0.0081512386099677776 -0.0007367420451665854 -0.018856104352362877 0.010229803084284724 0.016363077239818096 -0.003735733609336345 0.0015962749765541739 0.0042292238276373075 0.0028492100078370696 0.0099240915122123328 -0.0081742326493698652 -0.011920690308757816 -0.0015729915818814039
leaf_weight=1780.9453638195992 138.02875036001205 115.27049270272255 32354.669180855155 439.38828030228615 830.94891232252121 497.91303566098213 4721.9612534344196 1101.7965241968632 6760.0005416274071 611.51875732839108 692.38875842094421 839.87142132222652 304.38029673695564 1218.4028306752443
leaf_count=8208 598 541 146718 2194 3548 2120 21477 4838 30518 2718 3031 3934 1368 5297
internal_value=-2.59006e-05 -0.000208783 -0.000950719 -0.0131984 0.00415474 0.00120144 0.000682146 0.00626557 0.00249261 -0.00200048 0.00308584 -0.00198577 -0.002135 0.000385533
internal_weight=52407.5 50220.1 32909.3 554.659 2187.38 17310.8 15711.1 1599.71 9380.82 6330.25 1608.29 2620.82 915.899 1356.43
internal_count=237108 227665 149453 2735 9443 78212 71254 6958 42660 28594 7117 12142 4086 5895
is_linear=0
shrinkage=0.03


Tree=94
num_leaves=15
num_cat=0
split_feature=19 39 39 40 36 10 40 38 37 36 39 40 39 38
split_gain=37.3934 53.9396 56.8234 65.9721 126.139 63.4988 57.0248 87.1162 120.898 68.7209 64.2373 58.2743 68.8147 55.4798
threshold=7.4684236787910816 1.9611555039440209 1.0767330620930282 1.2872264462450465 -0.82380687642880013 1.2308710074652662 0.45552310205796376 0.99365367973791685 0.26108099626433223 -0.56291370398262941 0.78443120026194424 1.3985663179632721 0.64353678188379748 0.64778096714867384
decision_type=2 10 8 10 10 8 10 10 10 10 10 10 10 10
left_child=1 2 6 5 -5 -4 10 11 -9 -10 -1 -8 -13 -14
right_child=-2 -3 3 4 -6 -7 7 8 9 -11 -12 12 13 -15
leaf_value=7.7768170976101324e-05 0.0047698299818748017 -0.0057312054464502445 0.0076926742210966462 0.024561586842812327 -0.0022180451214956452 -0.0010880468520199544 -0.0050522953794544965 0.018571007578668471 0.018279589803508373 -0.001482248950174895 0.0076402821904767871 -0.010940578887059614 0.016304683407221604 -0.0080465291514919563
leaf_weight=31875.572653204203 1484.5862830430269 1448.1856317967176 2735.8963316380978 157.91792839765549 2755.9679244160652 1012.1780951917171 6158.7021816372871 339.56454987823963 159.24572245776653 2455.1559343039989 1033.9917184710503 177.24292440712452 347.20333442091942 103.41225874423981
leaf_count=145533 6577 6559 11998 648 12053 4449 28091 1508 699 10963 4523 792 1513 457
internal_value=9.29412e-05 -4.47565e-05 0.00012337 0.00269792 -0.000687684 0.00532483 -0.000279313 -0.0022944 0.00200121 -0.000213471 0.000317625 -0.00416433 0.0044884 0.0106629
internal_weight=52244.8 50760.2 49312.1 6661.96 2913.89 3748.07 42650.1 9740.53 2953.97 2614.4 32909.6 6786.56 627.859 450.616
internal_count=236363 229786 223227 29148 12701 16447 194079 44023 13170 11662 150056 30853 2762 1970
is_linear=0
shrinkage=0.03


Tree=95
num_leaves=15
num_cat=0
split_feature=39 39 38 40 10 38 40 41 40 17 11 40 39 7
split_gain=43.3321 76.7517 86.8078 72.957 93.2919 111.336 182.386 72.1646 72.0854 90.682 87.8954 68.7014 66.1161 78.0571
threshold=-1.1924373062288918 -0.50697222414922305 -0.82475024927459251 -0.19855484225155315 -0.37925021250688518 -0.82475024927459251 -0.62115575546277624 0.95000000000000007 -1.745031036448901 -0.83577895338120789 -0.91468067976379774 -0.32682187958631465 -1.8876272350736987 -1.9725090248306951
decision_type=10 10 10 10 8 10 10 2 8 2 8 10 8 10
left_child=8 2 -2 4 -3 -6 -7 -4 9 10 -1 -9 -10 -14
right_child=1 3 7 -5 5 6 -8 11 12 -11 -12 -13 13 -15
leaf_value=-0.0071199358367456996 -0.0076226592155759446 0.0077039436212501021 1.6956752292338086e-05 -0.00027306343420193893 0.0094684950547858585 -0.013332739730261061 0.0020272793990122238 -0.016754819921315129 0.019475880586471272 -0.014292158675158102 0.011794659716805505 0.004498429074071858 -0.010268294446732374 0.0051856618994605055
leaf_weight=434.92328184843063 2370.3826046288013 2531.6168623566628 6239.1659229099751 30855.074736312032 983.1043054163456 920.53337234258652 2749.6960881948471 450.50682628154755 249.32440805435181 438.24336521327496 430.14654488861561 189.67566019296646 315.51841786503792 3106.8710544705391
leaf_count=1997 11113 11542 28443 138715 4417 4202 12387 2085 1048 2142 1976 863 1515 14015
internal_value=4.54442e-05 -0.000234942 -0.00268435 0.0003612 0.00308158 0.000555679 -0.00185094 -0.000974187 0.00270576 -0.00333722 0.00231245 -0.0104855 0.00485401 0.00373516
internal_weight=52264.8 47289.8 9249.73 38040 7184.95 4653.33 3670.23 6879.35 4975.03 1303.31 865.07 640.182 3671.71 3422.39
internal_count=236460 213767 42504 171263 32548 21006 16589 31391 22693 6115 3973 2948 16578 15530
is_linear=0
shrinkage=0.03


Tree=96
num_leaves=15
num_cat=1
split_feature=43 19 40 2 46 1 11 19 35 12 1 7 45 45
split_gain=35.5746 37.5253 84.7126 40.1733 36.2452 38.2639 37.7206 37.9539 35.9713 34.788 40.2314 33.9313 45.8895 45.9131
threshold=0.41428571428571431 -6.4875207005540183 -1.6823852431989177 0.66406902155295833 0 0.010320142295238076 1.2478230150685794 -1.0223864518426302 -1.3422989876975417 0.023367895507465875 0.028514667282110478 0.88911616931761472 0.87138391729566922 1.0281802339415516
decision_type=8 2 10 10 1 10 10 2 10 2 10 10 10 10
left_child=4 2 -2 -4 5 6 7 -1 -5 -7 -11 12 -9 -14
right_child=1 -3 3 8 -6 9 -8 11 -10 10 -12 -13 13 -15
leaf_value=0.0020687488288440273 -0.007317242283218648 0.00044020545731522664 0.0027199991561017581 0.0035463923795588546 -0.0016386147714453302 -0.0035045298226654789 -0.012438596953373666 0.029952053510887391 0.02055116354088907 0.0057833748940120926 -0.0083880350818907098 5.1469834534839113e-05 -0.0061823889428835226 0.017044767522113202
leaf_weight=765.32552863657475 322.47842620313168 31349.495242863894 374.90032052993774 164.4246017485857 15563.195578500628 1583.9640397429466 91.249474868178368 139.41469964385033 376.2203948199749 988.47587491571903 210.79799523949623 159.90868155658245 108.70053984224796 219.00639994442463
leaf_count=3545 1520 141210 1724 767 70850 7313 413 610 1656 4443 943 699 486 983
internal_value=3.38412e-05 0.000643441 0.00574505 0.0103753 -0.000967759 0.00147766 0.00535488 0.00660138 0.0155379 -0.00059558 0.00324368 0.0120144 0.0160227 0.00938538
internal_weight=52417.6 32587.5 1238.02 915.545 19830 4266.84 1483.61 1392.36 540.645 2783.24 1199.27 627.03 467.122 327.707
internal_count=237162 146877 5667 4147 90285 19435 6736 6323 2423 12699 5386 2778 2079 1469
cat_boundaries=0 1
cat_threshold=320
is_linear=0
shrinkage=0.03


Tree=97
num_leaves=15
num_cat=0
split_feature=39 39 8 40 37 10 40 19 12 35 9 35 40 39
split_gain=37.2205 75.6042 75.6518 70.9356 78.1653 65.3832 64.34 68.7413 80.9696 76.1923 73.0475 69.732 101.491 68.2319
threshold=-1.1924373062288918 -0.57872202016650387 -1.4754985222815058 -1.745031036448901 -0.1923547183791848 -0.88392414722112223 -0.19855484225155315 0.30195724968847415 0.0066410604447747637 0.51466287247333231 0.59304727102833721 -1.0979416159164725 0.90621062324824175 0.56764800424328044
decision_type=10 10 8 8 10 8 10 2 2 10 10 10 10 10
left_child=3 2 -2 4 -1 -5 13 9 -9 10 -8 12 -10 -3
right_child=1 6 -4 5 -6 -7 7 8 11 -11 -12 -13 -14 -15
leaf_value=-0.00054374804159533713 -0.011999604632028258 0.0017983016463679119 -0.0020084468697570989 0.0087586696247565089 -0.021364915337682689 0.00074143620533602482 -0.0026337999923787049 0.011211864449339942 -0.00020272786895883331 0.0020938399000320785 -0.011332546003908437 -7.7448299567626504e-05 0.019289900270726454 0.011816879283558013
leaf_weight=1113.5974939465523 743.98611652851105 7482.951078414917 7238.2907860726118 1741.5222353935242 180.06664271652699 1922.2989695966244 7581.45426851511 627.09483902156353 562.05029413104057 2755.4814021587372 973.34200954437256 18272.057188153267 409.79739813506603 657.01943984627724
leaf_count=5169 3592 34029 33153 7780 914 8738 35057 2724 2479 12399 4506 81344 1727 2855
internal_value=-3.41562e-05 -0.000293517 -0.00295352 0.00243624 -0.00358352 0.00456573 0.000247081 -0.000373139 0.000689552 -0.00223914 -0.0036356 0.00034102 0.00812945 0.00262046
internal_weight=52261 47303.5 7982.28 4957.49 1293.66 3663.82 39321.2 31181.3 19871 11310.3 8554.8 19243.9 971.848 8139.97
internal_count=236466 213865 36745 22601 6083 16518 177120 140236 88274 51962 39563 85550 4206 36884
is_linear=0
shrinkage=0.03


Tree=98
num_leaves=15
num_cat=0
split_feature=36 38 9 19 16 12 37 1 11 37 10 45 38 10
split_gain=36.7631 44.9237 44.2558 38.124 40.671 35.4642 66.7541 51.6762 92.9822 66.1734 50.5582 46.973 46.427 65.5769
threshold=1.8634857398669054 1.8830224903366182 0.60521834454663492 2.1966488512423856 0.72500946733293403 0.03294658031181457 -2.1746834102327997 0.0194468161753087 2.2461601617586591 -0.23722256306352579 -1.5742758407887056 0.77728617984278914 -0.70090576348564937 1.0000000180025095e-35
decision_type=8 10 8 2 10 2 10 10 10 10 8 10 10 10
left_child=5 2 -2 -3 -5 6 -1 -8 9 -9 -7 -11 13 -12
right_child=1 3 -4 4 -6 10 7 8 -10 11 12 -13 -14 -15
leaf_value=-0.0098271076637402137 0.0050661026990650266 0.019437427277785302 -0.0056100903361057377 -0.0096716451389934968 0.0091556591192064329 0.016199228691124064 -3.0808035627542861e-05 0.0027880310701447575 0.020840967112401035 0.011484634635182612 0.00085375147811016163 -0.009249031165252164 -0.00046669256504562698 0.012700461648637985
leaf_weight=661.64623948931694 808.41535459458828 229.97515487670898 599.90064668655396 123.29062858223915 462.98368255794048 210.21006008982658 41147.349069580436 651.70985373854637 116.98997911810875 95.471776947379112 1077.7948806881905 1879.6288995593786 3526.5415240824223 681.25106835365295
leaf_count=3313 3498 985 2610 526 1971 894 186865 2989 538 431 4654 8727 15621 2920
internal_value=7.88587e-06 0.00377273 0.000510872 0.00932628 0.00510057 -0.000160175 -0.000440789 -0.000297087 -0.00427572 -0.00546913 0.00211135 -0.00819401 0.00152154 0.00548766
internal_weight=52273.2 2224.57 1408.32 816.249 586.274 50048.6 44552.8 43891.1 2743.8 2626.81 5495.8 1975.1 5285.59 1759.05
internal_count=236542 9590 6108 3482 2497 226952 202863 199550 12685 12147 24089 9158 23195 7574
is_linear=0
shrinkage=0.03


Tree=99
num_leaves=15
num_cat=1
split_feature=20 30 9 10 40 45 46 9 30 20 41 30 35 1
split_gain=39.763 36.7926 40.1158 36.4494 98.0354 63.5427 73.6852 61.2577 70.5515 122.885 69.687 59.3776 76.0755 73.8589
threshold=-1.3220501681621062 4.5000000000000009 -1.7714543331836767 -0.8087283638101801 0.20397681079543831 0.82003013930442969 0 -0.030149411144656985 2.5000000000000004 0.72260559789066392 0.95000000000000007 4.5000000000000009 0.21602660703098855 0.0046452997040043889
decision_type=8 2 10 8 10 10 1 10 2 10 2 2 8 10
left_child=1 -1 -3 4 5 6 -2 -5 9 -9 -11 12 -10 -13
right_child=3 2 -4 7 -6 -7 -8 8 11 10 -12 13 -14 -15
leaf_value=-0.0014895431136835112 0.0012108100439901738 0.0033715156494005254 -0.019372700616735419 -0.0017055643158495886 -0.0044328232289790022 0.0017428695574682844 0.013377298367392576 0.0013018941220735035 0.0006187593281005312 -0.0025972963255977994 -0.011090345741017648 0.015841877195417017 0.0068126280832913446 -0.0004929743641175926
leaf_weight=614.67084413766861 812.37328197062016 90.451996996998787 260.68978691101074 16112.888790011406 1871.7975586056709 6393.7806132137775 1013.4167768955231 6708.9597824066877 3304.5037510544062 2703.5641591250896 1278.0397797375917 248.50336295366287 3876.0090353190899 6856.1240231394768
leaf_count=2891 3663 427 1299 73901 8618 29087 4589 30130 14611 12074 5827 1068 16775 31034
internal_value=1.85376e-05 -0.00598044 -0.0135828 0.00013289 0.00174743 0.0031585 0.00807945 -0.000263971 0.000666373 -0.00117614 -0.0053444 0.00204511 0.00396701 9.98444e-05
internal_weight=52145.8 965.813 351.142 51180 10091.4 8219.57 1825.79 41088.6 24975.7 10690.6 3981.6 14285.1 7180.51 7104.63
internal_count=235994 4617 1726 231377 45957 37339 8252 185420 111519 48031 17901 63488 31386 32102
cat_boundaries=0 1
cat_threshold=513
is_linear=0
shrinkage=0.03


Tree=100
num_leaves=15
num_cat=0
split_feature=40 40 1 8 38 39 40 2 15 40 39 39 35 39
split_gain=45.277 67.8153 67.5406 68.7938 54.1243 50.4033 49.3384 45.2743 58.6112 45.3085 107.842 78.8293 64.6066 63.561
threshold=1.6877905140902369 2.4337304276749538 0.006946261941516237 1.1548208111794762 2.4326689520438873 2.1324168955337464 2.1477240328456606 0.48441832078458547 0.19159091193434169 0.54374216055077251 0.78443120026194424 1.450990479986296 -1.3730688873722234 1.1672008633511177
decision_type=8 10 8 8 8 10 10 8 10 10 10 10 10 10
left_child=5 2 -2 4 6 7 -4 8 -1 10 12 -12 -9 -11
right_child=1 -3 3 -5 -6 -7 -8 9 -10 13 11 -13 -14 -15
leaf_value=-0.013140452657748167 0.0178493905870237 -0.0040020811048806998 0.0084861895274667733 -0.0035564438926502864 0.025518904363776681 -0.0096418596660436725 -0.0055783867858500589 -0.0036416663225872113 -0.0017777152690472725 -0.0028584161266335261 0.0091517647771550518 -0.0052874488746409206 0.00079606458576479645 0.0019770550125346358
leaf_weight=452.65447208285332 351.28977473080158 832.68382878601551 1108.2573156654835 748.9342145472765 127.61342097818851 487.07286936044693 273.39963558316231 3304.4608868211508 3539.3227706700563 8000.8484464883804 2077.3546889126301 399.73074834048748 27034.500375658274 3513.9739990532398
leaf_count=2241 1475 3676 4822 3288 539 2261 1205 15342 16658 36094 9007 1767 122639 15467
internal_value=9.72064e-05 0.00341749 0.0057913 0.0038451 0.00751714 -0.000137599 0.00568303 -3.98252e-05 -0.00309576 0.000235997 0.000804104 0.0068098 0.000311675 -0.00138234
internal_weight=52252.1 3442.18 2609.49 2258.2 1509.27 48809.9 1381.66 48322.8 3991.98 44330.9 32816 2477.09 30339 11514.8
internal_count=236481 15005 11329 9854 6566 221476 6027 219215 18899 200316 148755 10774 137981 51561
is_linear=0
shrinkage=0.03


Tree=101
num_leaves=15
num_cat=0
split_feature=6 36 37 36 40 37 36 37 34 38 20 12 40 9
split_gain=38.5427 64.9712 60.7243 60.0967 56.2605 92.3633 55.8945 56.6583 54.1874 53.9169 53.6318 54.9736 49.4385 50.139
threshold=1.0385610609579354 -0.27787662703641075 0.40896085505792307 -1.2574721057525611 -1.6823852431989177 -1.2545888340598503 -1.0001428671364903 0.63100926435275284 0.3612272850385097 -1.7499544167086412 0.72260559789066392 0.0066410604447747637 -1.6300809730482866 -0.069091699289585959
decision_type=10 10 8 10 10 10 8 10 10 10 8 2 10 8
left_child=1 2 3 12 5 -3 7 -4 -5 -10 -6 -12 -1 -14
right_child=-2 4 6 8 10 -7 -8 -9 9 -11 11 -13 13 -15
leaf_value=0.0047971360277543826 0.0021149594288649982 0.007753829477396168 0.029286433380748406 0.00085268575284385491 -0.0003600993044948169 -0.021611830955792437 0.0033075735054622227 0.0067860278705271547 -0.012210338647545714 0.010372343418674495 0.014004528436377115 -0.0042568278814271651 -0.0065499027173855136 0.0015051874046715136
leaf_weight=646.60497376322746 6987.013787984848 138.07937639951706 148.68673984706402 9112.4245879203081 22556.309786140919 279.92236839234829 2514.2029255479574 299.60380817949772 97.556237623095512 922.21378517150879 143.25846874713898 5083.0189719945192 2380.2152276486158 976.29074120521545
leaf_count=2976 30782 653 644 41156 102979 1461 11125 1293 455 4092 615 22850 11184 4375
internal_value=4.26704e-05 -0.000277364 0.00118136 0.000361477 -0.00116189 -0.0119569 0.00507901 0.014725 0.00159083 0.00811438 -0.000995226 -0.00373047 -0.00274632 -0.00420945
internal_weight=52285.4 45298.4 17097.8 14135.3 28200.6 418.002 2962.49 448.291 10132.2 1019.77 27782.6 5226.28 4003.11 3356.51
internal_count=236640 205858 77300 64238 128558 2114 13062 1937 45703 4547 126444 23465 18535 15559
is_linear=0
shrinkage=0.03


Tree=102
num_leaves=15
num_cat=0
split_feature=39 33 12 10 36 39 41 39 40 15 39 11 14 45
split_gain=39.8213 48.3192 51.02 55.8995 54.5737 44.4896 96.7755 42.9859 56.8276 80.5955 73.7829 64.2073 48.0598 60.8831
threshold=2.1324168955337464 2.0264715554168924 0.032517041383130059 -1.6100666638675551 -2.4533527491768634 0.0094001191229778503 0.55000000000000016 -2.3116034332004776 -1.6823852431989177 0.12703142882295951 -1.1924373062288918 -1.2319995911648041 0.25655297278355299 1.2188667377421136
decision_type=10 8 2 8 10 10 2 10 10 10 10 10 10 8
left_child=1 2 4 -4 -1 6 -5 -6 9 11 -10 -9 13 -12
right_child=-2 -3 3 5 7 -7 -8 8 10 -11 12 -13 -14 -15
leaf_value=-0.009883679407018283 -0.005306484588582263 0.0063225290390551978 0.017846710123915279 0.002167831098471983 0.019451341839198253 0.0050634807176003346 -0.012007470012337337 -0.016128728797085275 0.0047499434620713252 -0.016022053211266617 -0.0013436780499741963 0.0094429839097618616 7.4121440230285742e-05 -0.008305139712462847
leaf_weight=524.85311730206013 1237.9847248643637 1095.0185710936785 201.08781366050243 2347.173906058073 89.525875553488731 2439.1860372722149 521.13526259362698 114.93011204898357 2607.2953544855118 476.34717389941216 6780.6216987520456 292.6893402338028 32063.720817938447 1348.4157293587923
leaf_count=2578 5702 4699 854 10226 414 10666 2357 545 11838 2390 31335 1372 144662 6388
internal_value=-1.21026e-05 0.000117679 -1.99782e-05 0.00270015 -0.000358764 0.0020938 -0.00044041 -0.000242327 -0.000287129 -0.00777317 -0.000130738 0.00201937 -0.000448449 -0.00250721
internal_weight=52140 50902 49807 5508.58 44298.4 5307.5 2868.31 43773.5 43684 883.967 42800.1 407.619 40192.8 8129.04
internal_count=236026 230324 225625 24103 201522 23249 12583 198944 198530 4307 194223 1917 182385 37723
is_linear=0
shrinkage=0.03


Tree=103
num_leaves=15
num_cat=1
split_feature=4 31 38 39 40 19 20 1 33 7 16 45 46 39
split_gain=40.5192 40.7836 53.1513 46.4852 55.5462 46.8806 42.2737 42.2912 39.6645 38.0974 36.6368 35.2709 72.0995 46.2079
threshold=0.74966047766847488 -0.66563570630578661 0.2995866601470602 -1.800661752700941 -1.9542331522320981 -5.8447143299763349 -1.1900127529579247 0.015609417072637804 0.031346054024923194 0.010217156848015435 0.10988836319979682 1.1958183029678666 0 -0.060140056366135758
decision_type=8 10 8 10 10 2 10 10 10 10 10 10 1 10
left_child=1 2 8 4 -3 -6 7 10 -1 -10 -5 -8 -13 -14
right_child=-2 3 -4 6 5 -7 11 -9 9 -11 -12 12 13 -15
leaf_value=-0.001005758007270327 0.001768095448722193 -0.0040770612795106983 0.0048897785931881887 -0.0020011480955789002 0.0020566437007285801 0.025856429602625918 -0.00034889827863094898 0.007309390411221574 0.0093821049421858142 -0.0027964094133106992 -0.01544000138974138 -0.01049775835577201 -0.0048000866240535088 0.0008631743040561999
leaf_weight=5938.3728134930134 9597.2888583391905 199.64472158253193 2699.5509385168552 304.69987471401691 129.34346805512905 171.80363428592682 25347.639407858253 141.05316472053528 685.88831469416618 340.49452552199364 458.34980526566505 926.1896114051342 2213.3760071843863 3104.9548401236534
leaf_count=27058 42610 910 12011 1470 574 724 114787 642 3079 1522 2269 4390 10313 14197
internal_value=7.91607e-06 -0.000388383 0.00132467 -0.000890358 0.00809065 0.016029 -0.00103121 -0.00739192 -6.22033e-05 0.00535398 -0.0101689 -0.000846896 -0.00286457 -0.00149553
internal_weight=52258.6 42661.4 9664.31 32997.1 500.792 301.147 32496.3 904.103 6964.76 1026.38 763.05 31592.2 6244.52 5318.33
internal_count=236556 193946 43670 150276 2208 1298 148068 4381 31659 4601 3739 143687 28900 24510
cat_boundaries=0 1
cat_threshold=531
is_linear=0
shrinkage=0.03


Tree=104
num_leaves=15
num_cat=0
split_feature=33 38 9 12 39 39 38 38 30 15 1 36 11 39
split_gain=39.8273 37.7188 43.9289 66.4367 33.1543 64.2099 106.102 62.3759 62.9357 59.3591 58.1678 56.6681 55.1784 47.8405
threshold=2.0264715554168924 1.4041492577238197 0.64300056725405563 0.018159346110545371 -1.1924373062288918 -0.57872202016650387 -0.82475024927459251 0.22856875432631904 1.5000000000000002 0.43701799485861192 0.022054886658014947 -0.1448011785851715 -0.8618593267925706 -0.32371391018397272
decision_type=8 8 8 2 10 10 10 10 2 10 10 10 10 10
left_child=4 -2 -3 -4 7 6 -6 8 10 -10 12 -9 -1 -7
right_child=1 2 3 -5 5 13 -8 11 9 -11 -12 -13 -14 -15
leaf_value=-0.0028984646644983326 0.00092579585208589932 0.023656310629627086 0.016369363809561673 -0.009333037095448065 -0.0087366353849046563 0.0028730443141388616 -0.00084643141700328176 0.026439134800098539 -0.0023771748577352853 0.019002621651955796 0.023542270928558425 0.0050812753135679699 0.0097709369275033424 -0.00035934985229292782
leaf_weight=562.35529099404812 790.44139240682125 164.40437360107899 193.04241827130318 154.51487652957439 2076.8822898715734 4687.3701724112034 5798.0374676883221 155.535978987813 2863.2441083341837 111.88518378138542 145.45483064651489 364.81566600501537 668.08815552294254 33567.54633615911
leaf_count=2581 3434 696 820 669 9823 21449 26524 682 13227 510 615 1620 3006 151136
internal_value=-8.92739e-05 0.0050709 0.0113304 0.0050013 -0.000222016 -0.000470716 -0.00293579 0.00212921 0.000942966 -0.00151218 0.00622439 0.0118434 0.00400389 3.73623e-05
internal_weight=52303.6 1302.4 511.962 347.557 51001.2 46129.8 7874.92 4871.38 4351.03 2975.13 1375.9 520.352 1230.44 38254.9
internal_count=236792 5619 2185 1489 231173 208932 36347 22241 19939 13737 6202 2302 5587 172585
is_linear=0
shrinkage=0.03


Tree=105
num_leaves=15
num_cat=1
split_feature=40 9 1 38 39 38 16 30 46 1 29 39 38 40
split_gain=42.6486 68.0831 76.6146 74.6959 66.6264 57.9885 52.056 48.7226 48.6463 44.0178 41.3163 36.9198 68.1147 67.8071
threshold=1.6877905140902369 0.69439547738323248 0.0072987108575695153 0.2459316174710536 1.3880421456012877 2.6300836929250067 0.4836015295192681 3.5000000000000004 0 0.01112116689123868 13.000000000000002 -1.1924373062288918 0.22856875432631904 -1.2203586521697785
decision_type=8 8 10 8 8 10 8 2 1 10 2 10 10 10
left_child=11 2 -2 7 9 8 -4 -3 -6 -5 -7 12 -1 -13
right_child=1 3 6 4 5 10 -8 -9 -10 -11 -12 13 -14 -15
leaf_value=0.0010324569503077261 0.029996373102445795 -0.00060621888320109879 -0.0054891346412964557 0.014692663161671213 -0.014350957969468878 -0.0022274743883643196 0.011873358469648349 0.021442803969372013 -0.0025330775385416825 -0.0030209195273163858 0.018914998559227833 -0.0071241998802797444 0.012434741451724098 -0.00027219268685847194
leaf_weight=4411.2853995710611 141.89876556396484 144.45588634908199 222.26314108073711 323.50201892852783 475.98674593865871 184.15156877040863 471.82688972353935 227.78369750082493 907.64331029355526 198.44884605705738 138.99240927398205 1330.857516720891 518.29759596288204 42509.452342554927
leaf_count=20199 596 620 967 1363 2140 788 2042 983 4020 858 596 6154 2283 192739
internal_value=2.30556e-05 0.00324805 0.0106413 0.000840106 -0.00125591 -0.00412515 0.0063145 0.0130942 -0.00679354 0.00802767 0.00716124 -0.000204838 0.00225404 -0.000481776
internal_weight=52206.8 3436.95 835.989 2600.96 2228.72 1706.77 694.09 372.24 1383.63 521.951 323.144 48769.9 4929.58 43840.3
internal_count=236348 14973 3605 11368 9765 7544 3009 1603 6160 2221 1384 221375 22482 198893
cat_boundaries=0 1
cat_threshold=780
is_linear=0
shrinkage=0.03


Tree=106
num_leaves=15
num_cat=0
split_feature=39 39 38 14 40 39 38 2 37 11 30 38 40 30
split_gain=41.5729 74.7557 76.7923 77.1394 72.4153 70.3191 69.3472 67.6516 67.6452 66.3739 75.7638 63.525 57.7183 52.5818
threshold=-1.1924373062288918 -0.57872202016650387 -0.82475024927459251 0.76616915422885634 -1.7980471760198522 -1.9798366764277011 -0.1808905395500216 1.1439886262451275 -0.17709436821641336 -0.95643677627493395 3.5000000000000004 0.55256959153136886 0.16895596382351688 2.5000000000000004
decision_type=10 10 10 8 8 8 8 10 10 8 2 10 10 2
left_child=4 2 -2 7 8 -6 -7 11 9 10 -1 12 -4 -3
right_child=1 13 3 -5 5 6 -8 -9 -10 -11 -12 -13 -14 -15
leaf_value=-0.01885980807366416 -0.0078050022315594133 -0.000982218447019601 -0.0017474289102200752 -0.0084504895558872844 0.022868693876852777 0.00088938021798841882 0.0097097139269521158 0.0072306449821050922 -0.022239499392737359 0.0062881122556864713 0.0057367881220654277 0.0096763356499659486 -0.018370514406912633 0.0012370289371403118
leaf_weight=277.50007365643978 2094.2427880614996 16656.642995744944 3195.7551610320807 1050.7105572968721 170.57574006915092 2551.45426389575 1161.7258811444044 1038.0764263868332 148.5674341917038 510.74437648057938 179.19396266341209 407.10308873653412 190.00345183908939 22681.197148233652
leaf_count=1283 9940 75200 14702 4787 720 11697 5083 4677 776 2374 838 1859 884 102035
internal_value=3.52903e-05 -0.000239826 -0.0028862 -0.00112451 0.00263405 0.00456751 0.00366763 0.000483027 -0.00407528 -0.00108685 -0.00929266 -0.0013779 -0.00273164 0.000297332
internal_weight=52313.5 47313.7 7975.89 5881.65 4999.76 3883.76 3713.18 4830.94 1116.01 967.438 456.694 3792.86 3385.76 39337.8
internal_count=236855 214084 36849 26909 22771 17500 16780 22122 5271 4495 2121 17445 15586 177235
is_linear=0
shrinkage=0.03


Tree=107
num_leaves=15
num_cat=0
split_feature=25 40 37 39 37 1 40 37 40 20 45 12 9 1
split_gain=42.0862 52.3645 83.3799 70.6146 89.3352 53.4292 40.8272 54.4749 53.5209 49.8198 46.2911 53.3991 56.013 46.1681
threshold=0.043567585051745676 -1.5774181993146279 -1.0413363186295836 -1.1737838742515134 -1.1434865799866025 0.0056033301392984227 -0.63477151805630216 -1.7842672868464209 -0.38838819475373582 -1.0437411010778932 1.1817416627009154 0.010463117994834964 0.38405678954996098 0.016500568549133499
decision_type=10 10 8 10 10 10 10 10 8 10 8 2 10 10
left_child=1 2 -1 4 -3 -6 -5 -8 9 -9 11 -11 -13 -12
right_child=-2 3 -4 6 5 -7 7 8 -10 10 13 12 -14 -15
leaf_value=0.0041959116429494759 0.00074654530083188993 -0.006161157524335493 -0.014830369995532855 -0.0040065220945744639 0.029045945865000099 0.0071139458775809827 -0.021846123047047 -0.013499240946396575 -0.0010340768342924579 -0.0023355625117942821 -0.011466639345070471 0.012586379499788393 -0.0061575244977159502 0.0069585610521228063
leaf_weight=316.11898195743561 23514.701793149114 467.07467867434025 572.6389586776495 3784.1748554259539 100.80705964565277 1218.3828688710928 98.501165673136711 131.17705941200256 19962.892398446798 394.35370521247387 263.74059116840363 1117.8007912188768 158.2962561994791 212.38764490187168
leaf_count=1487 105362 2173 2801 17581 436 5377 518 621 90734 1803 1243 5062 705 972
internal_value=-0.000194953 -0.000963706 -0.00809159 -0.000733907 0.00502031 0.00899581 -0.00112914 -0.000640148 -0.000536453 0.00381032 0.00492579 0.00726844 0.0102315 -0.00327359
internal_weight=52313 28798.3 888.758 27909.6 1786.26 1319.19 26123.3 22339.1 22240.6 2277.76 2146.58 1670.45 1276.1 476.128
internal_count=236875 131513 4288 127225 7986 5813 119239 101658 101140 10406 9785 7570 5767 2215
is_linear=0
shrinkage=0.03


Tree=108
num_leaves=15
num_cat=3
split_feature=43 12 39 11 46 16 18 39 46 12 10 46 39 19
split_gain=40.2912 38.9006 60.9749 56.4142 53.9336 45.4413 37.1521 36.0606 49.6622 66.8188 39.266 46.7473 38.4187 35.806
threshold=0.41428571428571431 0.022618699530480089 -1.800661752700941 2.1629152527826032 0 0.85193171102970255 2.3507708456318022 0.85988707139511911 1 0.034830153357296813 -1.7490870704420647 2 1.6790321115584235 -6.277558930922158
decision_type=10 2 8 8 1 8 2 8 1 2 8 1 8 2
left_child=1 2 -1 4 -4 -5 7 10 12 -10 -3 -12 -9 -2
right_child=13 6 3 5 -6 -7 -8 8 9 -11 11 -13 -14 -15
leaf_value=0.018286664662465722 0.0053440172621261285 0.012224397252717331 -0.0041575303341339978 -0.0013703588402936946 -0.00031046074811285062 -0.022330685300313478 -0.015449367032475982 0.0084602173250056013 0.0075205375100629562 -0.017533010005891671 -0.0050659399818757962 0.0018433827229156585 0.030332702066171828 0.00045083014394630208
leaf_weight=124.19985510408878 1397.2255751788616 231.15633407235146 5168.7518013864756 164.17097173631191 8939.1850305944681 209.26712308824062 108.7298396974802 216.42380805313587 350.45736540853977 120.51511716842651 1237.8351283371449 2924.4906143695116 108.4495742470026 30973.843973264098
leaf_count=540 6407 1034 24045 759 40534 944 488 944 1555 526 5631 13239 480 139603
internal_value=1.06001e-05 -0.00105126 -0.00184973 -0.00203493 -0.00172503 -0.0133922 0.00114927 0.0015261 0.00735997 0.000860558 0.000455026 -0.000226323 0.0159725 0.000663619
internal_weight=52274.7 19903.6 14605.6 14481.4 14107.9 373.438 5298.06 5189.33 795.846 470.972 4393.48 4162.33 324.873 32371.1
internal_count=236729 90719 66822 66282 64579 1703 23897 23409 3505 2081 19904 18870 1424 146010
cat_boundaries=0 1 2 3
cat_threshold=680 306 51
is_linear=0
shrinkage=0.03


Tree=109
num_leaves=15
num_cat=0
split_feature=36 12 36 1 30 30 41 2 38 38 33 44 20 1
split_gain=35.8969 51.1289 59.5759 49.0284 64.3807 102.126 149.299 89.311 80.4758 78.972 69.8356 57.1465 46.4708 52.4144
threshold=-0.31063366253488506 0.02701025643148347 -1.2916645236870627 0.0059077594814355662 4.5000000000000009 3.5000000000000004 0.8500000000000002 0.84581201934119499 -1.1179187932639267 2.6300836929250067 -0.014103996575858457 -0.018754757449284339 1.0817943667961867 0.038316930863740439
decision_type=10 2 10 10 2 2 2 10 10 10 10 10 10 10
left_child=1 2 -1 -2 5 6 10 -8 -6 -7 -5 -10 13 -12
right_child=3 -3 -4 4 8 9 7 -9 11 -11 12 -13 -14 -15
leaf_value=-0.0037502261908671872 0.0027121785034627736 0.004066526437582518 0.0012262672227433718 -0.0022971111069655932 -0.014915546540594958 0.0033415990911530614 -0.010166403821616106 -0.0021190307846765694 -0.0064538714409012182 0.029944570209270407 0.0026595037198407405 -0.0010568962869985251 -0.0053816479010816865 0.01974303592373752
leaf_weight=2755.5016117542982 3568.8147363513708 3905.5577695816755 9961.5725409388542 4530.7038013786077 474.12506507337093 4379.3187972903252 2091.7347158044577 3048.4334579408169 2325.6437049359083 93.011336639523506 7098.7452905625105 7259.3872383236885 630.59428268671036 155.73043783009052
leaf_count=13042 15852 17052 45048 20699 2307 19394 9696 13714 10817 388 31704 33571 2786 683
internal_value=-8.20152e-05 0.00106894 0.000145875 -0.00061873 -0.000989928 -8.15047e-05 -0.00111285 -0.0054072 -0.0029772 0.00396043 0.000667951 -0.00237174 0.00237241 0.00305291
internal_weight=52278.9 16622.6 12717.1 35656.2 32087.4 22028.3 17555.9 5140.17 10059.2 4472.33 12415.8 9585.03 7885.07 7254.48
internal_count=236753 75142 58090 161611 145759 99064 79282 23410 46695 19782 55872 44388 35173 32387
is_linear=0
shrinkage=0.03


Tree=110
num_leaves=15
num_cat=0
split_feature=31 38 36 1 38 39 11 11 40 35 40 38 20 11
split_gain=34.1848 42.4204 35.6573 62.0212 91.8681 80.1226 78.0212 71.331 59.7644 81.4075 62.775 59.8639 59.6531 64.7242
threshold=2.8312508026343428 0.41405233559585758 -0.29462575012190995 0.013457757958961888 -0.18898188143061143 -1.8876272350736987 2.8135121707842776 2.2461601617586591 1.3536161207558146 -0.60493196807214211 -0.052694671325560848 0.82627899223111456 0.10735726338218522 0.84811146747518806
decision_type=10 10 10 10 10 10 10 8 10 10 10 10 10 8
left_child=2 -2 8 4 5 -4 12 -6 10 -10 -1 -12 -5 -14
right_child=1 -3 3 6 7 -7 -8 -9 9 -11 11 -13 13 -15
leaf_value=0.0020364390559490832 -0.0033964088070096701 0.015618320858989228 0.02404683508353898 -0.0006045685077468399 0.001624208382890421 -0.0035938766124147818 0.018496439248468392 -0.009954066466983616 0.016645271941615202 -0.00069849154950077375 -0.0028367960895014496 0.0067905795690127672 -0.0076143783608026505 -0.0011478816757836392
leaf_weight=9910.6333788335323 167.81215839087963 261.51442570984364 86.16652549803257 5858.4484913945198 16972.548395082355 5482.2411478757858 148.03697736561298 482.91589112579823 490.81349970400333 472.67926520109177 5494.1389912068844 640.37379471957684 3324.2824545204639 2399.7895300835371
leaf_count=45083 728 1114 381 26876 75956 25444 673 2177 2059 2061 24837 2836 15265 10883
internal_value=-5.5321e-05 0.00827784 -0.000126022 -0.000676803 0.000227957 -0.00312382 -0.00245128 0.00129837 0.000999145 0.00821684 0.000560883 -0.00182239 -0.00273474 -0.00491006
internal_weight=52192.4 429.327 51763.1 34754.4 23023.9 5568.41 11730.6 17455.5 17008.6 963.493 16045.1 6134.51 11582.5 5724.07
internal_count=236373 1842 234531 157655 103958 25825 53697 78133 76876 4120 72756 27673 53024 26148
is_linear=0
shrinkage=0.03


Tree=111
num_leaves=15
num_cat=1
split_feature=44 45 12 45 46 1 39 39 19 38 20 11 30 1
split_gain=35.9615 56.6701 47.0422 48.0708 62.3541 54.4098 70.1614 69.0258 43.2352 41.3323 42.6401 64.8636 63.6645 90.0128
threshold=0.01745998889324438 0.78084893469765004 0.03294658031181457 1.1986765600347253 0 0.014742010012146279 0.45834371885149988 -1.0715049215149421 -0.74124797776664109 -2.6119452810248469 0.73495337656021886 2.0273698035533445 2.5000000000000004 0.0056753136967946172
decision_type=8 10 2 10 1 10 10 10 2 8 10 10 2 10
left_child=2 8 3 9 -5 6 -6 -7 -2 -1 -11 12 -12 -14
right_child=1 -3 -4 4 5 7 -8 -9 -10 10 11 -13 13 -15
leaf_value=-0.018208419620821859 0.00059654833158228682 0.00023283299076178282 0.0028124542653580635 -0.012265690989652422 -0.0027278247999983998 0.010380620644603005 0.0065142350609588388 -0.0077565062783707967 0.0084774255036688412 0.00015670148224545858 -0.0068200771662807651 -0.017290891696841306 0.015228905644823956 -0.0013632773188857893
leaf_weight=106.36025394499302 1060.1481371819973 8999.1185265928507 3450.0126341730356 603.1371531188488 2428.5989605486393 200.58565725386143 1050.880873516202 1927.5439314246178 1527.41407802701 26569.537934958935 1570.5225221961737 259.9766434431076 329.63286972045898 2194.4595848917961
leaf_count=545 4883 40356 15084 2896 11470 927 4740 9020 6682 120893 7101 1179 1380 9641
internal_value=-0.000113998 0.00135981 -0.000533891 -0.000844567 -0.00325154 -0.00223608 7.41534e-05 -0.00600645 0.00526328 -0.00036192 -0.000294672 -0.00304278 -0.00209821 0.000855118
internal_weight=52277.9 11586.7 40691.2 37241.2 6210.75 5607.61 3479.48 2128.13 2587.56 31030.5 30924.1 4354.59 4094.61 2524.09
internal_count=236797 51921 184876 169792 29053 26157 16210 9947 11565 140739 140194 19301 18122 11021
cat_boundaries=0 1
cat_threshold=515
is_linear=0
shrinkage=0.03


Tree=112
num_leaves=15
num_cat=0
split_feature=32 38 39 0 7 33 30 15 30 39 41 11 36 34
split_gain=38.9654 50.1395 51.7076 85.7603 81.0262 47.2295 42.9126 79.0262 73.3615 128.53 123.804 87.9397 82.8587 79.178
threshold=-0.8898488632300442 -2.6119452810248469 -1.8876272350736987 0.010996838162313515 -0.99381412563679072 -1.8374939095318934 4.5000000000000009 0.17081574745190239 3.5000000000000004 0.44878496936625373 0.8500000000000002 1.483218987472857 -0.54890577809827168 1.1829359318284294
decision_type=10 10 10 10 10 8 2 10 2 10 2 10 10 10
left_child=5 -2 3 -3 -5 -1 8 -8 10 11 -4 13 -12 -10
right_child=1 2 6 4 -6 -7 7 -9 9 -11 12 -13 -14 -15
leaf_value=-0.0036860112081192422 -0.015001983341007814 0.023772701156547213 0.00060954047695797409 0.011427170522070512 -0.019587796674600238 0.0032365733821875403 -0.0087532213238229618 -0.0010837209353257461 -0.0025061672163455952 0.0085090672243314618 0.0090536718950013379 0.018705836005465087 -0.0052402462250668623 0.012914093419637864
leaf_weight=1052.8382302969694 200.39639431238174 201.78346407413483 19284.415673717856 176.47409203648567 117.78559044003487 5384.7907882779837 1335.4586446136236 11982.43422074616 3596.7316025495529 2398.9281510263681 381.30531620979309 199.83883862197399 5625.6016248166561 316.91665564477444
leaf_count=4823 969 864 86908 772 541 24123 6452 55059 16390 10262 1691 890 25600 1374
internal_value=-8.31745e-05 -0.000390376 -0.000322914 0.00921364 -0.00122319 0.00210046 -0.000429772 -0.00185877 0.000169023 0.0030059 -0.00056236 -0.000216329 -0.00431936 -0.00122775
internal_weight=52255.7 45818.1 45617.7 496.043 294.26 6437.63 45121.6 13317.9 31803.7 6512.42 25291.3 4113.49 6006.91 3913.65
internal_count=236718 207772 206803 2177 1313 28946 204626 61511 143115 28916 114199 18654 27291 17764
is_linear=0
shrinkage=0.03


Tree=113
num_leaves=15
num_cat=0
split_feature=24 36 40 39 24 1 8 30 11 37 40 40 35 40
split_gain=38.5345 41.0651 52.83 49.2299 41.0898 40.6598 47.0601 42.1427 35.4283 34.7613 34.2596 33.9986 46.4063 46.03
threshold=0.0072219952095138049 -0.2038565316918983 -1.6300809730482866 -1.6785484084443045 -0.012160736227353806 0.011881313641267046 -1.2806644818030086 4.5000000000000009 -1.5352281212920271 -1.6711359168606357 2.6697597452823971 1.0903140207632169 -0.92017951371476847 0.4349154091292417
decision_type=8 10 10 10 10 10 8 2 10 10 10 10 10 10
left_child=1 4 -3 -4 -1 6 8 -7 -2 -5 -11 13 -13 -6
right_child=5 2 3 9 11 7 -8 -9 -10 10 -12 12 -14 -15
leaf_value=-0.0010673732317124042 0.011522919557385606 -0.014788282105636942 0.017726554292845687 -0.014108214782977146 0.002473048931961049 0.00092541974145932419 0.0028572997737266025 -0.0038281475149769765 -0.0085739258122644185 -0.0011528380837486445 -0.012793944825062929 0.020153658559489192 0.0035335523285453638 -0.0042399811832464964
leaf_weight=6941.2894890159369 83.675610542297363 255.59545022249222 111.52014748752117 182.84510573744774 5979.7573252767324 5702.2059776037931 9904.0065081715584 2367.1863948255777 525.6243080496788 18069.137409120798 220.55672474205494 199.33989661931992 565.83024124801159 1076.5866038948298
leaf_count=31713 394 1300 474 907 27052 25621 44186 10985 2523 82128 975 839 2494 4855
internal_value=3.36024e-05 -0.000572597 -0.00150063 -0.00131002 0.00061193 0.00112949 0.00235803 -0.000472069 -0.00567251 -0.00143448 -0.00130013 0.00210171 0.00806751 0.00144429
internal_weight=52185.2 33602.5 18839.7 18584.1 14762.8 18582.7 10513.3 8069.39 609.3 18472.5 18289.7 7821.51 765.17 7056.34
internal_count=236446 152737 85784 84484 66953 83709 47103 36606 2917 84010 83103 35240 3333 31907
is_linear=0
shrinkage=0.03


Tree=114
num_leaves=15
num_cat=0
split_feature=31 32 33 34 40 39 37 30 37 30 36 39 30 41
split_gain=38.1011 34.9099 56.8539 46.6011 54.2768 80.6616 61.646 54.8652 52.003 50.0713 44.1713 40.6855 37.878 56.9171
threshold=2.8312508026343428 -0.43732740661758412 -0.86530924057212777 -0.44035565091588397 -1.5774181993146279 -1.6001727728724755 -1.0413363186295836 2.5000000000000004 -1.8421263120617273 4.5000000000000009 -2.3056560012434288 -1.5585904611181951 5.5000000000000009 0.65000000000000002
decision_type=10 10 8 10 10 10 10 2 10 2 10 8 2 2
left_child=1 2 -1 10 6 9 7 -5 -7 -6 11 -3 -10 -14
right_child=-2 3 -4 4 5 8 -8 -9 12 -11 -12 -13 13 -15
leaf_value=-0.001691308349927195 0.0088919053846179211 0.0074355093417019357 0.0025442399186517166 -0.01636468873007358 0.02336024715164282 -0.013919397913465029 -0.016785865588126857 0.010338549830228031 -0.00043159350965493086 -0.0019714919260006396 0.002292260406690989 -0.016199936584731827 -0.0062505107053674007 0.00036516070600132317
leaf_weight=4138.3786157220602 417.16865827143192 86.113144516944885 9127.1517717540264 95.086890026926994 189.36553025245667 267.82140721380711 399.69601200520992 193.24582476913929 26091.305198565125 106.16111618280411 6232.6098916828632 211.88046534359455 2653.9138555079699 2085.746767282486
leaf_count=18777 1788 392 41092 440 814 1367 2009 905 117615 474 28214 1013 12405 9621
internal_value=-3.10861e-05 -0.000104538 0.00122262 -0.000560683 -0.00103094 -0.000846686 -0.00930556 0.00127895 -0.000997075 0.0144937 0.00174753 -0.00935019 -0.000880345 -0.00334456
internal_weight=52295.6 51878.5 13265.5 38612.9 32082.3 31394.3 688.029 288.333 31098.8 295.527 6530.6 297.994 30831 4739.66
internal_count=236926 235138 59869 175269 145650 142296 3354 1345 141008 1288 29619 1405 139641 22026
is_linear=0
shrinkage=0.03


Tree=115
num_leaves=15
num_cat=0
split_feature=38 40 0 44 39 40 40 1 39 39 36 38 38 39
split_gain=40.9881 39.7209 52.0164 37.3068 41.4121 31.9767 49.0435 77.4358 52.936 61.6689 51.8252 38.5999 37.7905 34.7442
threshold=2.4326689520438873 2.8855249337096849 0.0076971239072775753 -0.13749750835241922 2.1324168955337464 2.5463137433785379 1.7258651639187355 0.006946261941516237 1.1672008633511177 0.758767869929445 -0.6926889290061885 0.87429724250889185 0.28241690535432373 1.1672008633511177
decision_type=8 10 10 10 10 10 10 8 8 10 10 10 10 10
left_child=3 2 -2 -1 5 6 13 -8 9 -9 -10 -11 -12 -5
right_child=1 -3 -4 4 -6 -7 7 8 10 11 12 -13 -14 -15
leaf_value=0.011357665085304945 -0.0055336472925044244 -0.009420544131790878 0.012904051273330309 -0.00031505171543977448 -0.0061432972524783601 -0.010205882654580171 0.020380075532720091 -0.0038820862066276086 0.018822988013116233 0.030766522374843897 0.0076257490633669794 0.0069476549021498992 -0.0058696110062778891 0.0023645509558629469
leaf_weight=249.85717217624187 170.59473823010921 115.14251168072224 612.75168953835964 43211.575901940465 970.78503239154816 260.4830664396286 243.3435360044241 142.6529693454504 99.632558211684227 135.841123893857 231.864874958992 118.36221817135811 818.0397160500288 4832.9375583082438
leaf_count=1078 727 494 2623 196995 4527 1152 1007 616 407 578 992 507 3598 21263
internal_value=0.000131259 0.00644781 0.00886961 1.94265e-05 -3.8263e-05 8.12489e-05 0.000137056 0.00499914 0.00246337 0.0117639 -0.00082124 0.0203587 -0.00284542 -4.50667e-05
internal_weight=52213.9 898.489 783.346 51315.4 51065.5 50094.7 49834.3 1789.74 1546.39 396.856 1149.54 254.203 1049.9 48044.5
internal_count=236564 3844 3350 232720 231642 227115 225963 7705 6698 1701 4997 1085 4590 218258
is_linear=0
shrinkage=0.03


Tree=116
num_leaves=15
num_cat=0
split_feature=20 30 39 39 11 1 40 40 39 37 30 30 30 38
split_gain=41.8976 41.4854 35.4078 54.4979 93.6796 90.1243 68.9721 85.2574 88.8206 75.7573 76.4608 70.3899 85.2372 83.5682
threshold=-1.3220501681621062 1.5000000000000002 2.0637555910113634 1.1672008633511177 1.5412844251171343 0.0059077594814355662 1.6877905140902369 0.51990211827113264 0.56764800424328044 1.4156521236051713 4.5000000000000009 4.5000000000000009 2.5000000000000004 -0.6506851654062471
decision_type=8 2 10 8 10 8 10 10 10 10 2 2 2 10
left_child=1 -1 3 6 5 -5 7 8 -2 10 -8 12 13 -10
right_child=2 -3 -4 4 -6 -7 9 -9 11 -11 -12 -13 -14 -15
leaf_value=0.00423913293416797 -3.8608366918864434e-06 -0.0097825700767853255 -0.004455421962149422 0.016705135126399456 -0.0047922266329680687 0.0032999021528331098 0.021353719771636259 -0.0028056510382511437 0.017312671460836294 -0.011101222491360587 -0.0021440923668919545 -0.0022471098765771517 0.01512449994170985 -0.00088072439043886998
leaf_weight=251.61857184767723 30533.778473392129 708.40740875899792 1424.2375473976135 488.54561519622803 1169.6222860664129 4891.7819995284081 383.94779327511787 8999.3177601397038 282.082643404603 126.05860459804535 179.81738273799419 794.38269533216953 910.56612126529217 1019.4102660417557
leaf_count=1185 139565 3440 6543 2047 5211 21365 1623 40807 1220 529 779 3577 3915 4565
internal_value=7.489e-05 -0.00610173 0.000191866 0.000325697 0.0028736 0.00454586 -6.09262e-05 -0.000214556 0.000481301 0.00928069 0.0139522 0.00539234 0.00813354 0.00316441
internal_weight=52163.6 960.026 51203.5 49779.3 6549.95 5380.33 43229.4 42539.5 33540.2 689.824 563.765 3006.44 2212.06 1301.49
internal_count=236371 4625 231746 225203 28623 23412 196580 193649 152842 2931 2402 13277 9700 5785
is_linear=0
shrinkage=0.03


Tree=117
num_leaves=15
num_cat=0
split_feature=43 44 45 45 24 38 10 30 12 40 10 30 9 2
split_gain=36.2169 39.3503 55.3099 42.9724 37.2576 35.4972 37.0331 34.284 33.0634 32.9342 45.7126 29.7862 46.5572 36.5601
threshold=0.41428571428571431 0.0065389255936479434 1.0522879818176751 1.1421897047442351 0.0070207771511059123 -1.4990529980008322 -1.4474350964946432 3.5000000000000004 0.029664242325930779 -0.84977074760614879 -0.8087283638101801 2.5000000000000004 1.5931314404570556 1.0909055291616996
decision_type=8 8 10 10 10 10 10 2 2 10 10 2 10 10
left_child=-1 4 5 -4 -2 8 7 -7 -3 10 -8 12 13 -5
right_child=1 2 3 11 -6 6 9 -9 -10 -11 -12 -13 -14 -15
leaf_value=-0.0010353808409883463 -0.0013983077583603527 -0.0064233768482580642 -0.0039343971237831227 -0.0036071950790402792 0.0015648116814048357 0.021245020788247367 0.0068953064932071716 0.00065337083688288972 0.0080274116769376638 0.004115930778875807 -0.0054353204769752219 0.0034462242902635804 -0.013573118505609716 0.005945591839189795
leaf_weight=19706.41594235599 11316.420324161649 586.18255339562893 2133.6012651771307 864.963902130723 5752.3107811510563 191.99512611329556 399.0140506029129 114.76569810509682 177.98812332749367 6961.1467664390802 790.44439472258091 2407.6680438816547 244.15117363631725 603.34901259839535
leaf_count=89950 51439 2844 9601 3952 25931 837 1771 514 782 30885 3587 10839 1112 2706
internal_value=-2.06865e-05 0.000593872 0.00168895 -0.000488689 -0.000399379 0.00316468 0.00372433 0.0138051 -0.00299733 0.00332847 -0.0012759 0.00130087 -0.00171793 0.000331836
internal_weight=52250.4 32544 15475.3 6253.73 17068.7 9221.54 8457.37 306.761 764.171 8150.61 1189.46 4120.13 1712.46 1468.31
internal_count=236750 146800 69430 28210 77370 41220 37594 1351 3626 36243 5358 18609 7770 6658
is_linear=0
shrinkage=0.03


Tree=118
num_leaves=15
num_cat=0
split_feature=30 8 34 0 10 30 41 35 35 15 19 27 35 39
split_gain=32.2517 93.6583 54.1784 56.9763 51.1105 43.355 91.0389 127.4 90.2946 65.6971 67.4553 61.082 59.8594 92.9969
threshold=5.5000000000000009 -0.18214474043600473 -0.79634917510933778 0.0083572916286836756 -1.8099195294700907 3.5000000000000004 0.65000000000000002 -1.1768542058331051 0.3776549698963923 0.44803353554127839 -4.9718587207473819 0.14159292035398216 0.80763311527359283 -0.57872202016650387
decision_type=2 10 10 10 8 2 2 10 8 10 2 10 10 10
left_child=5 4 -3 -4 -2 6 8 -8 11 10 -7 -1 -9 -14
right_child=1 2 3 -5 -6 9 7 12 -10 -11 -12 -13 13 -15
leaf_value=-0.0029692496745226207 0.013449444997557668 0.012811810675058656 0.0029675496562683889 -0.003985625483149997 -0.0071048797589860898 0.0041021552175885398 0.025257904525709904 -0.0048644698285652014 0.0043662894796082799 0.0033520129453611688 -0.0025761104676228874 0.0010504426874536155 -0.016967680090739266 0.0012251872289754848
leaf_weight=5206.6399441957474 104.59455075860023 302.2756709754467 2369.3562389612198 1903.7399843782187 2618.0019693374634 1904.9147343039513 134.90682648122311 6313.8461339324713 4827.413571447134 8387.8735736012459 4698.9083791971207 9772.8459912091494 262.50670477747917 3500.479485437274
leaf_count=23621 491 1332 10862 8765 12361 8837 580 28822 21310 37123 21783 44352 1216 15578
internal_value=-2.55811e-05 -0.00187414 0.000748952 -0.000132286 -0.00626891 0.000274494 -0.000383519 -0.002683 0.000802767 0.00159145 -0.000646433 -0.00034779 -0.00308174 -8.55587e-05
internal_weight=52308.3 7297.97 4575.37 4273.1 2722.6 45010.3 30018.6 10211.7 19806.9 14991.7 6603.82 14979.5 10076.8 3762.99
internal_count=237033 33811 20959 19627 12852 203222 135479 46196 89283 67743 30620 67973 45616 16794
is_linear=0
shrinkage=0.03


Tree=119
num_leaves=15
num_cat=1
split_feature=32 38 39 0 7 33 34 34 10 20 36 16 11 46
split_gain=33.5346 49.6621 53.1874 49.6907 64.0487 44.0188 38.2027 50.7182 63.3914 63.3181 42.9656 58.7689 51.6276 46.6863
threshold=-0.43732740661758412 -2.6119452810248469 -1.8876272350736987 0.010996838162313515 -0.90854039158725497 0.78246443786973063 -0.44035565091588397 0.49425687926273049 -0.89675443503293817 0.19229278127073171 0.5978224930851358 0.50467368434309867 -0.77429459751051299 0
decision_type=10 10 10 10 10 10 10 10 8 10 10 8 10 1
left_child=5 -2 3 -3 -5 -1 -4 10 9 -9 11 -8 13 -13
right_child=1 2 6 4 -6 -7 7 8 -10 -11 -12 12 -14 -15
leaf_value=0.00078650698976182097 -0.016595167859986867 0.022988962682440224 0.0016779963976395757 0.014007326143837626 -0.01742753767433056 0.0067342676973460303 -0.0039918240953801037 0.0081188805872913928 -0.00015532672859349392 -0.013898167286219437 0.0014252213028107584 0.024941889472670967 -0.00091045582348929326 -0.00090388646875384608
leaf_weight=12042.813695192337 159.77999657392502 158.18371139466763 6352.3800817579031 133.82138194143772 88.189317509531975 1225.2145913690329 9215.7333203852177 1428.267182096839 10101.325759187341 119.00199411809444 3196.3551779389381 114.64635662734509 7802.79781255126 124.25015695393085
leaf_count=54513 785 678 28799 583 413 5372 43031 6374 44957 542 14476 524 35257 569
internal_value=3.81998e-05 -0.000405107 -0.00033424 0.0106863 0.0013075 0.0013404 -0.000445948 -0.000866623 0.000713094 0.00634715 -0.00176619 -0.00235778 -0.000482539 0.012969
internal_weight=52262.8 38994.7 38835 380.194 222.011 13268 38454.8 32102.4 11648.6 1547.27 20453.8 17257.4 8041.69 238.897
internal_count=236873 176988 176203 1674 996 59885 174529 145730 51873 6916 93857 79381 36350 1093
cat_boundaries=0 1
cat_threshold=804
is_linear=0
shrinkage=0.03


Tree=120
num_leaves=15
num_cat=1
split_feature=43 2 0 46 10 11 40 30 40 35 40 35 2 40
split_gain=31.5453 54.2889 45.9946 40.3874 35.2479 73.3517 118.612 61.5789 46.3136 64.3412 45.7561 58.1505 55.7218 43.5368
threshold=0.95000000000000007 0.36034622516300313 0.0074479310605302046 0 -0.8087283638101801 -0.61532360625239468 -1.7980471760198522 3.5000000000000004 0.20397681079543831 0.42001395281416648 0.16895596382351688 -1.3730688873722234 0.66406902155295833 -0.59705149268482616
decision_type=10 8 10 1 8 10 10 2 10 10 10 10 10 10
left_child=1 -1 3 -2 5 6 7 -3 -7 -10 11 -8 -13 -6
right_child=2 4 -4 -5 13 8 10 -9 9 -11 -12 12 -14 -15
leaf_value=-0.007023545682269882 0.019470217804052257 -0.016454702221467089 0.00074627432465617846 0.0046395929239847001 -0.0029350942039847211 -0.00027920958459240014 -0.0025294306459312482 0.0023729131508964342 -0.015093447279352091 0.0041592494183014484 -0.00067614485473272313 0.0017372888495858125 0.0094886575598705294 -6.4956521418029717e-05
leaf_weight=1026.8975524455309 185.00774689018726 375.81299796700478 4991.3190445303917 1053.6529574394226 5665.6836498230696 2838.6943175643682 619.64680106937885 259.08330704271793 469.89031814038754 226.25555954873562 1143.3402637690306 1170.7257040739059 2943.2306188493967 29375.44826079905
leaf_count=4945 846 1754 22310 4748 26217 13002 2891 1238 2212 1018 5254 5410 13104 132270
internal_value=3.41936e-05 -0.000236641 0.0020361 0.00718599 -8.05432e-05 0.00148509 0.00337191 -0.00885402 -0.00199048 -0.00886581 0.00470549 0.00600405 0.00729238 -0.000529724
internal_weight=52344.7 46114.7 6229.98 1238.66 45087.8 10046.7 6511.84 634.896 3534.84 696.146 5876.94 4733.6 4113.96 35041.1
internal_count=237219 209315 27904 5594 204370 45883 29651 2992 16232 3230 26659 21405 18514 158487
cat_boundaries=0 1
cat_threshold=448
is_linear=0
shrinkage=0.03


Tree=121
num_leaves=15
num_cat=0
split_feature=40 40 9 38 30 1 12 27 19 11 1 38 20 30
split_gain=37.8659 58.6252 55.0027 59.1768 82.3881 54.4197 89.2546 48.2529 44.5409 65.5162 64.9642 54.7573 52.0598 88.2134
threshold=1.6877905140902369 0.41208371036096603 0.71866489270552603 0.26482985361946587 2.5000000000000004 0.0072987108575695153 0.022475213605457348 0.12068965517242322 0.7434156670565516 1.3571613783092673 0.010421020161835493 -1.00179105370844 0.12498583442795887 3.5000000000000004
decision_type=8 10 8 8 2 10 2 10 2 10 10 10 10 2
left_child=1 7 5 4 -4 -2 -7 -1 11 -10 -11 -3 -13 -14
right_child=2 8 3 -5 -6 6 -8 -9 9 10 -12 12 13 -15
leaf_value=-0.0012405164981436256 0.025860494995376734 -0.019497939680882426 -0.011994571926813198 -0.0010475433517805341 0.018856172186647747 -0.0032982325097767537 0.017782895555883155 0.0012989263978376085 0.00079728452258766844 -0.010888146243950982 -0.0009923026493781858 -0.00075213572343420514 -0.012765260038954932 0.00038989508464238123
leaf_weight=9337.1225792318583 144.61406295001507 188.02390874922276 95.854675889015198 2165.1396868079901 305.03881207108498 401.9347883015871 314.68870487809181 24087.481500700116 7903.7633458673954 951.49769899249077 1581.1518417447805 2778.0086405575275 1077.8350304067135 792.31641460955143
leaf_count=42603 602 896 423 9504 1301 1742 1359 109850 35119 4235 7156 12827 4994 3633
internal_value=0.000100537 -0.000114242 0.00314373 0.000928634 0.0113673 0.00965712 0.00607639 0.000589377 -0.00165352 -0.000549309 -0.0047383 -0.00403033 -0.00336413 -0.00721946
internal_weight=52124.5 48697.2 3427.27 2566.03 400.893 861.238 716.623 33424.6 15272.6 10436.4 2532.65 4836.18 4648.16 1870.15
internal_count=236244 221313 14931 11228 1724 3703 3101 152453 68860 46510 11391 22350 21454 8627
is_linear=0
shrinkage=0.03


Tree=122
num_leaves=15
num_cat=1
split_feature=38 46 16 19 42 40 30 37 35 36 0 19 30 15
split_gain=29.8373 31.3264 42.1972 49.9349 42.8085 45.8168 40.1718 47.462 67.0119 37.346 36.7275 49.6145 48.233 130.009
threshold=-2.9320192544958776 0 0.89699649987845309 7.4684236787910816 0.81666666666666676 0.30948303792622728 5.5000000000000009 0.39208276394391356 0.25968204329682354 -0.29462575012190995 0.016056116894406298 -6.4875207005540183 2.5000000000000004 0.41069506372761061
decision_type=8 1 10 2 8 10 2 10 10 10 8 2 2 10
left_child=-1 2 3 -2 5 -4 10 9 -9 -8 12 -12 -3 -14
right_child=1 6 4 -5 -6 -7 7 8 -10 -11 11 -13 13 -15
leaf_value=-0.011162007787387062 0.0012010727764628932 -0.0024053903920246166 0.0068769529797825194 0.017225667573626639 0.0022192715587415674 -0.0074474652180638408 -0.00044326420775584716 0.0077073363118020594 -0.0050331163048658398 -0.0083875389012433039 0.010259849726617688 0.00098216218739902617 -0.0033737655779880948 0.0038591103662937425
leaf_weight=203.53897359967232 20794.85141761601 8894.8768648803234 224.34782072901726 166.56940022110939 1019.5523137003183 1476.9822757095098 773.47886809706688 680.99214527010918 793.94908204674721 1708.2088835984468 559.88666105270386 5820.8533877283335 3960.0950331091881 5112.9492290019989
leaf_count=965 93400 40911 987 731 4462 6526 3567 3132 3671 8214 2477 26006 18595 22911
internal_value=2.90952e-05 7.50482e-05 0.00087974 0.00133656 -0.00262838 -0.00552941 -0.000598389 -0.00339822 0.000861542 -0.00592323 -0.000142457 0.00181103 -0.000836796 0.000701951
internal_weight=52191.1 51987.6 23682.3 20961.4 2720.88 1701.33 28305.3 3956.63 1474.94 2481.69 24348.7 6380.74 17967.9 9073.04
internal_count=236555 235590 106106 94131 11975 7513 129484 18584 6803 11781 110900 28483 82417 41506
cat_boundaries=0 1
cat_threshold=263
is_linear=0
shrinkage=0.03


Tree=123
num_leaves=15
num_cat=0
split_feature=43 24 12 15 38 40 19 9 16 11 44 35 37 15
split_gain=35.1797 36.4299 45.7725 47.9947 64.8551 65.8645 46.9858 52.591 42.3459 67.4597 38.9403 33.9082 32.0762 37.5572
threshold=0.95000000000000007 0.0072219952095138049 0.025480121366687574 0.29132297494645892 -1.0693370702757503 -1.745031036448901 -5.6819515031374577 -0.62764252519568375 0.9007456615561773 1.6025131226962299 -0.024515196743046974 -1.0056177314008738 -2.1746834102327997 0.063267903519152804
decision_type=10 10 2 8 10 10 2 8 8 8 10 10 10 10
left_child=1 2 8 4 -4 -6 -5 -8 12 -10 -7 -9 13 -1
right_child=-2 -3 3 6 5 10 7 11 9 -11 -12 -13 -14 -15
leaf_value=0.0066913976950563068 0.0021573127417345026 0.0008959402843294451 -0.00075486797324767028 0.013850062561269876 -0.012031663575487149 0.0063664134101112345 -0.011040821294163389 0.0076604800148302862 -0.001205965214897413 -0.014271449511021102 0.018110718098303533 -0.0011455819386037018 -0.00099461748278229347 -0.016251506971575763
leaf_weight=80.315703168511391 6213.8181259632111 16232.193992674351 925.40921610593796 185.70714254677296 103.89460419118404 535.27645586431026 424.63696378469467 445.76841506361961 905.96464498341084 577.72787290811539 504.61261379718781 2872.1115335077047 21854.815933406353 238.27415804564953
leaf_count=404 27811 73247 4180 814 485 2367 1919 1922 3990 2619 2231 12887 100077 1225
internal_value=4.07847e-05 -0.000246236 -0.000871528 0.00146761 0.00515345 0.00989884 -0.000482066 -0.00122825 -0.0014649 -0.00635496 0.0121836 5.70062e-05 -0.00113498 -0.01044
internal_weight=52100.5 45886.7 29654.5 5997.42 2069.19 1143.78 3928.22 3742.52 23657.1 1483.69 1039.89 3317.88 22173.4 318.59
internal_count=236178 208367 135120 26805 9263 5083 17542 16728 108315 6609 4598 14809 101706 1629
is_linear=0
shrinkage=0.03


Tree=124
num_leaves=15
num_cat=0
split_feature=25 33 8 1 39 19 9 37 30 7 30 11 33 19
split_gain=39.9567 43.8574 42.734 53.0759 35.6161 49.4417 46.5041 38.122 72.9141 41.054 72.5969 42.909 34.1343 34.0732
threshold=0.21523450770241234 1.7816860076022922 -1.5420378328674134 0.01689188677208216 -1.1737838742515134 -0.74124797776664109 -1.5839677658735118 0.3273278763078365 4.5000000000000009 -0.30445708214616579 4.5000000000000009 -0.92843953508476507 0.22808759713888441 -6.277558930922158
decision_type=10 8 8 10 8 2 10 10 2 10 2 8 10 2
left_child=2 -2 3 -1 5 7 -6 9 -9 10 12 -12 -4 -8
right_child=1 -3 4 -5 6 -7 13 8 -10 -11 11 -13 -14 -15
leaf_value=-0.0094986909552749795 0.00063432434062299186 0.0060037825218255255 0.0057531560612647942 0.011523168279192409 -0.012059202521749378 0.020437765475014493 0.0040650320311130129 -0.0032707841433262785 0.028138064402282541 -0.0036281805651780571 0.010066024425715858 -0.012412742309274194 0.020402832905837789 -0.00087990781512738343
leaf_weight=843.72073769569397 18966.328406438231 1465.9411035329103 444.16648380458355 115.15548546612263 315.24607774615288 128.18766275048256 1305.7211654782295 127.88291534781456 124.54410986602306 1033.0660332590342 98.918491810560226 254.19236037135124 210.42283058166504 26846.827153205872
leaf_count=4130 85186 6321 2008 506 1453 575 6004 579 557 4738 458 1192 928 122325
internal_value=-1.28542e-05 0.00102231 -0.000677082 -0.00688121 -0.000482326 0.00300315 -0.000779741 0.00194407 0.0127076 0.000557223 0.00484147 -0.00601187 0.0106985 -0.000649198
internal_weight=52280.3 20432.3 31848.1 958.876 30889.2 2421.38 28467.8 2293.19 252.427 2040.77 1007.7 353.111 654.589 28152.5
internal_count=236960 91507 145453 4636 140817 11035 129782 10460 1136 9324 4586 1650 2936 128329
is_linear=0
shrinkage=0.03


Tree=125
num_leaves=15
num_cat=1
split_feature=33 30 39 39 9 35 19 1 34 35 38 45 38 46
split_gain=34.5279 54.3873 44.4646 68.2987 54.1193 44.4232 43.961 41.5332 38.893 36.7171 36.3277 35.8672 43.5159 44.3299
threshold=0.48953017232900031 4.5000000000000009 -1.7323926026804164 -0.57872202016650387 1.7032427117223894 1.5865332831225201 -6.9504030929595944 0.0068201943297329232 -0.44035565091588397 2.0695598043515129 1.7729008774372428 1.1583822340904069 0.82627899223111456 0
decision_type=8 2 8 8 8 8 2 8 10 8 10 10 10 1
left_child=8 2 -2 6 9 7 -4 -3 -1 -5 -9 -10 13 -13
right_child=1 5 3 4 -6 -7 -8 10 11 -11 -12 12 -14 -15
leaf_value=0.00084970351660522024 0.019099168935403338 0.0073298355262159231 0.013699559096940693 0.003175282760660301 -0.0044467680447299188 -0.011363724369986021 -0.0042986542284025094 -0.0013546379136028875 -0.00052324757547341861 0.010234140093763213 -0.016051190975789293 -0.0006925544004355678 0.0021914344458646472 -0.0065640443367854821
leaf_weight=12876.954493403435 129.1997974216938 471.94141641259193 121.28364560008049 7846.3603653013706 777.68554182350636 393.35418082773685 1806.203161329031 2608.9608332067728 18214.193082943559 717.75575022399426 150.91388247907162 1861.7035260647535 1102.0179376453161 3100.8171355128288
leaf_count=58354 554 2095 528 34513 3414 1758 8083 12011 83103 3060 680 8624 5076 14644
internal_value=8.09711e-06 0.00122124 0.0022388 0.00202874 0.0030894 -0.0019756 -0.00310129 -0.000801419 -0.000482626 0.00377813 -0.00221331 -0.00118933 -0.00318567 -0.00438175
internal_weight=52179.3 15023.7 11398.5 11269.3 9341.8 3625.17 1927.49 3231.82 37155.7 8564.12 2759.87 24278.7 6064.54 4962.52
internal_count=236497 66696 50152 49598 40987 16544 8611 14786 169801 37573 12691 111447 28344 23268
cat_boundaries=0 1
cat_threshold=384
is_linear=0
shrinkage=0.03


Tree=126
num_leaves=15
num_cat=0
split_feature=38 1 11 1 11 40 35 20 40 39 40 10 39 39
split_gain=31.5118 92.5189 88.9037 85.2 77.1722 73.8802 58.465 59.9956 53.2666 62.7586 80.7515 160.88 63.0862 62.6188
threshold=-0.1808905395500216 0.013259214923021038 2.0889122416477606 0.013125409478723302 2.8135121707842776 0.87116728366387053 -1.1475916595967293 0.10735726338218522 -1.5774181993146279 -1.3029678569888075 -0.58212004591178201 -0.77326962883870676 -0.38579438467890714 -0.24640490219588498
decision_type=8 8 10 8 10 10 8 8 8 10 10 8 10 10
left_child=3 2 8 5 6 -1 -3 -8 -2 -10 11 -11 -12 -13
right_child=1 4 -4 -5 -6 -7 7 -9 9 10 12 13 -14 -15
leaf_value=-0.0031823382698180362 -0.017336339076476883 0.010616970533274041 -0.0088246793870739356 0.0014223095198656903 0.017892082692195256 0.0067915256585932334 0.00037017789593148722 -0.0042428637458304403 0.013043693904987603 0.0078115722586681209 0.0072420489395917066 -0.0076900397003215855 0.0018410344337338978 -0.026788534837903107
leaf_weight=11255.826685234904 117.04627226293087 310.05291964113712 691.45108725130558 7890.0763330459595 168.07385316491127 701.33291597664356 4219.3018734306097 6349.7300920784473 456.05555239319801 639.04808413982391 2208.9744136929512 967.64576607942581 15976.616495788097 178.05243323743343
leaf_count=52490 590 1343 3132 35522 761 3117 19283 28943 1970 2888 9942 4460 71080 812
internal_value=-5.59162e-05 0.000522384 0.00168053 -0.000996326 -0.00170331 -0.00259215 -0.0020222 -0.00240267 0.00203823 0.00215768 0.00190268 -0.00417089 0.00250071 -0.0108642
internal_weight=52129.3 32282 21234.9 19847.2 11047.2 11957.2 10879.1 10569 20543.4 20426.4 19970.3 1784.75 18185.6 1145.7
internal_count=236333 145204 94874 91129 50330 55607 49569 48226 91742 91152 89182 8160 81022 5272
is_linear=0
shrinkage=0.03


Tree=127
num_leaves=15
num_cat=0
split_feature=24 23 36 1 11 38 30 41 35 10 10 15 20 39
split_gain=29.7194 39.1261 38.4046 70.6429 66.5887 60.3269 78.3121 69.7079 58.6632 57.5583 56.6655 55.1788 51.6773 65.2762
threshold=-0.012160736227353806 0.022209471533188811 -0.27787662703641075 0.014650843132336095 2.8135121707842776 -0.44479209150523247 1.5000000000000002 0.75000000000000011 -0.016374939783027804 -0.42381865641063082 -1.88150926158445 0.47416467949438418 0.10735726338218522 1.281889555853031
decision_type=10 10 10 10 10 10 2 2 10 8 10 10 10 10
left_child=1 -1 -2 5 12 -4 7 -7 -9 10 -8 -11 13 -5
right_child=2 -3 3 4 -6 6 9 8 -10 11 -12 -13 -14 -15
leaf_value=-0.00095147325969840047 0.0019321661038309817 -0.011983812100815406 -0.0031390852488584332 -0.0012236781007090654 0.018597114113944439 0.0014103846103383942 -0.011930859060125334 0.0092389739394088399 -0.0075015330175908761 -0.0031365381670159548 0.0071334240790820111 0.0027651159698563674 -0.0054469406643766873 0.020811735862869253
leaf_weight=13416.782027170062 11013.079960808158 285.80949872732162 2966.2366117238998 3822.2682862877846 121.63403452932835 2760.1616468429565 138.29495799541473 200.76937006413937 1878.7766905277967 1789.6969883441925 3029.9289060980082 6869.3758606761694 3754.1758968830109 114.94201537966728
leaf_count=61409 49500 1294 13856 17488 547 12331 632 936 8616 8189 13750 30150 17229 510
internal_value=9.00895e-06 -0.00119016 0.000436456 -0.000164198 -0.00257502 0.000796008 0.0014978 -0.00171442 -0.00584884 0.00281257 0.00626634 0.00154312 -0.00293356 -0.000529286
internal_weight=52161.9 13702.6 38459.3 27446.3 7813.02 19633.2 16667 4839.71 2079.55 11827.3 3168.22 8659.07 7691.39 3937.21
internal_count=236437 62703 173734 124234 35774 88460 74604 21883 9552 52721 14382 38339 35227 17998
is_linear=0
shrinkage=0.03


Tree=128
num_leaves=15
num_cat=1
split_feature=44 20 30 38 1 6 20 30 12 30 35 46 38 2
split_gain=36.9485 29.4167 46.906 37.7267 43.1552 30.4914 28.8109 92.3964 63.2554 58.1508 62.5067 51.0572 49.492 60.7274
threshold=-0.13749750835241922 -1.3667322272559879 4.5000000000000009 -1.7499544167086412 0.011537029422478898 -0.40960916258394231 0.76145686772507981 2.5000000000000004 0.0068145888219466972 4.5000000000000009 -0.097560699251999006 0 1.4041492577238197 0.92306222481708933
decision_type=10 10 2 10 8 10 10 2 2 2 10 1 8 10
left_child=-1 2 3 -2 -5 -4 12 11 -9 -10 -11 -8 -3 -14
right_child=1 6 5 4 -6 -7 7 8 9 10 -12 -13 13 -15
leaf_value=0.011129290408931902 -0.0095486026441230307 0.00022174244869651563 -0.0012632278384625065 -0.0015205348818034454 0.022813090363331363 -0.021938248337109108 -0.0017737449280585027 0.019331572210033569 0.0036778876451489776 0.0046369097484643667 -0.0052545401679022991 -0.0087769713206867633 -0.00061160336240965562 0.010098387858617733
leaf_weight=260.94692231714725 201.18489879369736 39772.457291483879 96.857520014047623 180.49708837270737 92.028181791305542 188.16186413168907 2074.8233328014612 155.34775660932064 2657.67171664536 789.95473335683346 2042.4296442568302 1725.2656602412462 882.76046259701252 1022.5629092156887
leaf_count=1122 984 181194 477 846 416 973 9337 656 11430 3496 9222 7846 3967 4442
internal_value=7.96877e-05 2.19783e-05 -0.00580296 4.42413e-05 0.00721323 -0.0151933 0.000109545 -0.00138557 0.00104901 0.000497475 -0.0024892 -0.00499564 0.000448637 0.00515903
internal_weight=52142.9 51882 758.73 473.71 272.525 285.019 51123.3 9445.49 5645.4 5490.06 2832.38 3800.09 41677.8 1905.32
internal_count=236408 235286 3696 2246 1262 1450 231590 41987 24804 24148 12718 17183 189603 8409
cat_boundaries=0 1
cat_threshold=115
is_linear=0
shrinkage=0.03


Tree=129
num_leaves=15
num_cat=0
split_feature=32 38 39 40 11 39 0 35 20 30 38 39 30 30
split_gain=29.1689 42.9103 51.7284 72.8571 36.8446 87.0648 96.6109 62.8387 61.1472 38.7431 36.729 35.4332 86.2679 89.9796
threshold=-0.43732740661758412 -2.6119452810248469 -1.8876272350736987 -1.6823852431989177 -1.1960634667706789 0.42669289308347552 0.0050592296559734276 0.0071075775141159177 -1.1900127529579247 4.5000000000000009 0.18948514902630423 0.44878496936625373 2.5000000000000004 4.5000000000000009
decision_type=10 10 10 10 8 10 10 10 8 2 8 10 2 2
left_child=10 -2 3 -3 5 6 -4 -7 -6 -9 -1 -10 -13 -14
right_child=1 2 4 -5 8 7 -8 9 11 -11 -12 12 13 -15
leaf_value=6.6806716207606443e-05 -0.015612849802789217 0.0016004624468612049 -0.0062694159420041461 0.029926058963624051 -0.0089948658599370637 -0.019247914642082288 0.006227006889903945 0.0052821085243516521 -0.0013955098857269873 -0.013276490929036282 0.0033748986052408434 -0.0022929433669322983 0.0057960358905028344 -0.00053766844276316407
leaf_weight=8589.6127855330706 156.15212306380272 256.13900062441826 672.32019509375095 110.87338756024837 785.99477410316467 250.32661718130112 3046.432821944356 306.13344325125217 19619.084957093 138.96139745414257 4649.358893930912 5510.8412697464228 3956.7053474634886 4107.490831181407
leaf_count=39073 773 1158 3153 455 3846 1169 13863 1381 89875 653 20690 24845 17040 18522
internal_value=1.43862e-05 -0.000399433 -0.000334134 0.0107243 -0.000442607 0.00213285 0.003957 -0.00753958 -0.0007777 -0.000676416 0.00123024 -0.000580477 0.000597595 0.0025733
internal_weight=52156.4 38917.5 38761.3 367.012 38394.3 4414.17 3718.75 695.421 33980.1 445.095 13239 33194.1 13575 8064.2
internal_count=236496 176733 175960 1613 174347 20219 17016 3203 154128 2034 59763 150282 60407 35562
is_linear=0
shrinkage=0.03


Tree=130
num_leaves=15
num_cat=0
split_feature=44 39 40 40 1 19 11 39 11 39 11 40 11 40
split_gain=29.6129 34.1527 45.9246 51.243 65.0814 43.3609 41.3927 64.8327 46.2963 37.0011 137.2 69.1355 70.3495 66.1357
threshold=-0.13749750835241922 1.9611555039440209 2.5463137433785379 1.6877905140902369 0.006946261941516237 6.946051079038055 0.69953680459192003 1.3880421456012877 -0.18234585484147073 1.1672008633511177 1.483218987472857 1.2872264462450465 -0.30420896542806114 0.53186611505036818
decision_type=8 10 10 8 8 2 10 10 10 10 10 10 8 10
left_child=-1 2 3 9 -5 -3 7 -6 -9 13 11 -11 -13 -2
right_child=1 5 -4 4 6 -7 -8 8 -10 10 -12 12 -14 -15
leaf_value=0.010778392811702654 0.00040201231939388042 -0.0070248502314010598 -0.010593261542152423 0.017928643992088541 0.0053075437766770825 0.0032315566533964173 0.0082082087238802143 -0.024936055651323123 -0.0035945181231130303 0.008216572821265174 -0.0073900274557898819 -0.017955661418555133 0.0025418670358098362 -0.0025030329252118291
leaf_weight=222.79657965898514 34530.68117877841 1254.5450581014156 342.3428758084774 285.38540451228619 615.28234858810902 518.07297836244106 722.85448037087917 117.04040795564651 342.70626260340214 2425.6468374878168 942.76886288821697 173.03014631569386 843.90854471921921 8852.7482983767986
leaf_count=959 157734 5722 1493 1174 2619 2355 3104 520 1483 10556 4242 773 3693 40201
internal_value=0.000102531 5.46954e-05 0.000199577 0.000275803 0.00487004 -0.00402596 0.00270949 -0.00102945 -0.00944274 7.44641e-05 0.00269734 0.00547322 -0.00108663 -0.000191226
internal_weight=52189.8 51967 50194.4 49852.1 2083.27 1772.62 1797.88 1075.03 459.747 47768.8 4385.35 3442.59 1016.94 43383.4
internal_count=236628 235669 227592 226099 8900 8077 7726 4622 2003 217199 19264 15022 4466 197935
is_linear=0
shrinkage=0.03


Tree=131
num_leaves=15
num_cat=1
split_feature=33 38 33 10 24 34 1 46 38 11 9 12 1 8
split_gain=31.9673 30.444 32.4229 30.1853 28.7804 38.8032 54.0482 61.8797 43.7972 42.5649 104.257 85.1651 60.2765 46.3847
threshold=2.0264715554168924 1.4041492577238197 3.1666666412452735 0.99016346642972597 -0.0097083080522744874 -0.61863855758084374 0.0059077594814355662 0 0.11581748505650408 -1.1606335871482567 0.5687279406853859 0.0099457573335997359 0.026473228499867992 -1.4754985222815058
decision_type=10 10 10 10 10 10 10 1 10 8 10 2 10 10
left_child=4 -2 3 -3 -1 -6 7 8 -7 10 11 -8 -13 -11
right_child=1 2 -4 -5 5 6 9 -9 -10 13 -12 12 -14 -15
leaf_value=-0.0011931050718282747 0.00099294628542312283 0.021451062786639268 -0.003288091725949252 0.0038609222499673156 0.0025896717261497146 -0.014337398313363548 -0.012192365434998312 0.0060223337714632773 0.0025264026093904362 -0.0090324260135440666 -0.012911653397053326 0.0049766164237016602 0.024859075519117931 -0.00073132054185480054
leaf_weight=15609.811212077737 788.16267038881779 223.13251249492168 114.01767498254776 149.18754550814629 5820.441191136837 245.41949279606342 241.90057857334614 2267.462991848588 297.5934756398201 612.45479527115822 335.09373268485069 2548.5271304100752 136.04629173874855 22848.416289120913
leaf_count=71470 3415 941 486 645 26184 1141 1131 9995 1323 2944 1549 11583 596 103478
internal_value=-2.84496e-06 0.00467131 0.0104924 0.0146881 -0.000120631 0.000353109 -8.84069e-05 0.00386138 -0.00512412 -0.000505106 0.00270096 0.00452656 0.00607272 -0.00095178
internal_weight=52237.7 1274.5 486.338 372.32 50963.2 35353.4 29532.9 2810.48 543.013 26722.4 3261.57 2926.47 2684.57 23460.9
internal_count=236881 5487 2072 1586 231394 159924 133740 12459 2464 121281 14859 13310 12179 106422
cat_boundaries=0 1
cat_threshold=688
is_linear=0
shrinkage=0.03


Tree=132
num_leaves=15
num_cat=0
split_feature=39 40 44 40 40 45 1 20 40 11 21 20 39 39
split_gain=39.342 43.6069 39.3699 43.5553 59.3606 42.6108 36.7505 41.8146 35.4932 32.2969 31.831 40.6693 54.0481 38.6642
threshold=2.1324168955337464 1.5956037031214281 0.01745998889324438 2.5463137433785379 1.6877905140902369 0.74908457070486656 0.006946261941516237 1.1446611068361112 1.9576789997577009 -0.78731708219669871 -0.45051884881066678 -0.60086820806948504 -1.1737838742515134 -1.8876272350736987
decision_type=10 10 8 10 8 10 10 10 10 8 10 10 10 10
left_child=2 -2 3 4 10 -4 -6 9 -3 -8 11 13 -13 -1
right_child=1 8 5 -5 6 -7 7 -9 -10 -11 -12 12 -14 -15
leaf_value=0.011937582544532812 -0.013086531217843794 0.0086051760095255982 0.0054035248107889913 -0.011864341625425354 0.014970866251966341 0.00077404187371124154 -0.011001811616088798 -0.0099241918305552693 -0.005195602841050544 0.0065263597772077953 0.00022530896344188269 0.010873727276515335 -0.0010711026210724467 -0.0050670309361613838
leaf_weight=115.68198479712009 414.95613746345043 227.81521213054657 2224.7813652902842 281.76358829438686 279.17122095823288 9001.4349333196878 93.838044971227646 180.78175581991673 559.79488414525986 1174.058433458209 22794.311444625258 341.64859819412231 11210.841216117144 3256.3141548484564
leaf_count=518 1945 1059 9932 1238 1147 40323 408 786 2576 5055 103156 1528 51396 15457
internal_value=5.37232e-07 -0.00534007 0.000127603 -0.000315758 -0.000230281 0.00169549 0.00519088 0.00321649 -0.00114591 0.00515314 -0.000479928 -0.00155647 -0.000708752 -0.00445009
internal_weight=52157.2 1202.57 50954.6 39728.4 39446.6 11226.2 1727.85 1448.68 787.61 1267.9 37718.8 14924.5 11552.5 3372
internal_count=236524 5580 230944 180689 179451 50255 7396 6249 3635 5463 172055 68899 52924 15975
is_linear=0
shrinkage=0.03


Tree=133
num_leaves=15
num_cat=2
split_feature=43 24 36 24 39 15 0 27 46 0 46 39 10 31
split_gain=34.6381 29.5281 38.802 42.4393 33.9172 50.0852 43.7758 36.9398 30.6662 28.2176 40.1633 41.9682 28.4796 27.184
threshold=0.95000000000000007 0.007635078541261082 -0.27787662703641075 -0.012160736227353806 1.0767330620930282 0.53089721291525738 0.0047012624090935111 0.22727272727273287 0 0.007544868411359363 1 0.61976591398728387 -1.1346604490023466 1.0652528518357289
decision_type=8 10 10 10 10 10 10 10 1 8 1 8 8 10
left_child=1 2 3 -1 7 -6 -7 -3 -8 10 -2 -12 -11 -4
right_child=9 4 13 -5 5 6 8 -9 -10 12 11 -13 -14 -15
leaf_value=-0.001426204354638311 0.017836940639931423 -0.0016289389149051758 -0.0021583831762216014 0.0021441159501696112 0.017764307086663374 0.015440727639890791 -0.0026530835181809939 0.0015760561482884559 0.0041400485693009808 0.013352809027203432 0.0014554955518521458 0.019911134928360604 0.00063707527535187885 0.0014882648656477171
leaf_weight=5642.7687226384878 197.3678228110075 6003.3157365322113 15858.93371348083 6367.0295184105635 201.38921765983105 208.52382101118565 984.29236906766891 6999.0387427508831 1466.5960082262754 153.8720006942749 977.97048470377922 115.38338689506054 4911.3052661716938 2073.9566855430603
leaf_count=25876 898 27230 72781 28674 871 891 4322 31785 6443 685 4412 508 21930 9252
internal_value=-1.02128e-05 -0.000298323 -0.000852634 0.00046682 0.000747852 0.00369913 0.00257146 9.61636e-05 0.00141823 0.00206335 0.00600566 0.00353393 0.00104891 -0.00173605
internal_weight=52161.7 45805.8 29942.7 12009.8 15863.2 2860.8 2659.41 13002.4 2450.89 6355.9 1290.72 1093.35 5065.18 17932.9
internal_count=236558 208125 136583 54550 71542 12527 11656 59015 10765 28433 5818 4920 22615 82033
cat_boundaries=0 1 2
cat_threshold=645 448
is_linear=0
shrinkage=0.03


Tree=134
num_leaves=15
num_cat=0
split_feature=19 10 11 40 39 0 30 35 1 30 39 11 11 39
split_gain=25.6726 59.8273 55.2162 104.371 69.4955 63.3026 63.122 57.9175 54.166 49.4403 47.5955 58.5105 55.6791 55.2691
threshold=0.19977454956986698 -0.87134010415276941 -0.61532360625239468 -1.6823852431989177 -1.7323926026804164 0.0040948240184400719 3.5000000000000004 -0.016374939783027804 0.041395102500690492 1.5000000000000002 1.6110225624713537 2.0273698035533445 -0.24965966906724998 0.56764800424328044
decision_type=2 8 10 10 10 10 2 10 10 2 10 8 10 8
left_child=1 2 3 6 -4 -5 -1 -8 -7 -2 13 12 -12 -11
right_child=9 -3 4 5 -6 8 7 -9 -10 10 11 -13 -14 -15
leaf_value=-0.013902155227852925 -0.0013504654204489152 -0.0015575057078427881 0.013722130167842638 -0.0068081657304261932 -0.0031546047236472533 0.0047414845822298431 0.0097229700845446743 -0.0173603873857105 0.02327175878167858 0.00046499180295455088 -0.017179528994707118 -0.016951280188750244 0.00056743899694053314 0.0041130066069785384
leaf_weight=480.22548565268517 6897.208398476243 18033.14378349483 227.52170731127262 413.61287075281143 2921.748364508152 5162.4806522727013 262.56788194179535 86.305832177400589 136.83097520470619 7476.8103061467409 161.86722345650196 209.98663747310638 2136.0376853942871 7469.9901198148727
leaf_count=2248 31149 83483 999 1948 13517 23357 1217 449 581 33595 712 958 9425 32551
internal_value=8.80172e-05 -0.000536164 0.00136395 0.00293364 -0.00189576 0.00437857 -0.00695618 0.00272592 0.00526288 0.000798571 0.00164805 -0.00217003 -0.0007517 0.0022897
internal_weight=52076.3 27724.4 9691.29 6542.02 3149.27 5712.92 829.099 348.874 5299.31 24351.9 17454.7 2507.89 2297.9 14946.8
internal_count=236189 127799 44316 29800 14516 25886 3914 1666 23938 108390 77241 11095 10137 66146
is_linear=0
shrinkage=0.03


Tree=135
num_leaves=15
num_cat=0
split_feature=19 9 30 31 36 36 37 36 16 9 0 39 1 34
split_gain=26.7071 37.0735 47.7436 30.502 28.7583 46.0139 62.1413 44.3318 45.6792 44.5873 36.695 34.536 41.371 34.4098
threshold=7.4684236787910816 1.7923971361947462 3.5000000000000004 1.0020692075055784 -0.28579423544681298 -1.2916645236870627 0.36364586903404206 0.55020662316034097 0.22339137350761865 -0.3610352583763205 0.0042393994762124935 1.1672008633511177 0.016771030651519879 0.82619595146099278
decision_type=2 10 2 8 10 10 10 10 8 10 10 10 8 10
left_child=1 3 -3 4 5 6 11 -6 -9 -10 -11 12 -1 -7
right_child=-2 2 -4 -5 7 13 -8 8 9 10 -12 -13 -14 -15
leaf_value=-0.005379793601181895 0.0040015841423314286 -0.011070915155352542 0.0019724792266204464 0.0020789489932546393 -0.0016572468282835733 0.0014673999671066292 0.014205150491040614 0.0058744191671321186 -0.0042931042146555172 0.0094530399750659619 0.00051682493242316628 0.013025202641529109 0.0028649978673797941 0.012632160328649847
leaf_weight=2611.2743626534939 1473.5851515233517 601.25518062710762 425.92265078425407 5795.5053655803204 18685.126780226827 11621.722727119923 187.59919133782387 1377.7240637093782 1721.2439531683922 432.65686777234077 6317.7177304327488 105.89352251589298 685.5853576362133 244.10907711088657
leaf_count=12489 6537 2719 1883 25747 86168 52250 798 6209 7842 1908 28153 440 2939 1076
internal_value=3.39689e-05 -8.18566e-05 -0.00569556 3.50847e-05 -0.000234594 0.000807292 -0.0021644 -0.000799034 0.000829106 2.63684e-06 0.00110272 -0.00310586 -0.0036618 0.00170753
internal_weight=52286.9 50813.3 1027.18 49786.2 43990.7 15456.2 3590.35 28534.5 9849.34 8471.62 6750.37 3402.75 3296.86 11865.8
internal_count=237158 230621 4602 226019 200272 69992 16666 130280 44112 37903 30061 15868 15428 53326
is_linear=0
shrinkage=0.03


Tree=136
num_leaves=15
num_cat=0
split_feature=44 38 36 36 35 39 45 1 39 11 30 1 36 38
split_gain=30.4065 30.2778 41.6687 47.4961 66.7502 34.2011 36.8854 34.6458 30.0032 83.6962 74.2148 83.3366 49.2675 47.9478
threshold=-0.13749750835241922 2.6300836929250067 3.4496238056225925 2.1083983311746568 0.39443170640536357 1.9611555039440209 0.74405319383182611 0.0065747691897111412 1.0767330620930282 1.483218987472857 2.5000000000000004 0.005307420508664654 -1.2916645236870627 0.63604710793692065
decision_type=10 8 10 8 10 10 10 10 10 8 2 10 10 10
left_child=-1 5 3 4 -3 8 7 -7 -2 10 12 -12 -10 -13
right_child=1 2 -4 -5 -6 6 -8 -9 9 -11 11 13 -14 -15
leaf_value=0.010074169129105118 -0.00021112994081697546 0.021217915238901361 -0.0080003900299056886 0.019526756980639218 -0.0079454838678541754 -0.0075192944796267829 -0.006757843271497024 0.011815923243695955 0.019695069450040539 -0.0046523045515116717 0.024758810336440631 0.0084891473746199191 -0.0016179971680051872 0.0010116945349825024
leaf_weight=262.77493347227573 42791.823085099459 95.888309836387634 138.50504733622074 244.12037916481495 202.49777455627918 127.71578979492188 1241.7278968095779 204.73736751079559 92.243276238441467 1388.8534618169069 199.27439452707767 1721.2052954286337 2150.5027769804001 1398.1555230617523
leaf_count=1124 195379 413 584 1021 878 562 5750 929 382 6207 810 7400 9568 6025
internal_value=8.41592e-05 3.1746e-05 0.00626962 0.0099917 0.0018105 -5.22415e-05 -0.00439166 0.0043854 8.59427e-05 0.00191266 0.00355755 0.00639976 -0.000657863 0.00515156
internal_weight=52260 51997.3 681.012 542.506 298.386 51316.2 1574.18 332.453 49742.1 6950.23 5561.38 3318.64 2242.75 3119.36
internal_count=237032 235908 2896 2312 1291 233012 7241 1491 225771 30392 24185 14235 9950 13425
is_linear=0
shrinkage=0.03


Tree=137
num_leaves=15
num_cat=1
split_feature=32 36 20 30 46 11 38 45 16 31 27 40 36 16
split_gain=31.3271 48.1893 39.2401 73.4828 44.6107 38.3723 38.2227 36.9611 35.854 35.3757 42.2106 39.9152 52.6565 41.472
threshold=-0.43732740661758412 -2.4533527491768634 0.76145686772507981 2.5000000000000004 0 1.8657376744546386 0.2995866601470602 0.91588384925486122 0.61639411719178139 0.21384957887218467 0.18181818181818207 -1.5388585142873519 -0.045568352285896889 0.26530612244897972
decision_type=10 10 10 2 1 8 8 8 8 10 10 10 10 8
left_child=6 -2 9 4 8 -5 -1 -7 -4 10 -3 12 -11 -13
right_child=1 2 3 5 -6 7 -8 -9 -10 11 -12 13 -14 -15
leaf_value=0.00024354528086258301 -0.012243341079059585 -0.0033115737107365308 -0.011323149750530682 0.0010880986480570013 -0.010291436461039753 -0.018052397151228288 0.0037335062843957228 -0.00073547473199908912 -0.00017388890294138879 0.00012963931559250688 0.00016626667261758035 0.0039733470816682298 -0.017952864810808183 0.00050520503270480653
leaf_weight=9193.0129583030939 295.33826410770416 4482.0883065462112 321.46168050169945 3929.5414952784777 1238.5942081809044 183.52859337627888 4067.935139015317 261.99725744128227 1198.6850952357054 410.9173097461462 10438.374027490616 4221.2061806172132 213.7944333255291 11653.576575472951
leaf_count=41758 1416 20692 1478 17273 5687 820 18075 1176 5401 1908 47930 19199 1055 52529
internal_value=5.7703e-05 -0.000372084 -0.000277994 -0.00228494 -0.00610968 0.000135211 0.00131613 -0.00810866 -0.00257337 0.00017826 -0.000879991 0.00113519 -0.00624407 0.00142933
internal_weight=52110.1 38849.1 38553.8 7133.81 2758.74 4375.07 13260.9 445.526 1520.15 31420 14920.5 16499.5 624.712 15874.8
internal_count=236397 176564 175148 31835 12566 19269 59833 1996 6879 143313 68622 74691 2963 71728
cat_boundaries=0 1
cat_threshold=115
is_linear=0
shrinkage=0.03


Tree=138
num_leaves=15
num_cat=1
split_feature=45 46 1 14 1 12 45 15 12 12 19 1 16 24
split_gain=38.1594 81.6434 56.5209 41.6564 51.6375 47.7939 43.9958 40.9703 38.3806 36.7779 34.2559 63.8557 33.0846 32.4756
threshold=1.1932148017714954 0 0.032867599984082202 0.4341126383236083 0.01492646890441276 0.03294658031181457 1.5599918731128752 0.26149844626932517 0.022064883536723503 0.013391755206609105 -3.7954971125859949 0.015609417072637804 0.56581519082954379 0.051133230555772714
decision_type=10 1 10 10 10 2 10 10 2 2 2 10 10 10
left_child=-1 2 10 5 6 9 8 -6 -5 -3 11 -2 -10 -9
right_child=1 3 -4 4 7 -7 -8 13 12 -11 -12 -13 -14 -15
leaf_value=0.00041318561082363293 -0.010426350978911423 0.0044412169669698735 0.0091820708826565907 0.0017184289466275393 0.011529097543179727 0.0034251848436732033 0.021288777511929563 -0.0034423376005782206 0.024070741981368375 -0.0057960129201306528 -0.012894193888197453 0.015097816966201201 0.0053315292497403948 0.013926420822444574
leaf_weight=41718.279463708401 264.96622662246227 350.33976066112518 146.69584983587265 1983.3972519487143 186.08482071757317 846.40256029367447 121.33408556878567 2328.1446532905102 125.63026967644691 2685.8689908385277 984.8491018563509 120.05322164297104 247.6745453774929 91.342816203832626
leaf_count=188433 1298 1665 659 9044 855 3668 544 10635 570 12666 4668 559 1107 410
internal_value=6.52874e-06 -0.00161069 -0.0079999 -0.000512818 0.00127283 -0.0028494 0.00436488 -0.00167331 0.00340729 -0.00460407 -0.00995106 -0.00228691 0.0121014 -0.00273199
internal_weight=52201.1 10482.8 1516.56 8966.22 5083.61 3882.61 2478.04 2605.57 2356.7 3036.21 1369.87 385.019 373.305 2419.49
internal_count=236781 48348 7184 41164 23165 17999 11265 11900 10721 14331 6525 1857 1677 11045
cat_boundaries=0 1
cat_threshold=531
is_linear=0
shrinkage=0.03


Tree=139
num_leaves=15
num_cat=0
split_feature=20 30 40 36 29 32 36 34 34 10 20 30 20 9
split_gain=30.556 33.0848 29.8627 47.063 43.0056 32.1286 36.3894 42.8283 40.3467 52.4187 72.8313 51.4808 55.5573 49.9208
threshold=-1.4284023069031835 1.5000000000000002 -2.0528654686053511 -0.74003928904801242 9.0000000000000018 -0.43732740661758412 -2.4533527491768634 -0.44035565091588397 0.49425687926273049 -0.60231059077026694 0.19229278127073171 5.5000000000000009 -0.45705841242213152 -0.51685708745241732
decision_type=10 2 8 10 2 10 10 10 10 8 10 2 10 10
left_child=1 -1 3 4 -2 -4 -7 -8 11 10 -10 -9 -13 -11
right_child=2 -3 5 -5 -6 6 7 8 9 13 -12 12 -14 -15
leaf_value=0.0050143226336350965 0.011597218018784359 -0.011025356702580593 0.001382088034027056 -0.020485401165753637 -0.0093492114840256959 -0.011598205049000667 0.0020005347043038145 -0.00083266511756188027 0.0062181084467344931 -0.0059632387239043974 -0.0097253471226831246 -0.011647310224466963 -0.0027348517414902572 0.00049937960359536715
leaf_weight=150.39906062185764 137.86612293124199 429.80732914805412 12837.255709528923 153.40692894160748 208.79477216303349 247.19287790358067 6214.4114528894424 16671.978099867702 2299.3620740920305 1237.3282831460238 281.26352106034756 813.72504381835461 2712.7937576323748 7811.7703295350075
leaf_count=713 624 2136 57845 757 959 1192 28107 76161 10244 5642 1278 3994 12603 34583
internal_value=-6.57575e-05 -0.00685309 1.18336e-05 -0.00721116 -0.000927276 8.38772e-05 -0.000351615 -0.000275509 -0.000720391 0.000686884 0.00444959 -0.0015306 -0.00481847 -0.000389894
internal_weight=52207.4 580.206 51627.1 500.068 346.661 51127.1 38289.8 38042.6 31828.2 11629.7 2580.63 20198.5 3526.52 9049.1
internal_count=236838 2849 233989 2340 1583 231649 173804 172612 144505 51747 11522 92758 16597 40225
is_linear=0
shrinkage=0.03


Tree=140
num_leaves=15
num_cat=0
split_feature=39 0 0 19 40 20 15 19 15 20 2 43 8 31
split_gain=29.4186 72.2097 50.0768 45.5549 39.478 33.3993 33.7539 30.4968 54.3067 57.3262 36.7026 35.9538 31.5253 28.41
threshold=-1.800661752700941 0.010996838162313515 0.024817733456337792 -6.3865716343036825 -2.1675646737775494 -1.1900127529579247 0.084609772463441216 -6.3865716343036825 0.15003244794820045 -0.17629939355385763 0.6197292914734428 0.38750000000000007 -0.90832637672526506 2.8312508026343428
decision_type=10 8 10 2 10 8 10 2 10 10 10 10 10 10
left_child=1 3 -3 -1 -2 6 -6 8 -7 10 12 -12 -10 -9
right_child=4 2 -4 -5 5 7 -8 13 9 -11 11 -13 -14 -15
leaf_value=-1.2171961729951925e-05 -0.017538852847534141 -0.0058414760880126371 0.010235576890069136 0.022840280364613618 0.0043205965228531274 -0.0024886461887195714 -0.0071024215675987122 -0.00018193931642869281 0.018770879557226387 -0.0073814067045825833 0.006825898808453963 0.019701205325347578 -1.6244737615089321e-05 0.0078307367567944357
leaf_weight=113.92471165955067 106.67513574659824 510.75581613183022 252.1608010083437 242.45619769394398 288.83495251834393 932.55302518606186 1078.7092342078686 46611.977611526847 85.905291646718979 220.46001653373241 432.73271982371807 372.43532699346542 496.66494560241699 391.68586537241936
leaf_count=514 530 2337 1053 1020 1403 4303 5275 211147 402 998 1911 1629 2341 1668
internal_value=-2.24019e-06 0.00478709 -0.000463977 0.0157341 -0.000108231 -6.82715e-05 -0.00467595 5.98293e-05 0.0032546 0.00657976 0.00883462 0.0129501 0.00302411 -0.000113518
internal_weight=52137.9 1119.3 762.917 356.381 51018.6 50912 1367.54 49544.4 2540.75 1608.2 1387.74 805.168 582.57 47003.7
internal_count=236531 4924 3390 1534 231607 231077 6678 224399 11584 7281 6283 3540 2743 212815
is_linear=0
shrinkage=0.03


Tree=141
num_leaves=15
num_cat=0
split_feature=19 9 2 43 10 2 38 37 11 39 30 19 11 30
split_gain=27.8859 58.6689 40.6269 39.8857 30.156 60.7248 54.2984 77.0396 52.4863 63.2675 47.7622 68.0201 81.1642 58.3992
threshold=7.4684236787910816 1.7923971361947462 0.36034622516300313 0.95000000000000007 0.93065575843019144 1.8876873522962103 -0.1808905395500216 -0.14960318950031029 0.41960756512510755 -0.41645883328460259 1.5000000000000002 -0.64504910750418953 -1.1960634667706789 5.5000000000000009
decision_type=2 10 8 10 10 10 8 8 8 10 2 2 10 2
left_child=1 2 3 -1 6 -6 10 8 -8 -10 -4 12 13 -12
right_child=-2 -3 4 -5 5 -7 7 -9 9 -11 11 -13 -14 -15
leaf_value=-0.0076271347437017623 0.0040040975207078491 -0.0072902310640604144 0.0016643638273985749 0.011314136502363242 -0.0020063305602745704 0.019851804420849006 0.0070024835392150956 0.00056837399082386463 0.011783325851915299 -0.0059519918706430362 0.0041493918527240143 0.0016886543178046532 -0.0047856834917210187 -0.009306968814270648
leaf_weight=983.81553038954735 1458.1071526706219 1016.1744540631771 4818.7928851544857 102.38905118405819 7351.0489050447941 106.25426964461803 3073.171308785677 19836.003330692649 237.40547257661819 665.37465941905975 1756.0038498789072 3517.8668178468943 6935.3496036827564 337.65511931478977
leaf_count=4780 6471 4571 21953 482 32825 460 13766 89301 1063 2963 8077 15811 32676 1600
internal_value=-7.19922e-05 -0.000189898 -4.33487e-05 -0.00575475 8.53655e-05 -0.00166872 0.00040336 0.00133344 0.00513937 -0.00121011 -0.000872013 -0.00184669 -0.00322447 0.00194529
internal_weight=52195.4 50737.3 49721.1 1086.2 48634.9 7457.3 41177.6 23812 3975.95 902.78 17365.7 12546.9 9029.01 2093.66
internal_count=236799 230328 225757 5262 220495 33285 187210 107093 17792 4026 80117 58164 42353 9677
is_linear=0
shrinkage=0.03


Tree=142
num_leaves=15
num_cat=0
split_feature=30 30 39 41 35 2 8 39 40 36 37 30 40 35
split_gain=28.4963 81.223 105.643 85.8983 119.718 71.424 81.5485 71.2317 68.391 70.3788 62.8447 85.6715 113.013 93.6594
threshold=4.5000000000000009 3.5000000000000004 0.54548509334021733 0.8500000000000002 0.40252751153404415 0.93427363198375668 0.39097988324560584 -0.57872202016650387 -1.6823852431989177 -1.3296929303119864 -0.3245627960430994 1.5000000000000002 0.94152741522413541 -0.68870274553211364
decision_type=2 2 10 2 8 10 10 10 8 10 10 2 10 10
left_child=1 3 8 4 10 6 -5 -7 9 -3 11 -1 -13 -14
right_child=-2 2 -4 5 -6 7 -8 -9 -10 -11 -12 12 13 -15
leaf_value=0.0041656505768347708 -0.0011327916051069905 0.032248117019944532 0.0084036120955244768 -0.00051258604273279396 0.0041035592946592906 -0.015836583259426641 -0.010225768959307614 0.0010283161454679053 2.4343571280228995e-05 0.00046288600028550841 -0.0025893297674846327 -0.0030875060117522978 0.033346926861013294 0.00039157214623549677
leaf_weight=4145.3819206655025 14676.469820559025 113.24613289535046 2388.1454108506441 1275.0880301892757 6305.3857434093952 233.0945475846529 1989.5660399645567 3086.3382999151945 4979.0440247952938 128.21229654550552 8346.0439963936806 4209.9816449582577 134.26947456598282 168.51101757586002
leaf_count=18838 67923 527 10106 5904 27857 1068 9209 13800 22543 610 37653 19384 582 749
internal_value=-1.25474e-05 0.000426044 0.00319124 -0.000278598 0.000576361 -0.00330168 -0.00644521 -0.000199966 0.000795312 0.01606 -0.000733215 0.00105692 -0.00180164 0.0156047
internal_weight=52178.8 37502.3 7608.65 29893.7 23309.6 6584.09 3264.65 3319.43 5220.5 241.458 17004.2 8658.14 4512.76 302.78
internal_count=236753 168830 33786 135044 105063 29981 15113 14868 23680 1137 77206 39553 20715 1331
is_linear=0
shrinkage=0.03


Tree=143
num_leaves=15
num_cat=3
split_feature=24 19 40 37 23 46 20 38 43 46 24 16 46 39
split_gain=28.1618 41.9348 72.4132 41.2182 34.4101 33.0424 37.8464 43.0444 31.601 30.9706 62.1283 32.3914 38.8836 30.9287
threshold=-0.0092289199424999118 -6.0084129638145241 -1.6823852431989177 -1.4494537683215323 0.022209471533188811 0 -0.16032187242560703 -1.1179187932639267 0.81666666666666676 1 -0.046364128630014816 0.61639411719178139 2 -1.800661752700941
decision_type=8 2 10 10 10 1 10 10 10 1 10 10 1 8
left_child=4 2 3 -2 8 6 7 -4 -1 10 -10 -11 -13 -3
right_child=1 13 5 -5 -6 -7 -8 -9 9 11 -12 12 -14 -15
leaf_value=-0.0015330115872528476 0.0024711870666096528 0.009638806437404647 -0.0016725719102989472 -0.014116199620103432 -0.011216595300756157 0.0032097968970337125 -0.0072789357982240748 0.015709134403246672 0.02475939064094957 0.0032689129822350508 0.0031088964736327128 0.0012141356012801087 -0.01026844325769696 9.9740939658142017e-05
leaf_weight=12333.565371915698 256.97552524507046 298.78174863755703 154.70812092721462 267.85907819867134 282.36659820377827 1483.7141336351633 89.916959911584854 691.15054114162922 122.35990945994854 971.18038919568062 1259.0219446867704 552.66258455812931 489.1703929156065 32920.932700827718
leaf_count=56746 1185 1289 724 1317 1300 6761 403 3041 557 4438 5680 2467 2193 148645
internal_value=2.93404e-05 0.000493077 0.00391824 -0.00610014 -0.0010178 0.00610758 0.0104749 0.0125476 -0.000827688 0.00173209 0.00515378 -0.000652088 -0.00430971 0.000188411
internal_weight=52174.4 36164 2944.32 524.835 16010.3 2419.49 935.776 845.859 15728 3394.4 1381.38 2013.01 1041.83 33219.7
internal_count=236746 163365 13431 2502 73381 10929 4168 3765 72081 15335 6237 9098 4660 149934
cat_boundaries=0 1 2 3
cat_threshold=278 338 41
is_linear=0
shrinkage=0.03


Tree=144
num_leaves=15
num_cat=0
split_feature=39 40 40 38 39 38 11 7 36 35 16 36 39 39
split_gain=30.9672 55.3631 50.6372 62.3213 53.6156 62.4129 52.4749 34.985 44.0037 60.3327 36.6857 34.3398 50.0791 41.9874
threshold=-1.1924373062288918 -1.2203586521697785 -1.745031036448901 -0.89447341339668018 -1.9798366764277011 -0.04477639283449069 -0.90181331804365417 -1.9725090248306951 -0.26896692298649905 -1.3730688873722234 0.21718972187318211 -1.6716285530773658 -0.51775402689854289 -1.002637037403715
decision_type=8 8 10 10 10 10 10 8 8 10 10 10 8 10
left_child=2 -2 3 6 -4 7 -1 -6 9 -9 -11 12 13 -3
right_child=1 11 4 -5 5 -7 -8 8 -10 10 -12 -13 -14 -15
leaf_value=-0.0056925773908391751 -0.0063562552471907677 0.0031345481182545134 0.021412486412351429 -0.012632303391082228 -0.0084338507695913764 0.010036499838156424 0.0086931068288427244 -0.0025029919238193491 -0.002416374623025388 0.016000366641197125 0.0027113415609924933 5.9605620042703953e-07 -0.0005684593264615247 -0.017186240099774625
leaf_weight=447.42903873324394 1319.334504455328 116.58135026693344 142.43297632038593 398.08206874132156 310.12491647899151 887.79924494028091 445.84251554310322 479.03125911951065 1040.3407142311335 482.45494548976421 309.0661339610815 44457.508910596371 914.72071608901024 373.24704711139202
leaf_count=2089 6155 564 592 1997 1502 3851 2072 2217 4749 2118 1392 201257 4142 1819
internal_value=-8.3966e-05 -0.000320791 0.00217281 -0.00291718 0.00397606 0.00320942 0.00150424 0.000867578 0.0021468 0.00587287 0.01091 -0.000145818 -0.00474743 -0.0123839
internal_weight=52124 47181.4 4942.6 1291.35 3651.25 3508.82 893.272 2621.02 2310.89 1270.55 791.521 45862.1 1404.55 489.828
internal_count=236516 213937 22579 6158 16421 15829 4161 11978 10476 5727 3510 207782 6525 2383
is_linear=0
shrinkage=0.03


Tree=145
num_leaves=15
num_cat=0
split_feature=40 40 39 30 39 35 35 40 33 39 11 38 23 38
split_gain=25.171 55.3754 82.0784 120.749 73.2565 75.2775 60.9809 74.498 53.9117 51.3258 85.5546 74.1517 59.8764 56.1957
threshold=1.6877905140902369 0.54374216055077251 0.758767869929445 1.5000000000000002 1.4981943489039444 0.45589069245063457 -1.303942678146367 1.0321956605276676 -1.3323834266600443 1.1672008633511177 1.5121175970145071 0.59998828695156703 -0.0010644625445056508 1.0314530475032557
decision_type=8 10 10 2 10 10 10 10 8 10 10 10 10 10
left_child=1 2 -1 -4 5 -5 7 -3 -2 13 11 -11 -12 -8
right_child=8 6 3 4 -6 -7 9 -9 -10 10 12 -13 -14 -15
leaf_value=-3.4146087290293112e-05 0.018965174393198992 -0.0025216273261618348 -0.0038870102144987493 0.0057066778364694513 -0.0083867612148720953 0.018050394996746912 -0.0053099219928690634 0.020733435255754142 0.0015860233231031042 0.0070179093524456023 -0.016810616760509361 -0.0020366050275248773 -0.00023381082151294826 9.2416207023150227e-05
leaf_weight=33042.906476765871 159.13590012490749 260.09074205160141 899.90789310634136 1034.8568855077028 184.21281626820564 788.82301831245422 5741.9004023224115 223.62344908714294 3270.3593589514494 1656.5514695644379 378.31783178448677 1584.395279482007 396.77362631261349 2479.670913875103
leaf_count=151464 669 1183 4023 4492 802 3373 26284 955 14270 7306 1743 6991 1802 11121
internal_value=-3.50371e-05 -0.000210268 0.000391746 0.00521492 0.00929332 0.0111152 -0.00191054 0.00843149 0.00244525 -0.00232588 0.000453444 0.0025988 -0.00843592 -0.00368241
internal_weight=52101.5 48672 35950.7 2907.8 2007.89 1823.68 12721.3 483.714 3429.5 12237.6 4016.04 3240.95 775.091 8221.57
internal_count=236478 221539 164154 12690 8667 7865 57385 2138 14939 55247 17842 14297 3545 37405
is_linear=0
shrinkage=0.03


Tree=146
num_leaves=15
num_cat=0
split_feature=24 11 11 39 16 11 0 35 8 39 16 10 35 1
split_gain=29.4692 42.0978 38.6076 45.4299 37.5771 50.7879 62.4425 44.4457 42.9228 49.5405 62.8745 47.4725 39.3446 37.644
threshold=-0.012687182422005836 1.4557407682480104 -0.97020056633039131 -1.8876272350736987 0.20761229392304489 -1.3329086597079962 0.0048883016578566089 -1.3730688873722234 -1.3841678147333714 -0.94136048609469702 0.13085399719644045 -0.65851087721285118 -0.65843726168272998 0.0066321123444917371
decision_type=8 10 8 8 8 10 10 10 10 10 10 10 10 10
left_child=1 2 -1 -4 5 6 -2 -8 12 11 -11 13 -7 -10
right_child=4 -3 3 -5 -6 8 7 -9 9 10 -12 -13 -14 -15
leaf_value=-0.0041792183802817013 -0.0064982359175710502 -0.0068444358424111472 0.016457710475530768 -0.00019229819279388365 -0.00010832901997617348 0.00033367489483610436 -0.0037011645290223687 0.0097426084148259755 0.026316918355440779 -0.0077278017045477416 0.0026480247347123137 -0.0040855170546470554 -0.012148533474983179 0.0069733815321702287
leaf_weight=2403.1605512350798 301.97853069007397 1122.4339772462845 139.84403994679451 9369.0204916298389 31972.711545720696 505.22821275889874 249.14607349038124 1689.101934671402 90.084905207157135 786.63481967151165 1535.6554218679667 332.81340396404266 402.32982370257378 1204.7469237297773
leaf_count=11200 1406 5103 607 42949 144225 2341 1162 7562 395 3633 7004 1539 1938 5412
internal_value=-8.18813e-05 -0.00131653 -0.000790353 6.96009e-05 0.000330248 0.00230326 0.00602927 0.00800439 0.000575997 0.00192956 -0.000884668 0.00592573 -0.00527191 0.00851054
internal_weight=52104.9 13034.5 11912 9508.86 39070.4 7097.72 2240.23 1938.25 4857.49 3949.94 2322.29 1627.65 907.558 1294.83
internal_count=236476 59859 54756 43556 176617 32392 10130 8724 22262 17983 10637 7346 4279 5807
is_linear=0
shrinkage=0.03


Tree=147
num_leaves=15
num_cat=2
split_feature=44 46 45 1 1 24 21 45 46 1 1 24 37 9
split_gain=27.1556 37.1081 37.0177 68.8447 48.2932 46.8453 29.2129 26.071 27.8694 37.7619 29.675 25.6125 29.6265 24.5624
threshold=-0.0084305060229168654 0 0.6671367115878134 0.0039505999706848632 0.0057485803004642382 -0.011641570188124532 -0.58148636454263125 0.63750168561416709 1 0.011069647519692387 0.011996999722827922 0.013204532119407699 0.51688024535150834 -1.1347316393968632
decision_type=8 1 10 8 8 10 10 8 1 8 8 10 10 8
left_child=1 6 3 -2 5 -5 -1 -6 10 -10 -9 13 -13 -8
right_child=2 -3 -4 4 7 -7 11 8 9 -11 -12 12 -14 -15
leaf_value=-0.0016715245643615696 -0.0087757724388650982 -0.0018022638764042729 0.00021424716770749211 -0.00035615618832607164 0.0006533442467134352 0.0145266182858531 0.005969451199732018 0.0061210555075284266 0.0083029625096008655 -0.011994868655075722 0.025763127351727769 0.0022789101974180696 0.011997122032101496 -0.00013644052227980503
leaf_weight=2783.1035800278187 369.42897455394268 12780.376721739769 27611.076011136174 261.81207333505154 1838.8129720538855 682.74070635437965 713.946373924613 171.40238124132156 240.55012355744839 113.12174041569233 116.78593529760838 757.44120064377785 446.0074906796217 3274.4648980498314
leaf_count=12914 1651 58020 125343 1183 8267 3008 3261 772 1076 498 502 3438 1978 14847
internal_value=4.01991e-05 -0.000801589 0.000596596 0.00337081 0.00470261 0.0104409 0.000803555 0.00248454 0.00764007 0.001615 0.0142016 0.00213253 0.00594974 0.000968742
internal_weight=52161.1 20755.3 31405.7 3794.65 3425.23 944.553 7974.96 2480.67 641.86 353.672 288.188 5191.86 1203.45 3988.41
internal_count=236758 94458 142300 16957 15306 4191 36438 11115 2848 1574 1274 23524 5416 18108
cat_boundaries=0 1 2
cat_threshold=408 550
is_linear=0
shrinkage=0.03


Tree=148
num_leaves=15
num_cat=0
split_feature=38 37 20 30 41 12 32 38 11 30 45 12 2 45
split_gain=27.1113 50.0092 34.5042 104.307 82.0625 64.335 44.3098 43.4137 53.2369 62.3837 43.14 51.0971 61.5743 60.7652
threshold=2.4326689520438873 1.9533495851223017 0.72260559789066392 2.5000000000000004 0.95000000000000007 0.0068145888219466972 -0.018134973545100675 1.4041492577238197 0.45695013235722676 2.5000000000000004 1.1986765600347253 0.011493981860791088 1.5217960803309367 1.1733084861719061
decision_type=8 8 10 2 2 2 10 10 10 2 10 2 10 10
left_child=2 -2 7 4 -4 -5 -7 10 9 -9 11 13 -13 -1
right_child=1 -3 3 5 -6 6 -8 8 -10 -11 -12 12 -14 -15
leaf_value=-0.0011169352741689871 0.012548707519483135 -0.0015403904228396376 -0.0027476345849647924 0.018275008724618146 -0.012394293512535794 0.0029562494363938288 -0.002422273098202009 0.0015374012266356201 -0.0023560250756350662 0.0162480759449713 -0.0020111769081515669 0.0016877089258570536 -0.0038544825240230686 -0.0206889977490195
leaf_weight=8883.7013180181384 416.0147645175457 480.60017360746861 2631.6474029868841 172.71365302801132 1131.5730534493923 2660.1342216879129 2839.8869699239731 511.15278415381908 563.56404136121273 521.74545930325985 7698.9144073724747 21492.271548882127 1960.0032964199781 135.15033754706383
leaf_count=40484 1775 2052 11874 727 5291 11685 12550 2287 2490 2299 35786 97636 8902 637
internal_value=-7.94931e-05 0.00506303 -0.000170516 -0.00180795 -0.00567348 0.000761864 0.000179741 0.00019976 0.00503574 0.00905272 6.35982e-06 0.00048519 0.00122308 -0.00143282
internal_weight=52099.1 896.615 51202.5 9435.96 3763.22 5672.73 5500.02 41766.5 1596.46 1032.9 40170 32471.1 23452.3 9018.85
internal_count=236475 3827 232648 42127 17165 24962 24235 190521 7076 4586 183445 147659 106538 41121
is_linear=0
shrinkage=0.03


Tree=149
num_leaves=15
num_cat=2
split_feature=44 45 11 10 38 41 38 46 10 45 37 12 45 46
split_gain=25.9723 42.3369 47.1624 40.3814 52.6378 61.6524 48.593 50.9023 45.9635 42.7198 40.4441 43.6536 39.5599 36.8644
threshold=-0.0062941246477756212 0.6671367115878134 3.1959690996984662 0.68768999569324474 -0.74538369403605687 0.15000000000000005 -0.1808905395500216 0 0.23546921560112496 0.95529589978209162 0.14487519330210838 0.03294658031181457 0.65649355127391462 1
decision_type=8 10 10 8 10 2 10 1 10 10 10 2 10 1
left_child=3 12 -3 6 5 -5 9 8 -8 -1 11 -11 -2 -6
right_child=1 2 -4 4 13 -7 7 -9 -10 10 -12 -13 -14 -15
leaf_value=-0.0053158869369481967 0.0028950725866837301 0.00029195019525407975 0.020630444918866203 -0.0021234732373931514 -0.00061765408688204543 0.020526305229468595 0.0077181612573497694 0.00031261322078850531 -0.0020919659568862884 -0.002384538315698014 0.010631730818215814 0.0046590688070118503 0.014375669898960809 -0.0059074706485930245
leaf_weight=2109.4958828240633 3300.7601099610329 25851.749846994877 93.024874493479729 263.82061453163624 2038.3140098899603 171.38501018285751 1779.6002907305956 7763.2194598317146 560.89352029561996 3743.8109833151102 280.46129065752029 993.89021970331669 285.45259794592857 2860.4231931120157
leaf_count=9706 14724 117269 418 1180 9116 739 8055 35099 2509 17854 1274 4291 1275 12946
internal_value=0.000210356 0.000795776 0.000372794 -0.000555791 -0.00283417 0.00705677 0.000150711 0.0014882 0.00534555 -0.00174466 -0.000235833 -0.000900207 0.00384633 -0.00372547
internal_weight=52096.3 29531 25944.8 22565.3 5333.94 435.206 17231.4 10103.7 2340.49 7127.66 5018.16 4737.7 3586.21 4898.74
internal_count=236455 133686 117687 102769 23981 1919 78788 45663 10564 33125 23419 22145 15999 22062
cat_boundaries=0 1 2
cat_threshold=272 139
is_linear=0
shrinkage=0.03


Tree=150
num_leaves=15
num_cat=1
split_feature=43 24 1 11 11 0 15 1 46 8 11 2 20 11
split_gain=31.0006 43.7576 39.9403 63.2778 37.849 35.2886 61.5848 40.0154 53.0853 49.1208 35.1183 34.855 35.594 43.5433
threshold=0.81666666666666676 -0.010182426649793184 0.032867599984082202 -0.63800335937296881 2.8135121707842776 0.007544868411359363 0.66248165260630276 0.0070055523844379042 0 0.30155382430029581 -1.3111463781870605 0.34682682304505957 0.74800682142608987 -0.51277043651713961
decision_type=10 10 10 10 10 10 8 10 1 10 8 10 10 8
left_child=1 -1 11 -4 5 6 -2 -8 -9 -10 -7 -3 -13 -14
right_child=4 2 3 -5 -6 10 7 8 9 -11 -12 12 13 -15
leaf_value=-0.0018983209004308154 0.00030806328135482401 -0.0076760668199444809 0.0055213156945189048 -0.013702561785211179 0.019171488232461436 0.0099759645599457325 0.0015296651083199163 0.021737739560600138 0.018529415646602071 -0.0012676433180895479 -0.0001417383793202186 0.0010208014450943563 -0.010271957488605597 -0.0008498285183140828
leaf_weight=11988.149576589465 1671.1580718457699 459.28279363363981 230.84071430563927 428.07790519297123 96.759102135896683 310.88290327787399 417.63961470127106 338.71171900629997 167.14146089553833 307.33961494266987 8162.4070048481226 23469.832089722157 493.03224837779999 3625.0912205576897
leaf_count=55235 7631 2237 1008 1930 425 1398 1824 1514 750 1377 36608 106539 2263 16066
internal_value=1.14897e-05 -0.000376857 0.000258971 -0.00698595 0.00138818 0.00122021 0.00406927 0.0091324 0.012971 0.0058244 0.0002408 0.000431606 0.000569315 -0.00200002
internal_weight=52166.3 40694.3 28706.2 658.919 11472 11375.3 2901.99 1230.83 813.193 474.481 8473.29 28047.2 27588 4118.12
internal_count=236805 185278 130043 2938 51527 51102 13096 5465 3641 2127 38006 127105 124868 18329
cat_boundaries=0 1
cat_threshold=481
is_linear=0
shrinkage=0.03


Tree=151
num_leaves=15
num_cat=0
split_feature=45 40 13 38 19 1 43 20 30 20 40 43 1 23
split_gain=28.9105 36.0832 49.0934 35.4715 34.5832 36.9349 31.7245 31.4028 31.0276 30.908 32.1714 41.9714 30.869 31.3729
threshold=1.1958183029678666 -1.7980471760198522 39.842427429819978 0.79648393521231908 -6.9504030929595944 0.029324172227586136 0.13392857142857145 1.0000000180025095e-35 1.5000000000000002 -0.2754107472592266 -1.4330499715606979 0.41428571428571431 0.013524550090079383 -0.0014874403621576435
decision_type=10 8 10 10 2 10 10 10 2 10 10 10 10 10
left_child=1 2 -1 -2 5 9 7 -6 -5 10 -3 -12 13 -13
right_child=3 4 -4 8 6 -7 -8 -9 -10 -11 11 12 -14 -15
leaf_value=-0.00078961819005455745 -0.0023082408544878455 -0.0046267975758968807 -0.015325797736106116 -0.0036187940571641903 -0.00040679416220809861 0.022522466033435742 0.00053591753886475166 -0.0073983692305598404 0.004432623740310445 -0.0086278941820000267 0.0029398671462200787 0.011923630383782167 0.0038181322842180212 0.034939189118401798
leaf_weight=668.95804850757122 8167.3027792721987 249.27161692082882 294.97372707724571 599.98198957741261 1586.5738144516945 89.149188309907913 36764.522791236639 900.81717456877232 1463.9882609695196 158.18423528969288 764.18140916526318 154.24995854496956 148.21189025044441 88.552306577563286
leaf_count=3117 37929 1137 1510 2792 7257 379 165823 4020 6573 713 3478 712 653 400
internal_value=8.16195e-06 0.000357572 -0.00534954 -0.00142062 0.000493339 0.00473238 0.000313792 -0.0029583 0.00208597 0.00358069 0.00500702 0.0071077 0.0149767 0.0213677
internal_weight=52098.9 41867.6 963.932 10231.3 40903.7 1651.8 39251.9 2487.39 2063.97 1562.65 1404.47 1155.2 391.014 242.802
internal_count=236493 189199 4627 47294 184572 7472 177100 11277 9365 7093 6380 5243 1765 1112
is_linear=0
shrinkage=0.03


Tree=152
num_leaves=15
num_cat=0
split_feature=31 19 37 11 30 5 38 20 30 41 38 38 38 37
split_gain=31.8174 26.5145 28.4267 27.3805 50.0392 29.3116 25.9808 24.8168 68.0046 51.0545 47.5433 45.0397 43.2487 58.1089
threshold=2.8312508026343428 7.4684236787910816 -0.168120860542564 1.4295301520449375 1.5000000000000002 0.73070156872767789 0.41405233559585758 0.71049969511778943 2.5000000000000004 0.8500000000000002 0.79648393521231908 2.6300836929250067 1.4041492577238197 0.26962193554358999
decision_type=10 2 10 8 2 10 10 10 2 2 10 10 8 8
left_child=1 7 -3 4 -4 -5 -2 12 9 10 -9 -11 -1 -14
right_child=6 2 3 5 -6 -7 -8 8 -10 11 -12 -13 13 -15
leaf_value=-8.6011998478364686e-05 -0.0014674416202799753 0.019440603445287787 -0.0095420453813214977 -0.005415694954183291 0.013751480957744741 0.0053090136655847284 0.013829002221364508 -0.0048178082230995664 0.00055514233137051242 -0.010044392169146559 0.0049576007330460348 0.0080805929451168903 0.022076048722295349 0.0029847283090208019
leaf_weight=39655.79531045258 156.31579400599003 89.189392849802971 99.198960617184639 470.84601590037346 360.57634228467941 428.5559920668602 258.63106124103069 1305.6063529998064 5262.5880285352468 1538.8858661949635 669.35455945134163 126.73344331979752 148.15970802307129 1610.027999356389
leaf_count=181192 677 391 447 2132 1557 1897 1092 5863 23124 7198 2987 556 644 7101
internal_value=-7.7331e-06 -7.48314e-05 0.00391292 0.00275945 0.00862964 -0.000303293 0.00816771 -0.000190373 -0.00162636 -0.00477269 -0.00149644 -0.00862531 0.000118655 0.00470928
internal_weight=52180.5 51765.5 1448.37 1359.18 459.775 899.402 414.947 50317.2 8903.17 3640.58 1974.96 1665.62 41414 1758.19
internal_count=236858 235089 6424 6033 2004 4029 1769 228665 39728 16604 8850 7754 188937 7745
is_linear=0
shrinkage=0.03


Tree=153
num_leaves=15
num_cat=0
split_feature=11 12 20 12 30 11 2 15 38 37 2 30 0 39
split_gain=23.7086 74.6979 23.8515 59.739 44.3623 64.9133 53.1528 39.1593 38.9435 75.3022 43.8656 48.6666 38.8956 36.9243
threshold=3.1959690996984662 0.018534794024037234 0.88918566563204149 0.0062589244738169318 2.5000000000000004 1.8657376744546386 1.4196378586820166 0.83689343233796187 1.4041492577238197 0.25174472403355236 0.98859235170400173 5.5000000000000009 0.044676222094108514 -0.50697222414922305
decision_type=10 2 8 2 2 8 8 10 8 10 10 2 8 10
left_child=2 -2 8 -4 6 -6 -5 -8 12 -10 11 -11 13 -1
right_child=1 -3 3 4 5 -7 7 -9 9 10 -12 -13 -14 -15
leaf_value=-0.0014664976982596677 -0.0061725627678408676 0.028726634299278263 0.019769331495819761 -0.0070981259477029815 0.0010675713559594132 -0.010943162420111494 0.0095721339660205292 -0.0045214591594456418 0.022528971169640283 -0.0039424041925861051 0.006893734042255302 0.01601526476392676 0.0083805730103387963 0.00044102737933569087
leaf_weight=13522.040337085724 115.58605347573757 90.912581413984299 104.93996946513653 2259.2462420910597 4017.6087623387575 440.25914168357849 336.37556952238083 354.96181850135326 170.85178995132446 992.51784913241863 988.42227073013783 113.61075414717197 473.33020457625389 28085.362752392888
leaf_count=62539 530 403 444 10375 17582 1962 1495 1581 731 4444 4278 516 2019 127504
internal_value=-9.77846e-05 0.00980926 -0.000139117 -0.00170099 -0.00203135 -0.000140447 -0.00487809 0.0023746 0.000125829 0.00394857 0.00233313 -0.00176742 -8.08562e-05 -0.000179105
internal_weight=52066 206.499 51859.5 7513.39 7408.45 4457.87 2950.58 691.337 44346.1 2265.4 2094.55 1106.13 42080.7 41607.4
internal_count=236403 933 235470 33439 32995 19544 13451 3076 202031 9969 9238 4960 192062 190043
is_linear=0
shrinkage=0.03


Tree=154
num_leaves=15
num_cat=1
split_feature=39 39 38 14 38 35 37 39 36 41 14 1 39 46
split_gain=23.1007 46.2275 79.8969 75.2544 56.2124 41.2864 81.9677 42.5482 42.5427 40.874 57.743 40.7021 40.3267 43.6358
threshold=-1.1924373062288918 -0.57872202016650387 -0.85779566690297104 0.79720515401786562 0.55256959153136886 -1.0695225656410641 0.35555007226404556 0.37164225747233753 -1.0001428671364903 1.0000000180025095e-35 0.46451423946487314 0.0074106806480271703 -0.32371391018397272 0
decision_type=10 10 10 8 10 10 10 10 10 2 10 10 10 1
left_child=-1 2 9 4 -4 6 7 -3 -9 -2 -11 -6 13 -7
right_child=1 5 3 -5 11 12 -8 8 -10 10 -12 -13 -14 -15
leaf_value=0.0018873328829123856 -0.0098541232524298316 -0.0011275009830139116 -0.00033449078620714366 -0.0087590468931684363 0.026069573190932047 0.0056435336817814413 0.016746173097003134 0.0018043762180400328 0.015336471191937031 -0.0057349790598552044 0.019210567030295295 0.0055741344257712253 -0.00047596698714784201 -0.00050348195945937291
leaf_weight=4964.7212909534574 1534.6920967400074 1688.7363034784794 4545.5370107144117 863.59438882768154 101.05208319425583 2123.0068666934967 361.78325329720974 553.58468282222748 329.09241473674774 313.42771634459496 102.59900453686714 449.13390839099884 32189.735655114055 2019.3154613673687
leaf_count=22670 7455 7832 20894 3959 449 9616 1530 2417 1425 1474 469 2048 145156 9301
internal_value=-5.70718e-05 -0.000262057 -0.00235285 -0.000623402 0.000769836 0.000159627 0.00357707 0.00166656 0.00696489 -0.00760606 0.000723522 0.00973668 -0.000117182 0.00266535
internal_weight=52140 47175.3 7910.04 5959.32 5095.72 39265.3 2933.2 2571.41 882.677 1950.72 416.027 550.186 36332.1 4142.32
internal_count=236695 214025 36748 27350 23391 177277 13204 11674 3842 9398 1943 2497 164073 18917
cat_boundaries=0 1
cat_threshold=647
is_linear=0
shrinkage=0.03


Tree=155
num_leaves=15
num_cat=0
split_feature=25 8 16 1 43 19 16 30 14 37 30 37 35 30
split_gain=26.5526 36.7262 32.6249 29.8937 45.1656 43.319 39.7583 37.4217 28.7683 36.2277 69.7913 75.4059 65.8676 74.2145
threshold=0.06555082169827943 -1.5420378328674134 0.32821285503312686 0.032867599984082202 0.81666666666666676 -2.0252541578660401 0.65836289678382742 2.5000000000000004 0.19326986113594244 -0.14960318950031029 3.5000000000000004 0.46557922511427491 0.055656880208495137 4.5000000000000009
decision_type=8 10 8 10 10 2 10 2 10 8 2 10 10 2
left_child=1 2 -1 8 5 7 -6 -5 -3 -10 -11 -12 -13 -14
right_child=-2 3 -4 4 6 -7 -8 -9 9 10 11 12 13 -15
leaf_value=-0.010278217982991946 0.00081662444041884523 -0.0029338453399086499 0.0029535874205271566 0.010586897259748785 0.012163263290847905 -0.020060803524798762 -0.0081050084064264345 -0.010880164397348608 0.001793011392543626 -0.0027690059920449412 -0.0016981445782280654 0.0093019288940255299 0.0085092275826532584 -0.0016133513599925838
leaf_weight=608.61742790043354 23018.497049346566 3040.052440404892 224.90231029689312 105.80903871357441 179.09937772154808 247.23823383450508 152.16904677450657 189.58374494314194 8110.0543427318335 7550.3326387405396 4227.3099130913615 1382.7513613253832 922.34255044162273 2158.9503322392702
leaf_count=2991 103207 14182 1115 470 806 1137 683 854 37186 34409 19549 6183 3984 9882
internal_value=5.54656e-05 -0.000546711 -0.00671529 -0.000362497 -0.0057927 -0.0110487 0.0028883 -0.00309583 -0.000187203 0.000156749 -0.000660895 0.00117154 0.00388675 0.00143443
internal_weight=52117.7 29099.2 833.52 28265.7 873.899 542.631 331.268 295.393 27391.8 24351.7 16241.7 8691.35 4464.04 3081.29
internal_count=236638 133431 4106 129325 3950 2461 1489 1324 125375 111193 74007 39598 20049 13866
is_linear=0
shrinkage=0.03


Tree=156
num_leaves=15
num_cat=1
split_feature=24 19 40 37 39 15 1 46 44 30 16 45 38 45
split_gain=23.6847 50.7789 62.8855 54.008 37.4558 74.4591 40.105 39.241 49.568 41.3548 42.6256 39.7783 36.1869 35.4294
threshold=-0.012423901263321878 -6.0084129638145241 -1.6823852431989177 -1.4494537683215323 0.85988707139511911 0.53089721291525738 0.0042786673989979604 0 -0.0046906275667972048 4.5000000000000009 0.26815415019463501 0.82378130336122879 -1.8869247473184332 0.89884902223015117
decision_type=8 2 10 10 8 8 8 1 8 2 10 10 8 10
left_child=-1 2 3 -2 7 -6 -7 8 13 10 11 -9 -12 -3
right_child=1 4 -4 -5 5 6 -8 9 -10 -11 12 -13 -14 -15
leaf_value=-0.0010012751688763151 0.0045504459534410867 -0.0039764631440838954 0.0060569942960122837 -0.013513936656763223 0.010403938332253771 0.014730639295083977 0.00062586777160508311 0.010278006313181027 0.0023334609143448783 -0.0041726001529492083 0.011527386232650661 0.00093986040492724477 -0.002110790425829795 0.0015346708197962668
leaf_weight=13301.097295075655 281.48072993755341 2528.9759488850832 2617.8589057326317 297.55168005824089 814.04052497446537 175.64758066833019 8063.7068075835705 466.48777133226395 7500.6589941084385 3755.8537510186434 169.51840198040009 2986.7062854468822 7396.1782308518887 1782.7420952171087
leaf_count=61178 1296 11368 11803 1473 3540 729 35610 2098 33629 17769 790 13609 33695 8153
internal_value=9.08541e-05 0.00046505 0.00408092 -0.00480426 0.000139659 0.00180518 0.000944047 -0.000427946 0.000860432 -0.00145748 -0.000530396 0.00222737 -0.0017904 -0.00169953
internal_weight=52138.5 38837.4 3196.89 579.032 35640.5 9053.39 8239.35 26587.1 11812.4 14774.7 11018.9 3453.19 7565.7 4311.72
internal_count=236740 175562 14572 2769 160990 39879 36339 121111 53150 67961 50192 15707 34485 19521
cat_boundaries=0 1
cat_threshold=15
is_linear=0
shrinkage=0.03


Tree=157
num_leaves=15
num_cat=1
split_feature=36 40 37 37 30 20 12 10 15 10 46 36 12 40
split_gain=31.8748 61.5137 68.1545 44.3859 56.3842 45.6664 54.6556 46.4383 45.0843 45.1641 55.1264 41.6308 46.1541 41.9303
threshold=-0.27787662703641075 -1.6300809730482866 -1.1727790044981357 -1.0660773483132269 5.5000000000000009 0.71049969511778943 0.0062589244738169318 0.11777699035321218 0.81906162181945785 0.68768999569324474 0 -1.6716285530773658 0.022475213605457348 -0.96393091836905342
decision_type=10 10 10 10 2 8 2 10 10 8 1 8 2 10
left_child=11 2 -2 4 -3 8 -7 -8 9 10 -5 13 -13 -1
right_child=1 3 -4 5 -6 6 7 -9 -10 -11 -12 12 -14 -15
leaf_value=0.0015261823344872854 0.0042031430100811723 -0.0034404240448975493 -0.018165862969039329 0.00271996281950591 -0.022682966439222293 0.014689362605307005 -0.0079629025917236692 -0.0015328499165674074 0.0047002670688445665 -0.0028647327937902129 -0.00063424661561676989 0.00043640557382596494 0.0040159014040196464 -0.0063863524079763676
leaf_weight=1130.51620452106 180.77816498279572 1506.304085701704 350.87170102447271 7255.2769111692905 141.55120910704136 160.12700153887272 1181.9520049840212 6709.5399500876665 2055.1009682714939 3893.0424295961857 11184.508014902472 10229.887675568461 4738.0227034687996 1273.4766214638948
leaf_count=5276 872 7062 1885 32775 716 679 5396 30042 9084 17640 51340 46438 20908 5975
internal_value=-6.56291e-05 -0.000591787 -0.0106225 -0.000432271 -0.00522021 -0.000187521 -0.00214503 -0.00250477 0.000459359 6.71754e-05 0.000687383 0.000982645 0.0015714 -0.00267445
internal_weight=51991 34619.1 531.65 34087.4 1647.86 32439.5 8051.62 7891.49 24387.9 22332.8 18439.8 17371.9 14967.9 2403.99
internal_count=236088 157491 2757 154734 7778 146956 36117 35438 110839 101755 84115 78597 67346 11251
cat_boundaries=0 1
cat_threshold=270
is_linear=0
shrinkage=0.03


Tree=158
num_leaves=15
num_cat=1
split_feature=43 19 40 8 16 40 38 46 40 30 13 13 0 16
split_gain=26.8325 39.2586 52.6901 38.6002 52.6409 63.7356 72.6612 51.0247 50.9666 50.9265 47.718 45.0837 52.9394 44.6998
threshold=0.41428571428571431 -6.8199786683309824 -1.4330499715606979 -1.3841678147333714 0.22339137350761865 -0.69353555611436823 -0.71372822471158404 0 0.066145720066515604 3.5000000000000004 37.178047804744772 44.411742463242966 0.0093833194502655117 0.55295238227491772
decision_type=10 2 10 10 8 8 10 1 10 2 10 10 10 8
left_child=-1 2 -2 7 8 6 -6 -3 -5 13 -9 -11 -13 -7
right_child=1 3 -4 4 5 9 -8 10 -10 11 -12 12 -14 -15
leaf_value=-0.00081627375773283357 -0.0031869194785410716 0.010252959304275883 0.011506135585944648 0.0055197885057683763 0.0022410824827489421 -0.0028551021276869461 -0.0069154475697436029 -0.0033324971866292804 -0.0046821469452930659 -0.0026806408941147291 -0.017647159837950153 0.0055103357506882744 0.00079224196756218137 0.0007866408435693304
leaf_weight=19746.332331255078 327.63621763885021 159.11105170845985 634.8775483071804 3031.1380946785212 1201.6090061813593 4672.7811988592148 2192.1608502715826 783.40535508096218 507.5620976537466 1377.2243823111057 279.50888110697269 4275.9034277796745 4283.4238829910755 8603.6798869073391
leaf_count=90370 1561 761 2845 13752 5478 21235 10048 3785 2325 6377 1334 19127 19044 38425
internal_value=5.48314e-05 0.000586968 0.00652333 0.000402789 0.000615315 0.000157494 -0.0036764 -0.00480235 0.00404744 0.000719355 -0.00715941 0.00234247 0.0031529 -0.000496291
internal_weight=52076.4 32330 962.514 31367.5 30145.5 26606.8 3393.77 1222.03 3538.7 23213 1062.91 9936.55 8559.33 13276.5
internal_count=236467 146097 4406 141691 135811 119734 15526 5880 16077 104208 5119 44548 38171 59660
cat_boundaries=0 1
cat_threshold=4
is_linear=0
shrinkage=0.03


Tree=159
num_leaves=15
num_cat=0
split_feature=36 12 39 40 40 7 30 38 41 20 30 38 40 36
split_gain=26.557 52.8149 28.6636 82.4288 61.5257 66.6075 72.7142 72.4853 61.3914 57.6786 55.6231 71.7336 58.5175 51.8188
threshold=-2.4533527491768634 0.042554229513740223 -1.0357267802456829 -1.2203586521697785 -0.33772784196784383 -0.29481565670566312 3.5000000000000004 0.1078798557856117 0.75000000000000011 -0.58406520512481419 1.5000000000000002 -0.6631999740789033 -1.1975461553325586 -2.073002836634668
decision_type=8 2 10 10 10 8 2 10 2 10 2 8 8 8
left_child=1 -1 4 -4 5 10 8 -8 -7 -9 11 -2 -13 -12
right_child=2 -3 3 -5 -6 6 7 9 -10 -11 13 12 -14 -15
leaf_value=-0.0093554439260427318 0.002954347556322178 0.0092265989660381843 -0.009102714584226566 4.6752394096819884e-05 0.01407663903256059 -0.0042031467838377322 -0.0020099618184469589 -0.00072289912053368323 -0.021046694258124041 0.023826576573660843 0.01806968200543832 0.028410045810423095 0.0072195859920320292 5.9607270248355965e-06
leaf_weight=625.65779189765453 676.46105447411537 167.06296029686928 894.27675686776638 44316.375664755702 350.09516277909279 1041.6673511713743 812.3318575322628 141.40901987999678 231.91338311135769 208.08690835535526 143.37427341938019 237.07305209338665 240.69999325275421 2098.4403271526098
leaf_count=3080 3068 702 4168 200710 1584 4642 3854 652 1073 923 668 1052 1051 9708
internal_value=4.13883e-05 -0.00537319 0.000125937 -0.000136199 0.00204027 0.0012948 -0.00248541 0.00293043 -0.00741036 0.0141498 0.00400503 0.00932575 0.0181013 0.00123633
internal_weight=52184.9 792.721 51392.2 45210.7 6181.55 5831.46 2435.41 1161.83 1273.58 349.496 3396.05 1154.23 477.773 2241.81
internal_count=236935 3782 233153 204878 28275 26691 11144 5429 5715 1575 15547 5171 2103 10376
is_linear=0
shrinkage=0.03


Tree=160
num_leaves=15
num_cat=0
split_feature=38 19 9 35 11 25 1 12 11 1 45 30 45 38
split_gain=27.7146 26.496 42.1853 49.826 33.1858 29.9425 33.6778 46.5846 45.064 41.0009 52.2445 58.3386 54.0537 46.8828
threshold=-2.9320192544958776 7.4684236787910816 1.7923971361947462 -0.40672698757163739 -0.063210604852751498 -0.011124133004372603 0.032867599984082202 0.034321947982413059 -0.91468067976379774 0.0194468161753087 1.3925682664984527 3.5000000000000004 1.2396721198242324 -0.46786180689621598
decision_type=8 2 8 8 8 10 10 2 10 10 8 2 10 8
left_child=-1 2 5 -4 -5 6 7 9 -8 13 12 -12 -11 -2
right_child=1 -3 3 4 -6 -7 8 -9 -10 10 11 -13 -14 -15
leaf_value=-0.010809715590440045 -0.0027358916762671038 0.0040367892805939004 0.010586726519880182 -0.021508466062998093 -0.0057966136126060795 0.00091690736542011432 0.0089538268064698369 0.0048107014449961022 -0.0097169759247306021 -0.0042578436290359872 -0.0059889516325917743 0.021513408012793587 -0.018274947831909343 0.00044916294706336005
leaf_weight=200.39915218949318 5494.274366363883 1484.7146317511797 137.72109995782375 134.74892592430115 838.89407129585743 22638.601595014334 132.07963155210018 1459.6259673535824 671.5459308475256 1359.8570669740438 137.10613121092319 123.95158855617046 295.77921992540359 17014.018694192171
leaf_count=963 25931 6578 602 616 3778 101553 582 6447 3061 6313 648 593 1414 77610
internal_value=5.64514e-05 0.000100463 -1.61848e-05 -0.0057699 -0.00816764 0.000114593 -0.000566068 -0.000377013 -0.00657601 -0.00068887 -0.0048892 0.00738125 -0.00685668 -0.000329179
internal_weight=52123.3 51922.9 50438.2 1111.36 973.643 49326.8 26688.2 25884.6 803.626 24425 1916.69 261.058 1655.64 22508.3
internal_count=236689 235726 229148 4996 4394 224152 122599 118956 3643 112509 8968 1241 7727 103541
is_linear=0
shrinkage=0.03


Tree=161
num_leaves=15
num_cat=2
split_feature=12 37 10 7 10 11 46 33 46 2 38 0 44 10
split_gain=27.3949 50.8244 50.2156 42.3353 44.0634 44.3624 43.6356 40.6024 32.8898 41.3732 37.3546 37.9553 34.9443 47.4473
threshold=0.032517041383130059 -2.1746834102327997 -1.5742758407887056 -0.44422648594269504 -0.10789809340295359 -0.46695595467128387 0 -1.5613471191602326 1 0.31221105790683362 2.4326689520438873 0.0084564639357465037 0.011578336677734157 0.52097520645590834
decision_type=2 10 8 10 8 10 1 10 1 10 10 10 10 8
left_child=1 7 -2 -4 5 6 -5 -1 12 -10 -11 -12 13 -3
right_child=2 8 3 4 -6 -7 -8 -9 9 10 11 -13 -14 -15
leaf_value=0.00013624006003456573 0.015268286948800653 0.0011472487616009223 0.0048750164055758318 0.0083124062694733478 0.0019063346721886212 -0.011252785335379684 -0.0060481704225064442 -0.014830105940049841 -0.013012148271467331 -0.00088897955165328265 -0.0071090260439921164 0.013212295835637704 0.0026461455189138615 -0.0024233208493354983
leaf_weight=284.42856305837631 234.50096353888512 10259.169710092247 1999.8885424137115 304.15257711708546 2355.1051558107138 559.05986803770065 441.6395139247179 372.00802113115788 239.43764898180962 23418.397111549973 104.1558799892664 311.79086126387119 6244.8856370896101 4960.8322040736675
leaf_count=1425 986 46505 8621 1356 10422 2528 1948 1918 1213 108010 447 1331 27796 22051
internal_value=3.00869e-05 -0.000215808 0.00195431 0.00137673 -0.000542898 -0.00494436 -0.000129118 -0.00844057 -9.54214e-05 -0.000856363 -0.0007292 0.00807627 0.000758054 -1.73755e-05
internal_weight=52089.5 46195.1 5894.35 5659.85 3659.96 1304.85 745.792 656.437 45538.7 24073.8 23834.3 415.947 21464.9 15220
internal_count=236557 210696 25861 24875 16254 5832 3304 3343 207353 111001 109788 1778 96352 68556
cat_boundaries=0 1 2
cat_threshold=588 263
is_linear=0
shrinkage=0.03


Tree=162
num_leaves=15
num_cat=1
split_feature=27 37 32 33 20 30 12 30 35 9 46 35 1 11
split_gain=27.3887 47.2008 28.9652 37.5442 30.0168 42.6236 37.2579 36.9131 42.6647 32.9987 30.3247 29.7859 32.057 29.6246
threshold=0.066879944386240661 0.39208276394391356 -0.79813382356053075 -0.86530924057212777 0.88918566563204149 2.5000000000000004 0.0069829585205373234 4.5000000000000009 -0.0074791063230588576 1.4711373671382078 0 -2.0890591837551153 0.015609417072637804 -0.6261492787880627
decision_type=10 8 8 10 8 2 2 2 10 8 1 8 10 10
left_child=1 -1 3 -2 11 -6 -7 13 10 -10 -9 12 -4 -8
right_child=2 -3 4 -5 5 6 7 8 9 -11 -12 -13 -14 -15
leaf_value=-0.0030391510017721566 -0.00081163038589076783 0.0016966880020018653 -0.010215702526211418 0.004509059151823998 -0.0052059276711660914 0.017559562646019822 -0.010587588900710985 0.010340497762836848 -0.010406695999735751 -0.00064716499442382344 -0.0039453725568227805 0.00056849266112679586 0.0046332758173219715 0.0041477078107238332
leaf_weight=5738.8197181671858 1910.9409831017256 2816.9309144616127 446.6515467017889 3157.6474784314632 2175.5649595558643 97.186121970415115 124.51944598555565 273.59211340546608 729.04340872168541 541.78757390379906 232.98766697943211 32202.769556641579 176.57684905827045 1452.0639023333788
leaf_count=26281 8643 12590 2207 14122 9977 405 552 1211 3299 2446 1041 146777 758 6207
internal_value=7.09381e-05 -0.00147974 0.000376053 0.00250542 9.47945e-05 -0.00192773 0.000147863 -0.000407362 -0.0033626 -0.0062835 0.00394471 0.000441959 -0.00600187 0.00292451
internal_weight=52077.1 8555.75 43521.3 5068.59 38452.7 5626.75 3451.18 3353.99 1777.41 1270.83 506.58 32826 623.228 1576.58
internal_count=236516 38871 197645 22765 174880 25138 15161 14756 7997 5745 2252 149742 2965 6759
cat_boundaries=0 1
cat_threshold=171
is_linear=0
shrinkage=0.03


Tree=163
num_leaves=15
num_cat=1
split_feature=42 42 43 20 14 39 37 35 36 25 46 45 0 1
split_gain=29.1852 48.9861 31.4954 30.2118 46.9629 37.8436 65.1206 50.5787 106.644 43.1204 41.0131 40.9823 43.2874 39.23
threshold=0.81666666666666676 0.84523809523809534 0.41428571428571431 0.88918566563204149 0.49820164514649007 0.61976591398728387 -0.91978443267836818 0.21602660703098855 -0.53521434619698272 -0.021854085914295662 0 1.2227003229789559 0.018099004313375439 0.0044169037631099856
decision_type=10 10 8 10 8 10 10 10 10 10 1 8 10 8
left_child=3 -2 -3 5 -5 9 -7 8 -8 11 13 -1 -13 -9
right_child=1 2 -4 4 -6 6 7 10 -10 -11 -12 12 -14 -15
leaf_value=-0.001022469793916538 0.012581181665070263 -0.0035229699656726138 0.0015091028858064926 0.0068209456346551602 -0.0040168566036399263 0.016676348941323388 0.0061160008318348839 0.014415892469122553 -0.0047173163191215539 0.00066894219272623054 0.0047440899604018561 -0.0069936097139653881 0.002112239756388795 -0.003809223439073113
leaf_weight=13259.853742413223 325.32410831749439 1252.2851392775774 9908.4554581493139 391.28600460290909 3543.7661387771368 239.12567053735256 1164.4689410924911 109.11705642938614 2684.956603422761 11855.538008242846 3588.6440910547972 2168.0811022520065 594.05013960599899 986.81618465483189
leaf_count=61409 1436 5740 44402 1739 15843 1042 5037 456 12141 53836 15898 10493 2698 4315
internal_value=-5.22462e-05 0.00128216 0.000941833 -0.000430115 -0.00292463 -0.000161563 0.00155576 0.00111305 -0.00143283 -0.000702372 0.00320366 -0.00171687 -0.00503466 -0.00186384
internal_weight=52071.8 11486.1 11160.7 40585.7 3935.05 36650.7 8773.13 8534 3849.43 27877.5 4684.58 16022 2762.13 1095.93
internal_count=236485 51578 50142 184907 17582 167325 38889 37847 17178 128436 20669 74600 13191 4771
cat_boundaries=0 1
cat_threshold=5
is_linear=0
shrinkage=0.03


Tree=164
num_leaves=15
num_cat=1
split_feature=19 9 39 11 2 19 39 40 11 37 9 16 46 38
split_gain=33.0006 49.2361 39.112 44.3005 30.4361 28.8242 35.3738 83.0399 84.0021 71.9555 65.9605 50.2008 48.3675 43.4879
threshold=7.4684236787910816 1.7463013869021586 0.41676328006838786 -0.052394257497902823 0.31221105790683362 5.6225655243863395 0.56764800424328044 -0.15466922134522257 -1.108762850287232 -0.91978443267836818 0.15619773277821011 0.29936363583771597 0 -0.46786180689621598
decision_type=2 8 8 10 10 2 8 10 8 10 10 10 1 10
left_child=1 4 -3 -4 -1 6 13 -8 10 -10 -9 12 -11 -6
right_child=-2 2 3 -5 5 -7 7 8 9 11 -12 -13 -14 -15
leaf_value=-0.0072029908326654577 0.0043287825005819298 0.010108121043719496 -0.019429442405114024 -0.0046982327081597393 -0.001755363106859454 -0.0031421983091610376 0.012063522254701356 0.0046308994726702232 0.015891012253265065 0.020790493317163251 -0.01466684810109575 0.0007568619350647929 0.0024443652579549655 0.00048774886886605504
leaf_weight=519.31255730241537 1480.7692488282919 115.24621790647507 220.99918773770332 954.71333968639374 11942.206932500005 2438.8567423075438 635.25545696914196 224.65909186005592 301.22081729769707 204.86339212954044 507.43319548666477 9882.2433853447437 336.48350074887276 22268.620377078652
leaf_count=2557 6558 512 989 4302 55693 10902 2730 1026 1305 918 2339 43685 1503 101320
internal_value=-7.03696e-05 -0.00020006 -0.0059607 -0.00760777 -4.79149e-05 2.97796e-05 0.000197495 0.00159151 0.00100085 0.00167484 -0.00876229 0.00124918 0.0100597 -0.000295554
internal_weight=52032.9 50552.1 1290.96 1175.71 49261.2 48741.8 46303 12092.2 11456.9 10724.8 732.092 10423.6 541.347 34210.8
internal_count=236339 229781 5803 5291 223978 221421 210519 53506 50776 47411 3365 46106 2421 157013
cat_boundaries=0 1
cat_threshold=418
is_linear=0
shrinkage=0.03


Tree=165
num_leaves=15
num_cat=0
split_feature=39 39 35 40 45 40 38 40 40 10 15 38 44 38
split_gain=26.3097 75.1015 85.5683 60.166 75.8394 58.2216 75.7144 143.746 93.5902 61.0951 68.3435 60.139 57.0111 50.6818
threshold=-1.0357267802456829 -0.57872202016650387 -1.3730688873722234 -0.33772784196784383 1.3801405940462932 -0.13926649054093093 -0.93637973855425349 -0.69353555611436823 -0.55530016670209148 -0.85832241424167 0.32151802793820505 -1.4990529980008322 -0.045921822717457587 -0.97923464289673878
decision_type=10 10 10 10 10 10 10 10 10 10 8 10 8 10
left_child=3 2 -2 4 -1 6 8 9 12 10 -8 -10 -3 -7
right_child=1 5 -4 -5 -6 13 7 -9 11 -11 -12 -13 -14 -15
leaf_value=0.00039572106005498917 -0.012747901418297732 -0.0059657428905715354 -0.0019238689496862446 0.014000177370624622 0.015050385527792424 -0.0062034487907717132 -0.0063262694991657971 0.0030612912497278099 -0.012301864455920197 -0.010502603550979681 0.025513859487791873 0.0058428693040190102 0.017506458310740824 -6.5538169188152876e-05
leaf_weight=5938.2746662646532 737.17414021492004 100.59471318125725 5517.5330014079809 337.99957056343555 325.83596508204937 1254.3085267096758 150.98600827157497 6243.7634579688311 222.36226096749306 1137.0533028244972 88.242080599069595 552.16790291666985 783.20583641529083 28584.924403190613
leaf_count=27271 3558 442 25568 1525 1497 5801 693 28204 1054 5263 400 2503 3554 128751
internal_value=8.93029e-05 -0.000168304 -0.00321789 0.00185725 0.00118078 0.000320008 0.0023942 0.00112524 0.00818341 -0.00761675 0.00597081 0.000543235 0.014798 -0.00032554
internal_weight=51974.4 45372.3 6254.71 6602.11 6264.11 39117.6 9278.38 7620.04 1658.33 1376.28 239.228 774.53 883.801 29839.2
internal_count=236084 205791 29126 30293 28768 176665 42113 34560 7553 6356 1093 3557 3996 134552
is_linear=0
shrinkage=0.03


Tree=166
num_leaves=15
num_cat=1
split_feature=44 11 40 39 40 1 45 13 39 36 40 1 46 24
split_gain=27.1725 40.8955 38.667 27.7418 50.1079 34.234 30.0933 31.7318 29.5195 66.8681 60.3411 55.2715 43.5044 55.9221
threshold=-0.11145557231958807 1.5412844251171343 0.77987554410028703 2.1324168955337464 1.5956037031214281 0.01964875227090029 0.92346522797435149 73.246081318132511 1.1672008633511177 -1.1904342983285063 1.0321956605276676 0.005307420508664654 0 0.007635078541261082
decision_type=10 10 10 10 10 10 8 10 8 10 8 10 1 8
left_child=1 2 -1 8 5 -5 -6 -8 -2 10 -10 -11 -13 -14
right_child=3 -3 -4 4 6 -7 7 -9 9 11 -12 12 13 -15
leaf_value=0.0046420948021612223 -0.00023924835714565339 -0.0094115781091157463 0.025211347741059882 -0.019204645272816023 0.0067435060743364717 0.0012161233126517527 -0.0093394571604878875 0.0086959036284016637 5.5958258223338764e-05 0.01247513400399998 0.029300795848878253 -0.0033604615252383289 -0.00029738557525549287 0.0068599370556207866
leaf_weight=250.80690722167492 43802.027940429747 97.815024763345718 116.96108347177505 263.09997469186783 312.82106490433216 99.722729399800301 359.59805239737034 106.51596461236477 110.76036183536053 364.85070885717869 138.92762565612793 1750.6562551856041 2779.4018692523241 1509.0017409175634
leaf_count=1074 200027 436 509 1254 1415 470 1711 483 461 1515 567 7684 12279 6585
internal_value=4.39998e-06 0.00714248 0.0116779 -6.13812e-05 -0.00466508 -0.0137099 -0.000331697 -0.00512195 4.36994e-05 0.00190397 0.0168296 0.00129668 0.00060183 0.00222605
internal_weight=52063 465.583 367.768 51597.4 1141.76 362.823 778.935 466.114 50455.6 6653.6 249.688 6403.91 6039.06 4288.4
internal_count=236470 2019 1583 234451 5333 1724 3609 2194 229118 29091 1028 28063 26548 18864
cat_boundaries=0 1
cat_threshold=517
is_linear=0
shrinkage=0.03


Tree=167
num_leaves=15
num_cat=0
split_feature=43 42 11 20 11 40 40 1 30 11 20 39 0 13
split_gain=33.014 27.9547 31.6079 30.6329 51.0962 43.8465 47.2198 38.4341 45.1137 62.8402 42.5992 35.4264 30.6351 34.8115
threshold=0.41428571428571431 0.31666666666666671 3.1959690996984662 1.1224378058302651 -0.53624175115628259 1.7258651639187355 2.1477240328456606 0.013390252347069437 2.5000000000000004 1.7021386983951372 1.8315396132392847 1.3636274023156696 0.0035435333157659483 46.943747361990027
decision_type=10 10 10 10 10 8 10 10 2 10 10 10 10 10
left_child=-1 -2 3 5 -5 12 -7 8 -6 10 11 -10 13 -3
right_child=1 2 -4 4 7 6 -8 -9 9 -11 -12 -13 -14 -15
leaf_value=-0.00094275020037425594 -0.0012863053580071649 -0.0093661996387497774 0.016726578851026356 -0.013633008161747654 -0.0032882701680766132 0.014007982207182626 -0.0007036568467548779 -0.0041675617873973688 0.0095059938119933258 -0.010806716299845693 0.018793438927246026 -0.0024207626012487608 0.0014220683655060365 0.00046665121739021168
leaf_weight=19766.851931937039 5727.8433742076159 505.65344735980034 104.88885778188705 277.84170788526535 875.18869785964489 486.49384494125843 323.29718038439751 1526.5124002248049 566.20117843151093 177.39649896323681 246.4774432182312 361.31165701150894 20281.099167302251 869.6812075227499
leaf_count=90542 26202 2399 462 1260 3937 2083 1418 6871 2432 776 1059 1562 91707 3938
internal_value=2.2799e-05 0.000613255 0.00102259 0.00095414 -0.00145138 0.0013862 0.00819764 -0.000515744 0.00199534 0.00541614 0.00793807 0.00488367 0.00112783 -0.00318999
internal_weight=52096.7 32329.9 26602 26497.2 4030.93 22466.2 809.791 3753.09 2226.58 1351.39 1173.99 927.513 21656.4 1375.33
internal_count=236648 146106 119904 119442 17897 101545 3501 16637 9766 5829 5053 3994 98044 6337
is_linear=0
shrinkage=0.03


Tree=168
num_leaves=15
num_cat=0
split_feature=39 40 33 40 15 37 31 31 38 33 35 40 38 32
split_gain=28.7534 59.291 44.9546 42.0736 32.0268 31.9353 31.1111 29.5507 41.682 35.357 72.485 38.7663 35.6931 34.5127
threshold=-1.800661752700941 -1.745031036448901 -0.66877050797018445 -2.1675646737775494 0.13462987899066373 -2.4122823310216561 -1.998650575875869 -0.67980996539281635 1.0919233012765666 -0.84747905638686671 -0.74707343605505072 -0.10374281949270815 -0.42269215662604515 -0.56506506637587828
decision_type=8 10 10 8 10 8 10 10 10 8 8 10 10 10
left_child=1 4 -3 -2 6 -5 -1 8 9 -7 11 12 -11 -12
right_child=3 2 -4 5 -6 7 -8 -9 -10 10 13 -13 -14 -15
leaf_value=-0.010189065799509104 -0.017984060991173324 0.0036210017589795021 0.023941874513093191 -0.0099574104354777492 -0.0092280393011965368 -0.0016302768747336019 0.0083352714486769151 -0.00039109286603664192 0.007232256437794995 0.021542201918829187 0.0023879454933761258 0.003327148227568921 0.0035112347871771241 -0.0037973335906240015
leaf_weight=96.568807244300842 108.75217631459236 198.54407946765423 191.88788525760174 284.45669806003571 238.45603974163532 3282.0699703246355 347.4288145750761 41349.170519709587 1002.1269716024399 317.11748667061329 2924.193875297904 412.29339751601219 147.95451624691486 1112.72968326509
leaf_count=430 554 842 796 1458 1112 14916 1552 188001 4395 1456 13145 1852 660 5091
internal_value=-4.5187e-05 0.00479218 0.0139567 -0.000147989 -0.000576692 -0.0001063 0.00417057 -4.89047e-05 0.00148806 0.000777788 0.00238609 0.0101497 0.0160006 0.000677877
internal_weight=52013.8 1072.89 390.432 50940.9 682.454 50832.1 443.998 50547.7 9198.49 8196.36 4914.29 877.365 465.072 4036.92
internal_count=236260 4732 1638 231528 3094 230974 1982 229516 41515 37120 22204 3968 2116 18236
is_linear=0
shrinkage=0.03


Tree=169
num_leaves=15
num_cat=0
split_feature=36 12 15 36 38 40 40 35 40 37 37 30 35 29
split_gain=22.8524 55.3574 31.9037 25.8177 44.2723 45.3328 57.2281 43.6406 43.5527 69.1609 50.4096 56.1893 42.0403 53.4976
threshold=-2.4533527491768634 0.049613671118742687 0.063267903519152804 -0.28579423544681298 1.1913822755029051 -0.052694671325560848 1.3536161207558146 -0.8632309886276256 -1.6300809730482866 -1.615803495231223 -1.0660773483132269 5.5000000000000009 -1.3730688873722234 11.000000000000002
decision_type=8 2 8 8 10 10 10 10 8 10 8 2 10 2
left_child=1 2 -1 4 5 12 -7 -6 9 -5 11 -10 13 -2
right_child=3 -3 -4 8 7 6 -8 -9 10 -11 -12 -13 -14 -15
leaf_value=0.0044012487421316313 0.003385993537205536 0.013467323284082733 -0.011580226719438804 0.011213467846065847 0.022629714716701017 -0.0020729702447247413 0.0066816449362292396 0.0041269545721490265 -0.0035238067992175814 -0.014359439147896931 6.551249756280074e-05 -0.022782390926801684 0.0032505416493621288 -0.0063215638622327597
leaf_weight=136.02758872509003 980.00807724893093 114.93321412801743 533.22070600092411 114.31086447834969 149.18229475617409 5884.7746157199144 748.67333388328552 433.5038600564003 1509.8580365777016 418.00880134105682 32657.377525284886 140.69145402312279 7181.840766876936 1047.011853441596
leaf_count=653 4569 479 2624 542 629 26602 3192 1906 7089 2234 147952 719 32371 4873
internal_value=5.69263e-05 -0.00499306 -0.00831495 0.000135132 0.00111528 0.000813576 -0.00107632 0.00916602 -0.000327134 -0.00876238 -0.000193738 -0.0052927 0.00217463 -0.00163465
internal_weight=52049.4 784.182 669.248 51265.2 16425 15842.3 6633.45 582.686 34840.2 532.32 34307.9 1650.55 9208.86 2027.02
internal_count=236434 3756 3277 232678 74142 71607 29794 2535 158536 2776 155760 7808 41813 9442
is_linear=0
shrinkage=0.03


Tree=170
num_leaves=15
num_cat=0
split_feature=38 30 39 41 40 40 30 30 38 38 39 11 39 11
split_gain=25.8867 40.7771 32.0604 50.5919 45.7664 64.8518 63.8044 53.6466 80.0993 57.7146 46.7126 50.0975 44.2873 94.5605
threshold=2.4326689520438873 4.5000000000000009 1.8222334440802765 0.95000000000000007 2.3250604732115079 1.7258651639187355 5.5000000000000009 2.5000000000000004 0.36897597742787142 0.33379971176880441 1.0936492677068308 0.80287545072106525 1.1672008633511177 1.5121175970145071
decision_type=8 2 10 2 10 10 2 2 10 8 10 10 10 10
left_child=2 -2 4 -4 5 12 7 9 -9 -7 -11 -12 -1 -14
right_child=1 -3 3 -5 -6 6 -8 8 -10 10 11 -13 13 -15
leaf_value=-0.00021827878510720554 0.0078824251126316403 -0.0092713974128705492 -0.00047723891124263652 -0.010439147212874748 -0.010071089945633388 -0.017115949905829052 -0.009684413472119846 0.028867476811242757 0.006375214106661707 0.023324105905608277 -0.00916239788938558 0.0154204486597233 0.0053054430245660462 -0.0060557471774337554
leaf_weight=43339.425734691322 755.06981651484966 140.27261503040791 1469.4257447272539 657.79914231598377 380.27890652418137 99.689812868833542 171.29059393703938 235.15936982631683 358.62416197359562 107.97378189861774 173.01725421845913 115.99425260722637 3287.9667383134365 815.1996683627367
leaf_count=198168 3197 616 6665 3038 1668 426 746 970 1506 458 764 508 14306 3693
internal_value=9.3615e-05 0.00512223 4.71641e-06 -0.00359218 0.000161298 0.000243243 0.0069288 0.00960271 0.0156135 0.00225035 0.00741463 0.000889635 6.40158e-05 0.00303901
internal_weight=52107.2 895.342 51211.8 2127.22 49084.6 48704.3 1261.75 1090.46 593.784 496.675 396.985 289.012 47442.6 4103.17
internal_count=236729 3813 232916 9703 223213 221545 5378 4632 2476 2156 1730 1272 216167 17999
is_linear=0
shrinkage=0.03


Tree=171
num_leaves=15
num_cat=0
split_feature=43 2 2 16 1 39 39 39 14 18 19 14 0 1
split_gain=25.7294 35.022 32.5391 29.9323 33.8146 28.5584 45.8576 48.3215 43.3031 57.0787 38.5261 31.3007 42.3259 31.1633
threshold=0.95000000000000007 0.34682682304505957 0.31221105790683362 0.51327091408168768 0.0096328441267185087 -1.1924373062288918 -0.57872202016650387 -0.32371391018397272 0.77304247645762325 -1.584505483149582 -2.4678975324396677 0.72018348623853268 0.008256603317876204 0.015721027171989182
decision_type=10 10 8 10 10 8 10 10 8 2 2 10 10 8
left_child=2 -2 3 -1 -5 11 8 -8 9 10 -7 13 -13 -4
right_child=1 -3 5 4 -6 6 7 -9 -10 -11 -12 12 -14 -15
leaf_value=-0.013210394597086755 0.018393513624799372 0.0014245552337433802 0.0010508195605522994 0.014161439624434823 -0.010830099275854748 -0.0061708195895028061 0.0030106814591936335 -0.0004549719235232328 -0.0090065989119756523 0.0011600625854551456 0.0027785496414913422 0.0077415317252303873 -0.015219207219920441 0.0068240016168859821
leaf_weight=320.69566974043846 101.57781572639942 6074.6013858765364 2826.7198620289564 89.595074951648712 85.63777557015419 2562.220013231039 4106.8476443141699 30044.707493841648 853.30329608917236 2954.6872230470181 514.46374183893204 104.49489952623844 192.94997572898865 1191.0776615440845
leaf_count=1619 474 27187 13230 416 413 12226 18830 135524 3933 13517 2448 467 874 5186
internal_value=-8.32221e-05 0.00173292 -0.000328202 -0.00789435 0.00202255 -0.000243743 -0.000488015 -3.74553e-05 -0.00271973 -0.00181684 -0.00467021 0.00207495 -0.00716347 0.00277497
internal_weight=52023.6 6176.18 45847.4 495.929 175.233 45351.5 41036.2 34151.6 6884.67 6031.37 3076.68 4315.24 297.445 4017.8
internal_count=236344 27661 208683 2448 829 206235 186478 154354 32124 28191 14674 19757 1341 18416
is_linear=0
shrinkage=0.03


Tree=172
num_leaves=15
num_cat=2
split_feature=40 40 39 30 39 2 46 27 30 2 39 20 34 46
split_gain=28.3885 47.5144 46.5063 93.7256 63.3047 45.1038 39.6422 37.7029 39.3929 82.8804 57.4813 63.0943 41.5982 39.9535
threshold=0.41208371036096603 1.5956037031214281 0.78443120026194424 1.5000000000000002 1.40863914065403 0.45965082681710434 0 0.11304347826087045 5.5000000000000009 0.99269022581632893 0.094836313118445689 -0.55771794318547152 0.67090948200503042 1
decision_type=10 10 8 2 10 10 1 10 2 8 10 10 10 1
left_child=2 -2 7 6 5 -5 -4 -1 -9 10 11 12 -10 -13
right_child=1 -3 3 4 -6 -7 -8 8 9 -11 -12 13 -14 -15
leaf_value=-0.0014990349551789223 -0.0017239781676789568 0.0019588903296565313 0.004012966883681318 -0.0080714664871150092 -0.0062100986150380247 0.013132724625326424 -0.010162551235588565 0.0013533618748852983 -0.0071608017147471491 -0.013022674986419938 -0.008272849594098363 -0.00063121275443931313 0.013741121555599216 0.010395502411993447
leaf_weight=8266.5499473065138 14591.552331283689 4012.0516891628504 295.51752604544163 91.210264697670937 203.98810665309429 1172.1588839739561 399.85549053549767 19895.749479949474 657.63873046636581 524.71055111289024 581.97222676873207 468.3571769297123 88.919838577508926 797.08774182200432
leaf_count=38005 66009 17541 1311 405 887 4996 1776 90780 3259 2430 2730 2255 417 3680
internal_value=1.00069e-05 -0.000929105 0.000532525 0.00477672 0.00905615 0.0115505 -0.00425398 0.000237653 0.000861834 -0.00226818 -5.11049e-05 0.00235619 -0.00452253 0.00641798
internal_weight=52047.3 18603.6 33443.7 2162.73 1467.36 1263.37 695.373 31281 23014.4 3118.69 2593.98 2012 746.559 1265.44
internal_count=236481 83550 152931 9375 6288 5401 3087 143556 105551 14771 12341 9611 3676 5935
cat_boundaries=0 1 2
cat_threshold=308 240
is_linear=0
shrinkage=0.03


Tree=173
num_leaves=15
num_cat=0
split_feature=36 39 37 35 35 37 8 35 36 0 39 33 30 30
split_gain=30.2368 45.9277 51.5727 58.9299 40.5369 53.4608 54.5639 64.1193 42.5734 42.5426 39.8115 61.084 58.8911 67.8281
threshold=-0.27787662703641075 1.7459370174669557 0.40896085505792307 -1.0695225656410641 0.3776549698963923 0.28806149561780026 -0.38500136385444234 1.3192573194572612 0.93695094615502861 0.0069057242488351211 -0.098391822202361492 0.2790664207857671 4.5000000000000009 2.5000000000000004
decision_type=10 10 10 10 10 10 8 10 10 10 10 10 2 2
left_child=1 2 -1 -4 8 6 7 -6 -2 -10 11 -7 13 -12
right_child=4 -3 3 -5 5 10 -8 -9 9 -11 12 -13 -14 -15
leaf_value=0.00046526471491009858 -0.0019748196803337404 -0.007766028029618368 0.017845914006653613 0.0034425047375753106 0.0010925151097802826 0.0028896479488506703 0.0048551714739712079 -0.012555040714223519 0.018623079249193285 0.0013697083204955284 -0.0011760514984594129 -0.0084748456503949323 -0.004075086991912124 0.0048313605883417623
leaf_weight=14188.629458978772 16221.24893143028 521.46117527782917 276.96091209352016 2436.7759412378073 2279.9612473249435 625.53275740146637 3814.1952754557133 348.34820175170898 160.31030365824699 533.04277822375298 3997.75383220613 1295.3004945069551 2408.9226096868515 2918.3602089583874
leaf_count=64639 75191 2304 1163 10744 10423 2884 16970 1553 715 2386 18131 5902 10919 12486
internal_value=-9.9813e-05 0.000919069 0.00119145 0.00497262 -0.000612974 0.000391077 0.00256797 -0.000757022 -0.00166257 0.00556692 -0.000857191 -0.00477812 -4.5279e-05 0.00136218
internal_weight=52026.8 17423.8 16902.4 2713.74 34603 17688.4 6442.5 2628.31 16914.6 693.353 11245.9 1920.83 9325.04 6916.11
internal_count=236410 78850 76546 11907 157560 79268 28946 11976 78292 3101 50322 8786 41536 30617
is_linear=0
shrinkage=0.03


Tree=174
num_leaves=15
num_cat=0
split_feature=35 37 40 38 39 16 39 39 40 38 1 39 40 40
split_gain=25.5107 53.3414 77.8321 50.3798 60.4108 65.7325 59.2149 51.3327 52.919 41.1818 59.6994 76.5659 65.4732 47.3281
threshold=0.3776549698963923 0.28806149561780026 -0.63477151805630216 -0.1719380628677514 -0.64069244413460302 0.26815415019463501 1.0405445398383708 -1.4934641290618751 -1.6823852431989177 0.4057636006098595 0.01492646890441276 -0.39541196475357493 -0.39930634142084814 0.12583919738399008
decision_type=10 10 10 10 10 10 10 10 10 10 8 10 10 10
left_child=9 3 -3 4 7 -6 -7 8 -2 13 11 12 -11 -1
right_child=1 2 -4 -5 5 6 -8 -9 -10 10 -12 -13 -14 -15
leaf_value=-0.00017698509212751634 -0.0077479024469046089 -0.0098498455462689028 0.00032304036932939733 0.0056820970638783354 0.01290957236174709 -0.001710107644832833 0.01414884172840199 -0.007969103963496817 0.021265172709398195 0.0021213872595255484 -0.0030015198133742519 0.0014276535128389257 0.017798789947994952 -0.0029399057498157469
leaf_weight=17602.885296337306 97.214541956782341 711.52205796539783 10932.876005813479 3303.7022153735161 494.16761863231659 1464.2509472221136 237.48321557044983 956.13416969776154 113.21435268223286 445.05775575339794 2029.8386551439762 4900.3005453199148 517.54773160815239 8160.4543111771345
leaf_count=81172 491 3342 48728 14595 2250 6623 1017 4438 498 2012 9343 21971 2316 37371
internal_value=1.81098e-05 0.000918979 -0.000306484 0.00305686 0.0004683 0.00339501 0.000572795 -0.00502288 0.0081182 -0.000472135 0.00142263 0.00295684 0.0106467 -0.00105293
internal_weight=51966.6 18310.6 11644.4 6666.17 3362.46 2195.9 1701.73 1166.56 210.429 33656.1 7892.74 5862.91 962.605 25763.3
internal_count=236167 81982 52070 29912 15317 9890 7640 5427 989 154185 35642 26299 4328 118543
is_linear=0
shrinkage=0.03


Tree=175
num_leaves=15
num_cat=1
split_feature=40 35 29 39 44 39 40 40 40 11 9 39 38 46
split_gain=28.5104 46.3679 48.6867 46.2823 30.7832 27.1567 36.4513 31.3368 41.5588 57.2974 92.051 49.9148 44.2747 34.4433
threshold=-2.0528654686053511 -0.4506759632097746 9.0000000000000018 -2.3116034332004776 -0.13749750835241922 2.1324168955337464 1.0507194867471463 2.5463137433785379 1.6877905140902369 0.54778063134138877 1.1059932899468496 1.3880421456012877 0.2459316174710536 0
decision_type=8 10 2 10 10 10 10 10 10 10 10 10 10 1
left_child=1 2 -1 -2 -5 7 -7 8 -6 10 -10 -12 -11 -9
right_child=3 -3 -4 4 5 6 -8 13 9 12 11 -13 -14 -15
leaf_value=0.010646543258680027 0.02060904538114184 -0.018844830157629656 -0.0095875386900130255 0.010329936649555024 2.932266621443006e-05 -0.019559742899158121 -0.0025848320185507317 0.0043084604271266666 0.0053087181529452594 0.020789820518755945 0.0016289909466504827 -0.020855778214149787 0.0058901447664144258 -0.014022054721815492
leaf_weight=179.08863918483257 89.225054830312729 176.70637685060501 236.69127391278744 253.40238445997238 47442.82371840626 118.75124469399452 1028.3134411275387 130.2233928591013 771.56609711050987 217.64544509351254 137.88751691579819 233.12898781895638 923.6097539961338 260.62032885849476
leaf_count=817 376 898 1097 1084 216120 567 4810 558 3283 904 582 1025 3951 1152
internal_value=6.41293e-05 -0.00642417 -0.000826769 0.00013985 0.000100406 4.78361e-05 -0.00449604 0.00015271 0.000220011 0.00416384 -0.00059052 -0.0126759 0.00888752 -0.00820181
internal_weight=52199.7 592.486 415.78 51607.2 51518 51264.6 1147.06 50117.5 49726.7 2283.84 1142.58 371.017 1141.26 390.844
internal_count=237224 2812 1914 234412 234036 232952 5377 227575 225865 9745 4890 1607 4855 1710
cat_boundaries=0 1
cat_threshold=67
is_linear=0
shrinkage=0.03


Tree=176
num_leaves=15
num_cat=0
split_feature=40 40 37 2 10 8 11 12 19 15 2 20 15 30
split_gain=29.0119 26.243 38.8244 59.1938 28.4089 86.0965 77.2753 68.3675 59.2797 48.4177 61.4345 52.5944 46.9899 59.3076
threshold=2.8855249337096849 -1.9542331522320981 -0.17709436821641336 1.4950358475924872 -0.8451600749891901 0.74045805086506056 -0.71696186944991014 0.0092083476122824821 -0.64504910750418953 0.093921623733600287 0.61229385442700213 -1.3220501681621062 0.29460496665928054 2.5000000000000004
decision_type=10 10 10 8 8 10 10 2 2 10 10 10 10 2
left_child=1 2 3 -1 5 6 7 -3 -6 -9 -11 -12 -10 -14
right_child=-2 4 -4 -5 8 -7 -8 9 12 10 11 -13 13 -15
leaf_value=0.0031921550500573948 -0.011291891259544535 -0.0063851934042379686 -0.022566656919846911 -0.014632934626815966 -0.0018397320829761715 -0.010542071760655559 -0.001135342158748977 -0.0015632529785690459 0.0058926424690889084 0.00023632936398101747 -0.0055516837509502039 0.0097360039946314484 -0.0013900937591105704 0.0015085883540614372
leaf_weight=491.34348094463348 195.7487787604332 468.55029730498791 92.743141241371632 242.48004056513309 14088.666956022382 492.99795308709145 3704.9648295491934 739.58155262470245 1398.1479555368423 1002.5160931497812 210.68126852810383 3038.7671561539173 11114.364109575748 14800.244596257806
leaf_count=2317 859 2184 515 1112 65639 2263 17110 3405 6410 4688 1006 13485 50154 65522
internal_value=-4.89194e-05 -4.3357e-06 -0.00527481 -0.0028154 8.20005e-05 0.00154624 0.00220726 0.00447333 -0.000259866 0.00550333 0.00673327 0.00873082 0.000555448 0.000265333
internal_weight=52081.8 51886 826.567 733.824 51059.5 9658.06 9165.06 5460.1 41401.4 4991.55 4251.96 3249.45 27312.8 25914.6
internal_count=236669 235810 3944 3429 231866 44141 41878 24768 187725 22584 19179 14491 122086 115676
is_linear=0
shrinkage=0.03


Tree=177
num_leaves=15
num_cat=3
split_feature=43 45 44 46 1 11 12 1 23 45 46 11 46 12
split_gain=27.8532 30.7271 43.1672 43.1605 51.0116 50.2453 33.539 39.2903 39.2793 31.3298 48.8764 101.043 40.0023 39.0647
threshold=0.41428571428571431 0.90568028356787478 -0.074249125244667133 0 0.0059779137586030767 -1.9907722539022903 0.024019946746495446 0.034627324948352786 0.027577252449131343 0.76219137310178564 1 -0.6261492787880627 2 0.023060803962491237
decision_type=10 10 8 1 10 8 2 10 10 8 1 10 1 2
left_child=1 2 -1 4 -3 -5 -7 8 -8 10 11 -4 -11 -14
right_child=-2 3 9 5 -6 6 7 -9 -10 12 -12 -13 13 -15
leaf_value=-0.013479698119749807 0.00048318428492388847 0.017271858314798966 0.025957142011614514 0.010198382239957155 0.0014912427820747336 -0.0030491431836588614 0.0040159557542671295 -0.010841693558186143 -0.011806996525715556 -0.0083551604691422879 -0.0019910291975225839 0.00027312741814983725 -0.0032988619672425874 0.0082190204801178279
leaf_weight=304.51715864241123 32241.876368843019 181.98470033705235 176.94118149578571 311.49036492407322 4746.8050573319197 5925.0407656282187 1732.9216578006744 203.29807426035404 144.00113032758236 1228.0263333469629 2360.8903270959854 525.84059938788414 1620.7301380038261 306.67024667561054
leaf_count=1346 145768 828 806 1447 21668 27872 7892 911 665 5566 10535 2336 7396 1365
internal_value=-6.03954e-05 -0.000946725 -0.00263032 -0.000116173 0.00210344 -0.00143334 -0.00189989 0.00137244 0.00274585 -0.0020783 8.40654e-05 0.00691607 -0.00417141 -0.00142592
internal_weight=52011 19769.2 6523.62 13245.5 4928.79 8316.75 8005.26 2080.22 1876.92 6219.1 3063.67 702.782 3155.43 1927.4
internal_count=236401 90633 29350 61283 22496 38787 37340 9468 8557 28004 13677 3142 14327 8761
cat_boundaries=0 1 2 3
cat_threshold=271 18 142
is_linear=0
shrinkage=0.03


Tree=178
num_leaves=15
num_cat=2
split_feature=43 10 2 9 39 11 46 35 11 46 18 11 19 36
split_gain=27.9116 40.2189 34.3845 33.9632 58.9994 54.7495 60.4269 49.5743 38.4656 43.1032 37.025 40.0405 35.3662 32.9317
threshold=0.81666666666666676 -1.1027131677055977 0.28852613050602888 1.1808314961369422 1.1469683337248899 1.5121175970145071 0 0.75281601887919358 2.1629152527826032 1 2.3099535939159517 0.043772282037906354 4.4343162861075811 -0.61851048360877037
decision_type=10 10 8 8 8 10 1 8 10 1 2 10 2 10
left_child=2 -2 -1 4 -4 7 -7 13 9 12 11 -9 -5 -6
right_child=1 -3 3 8 5 6 -8 10 -10 -11 -12 -13 -14 -15
leaf_value=-0.010525508658589011 0.0089833000995284441 0.00090226225400096764 -0.00043806493470953444 -0.0046813357654272841 0.010162018857554269 0.010431214849374095 -0.010335318427722876 0.022316934332178025 -0.015716560380435233 -0.0062371857956797548 0.0019606935536892905 0.0082761942986845517 0.0040962566507194318 0.0004313057221573516
leaf_weight=287.37643958628178 574.36717648804188 10860.880941540003 33060.733479291201 650.59463641047478 371.40510964393616 156.22637484967709 443.24153631925583 284.09355671703815 197.0260272026062 1393.1837192028761 379.30866451561451 540.52293303608894 1093.397305175662 1751.2485701739788
leaf_count=1438 2575 48799 151611 2903 1557 712 2020 1219 913 6247 1641 2349 4835 7707
internal_value=7.08647e-06 0.00131565 -0.000361636 -0.000286604 -2.48217e-05 0.00344732 -0.00483946 0.00495067 -0.00318183 -0.00234717 0.00978876 0.0133229 0.00080915 0.00217357
internal_weight=52043.6 11435.2 40608.4 40321 36986.8 3926.05 599.468 3326.58 3334.2 3137.18 1203.93 824.616 1743.99 2122.65
internal_count=236526 51374 185152 183714 168816 17205 2732 14473 14898 13985 5209 3568 7738 9264
cat_boundaries=0 1 2
cat_threshold=784 171
is_linear=0
shrinkage=0.03


Tree=179
num_leaves=15
num_cat=0
split_feature=40 33 40 39 30 39 41 2 12 1 37 0 10 10
split_gain=27.824 57.6598 75.1923 52.4895 108.807 74.8175 53.4746 53.0292 49.0202 46.5809 45.6578 45.6004 47.2714 43.5134
threshold=0.54374216055077251 -1.3778274153043653 0.71238638397075393 0.758767869929445 1.5000000000000002 1.6110225624713537 0.95000000000000007 0.45965082681710434 0.0062589244738169318 0.0093781057660422707 0.41821849272623085 0.0030751061260331962 0.68768999569324474 1.2102477647405856
decision_type=8 8 10 10 2 10 2 10 2 10 10 10 10 10
left_child=3 2 -2 11 10 6 7 -6 -3 -8 -5 -1 -13 -12
right_child=1 8 -4 4 5 -7 9 -9 -10 -11 13 12 -14 -15
leaf_value=-0.0053363758185936052 -0.012979029061637049 0.009902480771531906 0.012047104517603019 -0.011541703711422704 -0.013013068062802372 -0.012892124422673934 0.033614477198272034 0.0086893608298188492 -0.0017058430295022198 0.010725478825031005 0.0087665476245886945 0.00075664423344023448 -0.0027108577285349074 -0.009151418484661859
leaf_weight=1331.9711898341775 124.58993169665337 324.79488514363766 560.72849775850773 414.21925017237663 100.25067374110222 133.39264884591103 133.40291564166546 1432.524516120553 15141.023876443505 215.00828890502453 304.4051449149847 27467.457912541926 4051.5188208520412 189.58146086335182
leaf_count=6275 571 1410 2433 1832 455 588 558 6135 68029 926 1370 126251 18322 876
internal_value=-4.35814e-05 -0.00107673 0.00737616 0.000423036 0.0042685 0.00814244 0.00969426 0.00719477 -0.00145582 0.0201828 -0.00431975 7.97055e-05 0.000310205 0.00184488
internal_weight=51924.9 16151.1 685.318 35773.7 2922.78 2014.58 1881.19 1532.78 15465.8 348.411 908.206 32850.9 31519 493.987
internal_count=236031 72443 3004 163588 12740 8662 8074 6590 69439 1484 4078 150848 144573 2246
is_linear=0
shrinkage=0.03


Tree=180
num_leaves=15
num_cat=0
split_feature=39 39 36 40 7 11 37 31 12 40 38 40 40 39
split_gain=27.4688 62.4808 92.0868 47.2085 49.1186 44.2363 52.2062 59.1508 50.185 43.877 78.1565 129.815 57.7844 61.249
threshold=-1.0357267802456829 -0.57872202016650387 -1.1025581251758489 -0.33772784196784383 0.62147860094871066 -1.669996021149295 -1.3748153449308773 -0.77106834035851435 0.016241559912178499 -0.19855484225155315 -0.89447341339668018 -0.69353555611436823 -0.55530016670209148 0.31962826792591176
decision_type=10 10 10 10 8 8 10 10 2 10 10 10 10 10
left_child=3 2 -2 4 -1 8 -7 -8 -4 10 12 -12 -3 -14
right_child=1 9 5 -5 -6 6 7 -9 -10 -11 11 -13 13 -15
leaf_value=0.0018134680828995975 -0.012009304989271531 0.012760912140413229 -0.0021022442066334747 0.012220672347949088 -0.008551652393213786 -0.012103368571627136 0.0069382249081698013 -0.0028152150505259452 0.019770666922244311 -0.00043452950251953381 -0.0077026630317265383 0.002749404117121405 -0.0029095327933961598 0.019697034916510738
leaf_weight=5853.3255324736238 893.88834825158119 929.2765599489212 195.89951939880848 352.79197998344898 432.65410536527634 443.50578917562962 643.20999298989773 3905.8903775215149 169.17908792197704 31073.129830792546 1342.8348198086023 5096.2649479061365 569.69411545991898 122.57145991921425
leaf_count=26929 4317 4184 901 1585 1960 2185 2916 18107 754 140270 6221 22969 2637 536
internal_value=-0.000104208 -0.000367955 -0.00315038 0.00169672 0.0010876 -0.00165272 -0.00239493 -0.00142396 0.00829063 7.72248e-05 0.00204809 0.000561126 0.00791316 0.00131663
internal_weight=52024.1 45385.3 6251.57 6638.77 6285.98 5357.68 4992.61 4549.1 365.079 39133.8 8060.64 6439.1 1621.54 692.266
internal_count=236471 205997 29180 30474 28889 24863 23208 21023 1655 176817 36547 29190 7357 3173
is_linear=0
shrinkage=0.03


Tree=181
num_leaves=15
num_cat=0
split_feature=44 12 0 1 45 11 20 40 13 15 25 38 43 20
split_gain=28.2293 40.7418 36.4414 33.231 46.6253 36.2713 32.873 29.3823 31.4148 30.6594 29.2399 28.3543 28.0944 38.3752
threshold=-0.0067755151758365486 0.032517041383130059 0.0020031347278818812 0.0039505999706848632 0.6671367115878134 3.1959690996984662 -1.2822110488162888 -0.91405568796140635 36.258194975296902 0.24844179801231381 -0.021854085914295662 -0.57384905977221823 0.64583333333333337 -0.72519117975470671
decision_type=8 2 10 8 10 10 8 8 10 8 10 10 8 10
left_child=1 2 -1 -2 6 -6 -5 8 -3 11 -4 -10 13 -8
right_child=3 7 10 4 5 -7 12 -9 9 -11 -12 -13 -14 -15
leaf_value=0.01353811352396464 -0.0065903065420149622 0.0045954165938754841 -0.0024264162268803728 -0.012934225691794152 0.00022100165277014113 0.017822868797150223 0.016195195170412197 0.0048195391545754022 -0.0073431630239646278 -0.013313512339171978 -5.8975050868610834e-05 0.013144924879439732 0.0067331628242048207 -0.00094366193532848973
leaf_weight=137.6376773789525 560.86932621896267 380.2029352337122 11117.79169011116 89.943444110453129 26006.427535697818 95.794144541025162 121.94075824320316 1796.6963594555855 133.63121846318245 273.17683105170727 8123.3492066264153 95.542969197034836 2019.710121691227 1072.6248430460691
leaf_count=635 2526 1619 51547 455 118125 425 570 7876 589 1221 36797 420 8947 4768
internal_value=-2.03044e-05 -0.00083462 -0.00131424 0.000579167 0.000718105 0.000292401 0.00406999 0.00262644 -0.00184223 -0.00670913 -0.00142746 0.00139081 0.00458445 0.00092579
internal_weight=52025.3 22058 19378.8 29967.3 29406.4 26102.2 3304.22 2679.25 882.554 502.351 19241.1 229.174 3214.28 1194.57
internal_count=236520 100704 88979 135816 133290 118550 14740 11725 3849 2230 88344 1009 14285 5338
is_linear=0
shrinkage=0.03


Tree=182
num_leaves=15
num_cat=0
split_feature=4 39 39 1 15 30 40 38 38 16 1 45 40 38
split_gain=27.7185 28.2103 37.7232 58.8366 50.7158 48.8132 72.9378 59.4046 54.1061 43.988 37.8973 52.3433 33.1264 59.2338
threshold=0.68158125070862308 2.0637555910113634 1.1102231388867299 0.005307420508664654 0.65060168021494291 2.5000000000000004 0.76471202846467523 0.61246793043915859 2.0364972356535502 0.81673559904130066 0.0085094114158535804 0.74003224055576255 0.51990211827113264 -0.97923464289673878
decision_type=8 10 8 8 10 2 10 10 10 8 10 8 8 10
left_child=1 2 12 -4 -5 10 -7 -8 -9 -10 11 -6 -1 -14
right_child=-2 -3 3 4 5 6 7 8 9 -11 -12 -13 13 -15
leaf_value=-0.00015067720050023699 0.0013388704746981296 -0.0055090884652554276 0.014975945927603065 0.0067279908975442764 -0.011238305227299242 0.012607882413427651 0.0054287006019023195 -0.0088999920308556035 -0.0056076117843199321 0.021828916289895361 -0.0067526303768341176 0.013368504642583726 -0.018367664125727948 -0.0019651249681289888
leaf_weight=27950.536502666771 10592.728449299932 933.19724860787392 290.8093913346529 1181.5512258857489 111.7414335757494 487.43475019931793 845.41787832975388 779.01237934827805 97.192735373973846 96.820480138063431 1252.570978268981 208.30348283052444 194.15120916068554 6992.3715953826904
leaf_count=128690 47143 4371 1208 5133 494 2100 3660 3401 421 408 5705 931 923 31913
internal_value=-2.98657e-05 -0.000380135 -0.000260587 0.00208364 0.00131462 -0.000347582 0.0024284 -0.000354245 -0.0053829 0.00848318 -0.00440755 0.00469701 -0.00061807 -0.00243316
internal_weight=52013.8 41421.1 40487.9 5350.85 5060.05 3878.49 2305.88 1818.44 973.026 194.013 1572.62 320.045 35137.1 7186.52
internal_count=236501 189358 184987 23461 22253 17120 9990 7890 4230 829 7130 1425 161526 32836
is_linear=0
shrinkage=0.03


Tree=183
num_leaves=15
num_cat=0
split_feature=43 16 1 30 15 11 45 45 11 10 45 1 16 1
split_gain=33.2823 29.193 53.1595 51.0952 71.52 58.8625 68.039 49.6068 48.6547 51.3332 54.0849 53.1346 47.3691 79.3488
threshold=0.41428571428571431 0.24173156444381808 0.026473228499867992 3.5000000000000004 0.43701799485861192 0.27687156032669469 0.69160719085360667 1.3613305616484392 0.37287268585941474 0.87342672723969617 1.2153781962768091 0.01583152971936173 0.55295238227491772 0.041395102500690492
decision_type=10 8 10 2 10 10 8 10 8 10 10 10 8 10
left_child=-1 2 7 12 5 6 -5 -2 9 10 -6 -12 13 -3
right_child=1 3 -4 4 8 -7 -8 -9 -10 -11 11 -13 -14 -15
leaf_value=-0.00099330667813942309 0.0023802437982636576 -0.0035354196606845142 0.01723110302500239 0.006376120447035543 0.0051541615093674787 0.003524292398930371 -0.0090503126251095054 -0.016743529618939892 0.00090370069792620328 -0.0025349922701977082 0.023915435975506539 0.0046055468967415997 0.00034643769632002351 0.023404762905610815
leaf_weight=19761.051157221198 5336.6299043297768 5810.256262652576 203.07366602122784 310.6629069596529 2899.5300849825144 862.02250769734383 1333.6085615456104 115.03852523863316 4863.212632983923 622.6239380389452 291.66835552453995 233.18394024670124 9346.9775449037552 90.224568396806717
leaf_count=90663 24478 26567 866 1450 13028 3979 6335 534 21541 2766 1325 1075 41778 397
internal_value=-2.37191e-05 0.000569252 0.00252513 0.000153671 0.00167056 -0.00279865 -0.00611477 0.00194679 0.00292941 0.00535543 0.00679328 0.0155829 -0.000982451 -0.00308457
internal_weight=52079.8 32318.7 5654.74 26664 11416.5 2506.29 1644.27 5451.67 8910.22 4047.01 3424.38 524.852 15247.5 5900.48
internal_count=236782 146119 25878 120241 51499 11764 7785 25012 39735 18194 15428 2400 68742 26964
is_linear=0
shrinkage=0.03


Tree=184
num_leaves=15
num_cat=0
split_feature=44 43 45 16 40 40 40 38 30 35 12 11 16 10
split_gain=26.6994 41.8934 40.3772 39.5398 27.8619 30.115 45.6444 55.6585 71.9736 48.1785 47.7388 46.5818 74.7841 52.6983
threshold=0.01745998889324438 0.31666666666666671 0.78084893469765004 0.4104129412666731 2.8855249337096849 1.6877905140902369 0.46665899233000291 0.031355979652469099 1.0000000180025095e-35 -1.303942678146367 0.010869087414240244 -0.34944371413167374 0.49208710711143572 -1.8099195294700907
decision_type=8 8 8 10 10 8 10 10 2 10 2 8 10 10
left_child=4 -2 3 -3 5 6 7 10 -9 -8 -1 12 13 -10
right_child=1 2 -4 -5 -6 -7 9 8 11 -11 -12 -13 -14 -15
leaf_value=-0.0043798578284936556 -0.0055468684617434542 0.00014836355291613236 0.00070017435955283468 0.0080804754743700972 -0.013486084957200484 0.0028896500228674377 0.0079028574053930205 -0.0040256320672834847 -0.011911319234056521 -0.0026261619143872995 -0.00024819861566707454 0.00085019216186125145 0.022501436407254525 0.0049659933079250805
leaf_weight=3085.9722892791033 763.54732345044613 906.01290436089039 8426.6053865849972 1496.9351361393929 136.61687313020229 2370.2795480638742 396.81689360737801 1630.0101186707616 165.01825633645058 10444.193569943309 13463.68352894485 4949.7110295295715 203.23008933663368 3697.8422054499388
leaf_count=14374 3491 4158 37785 6557 605 10323 1773 7460 750 47517 62259 22315 920 16780
internal_value=-6.85099e-05 0.00120045 0.00168086 0.00510274 -0.000431568 -0.000384104 -0.000588817 6.7522e-05 0.00175876 -0.00223384 -0.0010208 0.00280785 0.00518301 0.00421611
internal_weight=52136.5 11593.1 10829.6 2402.95 40543.4 40406.8 38036.5 27195.5 10645.8 10841 16549.7 9015.8 4066.09 3862.86
internal_count=237067 51991 48500 10715 185076 184471 174148 124858 48225 49290 76633 40765 18450 17530
is_linear=0
shrinkage=0.03


Tree=185
num_leaves=15
num_cat=0
split_feature=39 11 23 30 11 37 37 33 37 19 0 10 11 9
split_gain=23.3006 81.3439 40.039 34.7327 41.3697 39.8013 34.6255 32.6152 40.3773 28.4931 44.2989 43.8145 28.164 33.7454
threshold=-1.800661752700941 -0.030881346482250407 0.024706378895658302 5.5000000000000009 -1.0912646064853977 -2.0827692911768261 -2.4122823310216561 -0.41239906862826631 -2.4122823310216561 -8.4391712556408809 0.014036871295648772 -1.5742758407887056 -1.6316574510347974 -0.31232587786011007
decision_type=10 10 8 2 8 8 10 10 10 2 10 10 10 8
left_child=1 2 3 4 7 -6 -2 8 -1 10 12 -12 13 -8
right_child=6 -3 -4 -5 5 -7 9 -9 -10 -11 11 -13 -14 -15
leaf_value=0.0049186080855587238 -0.010354379311887133 0.024007702656018252 -0.016264779301928847 -0.01039445512179765 0.0016811628529782906 0.020315813371845567 0.011273107601155389 0.01175013235490153 -0.020084070022278667 -0.00016117616002552871 0.025642258343295803 0.0022618182762386943 -0.0077354985263649433 -0.0096081814232898254
leaf_weight=101.40754975378513 286.25026869773865 150.64840796589851 98.555092081427574 135.04807284474373 191.93237273395061 218.05269496142864 250.42292353510857 90.836454048752785 116.81541161239147 49785.754745051265 146.71444255113602 137.5835637152195 220.6996088847518 86.483433067798615
leaf_count=457 1472 638 435 616 852 925 1157 405 530 226333 632 610 1090 396
internal_value=-3.4117e-05 0.00425931 0.000919422 0.00306762 0.0057039 0.0118398 -0.000127973 -0.00255174 -0.00875898 -6.81193e-05 0.00537207 0.0147888 0.000394937 0.00579045
internal_weight=52017.2 1103.3 952.648 854.093 719.044 409.985 50913.9 309.059 218.223 50627.7 841.904 284.298 557.606 336.906
internal_count=236548 4858 4220 3785 3169 1777 231690 1392 987 230218 3885 1242 2643 1553
is_linear=0
shrinkage=0.03


Tree=186
num_leaves=15
num_cat=0
split_feature=19 40 35 33 0 37 39 2 37 16 40 11 0 39
split_gain=31.1744 34.3572 33.0415 31.6039 41.6198 39.6406 31.5727 32.4804 57.5997 58.8833 64.6721 56.0942 49.8169 42.3242
threshold=7.4684236787910816 2.4337304276749538 -0.41640485998205173 2.0264715554168924 0.013451259051155941 0.48610286611959747 2.0637555910113634 1.2037415798476869 -1.4902309322234106 0.25944704884786141 -1.6823852431989177 -0.98397719212591905 0.041253094183089575 -1.8876272350736987
decision_type=2 10 10 8 8 8 10 8 10 10 10 10 8 10
left_child=1 3 -3 6 5 -5 7 13 12 10 -10 -11 -9 -1
right_child=-2 2 -4 4 -6 -7 -8 8 9 11 -12 -13 -14 -15
leaf_value=0.0091635459761156401 0.0043306884279682746 0.008269551360019672 -0.009680344874968036 -0.0049189607043663916 -0.0011908301401458395 0.014332573600058957 -0.0061880254230432547 -0.0050741362083773014 -0.0088903221854873885 -0.013212892994215715 0.0088885286942111518 0.001713890713424726 0.011203786624117444 -0.00050840578266451877
leaf_weight=401.64476592838764 1472.7357120215893 102.19642153382301 559.08487974107265 115.44907630980015 513.27703791856766 463.46980841457844 746.12575173377991 1584.3068058788776 197.14769068360329 225.84301856160164 1785.5724198371172 5798.5646954327822 179.82981887459755 37812.069448791444
leaf_count=1774 6524 448 2513 492 2214 1977 3518 7660 932 1030 7981 25575 751 172880
internal_value=4.31956e-05 -8.2712e-05 -0.00682445 8.11939e-06 0.00503162 0.0104751 -0.00010548 -9.63197e-06 0.00153299 0.00261409 0.00708498 0.00113335 -0.00336102 -0.000404378
internal_weight=51957.3 50484.6 661.281 49823.3 1092.2 578.919 48731.1 47985 9771.26 8007.13 1982.72 6024.41 1764.14 38213.7
internal_count=236269 229745 2961 226784 4683 2469 222101 218583 43929 35518 8913 26605 8411 174654
is_linear=0
shrinkage=0.03


Tree=187
num_leaves=15
num_cat=1
split_feature=46 27 13 30 41 36 13 16 41 37 30 41 16 38
split_gain=30.4698 28.8752 31.5912 43.4082 41.1749 36.1338 34.8094 34.1988 33.3553 30.0718 32.4984 28.9922 28.8697 28.0873
threshold=0 0.12068965517242322 57.599330783481527 1.5000000000000002 0.75000000000000011 0.55020662316034097 53.109779897640756 0.87439881702472599 0.35000000000000003 0.19868360967760382 2.5000000000000004 0.95000000000000007 0.90829004614136044 -2.6119452810248469
decision_type=1 10 8 2 2 10 10 8 2 10 2 2 8 10
left_child=-1 9 6 4 -4 -5 7 13 -9 -2 11 -11 -12 -3
right_child=1 2 3 5 -6 -7 -8 8 -10 10 12 -13 -14 -15
leaf_value=-0.0010500841946549557 -0.0021816888218684698 -0.010210648060930968 0.00062795431878978972 -0.0015545252243773556 -0.0077368066333500267 0.0033578249785162118 0.0042952669834365109 0.0018200827571219855 -0.015473584415500181 0.00060690976836927011 0.0047480249928886862 -0.0077873953202685919 -0.0038442114020734962 0.001451008632995952
leaf_weight=15325.364832058549 5980.5222147256136 178.37532952427864 920.67767344415188 2736.3383753150702 1232.4649619460106 2637.3046809881926 3753.0324779897928 181.9437248557806 208.8116600215435 1158.2258614450693 2075.4944593161345 533.44705274701118 415.52855205535889 14772.516628019512
leaf_count=70609 27294 876 4064 12149 5751 11462 16816 802 945 5225 9215 2463 1814 67503
internal_value=7.29911e-05 0.000541187 0.00106057 -0.000584912 -0.00417369 0.000858143 0.00170916 0.00107413 -0.00757681 -0.000818456 0.00113128 -0.00207033 0.00330511 0.00130514
internal_weight=52110 36784.7 26621.5 7526.79 2153.14 5373.64 19094.7 15341.6 390.755 10163.2 4182.7 1691.67 2491.02 14950.9
internal_count=236988 166379 120368 33426 9815 23611 86942 70126 1747 46011 18717 7688 11029 68379
cat_boundaries=0 1
cat_threshold=560
is_linear=0
shrinkage=0.03


Tree=188
num_leaves=15
num_cat=0
split_feature=38 16 40 39 33 30 40 7 39 33 36 36 37 33
split_gain=26.4294 58.1622 97.672 58.9296 45.0857 48.8615 38.2567 73.5598 65.3168 60.4079 52.1691 47.5153 84.3155 42.1021
threshold=-1.4990529980008322 0.4104129412666731 -0.73668629609605907 -0.098391822202361492 -0.66877050797018445 1.5000000000000002 -1.5774181993146279 -0.18091911407561426 -1.2359969244346105 -1.3778274153043653 -2.4533527491768634 -0.26896692298649905 -1.222513379394879 0.31003259452925785
decision_type=8 10 10 10 10 2 8 10 8 10 8 10 10 10
left_child=1 4 -3 -4 -1 -6 7 -2 9 -8 -10 13 -13 -11
right_child=6 2 3 -5 5 -7 8 -9 10 11 -12 12 -14 -15
leaf_value=-0.00087420684321104112 0.00013197380697642025 0.014991777845887021 -0.018765652968684939 0.0047950701204804115 0.0016134017813619252 -0.013042411928933208 -0.006342257363770731 -0.016451722318025139 -0.01671655624137933 0.0097541074818572066 0.00011204072177321714 -0.014124674504307605 0.0070358415406072908 0.028920856691241587
leaf_weight=1089.8449342995882 720.56573858857155 376.86385615170002 172.42575915157795 193.90466257929802 268.11931471526623 829.00744916498661 337.18303436040878 351.37206998467445 156.39639329910278 618.23413188755512 45544.728901013732 193.53958280384541 1012.5750242322683 120.18580038845539
leaf_count=5246 3382 1733 852 875 1268 4078 1506 1784 752 2708 206387 895 4414 513
internal_value=7.36847e-06 -0.00275538 0.00445327 -0.00649855 -0.0052142 -0.00947856 0.000172922 -0.00540584 0.000298652 0.00524095 5.08062e-05 0.00727165 0.00355209 0.0132184
internal_weight=51984.9 2930.17 743.194 366.33 2186.97 1097.13 49054.8 1071.94 47982.8 2281.72 45701.1 1944.53 1206.11 738.42
internal_count=236393 14052 3460 1727 10592 5346 222341 5166 217175 10036 207139 8530 5309 3221
is_linear=0
shrinkage=0.03


Tree=189
num_leaves=15
num_cat=1
split_feature=11 12 0 39 44 38 37 45 10 14 10 45 46 39
split_gain=21.3245 80.7936 39.7172 30.0162 22.1168 22.4284 61.8982 25.4786 52.2165 66.9017 57.1579 54.8148 68.55 49.1284
threshold=2.8135121707842776 0.018250071081658305 0.01756457527690776 0.7056681048392347 -0.13749750835241922 2.6300836929250067 1.9533495851223017 1.3038259658910809 0.68768999569324474 0.46094179730473089 1.6663919511707326 1.5925947518668477 0 0.65745435516152717
decision_type=10 2 10 10 10 8 10 8 8 10 10 8 1 10
left_child=4 3 -3 -2 -1 7 -7 -6 9 -9 11 -10 -13 -12
right_child=1 2 -4 -5 5 6 -8 8 10 -11 13 12 -14 -15
leaf_value=0.0084022221270060385 0.0044565350667138612 0.031613538496831323 0.004853889282292535 -0.016859043367026625 -3.1810471441002731e-06 0.014722729154336932 -0.0034513865655104365 -0.0042731577820290601 -0.013286138001470646 0.0042091204757993012 -0.010341701476434878 0.011676980705420278 -0.013698818639925957 0.014618696364682989
leaf_weight=263.51990413665771 117.45527628064156 106.88823935389519 94.54669477045536 104.00978806614876 45738.312821827829 314.38264529407024 344.99719266593456 1713.5991331040859 924.13627481460571 1616.6735308915377 105.47662055492401 199.06888085603714 150.33685365319252 177.06059780716896
leaf_count=1118 539 481 414 473 207959 1318 1473 8034 4235 7441 497 893 679 808
internal_value=-5.02606e-05 0.00658032 0.0198771 -0.00585007 -0.000105924 -0.000151272 0.00530426 -0.000223363 -0.00228015 -0.000155181 -0.0067979 -0.00949436 0.000625058 0.00526551
internal_weight=51970.5 422.9 201.435 221.465 51547.6 51284 659.38 50624.7 4886.35 3330.27 1556.08 1273.54 349.406 282.537
internal_count=236362 1907 895 1012 234455 233337 2791 230546 22587 15475 7112 5807 1572 1305
cat_boundaries=0 1
cat_threshold=930
is_linear=0
shrinkage=0.03


Tree=190
num_leaves=15
num_cat=0
split_feature=38 35 40 40 13 2 38 12 11 35 35 40 40 33
split_gain=27.0249 24.4245 20.9458 21.0301 43.1114 41.987 26.6917 46.2009 26.502 26.1952 29.4033 119.554 50.8608 45.0536
threshold=-2.9320192544958776 -2.1816367502439262 2.8855249337096849 -2.0528654686053511 39.148098470165955 1.4950358475924872 -2.4248572191417286 0.026780422427616291 -0.91468067976379774 -2.0890591837551153 -0.65843726168272998 0.94152741522413541 -0.41049228218054007 -1.6856462628913602
decision_type=8 10 10 8 10 10 8 2 8 8 8 10 10 10
left_child=1 -1 3 4 5 8 7 -5 -2 -8 11 12 -11 -14
right_child=2 -3 -4 6 -6 -7 9 -9 -10 10 -12 -13 13 -15
leaf_value=-0.00032392930007786532 -0.0030519305035666012 -0.02102545532336246 -0.009332118688188118 -0.0029120148571182372 -0.017987658927604826 -0.016121972094551473 -0.0045646548357344413 0.021198944487390473 0.016594549225867183 0.0030458982025902441 -0.00010414872456570936 0.010343692262964216 -0.0096959155438187811 -0.00060530385097291449
leaf_weight=101.84680505096912 114.49994085729122 93.992813408374786 201.32829116284847 136.82927529513836 165.12988110631704 87.553233414888382 1033.1645231097937 135.15113361179829 117.86525884270668 3543.5223604887724 40839.34536960721 1253.9878130704165 556.15989765524864 3692.1861230581999
leaf_count=479 531 471 891 713 842 401 4938 620 547 16130 185497 5416 2540 16812
internal_value=5.04022e-05 -0.0107983 9.34305e-05 0.000131951 -0.00602169 0.000512704 0.000191424 0.00939598 0.00718709 0.000140423 0.000238764 0.00178532 0.00039648 -0.00181535
internal_weight=52072.6 195.84 51876.7 51675.4 485.048 319.918 51190.3 271.98 232.365 50918.4 49885.2 9045.86 7791.87 4248.35
internal_count=236828 950 235878 234987 2321 1479 232666 1333 1078 231333 226395 40898 35482 19352
is_linear=0
shrinkage=0.03


Tree=191
num_leaves=15
num_cat=0
split_feature=27 30 8 1 34 40 40 9 40 14 30 0 34 1
split_gain=19.9813 29.1185 41.8273 66.2786 41.0264 36.097 43.4895 46.8355 36.8764 83.3035 47.454 64.5419 48.5208 46.7252
threshold=0.13191934509816358 5.5000000000000009 -0.18214474043600473 0.024088512339601794 -0.36165213964079512 0.45552310205796376 1.6877905140902369 0.86789421487321683 -0.58212004591178201 0.7625506694027685 1.0000000180025095e-35 0.017238090000166181 -1.8671218978972182 0.032867599984082202
decision_type=10 2 10 10 10 10 10 10 8 10 2 10 8 8
left_child=-1 5 3 -3 -4 8 -7 -8 9 -2 11 -10 -12 -14
right_child=1 2 4 -5 -6 6 7 -9 10 -11 12 -13 13 -15
leaf_value=-0.00080481054728021029 0.00099284621358833812 -0.0070255593782353439 0.0077553308274845023 0.012854929663177259 -0.0011323279829665992 -0.0015157216473596173 0.0099228736847638763 0.00024228751888739539 -0.0038229373902687789 -0.0090458276320570068 -0.0098237416223262708 0.010206071920382283 0.0038791842299646219 -0.0076258549361510244
leaf_weight=15592.753556936979 6273.7350247874856 1665.3715974092484 556.32930621504784 156.70701745152473 2667.9008576571941 8719.8049516379833 648.96150308847427 1418.6779055446386 1832.292664244771 833.88184842467308 240.53943578898907 341.62367433309555 10781.225250720978 318.34322908520699
leaf_count=70964 28866 8035 2481 709 12342 39434 2766 6234 8380 3811 1118 1530 48625 1414
internal_value=9.3646e-05 0.00047805 -0.00163511 -0.00525491 0.000420443 0.000817971 -0.000587825 0.00331383 0.00155329 -0.000195968 0.00247277 -0.00158169 0.00325072 0.00354264
internal_weight=52048.1 36455.4 5046.31 1822.08 3224.23 31409.1 10787.4 2067.64 20621.6 7107.62 13514 2173.92 11340.1 11099.6
internal_count=236709 165745 23567 8744 14823 142178 48434 9000 93744 32677 61067 9910 51157 50039
is_linear=0
shrinkage=0.03


Tree=192
num_leaves=15
num_cat=0
split_feature=44 19 19 9 2 45 19 9 10 16 11 16 40 13
split_gain=20.2208 20.0604 31.7722 44.7518 32.4761 27.7746 26.5803 72.6451 58.4095 69.6613 50.1998 61.0667 50.7357 48.6761
threshold=-0.13749750835241922 7.4684236787910816 5.1470958818110821 1.8419319429031507 0.28852613050602888 1.5925947518668477 -0.64504910750418953 0.5687279406853859 0.15036124011800586 0.64602364225737363 -0.34944371413167374 0.55295238227491772 -1.7980471760198522 40.017646267058261
decision_type=8 2 2 10 8 8 2 8 8 10 10 10 10 10
left_child=-1 2 3 4 -2 -4 7 8 9 10 11 12 13 -6
right_child=1 -3 5 -5 6 -7 -8 -9 -10 -11 -12 -13 -14 -15
leaf_value=0.0087655832411843385 -0.0091889146944088562 0.0033370800675697008 -0.0031387900776207165 -0.011955956863660818 -0.0010829479986906505 0.0090783162415670367 0.00094615775633068936 -0.0083781572269017775 -0.0050835853531703071 -0.022641462848343962 -0.0017812387006415017 0.021869111099257568 0.0016895911322286896 -0.016294225769940694
leaf_weight=223.07945132255554 325.40091866254807 1482.4554257243872 4147.211320117116 268.24259102344513 633.65406199544668 165.01678121089935 21483.767998501658 1000.8585935086012 1971.0705446302891 108.39017783105373 6366.6479576677084 120.20995625853539 13429.680604755878 260.98420058935881
leaf_count=953 1638 6557 18587 1234 2978 748 96084 4652 9255 516 29665 568 61618 1388
internal_value=-5.08625e-05 -9.05434e-05 -0.000192245 3.89647e-05 0.00011197 -0.00265135 0.000180679 -0.000507764 -0.000160134 0.000305967 0.0004363 0.00141427 0.00122748 -0.00565145
internal_weight=51986.7 51763.6 50281.1 45968.9 45700.7 4312.23 45375.3 23891.5 22890.6 20919.6 20811.2 14444.5 14324.3 894.638
internal_count=236441 235488 228931 209596 208362 19335 206724 110640 105988 96733 96217 66552 65984 4366
is_linear=0
shrinkage=0.03


Tree=193
num_leaves=15
num_cat=1
split_feature=19 9 35 39 16 30 39 0 19 30 40 20 40 46
split_gain=26.349 41.4185 41.1905 31.9276 43.1774 32.4288 31.5329 62.0297 44.6461 39.7978 32.0457 36.9923 31.2213 28.2651
threshold=7.4684236787910816 1.7463013869021586 -0.6452092450693262 0.39473502110917319 0.71684559233942002 3.5000000000000004 -1.800661752700941 0.010996838162313515 -6.0968016975951569 5.5000000000000009 -1.5388585142873519 -0.76830325621526241 -2.1675646737775494 0
decision_type=2 8 8 8 10 2 10 10 2 2 8 10 10 1
left_child=1 6 -3 -4 13 -6 7 8 -1 10 11 -9 -8 -5
right_child=-2 2 3 4 5 -7 12 9 -10 -11 -12 -13 -14 -15
leaf_value=0.0011151234072586771 0.0039096217708236344 0.01240831957888739 0.0091169132524459712 -0.002947911668966931 -0.0099968055924888177 0.0019034434786343306 -0.015438199181053365 0.0038762754725939893 0.023272494751948453 -0.015271486722367692 0.017773859861638472 -0.016115730319446978 -8.4533363432499412e-05 -0.025852530450570989
leaf_weight=129.30583491921425 1473.0261293798685 97.756717070937157 93.06564237177372 88.044133305549622 490.80803243815899 345.51812452077866 109.49553270637989 417.54094459116459 218.01238040626049 117.08542118966579 100.85670100152493 93.45602685213089 47974.565690167248 159.88692779839039
leaf_count=588 6508 422 415 400 2270 1533 566 1876 913 535 426 419 218497 726
internal_value=-3.16609e-05 -0.000147523 -0.00546432 -0.00704035 -0.00849783 -0.00511596 -8.537e-06 0.00504607 0.0152854 2.64774e-05 0.00315243 -1.91996e-05 -0.000122699 -0.019265
internal_weight=51908.4 50435.4 1275.08 1177.32 1084.26 836.326 49160.3 1076.26 347.318 728.939 611.854 510.997 48084.1 247.931
internal_count=236094 229586 5766 5344 4929 3803 223820 4757 1501 3256 2721 2295 219063 1126
cat_boundaries=0 1
cat_threshold=226
is_linear=0
shrinkage=0.03


Tree=194
num_leaves=15
num_cat=1
split_feature=36 12 32 35 0 30 0 46 30 41 0 36 43 12
split_gain=27.2255 38.7801 36.5527 33.2567 49.5131 42.6283 56.2251 42.8713 42.081 99.5903 59.7702 41.9483 35.4926 36.0172
threshold=-0.28579423544681298 0.0091010069673741791 0.73913447021133272 0.20168715335899035 0.025871538127379919 4.5000000000000009 0.010105387686762212 0 1.5000000000000002 0.75000000000000011 0.021622850621816132 0.89869507455586517 0.5277777777777779 0.0062589244738169318
decision_type=8 2 10 8 10 2 8 1 2 2 10 10 10 2
left_child=1 -1 3 4 11 8 7 -7 9 -5 -11 -2 13 -9
right_child=2 -3 -4 5 -6 6 -8 12 -10 10 -12 -13 -14 -15
leaf_value=-0.0036704505605284813 -0.0021838394456829306 0.0013550597303601901 0.0014496060982068615 0.0023069960403906977 -0.012563323796696885 0.0056439147587868952 -0.0064704068687303357 0.0095052398655110174 0.0022655852641578211 -0.00836306773108823 0.010432031296769019 0.009505913434563586 0.0018662130831242833 -0.0072856359024942334
leaf_weight=1505.9139735400677 10763.215994492173 15669.902469262481 6666.984739407897 2649.0777921527624 395.6552736312151 862.06821570545435 1932.8435350358486 119.49531726539135 7139.0588541030884 1708.5344789773226 158.61533224582672 273.82326738536358 1063.7352987229824 1110.0503397136927
leaf_count=6836 50208 70940 29775 11877 1787 3970 8986 532 31542 8055 742 1224 4902 5227
internal_value=-6.46451e-05 0.000912562 -0.00054648 -0.00101914 -0.00226567 -0.00016714 -0.00245543 1.66622e-05 0.000833076 -0.00143138 -0.00671935 -0.00188548 -0.00212926 -0.00559027
internal_weight=52019 17175.8 34843.2 28176.2 11432.7 16743.5 5088.19 3155.35 11655.3 4516.23 1867.15 11037 2293.28 1229.55
internal_count=236603 77776 158827 129052 53219 75833 23617 14631 52216 20674 8797 51432 10661 5759
cat_boundaries=0 1
cat_threshold=266
is_linear=0
shrinkage=0.03


Tree=195
num_leaves=15
num_cat=1
split_feature=20 11 38 37 32 15 10 38 11 46 38 37 1 39
split_gain=25.8872 48.1194 46.4772 61.4167 37.6868 36.4105 43.7346 43.9313 49.5023 38.872 37.3716 79.7394 64.4302 53.1664
threshold=0.72260559789066392 -0.51277043651713961 1.4041492577238197 0.25174472403355236 -1.0395212497430009 0.77556854230914185 0.6256877152635747 -1.1962340633604864 0.34865095331094392 0 -0.1808905395500216 -0.14960318950031029 0.013323550772864106 1.2454100522136751
decision_type=8 8 8 8 8 10 8 10 10 1 10 10 10 10
left_child=2 -2 5 -4 -3 6 10 8 -8 -7 12 -12 -1 -13
right_child=1 4 3 -5 -6 9 7 -9 -10 -11 11 13 -14 -15
leaf_value=-0.0021917992819637717 -0.0074646444298495174 0.005554003400261587 0.023888163739789633 0.0033677178913105164 -0.0012604970423783115 0.0083829679123640782 -0.0092382293607539048 -0.0032065400172413814 0.013966429043000505 0.0010819429711670058 0.0053263408296691413 -0.00025687431925300297 0.0018221984276573918 0.0094315377412851308
leaf_weight=9936.9962687268853 1032.9010266661644 791.52365832030773 132.62939505279064 1733.6864358484745 8233.7233976870775 900.00390429794788 109.27179890871048 5504.2102697789669 270.47925396263599 2339.0730676501989 3488.0429364591837 11412.991040833294 5630.2080320715904 523.58613248169422
leaf_count=46988 4767 3444 568 7618 36738 3974 498 24904 1184 10424 15633 52142 25561 2295
internal_value=3.06296e-06 -0.00136315 0.000330637 0.00494554 -0.000657373 0.000114753 -0.000153455 -0.00252226 0.00722367 0.00315928 0.000296944 0.00134309 -0.000739814 0.000175637
internal_weight=52039.3 10058.1 41981.2 1866.32 9025.25 40114.9 36875.8 5883.96 379.751 3239.08 30991.8 15424.6 15567.2 11936.6
internal_count=236738 44949 191789 8186 40182 183603 169205 26586 1682 14398 142619 70070 72549 54437
cat_boundaries=0 1
cat_threshold=76
is_linear=0
shrinkage=0.03


Tree=196
num_leaves=15
num_cat=0
split_feature=32 33 39 34 40 14 20 12 38 37 40 37 39 23
split_gain=23.9829 53.425 41.0289 31.5416 56.5527 37.2845 43.5066 42.5443 39.123 61.47 46.3376 37.1516 43.3619 37.351
threshold=-0.43732740661758412 -0.86530924057212777 -2.3116034332004776 -0.44035565091588397 -1.745031036448901 0.25655297278355299 0.76145686772507981 0.0062589244738169318 -1.5791116202724811 -0.72559068071129817 -0.91405568796140635 -1.5285419233601589 -1.5585904611181951 0.0082272007072061743
decision_type=8 10 8 8 8 10 10 2 10 10 8 8 10 10
left_child=1 -1 -2 -4 -5 8 11 -8 10 -10 -6 -7 13 -13
right_child=2 -3 3 4 5 6 7 -9 9 -11 -12 12 -14 -15
leaf_value=-0.0016892545025632021 0.018998187459123631 0.002425845626255876 0.0015107059378578307 -0.012066956250109916 0.00041098233051663327 -0.0083500925989384561 0.014895293059010163 -0.0028427793918941479 0.0027581594633675197 -0.0054083723233564213 -0.023923745585976972 0.020694924358165005 0.00039548737884817774 -0.002343937427130361
leaf_weight=4126.0032310336828 88.463328942656517 9055.1071686446667 6511.2781660556793 384.46204293519258 118.6321174800396 420.74955003708601 114.41288295388222 6002.7960179448128 1275.6784612238407 2335.6311794221401 162.11545138061047 165.58026479184628 21148.066205635667 96.141392588615417
leaf_count=18791 393 40810 29593 2028 599 2038 483 27044 6043 10921 825 709 95911 413
internal_value=3.22476e-05 0.00113742 -0.000343164 -0.000392227 -0.000777086 -0.000637016 -0.000253386 -0.00248725 -0.00338404 -0.00252393 -0.0139804 0.000373424 0.000548679 0.012457
internal_weight=52005.1 13181.1 38824 38735.5 32224.3 31839.8 27947.7 6117.21 3892.06 3611.31 280.748 21830.5 21409.8 261.722
internal_count=236601 59601 177000 176607 147014 144986 126598 27527 18388 16964 1424 99071 97033 1122
is_linear=0
shrinkage=0.03


Tree=197
num_leaves=15
num_cat=2
split_feature=25 46 21 10 11 33 40 34 39 46 1 11 45 40
split_gain=22.3571 23.1117 22.4677 31.7295 44.7271 31.1285 56.8294 51.8605 51.0975 30.4814 36.9567 37.1689 31.4514 30.4281
threshold=-1.8447323830579065 0 -0.42919864177617328 1.2708892168234218 0.25383772363049889 -1.6856462628913602 1.0122905200867824 -1.181210728774889 -1.0543723814816923 1 0.032867599984082202 -1.9907722539022903 1.3216172403368498 -1.6823852431989177
decision_type=8 1 10 8 10 10 10 10 10 1 10 8 8 10
left_child=1 -1 9 5 -5 6 7 8 -4 -2 11 -11 -12 -13
right_child=2 -3 3 4 -6 -7 -8 -9 -10 10 12 13 -14 -15
leaf_value=0.0099499015224917067 -0.0024542818405248702 0.0011198666148280357 0.00356961115957936 -0.010794592953454666 -0.00095092809091555457 0.0010077872478535383 0.013650178429568876 -0.016701952997580097 -0.0066880649956826289 -0.011112008354623131 -0.0018241964285803578 -0.010253454289653668 -0.020681090457626183 0.00088470068362743524
leaf_weight=379.72002351284027 7092.7064861729741 839.57406832277775 759.48575000464916 466.98845301568508 3239.7185392975807 26818.040714673698 166.20137467980385 247.80847184360027 1004.334359318018 237.77238212525845 191.3028067201376 215.65201443433762 129.03208032250404 10212.358419269323
leaf_count=1742 33259 3932 3505 2094 14440 120937 706 1136 4700 1091 865 1104 584 46516
internal_value=2.07136e-05 0.00401839 -7.60454e-05 0.000393118 -0.00221679 0.000727407 -0.00271406 -0.00412691 -0.00227597 -0.000924459 6.67097e-05 0.000372503 -0.00981595 0.00064476
internal_weight=52000.7 1219.29 50781.4 32702.6 3706.71 28995.9 2177.83 2011.63 1763.82 18078.8 10986.1 10665.8 320.335 10428
internal_count=236611 5674 230937 147518 16534 130984 10047 9341 8205 83419 50160 48711 1449 47620
cat_boundaries=0 1 2
cat_threshold=515 624
is_linear=0
shrinkage=0.03


Tree=198
num_leaves=15
num_cat=0
split_feature=32 38 39 0 37 33 38 40 11 4 37 20 39 35
split_gain=26.2227 35.8187 37.8771 70.4826 53.5241 32.9706 35.3538 50.3987 32.0103 26.8465 26.3962 25.4772 34.6527 52.0528
threshold=-0.8898488632300442 -2.6119452810248469 -1.8876272350736987 0.010996838162313515 -1.4494537683215323 -1.8374939095318934 -1.9660167101013237 0.67440896443837373 -0.39537265143851846 0.21869223197983362 -2.1746834102327997 0.88918566563204149 -0.57872202016650387 -0.12070081211220829
decision_type=10 10 10 10 10 8 10 10 10 8 10 10 10 10
left_child=5 -2 3 8 -5 6 -1 -8 -3 10 -4 12 13 -11
right_child=1 2 9 4 -6 -7 7 -9 -10 11 -12 -13 -14 -15
leaf_value=0.0067720997745360657 -0.012860197918691179 0.0081315968223961439 -0.010946565103996508 0.0068938131436118797 -0.019651803140651569 0.0027120804087315334 -0.0092742591910882737 0.0123525245135213 0.032246155858988802 0.0027002177913763837 -0.00086383835202653403 -0.0019614497175427337 0.0017710665608897296 -0.0043718341423624055
leaf_weight=237.33534383773804 192.86527569591999 105.66466303169727 225.95270581543446 205.08083556592464 90.286956161260605 5349.622378334403 672.21240529417992 104.17255865037441 101.23969219624996 1576.1627406030893 25305.126576349139 3107.3213423341513 12405.865076497197 2280.2207453250885
leaf_count=1121 981 471 1186 904 427 23928 3119 449 419 7232 116158 13867 55644 10506
internal_value=-3.04229e-05 -0.000282312 -0.000226063 0.00788545 -0.00159838 0.00177207 -0.0031666 -0.00625228 0.0208737 -0.000318536 -0.000957322 0.000523509 0.000999238 -0.00148187
internal_weight=51959.1 45595.8 45402.9 502.272 295.368 6363.34 1013.72 776.385 206.904 44900.6 25531.1 19369.6 16262.2 3856.38
internal_count=236412 207795 206814 2221 1331 28617 4689 3568 890 204593 117344 87249 73382 17738
is_linear=0
shrinkage=0.03


Tree=199
num_leaves=15
num_cat=1
split_feature=43 19 40 20 8 6 16 40 19 46 16 40 37 11
split_gain=27.8757 31.6813 62.7572 36.7419 32.3556 43.1575 35.5568 60.3591 53.552 52.6459 46.5703 43.8502 42.8263 38.9454
threshold=0.41428571428571431 -6.8199786683309824 -1.6823852431989177 -0.30655183303228789 -1.2806644818030086 -0.63849227715376766 0.24173156444381808 0.11661253216780777 -1.4560546799721137 0 0.64996206515640875 -0.9308505836297204 -0.65310115007665015 -0.29420269871829652
decision_type=8 2 10 10 8 10 8 10 2 1 8 10 10 10
left_child=-1 2 -2 -4 5 -3 7 13 9 12 11 -11 -8 -6
right_child=1 4 3 -5 6 -7 8 -9 -10 10 -12 -13 -14 -15
leaf_value=-0.00086690664204330825 -0.0068867010842777682 0.00049867891646337341 0.013253365111828588 -0.0047576133327447484 0.006166574307588363 -0.009510035632272193 -0.0070221876773534876 -0.0055398241260334324 0.00081788013553131013 -0.01066316094750277 -0.024027583157735 -0.0021322900796307137 0.0068218307070700372 -0.0027731344542429983
leaf_weight=19571.060440838337 250.10251999646425 905.46050718426704 606.11175812780857 116.82325790822506 2865.9255711883307 666.91150790452957 266.19304774701595 588.00383658707142 21642.809598892927 693.35688048601151 99.545646607875824 2401.9116553366184 736.57367651164532 511.52468746900558
leaf_count=89913 1229 4342 2711 521 12965 3236 1249 2701 96852 3226 459 11126 3393 2338
internal_value=2.65435e-05 0.000567142 0.00587051 0.0103177 0.000400867 -0.00377973 0.000622602 0.00326391 0.000216163 -0.00288087 -0.00475145 -0.00407144 0.00308332 0.00480844
internal_weight=51922.3 32351.3 973.038 722.935 31378.2 1572.37 29805.8 3965.45 25840.4 4197.58 3194.81 3095.27 1002.77 3377.45
internal_count=236261 146348 4461 3232 141887 7578 134309 18004 116305 19453 14811 14352 4642 15303
cat_boundaries=0 1
cat_threshold=644
is_linear=0
shrinkage=0.03


Tree=200
num_leaves=15
num_cat=3
split_feature=43 10 15 16 30 46 12 46 15 16 46 12 24 30
split_gain=32.6544 24.6504 44.9842 72.5652 38.7847 33.9145 28.3485 39.8404 41.6666 37.5787 27.7013 27.5921 27.5805 27.2142
threshold=0.95000000000000007 -1.1346604490023466 0.4145702987367062 0.34065544936649755 3.5000000000000004 0 0.026311609997401002 1 0.58542964789774954 0.7007138954696559 2 0.039672023551927178 -0.020792130417696505 5.5000000000000009
decision_type=10 10 10 8 2 1 2 1 10 8 1 2 10 2
left_child=-1 -2 11 5 6 -4 9 -8 -9 12 -11 -3 -5 -6
right_child=1 2 3 4 13 -7 7 8 -10 10 -12 -13 -14 -15
leaf_value=-0.00032480897743789939 0.011152010349079113 -0.006457375960028813 0.024824794942990294 0.0099037510447582931 0.0073128078128203633 0.004061750253135688 -0.013693011554942373 0.015935515410644127 -0.0036371830131514747 -0.004826993509340064 0.0072879151856984764 0.010378090297569207 -0.0067085276098459729 -0.00012715328355860763
leaf_weight=45797.822965294123 243.94089189171791 786.93145921826363 166.87055133283138 98.595816180109978 1356.8616042435169 146.38272531330585 280.53488034009933 105.14042726159096 643.88249821960926 196.16605640947819 901.21647603809834 89.386821150779724 533.79008686542511 653.79276113212109
leaf_count=208836 1077 3632 741 447 5965 669 1241 465 2887 889 3986 383 2410 2973
internal_value=-4.79966e-05 0.00199283 0.00159986 0.00268299 0.00174693 0.0164417 -0.000563641 -0.00448142 -0.0007067 0.00178058 0.00512047 -0.0046424 -0.00400464 0.00490494
internal_weight=52001.3 6203.49 5959.55 5083.23 4769.98 313.253 2759.33 1029.56 749.023 1729.77 1097.38 876.318 632.386 2010.65
internal_count=236601 27765 26688 22673 21263 1410 12325 4593 3352 7732 4875 4015 2857 8938
cat_boundaries=0 1 2 3
cat_threshold=143 39 648
is_linear=0
shrinkage=0.03


Tree=201
num_leaves=15
num_cat=0
split_feature=39 40 40 45 7 40 38 38 37 38 23 39 36 41
split_gain=24.9646 67.2843 51.6993 60.6852 63.064 37.3096 36.0649 35.8213 40.0896 33.8227 31.7569 31.5138 75.1851 46.3378
threshold=-1.0357267802456829 -1.2203586521697785 -0.33772784196784383 1.3801405940462932 0.6724900365550589 0.17782041629531328 -0.1808905395500216 -1.4286301953495417 -1.2545888340598503 0.148528428966516 0.05263107981355692 -0.57872202016650387 -1.5015793550056975 0.95000000000000007
decision_type=10 10 10 10 8 10 10 10 10 10 10 10 10 2
left_child=2 7 3 4 10 6 -4 8 -2 -9 -1 12 -3 -14
right_child=1 11 5 -5 -6 -7 -8 9 -10 -11 -12 -13 13 -15
leaf_value=0.0015756172901240215 -0.0095828424450936211 -0.014167994580544418 0.0069601898320022001 0.013546493658671293 -0.011795129307622622 -0.0036506656363757615 0.029537690890805018 -0.013939472166198641 0.014641206383156365 0.0055940807066585654 -0.010704450659766657 0.00019529593321799911 -0.00037019370928895184 -0.010868021593117408
leaf_weight=5368.0857351273298 118.66261149942875 426.28738136589527 137.74193131923676 321.62689238786697 350.97120943665504 89.723159313201904 123.10312235355377 618.57774341106415 108.02850560843945 85.898931443691254 186.54713132977486 38945.755041375756 4799.9144792258739 400.89248341321945
leaf_count=24758 597 2125 637 1476 1594 408 524 2888 494 408 855 176066 22261 1883
internal_value=-2.59097e-05 -0.00027574 0.00170017 0.00105889 0.000357051 0.012746 0.0183126 -0.00821368 0.00209187 -0.0115127 0.00114471 -0.000108104 -0.00220459 -0.0011987
internal_weight=52081.8 45504 6577.8 6227.23 5905.6 350.568 260.845 931.168 226.691 704.477 5554.63 44572.8 5627.09 5200.81
internal_count=236974 206722 30252 28683 27207 1569 1161 4387 1091 3296 25613 202335 26269 24144
is_linear=0
shrinkage=0.03


Tree=202
num_leaves=15
num_cat=1
split_feature=39 45 12 37 43 46 1 45 11 39 38 39 1 39
split_gain=26.181 27.1851 32.8827 24.4898 22.2182 32.8957 34.1646 71.6929 52.7053 57.8084 41.6254 32.6452 40.9459 38.7341
threshold=2.4101949974107257 0.99641175156518125 0.025890891665545947 3.0474841863435493 0.41428571428571431 0 0.010320142295238076 0.91208154551435372 1.2281414480260675 1.0021194856431774 0.68650592940329569 -0.95627574842858531 0.015721027171989182 -0.65366303929414526
decision_type=10 8 2 10 10 1 8 10 10 10 10 10 10 10
left_child=3 2 -2 4 5 6 8 -8 9 -1 -11 12 -9 -13
right_child=1 -3 -4 -5 -6 -7 7 11 -10 10 -12 13 -14 -15
leaf_value=0.0031541345995190605 -0.0075715508737293309 -0.013213475472033845 0.011416770855498555 0.012816018633264363 0.00050421863998261049 -0.0015916186690538643 -0.012058100681727505 -4.6960664338847176e-05 -0.013151651034113393 0.027425200549784878 0.0058491396657688269 -0.0096434457297789097 0.013180768323592376 0.00074314587941182782
leaf_weight=1413.0908970087767 207.36160868406296 264.22553840279579 121.89227283000946 124.86653637886047 31754.052558869123 13590.42671892792 419.31494964659214 456.0352768599987 132.85591208934784 161.50246845185757 164.62787012755871 364.55685882270336 381.23647111654282 2346.2488389313221
leaf_count=6542 958 1269 567 533 143566 62472 1912 2166 610 696 711 1710 1667 10773
internal_value=-2.4072e-05 -0.00623626 -0.000412613 4.89843e-05 1.5341e-05 -0.000783474 0.0010977 -0.000478402 0.00442848 0.0058389 0.0170318 0.00092014 0.00606053 -0.000683982
internal_weight=51902.3 593.479 329.254 51308.8 51183.9 19429.9 5839.47 3967.39 1872.08 1739.22 326.13 3548.08 837.272 2710.81
internal_count=236152 2794 1525 233358 232825 89259 26787 18228 8559 7949 1407 16316 3833 12483
cat_boundaries=0 1
cat_threshold=328
is_linear=0
shrinkage=0.03


Tree=203
num_leaves=15
num_cat=0
split_feature=32 33 38 34 39 40 36 39 30 37 30 40 36 32
split_gain=24.533 50.6622 33.617 36.7049 38.6922 51.1735 52.4166 46.4015 41.4923 31.3829 44.8355 28.8764 30.6418 40.1997
threshold=-0.43732740661758412 -0.84747905638686671 -2.6119452810248469 -0.44035565091588397 -2.1024491126318048 -1.5774181993146279 -0.031948845785937256 -1.6001727728724755 4.5000000000000009 -1.5704683627428973 1.5000000000000002 -2.0528654686053511 -0.31063366253488506 -0.4869486356101646
decision_type=10 8 10 10 10 10 10 10 2 10 2 8 8 10
left_child=1 -1 -2 -4 -5 6 -6 8 -7 10 -9 -3 -13 -14
right_child=2 11 3 4 5 7 -8 9 -10 -11 -12 12 13 -15
leaf_value=-0.001695579687695496 -0.014080600998261437 -0.012682992016990297 0.0016449319681195904 0.01674772166651 -0.0011119390004353592 0.019222789538640411 -0.01958014650816273 0.0085854437220439315 -0.0042834650841319386 -0.00071718792592735659 -0.012297757888539101 0.0049257007759570745 0.00034974045119463777 0.0084591061922079554
leaf_weight=4184.2652173638344 152.73291918635368 104.56062079966068 6462.0653507262468 102.31179647147655 292.37712977081537 184.24079903960228 254.68630506843328 109.59986506402493 98.851815640926361 30591.422338843346 428.18270089477301 3041.2426302582026 5196.8845892995596 605.43966680765152
leaf_count=19073 788 498 29321 458 1436 789 1366 523 447 139099 2188 13588 23430 2746
internal_value=-9.32557e-05 0.0010266 -0.000473663 -0.000416076 -0.000831858 -0.000893357 -0.00990699 -0.000733276 0.0111487 -0.000844878 -0.00796273 0.0023 0.00249127 0.001209
internal_weight=51808.9 13132.4 38676.5 38523.7 32061.7 31959.4 547.063 31412.3 283.093 31129.2 537.783 8948.13 8843.57 5802.32
internal_count=235750 59335 176415 175627 146306 145848 2802 143046 1236 141810 2711 40262 39764 26176
is_linear=0
shrinkage=0.03


Tree=204
num_leaves=15
num_cat=1
split_feature=43 31 45 16 10 39 10 11 42 45 46 30 16 40
split_gain=29.9573 26.6424 26.2612 37.5566 47.2805 45.8895 54.1826 39.454 45.3605 37.8315 35.9822 27.9857 26.686 49.0318
threshold=0.41428571428571431 2.8312508026343428 1.3038259658910809 0.19519707998941666 0.69989552160954183 0.30003802977024518 1.8414555508368771 0.54778063134138877 0.70714285714285718 1.5599918731128752 0 3.5000000000000004 0.24173156444381808 -0.59705149268482616
decision_type=10 8 8 8 8 10 8 10 10 10 1 2 8 10
left_child=-1 2 12 -4 7 -6 9 8 10 -7 -5 -10 -2 -14
right_child=1 -3 3 4 5 6 -8 -9 11 -11 -12 -13 13 -15
leaf_value=-0.0010104827326032906 0.0025564203350861921 0.0096058531288260984 -0.017221483696712316 0.013817226712629759 -0.015357112230137391 -0.0093589461132562359 0.01237738056263619 -0.0044935079572350706 0.0055651461664971164 0.0061347158337942279 -0.0051637934696875023 0.021134680110304144 -0.0029256287235653717 0.00081130049594674769
leaf_weight=19711.685757651925 5409.8016753047705 274.98429948091507 135.86206187307835 98.733919754624367 320.22407878935337 593.33353002369404 173.34773661196232 485.71255193650723 231.98168648779392 177.76296411454678 350.42145974934101 194.02969287335873 3739.2423994392157 20099.081505998969
leaf_count=90596 24760 1171 639 453 1484 2691 784 2207 1061 800 1639 882 17296 90174
internal_value=-8.92106e-05 0.000473421 0.000391992 -0.00239932 -0.0015699 -0.00572433 -0.00233154 0.00230441 0.00608536 -0.00575434 -0.000592842 0.0129785 0.000656259 0.000224151
internal_weight=51996.2 32284.5 32009.5 2761.41 2625.55 1264.67 944.444 1360.88 875.167 771.096 449.155 426.011 29248.1 23838.3
internal_count=236637 146041 144870 12640 12001 5759 4275 6242 4035 3491 2092 1943 132230 107470
cat_boundaries=0 1
cat_threshold=772
is_linear=0
shrinkage=0.03


Tree=205
num_leaves=15
num_cat=0
split_feature=40 39 34 30 11 11 20 37 40 1 2 30 30 37
split_gain=24.3969 51.3522 74.2066 65.0192 92.4254 72.9822 61.4261 62.2867 51.2492 47.5026 44.0911 42.3254 40.7238 39.6161
threshold=0.41208371036096603 0.20949122405987949 0.68584189718106603 2.5000000000000004 -0.44239150908581332 2.0273698035533445 0.15065618448498522 1.384845881688699 2.5463137433785379 0.0092442374669263108 1.8876873522962103 3.5000000000000004 4.5000000000000009 -0.90145835592487433
decision_type=8 8 10 2 8 10 10 10 8 10 8 2 2 10
left_child=-1 2 -2 4 6 8 -3 -8 13 -7 -6 -4 -11 -5
right_child=1 3 11 5 10 9 7 -9 -10 12 -12 -13 -14 -15
leaf_value=0.00050603248951047123 -0.0084044768947649333 -0.0014706614422882009 0.0079744784177246345 0.014436975620719862 -0.0013700159565010208 -0.022972400118515368 -0.019881813072076499 0.0031812519764976383 -0.0088364074260071385 0.0070572656900001448 0.014792281179405269 -0.0084222743600784432 -0.012354820498353023 0.0020776300346648253
leaf_weight=33383.140648588538 1657.1680404394865 443.23944403231144 487.36950381100178 230.39594933390617 5334.2852679640055 152.99062629044056 572.60642644762993 125.58456675708294 370.17950886487961 172.07021814584732 146.38838529586792 188.92647449672222 200.21950337290764 8504.6261144280434
leaf_count=152868 7725 2030 2151 1046 24279 689 2734 566 1630 760 635 854 935 37646
internal_value=2.10678e-05 -0.0008498 -0.0050015 -0.000251012 -0.00253719 0.00132201 -0.0102642 -0.0157471 0.00195294 -0.00944662 -0.000912168 0.00333799 -0.00343275 0.00241976
internal_weight=51969.2 18586.1 2333.46 16252.6 6622.1 9630.48 1141.43 698.191 9105.2 525.28 5480.67 676.296 372.29 8735.02
internal_count=236548 83680 10730 72950 30244 42706 5330 3300 40322 2384 24914 3005 1695 38692
is_linear=0
shrinkage=0.03


Tree=206
num_leaves=15
num_cat=0
split_feature=24 45 0 17 36 40 37 1 15 0 8 19 40 20
split_gain=23.8474 38.1691 31.2598 53.152 28.6302 50.8555 56.3107 40.2859 44.4938 39.0166 34.3018 33.6562 54.6448 32.6101
threshold=-0.01296653666052172 0.42384743523165019 0.0052396320154449467 0.054898272784257275 -0.29462575012190995 -1.6300809730482866 -1.615803495231223 0.014650843132336095 0.27480254842269197 0.0079510333977120314 -1.5420378328674134 -6.3865716343036825 -1.035354013581717 -0.68400956162389304
decision_type=10 8 8 2 10 10 10 10 10 10 10 2 10 10
left_child=2 -2 3 -1 -3 6 -6 10 9 -9 -7 12 -12 -10
right_child=1 4 -4 -5 5 7 -8 8 13 -11 11 -13 -14 -15
leaf_value=-0.0075578343793055907 0.010457054347583318 0.0014991852955400394 -0.00052016643101869726 0.0022365259815090824 0.0088490425506946666 -0.0090373030255834069 -0.015792751468275669 -0.014740260629627537 -0.011009988691812418 0.0052123596548659164 0.027027749107329767 0.0005247424263881633 0.0033765456550455012 -0.0023457467598816083
leaf_weight=1530.7333154156804 319.25339788198471 10927.383972674608 10723.640077322721 731.68528419733047 101.4762187153101 317.94481765478849 350.28233678638935 86.729475289583206 408.08891767263412 1032.8022090792656 98.866778463125229 18591.792224466801 477.5724876075983 6290.5361726284027
leaf_count=7263 1413 49113 49281 3322 481 1594 1929 442 1857 4671 438 83673 2186 28948
internal_value=-8.49851e-05 0.000285803 -0.00119799 -0.00439435 0.00019918 -0.00031298 -0.0101858 -0.000145961 -0.00196381 0.00354983 0.00058402 0.000748238 0.00782474 -0.00288921
internal_weight=51988.8 39002.7 12986.1 2262.42 38683.5 27756.1 451.759 27304.3 7818.16 1119.53 19486.2 19168.2 576.439 6698.63
internal_count=236611 176745 59866 10585 175332 126219 2410 123809 35918 5113 87891 86297 2624 30805
is_linear=0
shrinkage=0.03


Tree=207
num_leaves=15
num_cat=0
split_feature=32 16 36 40 35 40 14 38 1 30 40 40 39 12
split_gain=28.6618 37.8354 31.4052 37.2505 56.4226 52.0094 64.9986 55.5683 54.2949 83.6647 63.5079 54.4483 57.8159 52.5379
threshold=-0.8898488632300442 0.082186143973751902 -1.6716285530773658 0.45552310205796376 -1.303942678146367 -0.56863280159699092 0.7237806950083161 0.031355979652469099 0.019265435083251254 1.0000000180025095e-35 -0.024933345654140324 -0.24790343390848499 -0.56649517192622467 0.017809079373453541
decision_type=10 8 10 10 10 10 8 10 10 2 10 10 10 2
left_child=1 -1 -2 5 -5 6 -4 -7 9 10 13 12 -10 -9
right_child=2 -3 3 4 -6 7 -8 8 11 -11 -12 -13 -14 -15
leaf_value=-0.0045241142013724553 -0.0045305711573567099 0.0028283197040413857 2.6469426613397752e-05 0.010483388477419375 -0.0014213595069509461 -5.8994085880834228e-05 -0.0064261473884967314 -0.016051963146524101 -0.012313628610909745 0.0054027662597099634 0.0030489168994216075 -0.0052555386898863674 0.014643309751869976 0.0064444634430373326
leaf_weight=698.8842900544405 1399.0955528467894 5705.5543715059757 7594.7529143095016 356.89321945607662 15471.021087571979 9487.0193809121847 1713.8887221068144 401.5598326921463 87.313012897968292 6906.7572207152843 632.05331143736839 1140.6132060289383 273.66374307870865 114.84123992919922
leaf_count=3223 6628 25561 35238 1551 69887 43513 7931 1833 391 30928 2901 5246 1242 523
internal_value=0.000142582 0.00202018 -0.000121628 1.89869e-05 -0.00114648 0.000669788 -0.00116719 0.00156785 0.00318119 0.00415679 -0.00331842 -0.00204526 0.00796681 -0.0110217
internal_weight=51983.9 6404.44 45579.5 44180.4 15827.9 28352.5 9308.64 19043.8 9556.8 8055.21 1148.45 1501.59 360.977 516.401
internal_count=236596 28784 207812 201184 71438 129746 43169 86577 43064 36185 5257 6879 1633 2356
is_linear=0
shrinkage=0.03


Tree=208
num_leaves=15
num_cat=1
split_feature=34 39 11 1 11 12 39 1 45 11 20 11 40 46
split_gain=22.4406 29.1888 41.6053 30.0228 26.9114 101.003 27.882 65.8408 58.516 52.1533 46.1871 58.1937 56.0305 51.424
threshold=1.737872041545214 2.1324168955337464 2.0889122416477606 0.019850056862785976 2.8135121707842776 0.018250071081658305 1.0767330620930282 0.007724216775439845 0.80853275299251892 1.1135632705179543 -0.02465669003124207 -0.21492221539640008 1.3745917832793058 0
decision_type=8 10 8 10 10 2 10 10 8 10 10 8 10 1
left_child=1 4 3 -3 6 -6 -1 8 -8 -10 13 12 -12 -9
right_child=-2 2 -4 -5 5 -7 7 10 9 -11 11 -13 -14 -15
leaf_value=-0.00042684046352156499 0.0028009073388116259 -0.0055827062395098258 -0.023670238220490535 0.0082526171814605257 -0.0063090429451412525 0.024068060400765371 0.0025063833354415804 -0.007427495798010492 0.018927819168651817 -0.0052312325992187802 -0.001235322153250119 0.00050612352689280665 -0.018596518441777392 0.013468455810120744
leaf_weight=41053.178875684738 2388.2680676430464 787.8955565392971 88.843435943126678 162.2648311406374 206.60971587896347 172.85154609382153 901.53337003290653 129.77946488559246 460.64250962436199 92.459140166640282 380.83057752251625 4422.0015219897032 290.56038822233677 403.46977056562901
leaf_count=188444 10255 3739 433 770 948 762 3835 563 1977 409 1714 19495 1307 1751
internal_value=-3.32887e-05 -0.000170424 -0.00512146 -0.00315862 -6.33561e-05 0.00779097 -0.00012688 0.00161027 0.00727615 0.0148681 0.00013518 -0.000750293 -0.00891145 0.008451
internal_weight=51941.2 49552.9 1039 950.16 48513.9 379.461 48134.5 7081.28 1454.64 553.102 5626.64 5093.39 671.391 533.249
internal_count=236402 226147 4942 4509 221205 1710 219495 31051 6221 2386 24830 22516 3021 2314
cat_boundaries=0 1
cat_threshold=13
is_linear=0
shrinkage=0.03


Tree=209
num_leaves=15
num_cat=0
split_feature=2 43 1 20 35 40 30 2 41 40 1 37 20 1
split_gain=24.0242 61.9091 25.707 24.1349 45.7233 53.158 40.5127 54.6555 48.9918 46.8833 47.2105 53.8691 36.8682 39.338
threshold=0.36034622516300313 0.95000000000000007 0.0059077594814355662 0.73495337656021886 -0.60493196807214211 0.94152741522413541 2.5000000000000004 0.95705735837089323 0.8500000000000002 0.76471202846467523 0.0086057438917762005 0.94859754760922443 1.932990558185637 0.014390918741863538
decision_type=8 10 10 8 8 10 2 8 2 8 8 10 10 10
left_child=1 2 -1 -2 5 -5 7 8 -6 10 11 -8 -11 -14
right_child=3 -3 -4 4 6 -7 9 -9 -10 12 -12 -13 13 -15
leaf_value=0.0047225165476462317 0.00051354214086172102 0.015215447609285336 -0.0086544855207749075 -0.0015438289847618041 -0.0032975957290033806 0.011713055760542426 0.0012037265201603412 -0.0013120996828004672 -0.014659083412587291 -0.0037246464538810142 0.00089245982367049624 0.021951695530093802 0.013585488262250017 -0.0087718534351702883
leaf_weight=145.31272146105766 41163.161913439631 121.55895054340363 859.37348572164774 579.74128995835781 688.91335842013359 499.83356353640556 222.37069667875767 2081.2497569769621 682.45872184634209 2720.4554249197245 1699.2519470006227 220.78274530172348 224.09303556382656 93.489569559693336
leaf_count=681 187736 563 4284 2538 3157 2127 971 9487 3314 11981 7545 939 964 422
internal_value=9.98011e-05 -0.00421457 -0.00669223 0.000196118 -0.0011483 0.00464516 -0.00187732 -0.00438958 -0.00901679 -0.000197726 0.00319235 0.0117969 -0.00259101 0.0069371
internal_weight=52002 1126.25 1004.69 50875.8 9712.64 1079.57 8633.07 3452.62 1371.37 5180.44 2142.41 443.153 3038.04 317.583
internal_count=236709 5528 4965 231181 43445 4665 38780 15958 6471 22822 9455 1910 13367 1386
is_linear=0
shrinkage=0.03


Tree=210
num_leaves=15
num_cat=1
split_feature=31 38 33 39 39 40 19 46 38 33 2 39 19 12
split_gain=20.8671 37.5766 33.372 22.3161 47.6211 66.1914 94.1989 57.6416 56.0328 48.4698 53.9025 47.1894 45.8534 59.4698
threshold=2.8312508026343428 0.46696459738278689 1.8609956253792683 -1.1924373062288918 -0.50697222414922305 -0.19855484225155315 1.6395720616436502 0 -0.82475024927459251 1.3558549245020795 1.1495461367593951 0.49091821828734344 0.14777743805327198 0.0062589244738169318
decision_type=10 10 10 8 8 8 2 1 10 10 10 10 2 2
left_child=3 -2 -3 -1 8 6 7 -6 -5 10 -10 -8 -7 -14
right_child=1 2 -4 4 5 12 11 -9 9 -11 -12 -13 13 -15
leaf_value=0.0018714728110987195 -0.0042095110494426644 0.026653535593391696 0.0045266235583401601 -0.0063040365658497896 0.00070231263914665029 -0.0020021275924700151 -0.0055340975361519145 0.0072283192617346552 -0.0015781446756775353 -0.01176698084915982 0.0054465995245388714 0.0055607431810715206 0.010511573917822387 0.00017732606075640929
leaf_weight=4871.6409640312195 170.33666980266571 96.776170700788498 156.31302194297314 2253.2999162822962 1931.0434647351503 10531.352479279041 1451.9914547204971 3342.4167357683182 5216.9452279806137 337.13853599131107 1200.8335227221251 442.77966877818108 504.43087665736675 19452.655726760626
leaf_count=22348 739 410 655 10988 8904 48808 6527 15101 24157 1501 5422 1898 2170 86882
internal_value=-3.38054e-06 0.00655168 0.013679 -5.84978e-05 -0.000260337 0.000208551 0.00280039 0.00485948 -0.00221847 -0.000848306 -0.000257313 -0.00292582 -0.000401542 0.000443666
internal_weight=51960 423.426 253.089 51536.5 46664.9 37656.7 7168.23 5273.46 9008.22 6754.92 6417.78 1894.77 30488.4 19957.1
internal_count=236510 1804 1065 234706 212358 170290 32430 24005 42068 31080 29579 8425 137860 89052
cat_boundaries=0 1
cat_threshold=720
is_linear=0
shrinkage=0.03


Tree=211
num_leaves=15
num_cat=2
split_feature=44 46 12 12 1 11 19 45 45 46 10 16 10 19
split_gain=23.8034 27.4052 29.3209 45.6392 40.7954 45.1049 70.0769 41.8221 44.0377 37.2477 56.4324 34.9875 32.653 36.7167
threshold=-0.0081939217287266258 0 0.0062589244738169318 0.0088938324314321773 0.0097632353180863319 0.52070618809845692 1.5863378631730145 0.66235265481954853 0.90254982871647826 1 0.85890253023272656 0.88573297651830984 -0.043808942178862949 4.7787950821052583
decision_type=10 1 2 2 10 8 2 8 8 1 8 10 8 2
left_child=1 -1 -3 -4 11 6 -6 -7 -9 10 -10 -5 -11 -14
right_child=-2 2 3 4 5 7 -8 8 9 12 -12 -13 13 -15
leaf_value=0.00053880932842327643 0.00047034064656567369 0.0059433093616101645 -0.0079562400584047375 0.0022252245023961325 -0.0030917830616644707 0.014207202201461509 -0.01474085271843531 -0.0075197263599910873 0.015233403341741163 -0.012072044464806095 -0.0022436709259814197 -0.0068586394609197118 0.0047412004986975001 -0.0083807469117026141
leaf_weight=8003.6930860206485 31079.558707788587 427.3520513176918 1038.1224765107036 3279.5807528421283 4644.625424079597 178.60879001021385 507.97413206100464 587.51625652611256 366.03451941907406 202.65974496304989 294.0195829719305 421.89506959915161 655.92822974920273 259.72336773574352
leaf_count=36694 141102 1883 4685 14841 21567 792 2306 2625 1659 951 1345 1883 2976 1204
internal_value=-5.58211e-05 -0.000839315 -0.0016956 -0.00196402 -0.00141178 -0.00265525 -0.00426655 0.000611546 -0.000470316 0.00188761 0.00742024 0.00117415 -0.00146746 0.000968848
internal_weight=51947.3 20867.7 12864 12436.7 11398.6 7697.09 5152.6 2544.49 2365.88 1778.37 660.054 3701.48 1118.31 915.652
internal_count=236513 95411 58717 56834 52149 35425 23873 11552 10760 8135 3004 16724 5131 4180
cat_boundaries=0 1 2
cat_threshold=408 517
is_linear=0
shrinkage=0.03


Tree=212
num_leaves=15
num_cat=1
split_feature=2 37 12 16 36 16 46 37 11 37 2 30 11 10
split_gain=19.7225 22.785 62.2506 23.066 49.4923 39.5858 75.6994 45.0531 53.2993 42.555 41.1844 40.5999 82.8854 61.3704
threshold=2.2222458024288096 -2.1746834102327997 0.04056176425580172 0.26530612244897972 1.8634857398669054 0.4836015295192681 0 1.4475990421180123 2.0273698035533445 1.4156521236051713 0.78925929524463945 1.5000000000000002 -0.84926925209778503 -0.065032664640040358
decision_type=8 8 2 8 10 10 1 10 10 8 10 2 10 10
left_child=1 2 -1 4 -3 6 10 11 -9 -8 -5 -7 13 -13
right_child=-2 3 -4 5 -6 7 9 8 -10 -11 -12 12 -14 -15
leaf_value=-0.0088277132860493639 0.0081881994916173685 0.00086524538293223285 0.0098353717257186959 0.0040220825747455608 0.015828859412125088 -0.0011909996219558337 -0.0042569401902226777 -0.0017962289962954322 -0.01550128119886519 0.0057580753811716269 -0.0012480908277507825 0.035822755157890754 0.0013812779286332952 0.0032981343747259585
leaf_weight=718.96494909375906 250.86740346252918 12671.076222985983 197.44371140003204 2279.1195578947663 192.15954408049583 6441.7294865250587 6960.8332560285926 2911.1592124700546 270.43235605955124 395.5114921182394 3192.0307740718126 100.01562860608101 15268.309454888105 103.63418865203857
leaf_count=3680 1098 58277 828 10686 820 29330 32301 12858 1247 1745 14527 469 68150 473
internal_value=-3.99153e-05 -8.1415e-05 -0.00474392 3.63497e-06 0.0011009 -0.000368746 -0.00172377 0.000324286 -0.00300606 -0.00370637 0.000948909 0.000808962 0.00164187 0.0202005
internal_weight=51953.3 51702.4 916.409 50786 12863.2 37922.8 12827.5 25095.3 3181.59 7356.34 5471.15 21913.7 15472 203.65
internal_count=236489 235391 4508 230883 59097 171786 59259 112527 14105 34046 25213 98422 69092 942
cat_boundaries=0 1
cat_threshold=908
is_linear=0
shrinkage=0.03


Tree=213
num_leaves=15
num_cat=0
split_feature=33 41 39 10 2 39 38 10 0 30 12 35 29 40
split_gain=24.3485 35.3104 70.0989 37.4933 35.6806 28.9743 42.2556 32.1556 37.5044 31.5425 55.4149 40.3855 37.702 30.6124
threshold=0.45288187772342586 0.95000000000000007 -0.57872202016650387 1.2308710074652662 1.3111871533004471 1.0405445398383708 -0.6752707376904703 -0.88392414722112223 0.021622850621816132 4.5000000000000009 0.013813642541581033 0.58359382929378378 13.000000000000002 2.23283889851727
decision_type=10 2 10 8 8 10 10 8 10 2 2 10 2 10
left_child=-1 4 -3 -4 5 7 -7 8 -2 -9 12 -12 -11 -8
right_child=1 2 3 -5 -6 6 13 9 -10 10 11 -13 -14 -15
leaf_value=-0.00050047401214630815 0.0041902718718116929 -0.017098401247105936 0.00098889887390063262 -0.0065724067163793077 -0.0016082547956171582 0.023606350908935172 0.0057292887733370653 0.0019554741701603615 0.021858442608024116 0.009717780513813187 -0.0022881956017181595 -0.015480385109028943 -0.0039788350909482923 -0.0063359622743820497
leaf_weight=36253.524266138673 1257.6400304585695 235.00903359055519 2944.3324478119612 727.62361977994442 2321.7749004811049 101.16102981567383 1918.8775016069412 4432.4412292838097 109.47161442041397 367.14899145066738 476.37876349687576 367.76064863801003 339.52186034619808 201.60272072255611
leaf_count=166515 5617 1126 13105 3294 10227 423 8466 19639 463 1690 2258 1726 1553 897
internal_value=-7.2149e-05 0.000910303 -0.00156133 -0.000523207 0.00172284 0.00253166 0.0055271 0.00162001 0.00575351 0.000667523 -0.00300257 -0.0081495 0.00317351 0.00455784
internal_weight=52054.3 15800.7 3906.97 3671.96 11893.8 9572 2221.64 7350.36 1367.11 5983.25 1550.81 844.139 706.671 2120.48
internal_count=236999 70484 17525 16399 52959 42732 9786 32946 6080 26866 7227 3984 3243 9363
is_linear=0
shrinkage=0.03


Tree=214
num_leaves=15
num_cat=0
split_feature=40 38 37 5 7 40 35 40 38 30 41 1 40 40
split_gain=20.3894 28.0038 44.0585 29.2027 28.3951 22.0756 51.7972 85.6304 47.0879 68.7032 128.228 60.0773 53.8209 65.4985
threshold=2.8855249337096849 2.6300836929250067 1.9533495851223017 0.22000053458572652 1.4583712914242957 0.53186611505036818 -1.0695225656410641 0.90621062324824175 0.49823394192035891 3.5000000000000004 0.8500000000000002 0.023678855838389568 -1.0000000180025095e-35 0.44398076907361228
decision_type=8 10 10 10 10 10 10 10 10 2 2 8 10 10
left_child=1 5 3 -3 -4 8 7 -7 -1 10 12 -11 -10 -14
right_child=-2 2 4 -5 -6 6 -8 -9 9 11 -12 -13 13 -15
leaf_value=-0.00026534631803746471 -0.0088917420810200563 0.026169973469628932 -0.014126877444248441 0.0060648051241129711 0.0054725495812695986 -0.0058811066082112102 -0.0015593836416589418 0.012154726323112292 0.00026653214756866778 0.0076671373106400424 -0.0046741072652824039 -0.0096097131428413019 0.014317846388173074 -0.0076580273078681524
leaf_weight=29154.140434101224 228.04786716401577 110.99495023488998 97.522222802042961 158.29239106178284 165.21853588521481 369.44130162894726 14567.552934274077 627.2638398706913 748.49830968677998 2374.4020875692368 2218.8445007801056 187.62372486293316 796.91237822175026 137.29804787039757
leaf_count=133993 1007 472 422 662 697 1698 65839 2651 3301 10600 10179 849 3519 611
internal_value=-0.00013193 -9.15891e-05 0.0066916 0.0149921 -0.00205346 -0.000163393 -0.00110553 0.00547751 0.000248497 0.00256303 5.35697e-05 0.00636947 0.00627834 0.0110412
internal_weight=51942.1 51714 532.028 269.287 262.741 51182 15564.3 996.705 35617.7 6463.58 3901.55 2562.03 1682.71 934.21
internal_count=236500 235493 2253 1134 1119 233240 70188 4349 163052 29059 17610 11449 7431 4130
is_linear=0
shrinkage=0.03


Tree=215
num_leaves=15
num_cat=0
split_feature=14 14 8 7 40 36 40 39 30 15 11 34 40 40
split_gain=20.4603 24.4344 49.2934 40.8165 48.5281 46.9225 45.4493 40.815 40.1259 58.58 37.7008 36.9671 38.8797 34.2333
threshold=0.035386631716906543 0.21518987341772131 -1.5420378328674134 -0.32397611349033667 -1.6823852431989177 0.9180852891267397 -0.27676452178706351 0.4697387083622056 1.0000000180025095e-35 0.40678079686687191 -1.1255240239791038 -1.6473694341994294 -0.70711651716964619 0.72466150937322482
decision_type=10 10 8 10 8 10 8 8 2 10 8 10 8 10
left_child=-1 -2 -3 5 -5 6 8 -8 9 -4 -9 12 -6 -13
right_child=1 2 3 4 11 -7 7 10 -10 -11 -12 13 -14 -15
leaf_value=0.0051052911492797236 -0.0016151536564952189 -0.0069281599566522979 0.016601925103945831 -0.011312822984188366 -0.0077994056783253878 -0.0055286780523482104 -0.0016814476482256767 -0.010542992519332712 0.0038053676593142178 -0.0084264808334905145 0.0050405143195372025 0.0004888612836129949 0.012968254889350642 -0.0016153698989184889
leaf_weight=676.2871707379818 8143.873976290226 851.54121722280979 479.31292207539082 338.16397911310196 97.251998946070671 665.90891928970814 2709.0447891652584 141.43807572126389 3202.2359303385019 95.178581982851028 1906.9870284050703 22100.194443568587 351.88382467627525 10143.995641499758
leaf_count=3120 38100 4115 2139 1789 432 2949 12487 656 14665 429 8472 100045 1537 45433
internal_value=-4.03105e-05 -0.000109225 0.000175745 0.000320592 -0.00017178 0.00208664 0.00268662 0.000732896 0.00513926 0.0123821 0.00391852 -5.31182e-05 0.00839947 -0.000173424
internal_weight=51903.3 51227 43083.1 42231.6 33031.5 9200.11 8534.2 4757.47 3776.73 574.492 2048.43 32693.3 449.136 32244.2
internal_count=236368 233248 195148 191033 149236 41797 38848 21615 17233 2568 9128 147447 1969 145478
is_linear=0
shrinkage=0.03


Tree=216
num_leaves=15
num_cat=0
split_feature=24 11 16 0 45 1 45 40 34 40 15 37 35 1
split_gain=25.6163 34.2586 38.0382 33.6536 33.6162 30.1509 31.1979 29.4824 27.4595 41.6302 39.4256 33.4144 37.9617 40.5454
threshold=-0.01296653666052172 1.2478230150685794 0.13454211528526425 0.003790235927802844 0.42384743523165019 0.0098049071736063861 0.77404030145805491 0.23097811405440544 -0.61863855758084374 -1.745031036448901 0.11135229827758721 -1.5285419233601589 -1.0695225656410641 0.014650843132336095
decision_type=10 10 8 10 8 10 10 10 10 10 10 10 10 10
left_child=1 2 3 -1 -2 7 -7 -3 -6 10 -10 -11 -13 -14
right_child=4 5 -4 -5 8 6 -8 -9 9 11 -12 12 13 -15
leaf_value=-0.022228504429854606 0.0099553228393980744 -0.00055341773928484282 8.1003086700706398e-05 -0.0037761505771959306 0.0020565421308892167 0.013942944422662931 -0.0039036893995580166 -0.015461699127805317 0.005931340720960597 -0.005927157981606747 -0.012794328574701265 0.0061401205972576355 0.00073401324556975241 -0.0016918858121096087
leaf_weight=85.236263528466225 315.32203769683838 172.78356066346169 9819.0704075619578 1519.0984879210591 6449.8802439123392 87.948494806885719 886.67960874736309 381.89482739567757 127.00282832980156 808.74021951109171 407.08489352464676 932.92036239802837 21259.447872951627 8742.2025522589684
leaf_count=430 1388 784 45206 7163 29043 392 4055 1737 599 3969 2150 4146 95663 40021
internal_value=-3.17064e-05 -0.00118726 -0.00062054 -0.00488812 0.000351863 -0.00538891 -0.00216799 -0.0109098 0.000271121 -8.61804e-05 -0.0083143 5.48343e-05 0.00021309 2.68006e-05
internal_weight=51995.3 12952.7 11423.4 1604.33 39042.6 1529.31 974.628 554.678 38727.3 32277.4 534.088 31743.3 30934.6 30001.7
internal_count=236746 59767 52799 7593 176979 6968 4447 2521 175591 146548 2749 143799 139830 135684
is_linear=0
shrinkage=0.03


Tree=217
num_leaves=15
num_cat=0
split_feature=31 33 35 37 39 0 31 7 35 20 12 31 37 17
split_gain=23.5726 35.0078 37.3606 36.0291 33.8549 48.6342 31.6643 30.9832 25.8937 25.2581 35.5022 30.5823 28.4475 25.6714
threshold=-0.66563570630578661 -0.84747905638686671 -0.65843726168272998 -0.095403728483113667 -1.8876272350736987 0.010996838162313515 -0.99488984093795774 -1.1760700611507693 0.99607738799727918 0.88918566563204149 0.0062589244738169318 0.81417461880231523 -1.3748153449308773 2.7400860427174862
decision_type=8 10 10 10 8 10 10 10 10 8 2 8 8 2
left_child=1 3 6 -1 5 -2 -3 -7 -4 11 -11 -6 -13 -12
right_child=4 2 8 -5 9 7 -8 -9 -10 10 13 12 -14 -15
leaf_value=-0.0025486185453919893 0.018985327118673692 0.0031313674345445084 0.00071187466786696045 0.0038790704550645482 -0.00050087979583161 0.007582382945418774 0.012739745745964103 -0.012053773575177121 0.0073796590835191519 0.015267663120764536 -0.0032236226766203355 -0.0052941851122961497 0.0022397177785881384 0.002533725924176328
leaf_weight=2930.7297869771719 189.0675101429224 714.7342778891325 4139.1055926010013 1060.8881813585758 28480.539307832718 168.26679927110672 545.6114945858717 111.69612567126751 590.68155686557293 93.64643619954586 5190.9864346235991 475.39867635071278 6473.9663393050432 797.3140474408865
leaf_count=13507 823 3197 18723 4679 130934 741 2471 534 2596 393 23443 2280 28815 3489
internal_value=3.0818e-05 0.00134045 0.00278898 -0.000834849 -0.000280818 0.0076491 0.00735844 -0.000397328 0.0015584 -0.000372236 -0.00215663 -6.54029e-05 0.00171746 -0.00245411
internal_weight=51962.6 9981.75 5990.13 3991.62 41980.9 469.03 1260.35 279.963 4729.79 41511.9 6081.95 35429.9 6949.37 5988.3
internal_count=236625 45173 26987 18186 191452 2098 5668 1275 21319 189354 27325 162029 31095 26932
is_linear=0
shrinkage=0.03


Tree=218
num_leaves=15
num_cat=0
split_feature=44 24 39 16 11 20 23 11 38 1 10 9 16 39
split_gain=24.6452 39.3541 37.6617 33.4341 40.7655 36.4656 35.5891 38.2709 26.733 28.1999 32.8761 28.2422 36.6181 26.3864
threshold=0.01966217613558241 0.013204532119407699 1.1672008633511177 0.90448780506452986 2.2461601617586591 0.90502002430798567 0.037994499744769046 -1.2899203719992964 -0.33909666259347754 0.010373511655423922 1.5644869104044383 0.58053204041549133 0.68825019492872574 -1.151659529301102
decision_type=8 10 10 10 10 10 10 10 10 10 10 10 10 10
left_child=1 3 -3 6 5 -5 13 -8 -4 10 -10 -11 -13 -1
right_child=-2 2 8 4 -6 -7 7 -9 9 11 -12 12 -14 -15
leaf_value=0.0020050896745387021 0.0012139542491083819 0.00046157912947127484 0.019935565106284796 0.0024788915096527089 -0.017791684549105943 -0.0077460902318347829 0.0075260543447635509 -0.014411574002499825 0.010283521394810617 0.011881216092192979 -0.0075673486906844287 -0.01762535540193215 0.0012563863594158809 -0.0009105428638441868
leaf_weight=3116.6287196204066 10530.267859652638 8824.0696864426136 100.19890207052231 548.06703789532185 194.94929768145084 712.96545526385307 85.493962302803993 307.78682565689087 703.11346516013145 113.49649052321911 99.390707969665527 121.34245081245899 308.10107706487179 26251.241189159453
leaf_count=14335 47269 40150 428 2447 925 3208 389 1417 3021 494 443 548 1389 120445
internal_value=-8.14898e-05 -0.000410515 0.00119965 -0.000940435 -0.00536375 -0.00331759 -0.000722308 -0.00957426 0.00567061 0.00446902 0.00800675 -0.000810234 -0.00435847 -0.000600548
internal_weight=52017.1 41486.8 10269.7 31217.1 1455.98 1261.03 29761.2 393.281 1445.64 1345.44 802.504 542.94 429.444 29367.9
internal_count=236908 189639 46473 143166 6580 5655 136586 1806 6323 5895 3464 2431 1937 134780
is_linear=0
shrinkage=0.03


Tree=219
num_leaves=15
num_cat=1
split_feature=38 32 32 39 40 36 37 39 19 12 11 46 15 43
split_gain=24.418 23.6858 23.4444 22.8711 22.575 44.2664 40.3893 37.2231 32.057 36.2266 49.5099 67.5727 57.743 45.9573
threshold=-2.9320192544958776 -0.8898488632300442 -0.79813382356053075 -2.3116034332004776 -1.7980471760198522 -1.0251783606869045 -1.7324497193990476 -1.8876272350736987 -5.4597118634474802 0.010296243038843265 -1.1781096191613798 0 0.34905660377358477 0.68333333333333346
decision_type=8 10 10 10 10 10 10 10 2 2 10 1 10 10
left_child=2 -2 -1 -3 5 -5 -7 -6 9 -9 -11 -12 13 -13
right_child=1 3 -4 4 7 6 -8 8 -10 10 11 12 -14 -15
leaf_value=-0.0012520888171206074 0.0016958796135311185 0.013881653841571804 -0.021755544029031439 0.0048398622011246034 0.012439120916160801 0.0067377746896432975 -0.015688577436639747 -0.0055143196134731075 -0.00054402248753555957 0.0062512534390579506 -0.0073965041694173447 -0.0010759017277964964 0.022638618772152695 0.020501186652051945
leaf_weight=114.67508837580681 6238.5984841287136 92.496909156441689 81.108153492212296 226.7703667730093 197.95550920069218 84.319256290793419 350.31638321280479 476.67838493734598 40275.686521247029 2090.7957271486521 730.22363287955523 712.67457264661789 127.83612696826458 91.363251820206642
leaf_count=549 28018 408 417 1066 830 398 1905 2267 183313 9445 3421 3293 585 416
internal_value=-7.70427e-05 -3.59809e-05 -0.0103906 -0.000273985 -0.0003059 -0.00576613 -0.0112842 -0.000223842 -0.000282948 0.00219853 0.00319024 -0.000674645 0.00464448 0.00159764
internal_weight=51891.5 51695.7 195.783 45457.1 45364.6 661.406 434.636 44703.2 44505.3 4229.57 3752.89 1662.1 931.874 804.038
internal_count=236331 235365 966 207347 206939 3369 2303 203570 202740 19427 17160 7715 4294 3709
cat_boundaries=0 1
cat_threshold=673
is_linear=0
shrinkage=0.03


Tree=220
num_leaves=15
num_cat=1
split_feature=39 40 40 35 39 46 1 40 1 1 36 0 1 13
split_gain=22.7505 59.7544 55.5966 46.3124 56.7321 42.7694 85.632 37.7311 43.1469 37.6001 42.8269 38.5985 35.3906 69.1756
threshold=-1.0357267802456829 -1.4006831705472742 -0.33772784196784383 1.1308423533500203 -1.3764709502659043 0 0.015721027171989182 0.10846716023443519 0.011069647519692387 0.01964875227090029 -0.039069483427260111 0.027244460075021546 0.0056753136967946172 39.148098470165955
decision_type=10 10 10 10 10 1 8 10 10 10 10 8 8 10
left_child=2 -2 3 5 -5 12 -7 8 -4 11 -11 -8 13 -1
right_child=1 -3 7 4 -6 6 9 -9 -10 10 -12 -13 -14 -15
leaf_value=-0.0083354726151363117 -0.011580311304621598 -8.8417495612345832e-05 0.0062452910052991197 0.0069241522964010298 -0.020568318032213494 0.00041757130781398897 0.020615616876766656 -0.001383859046348915 0.031560537469157726 0.010329994027416651 -0.0052077604586837061 -0.0005152323407538956 -0.0031522119205050244 0.025718210116661817
leaf_weight=94.466726079583168 400.93531182408333 45065.653585135937 124.86611495912075 99.532295301556587 176.71647268533707 2642.6752110421658 385.14556124806404 111.58461365103722 120.2266326546669 512.64959409832954 222.56122866272926 96.275514751672745 1888.9132859110832 103.90045544505119
leaf_count=450 1903 204839 563 462 813 12420 1719 509 522 2199 1024 418 8748 456
internal_value=4.64399e-05 -0.00019228 0.00169386 0.00102324 -0.0107669 0.00158811 0.00345086 0.013047 0.0194137 0.0100105 0.00561968 0.0164653 -0.00186365 0.00987937
internal_weight=52046.1 45466.6 6579.51 6222.84 276.249 5946.59 3859.31 356.677 245.093 1216.63 735.211 481.421 2087.28 198.367
internal_count=237045 206742 30303 28709 1275 27434 17780 1594 1085 5360 3223 2137 9654 906
cat_boundaries=0 1
cat_threshold=35
is_linear=0
shrinkage=0.03


Tree=221
num_leaves=15
num_cat=0
split_feature=36 1 40 35 30 15 40 40 35 1 0 38 35 10
split_gain=22.5837 49.3393 58.6392 46.6816 41.9685 51.3901 47.5388 110.715 50.4319 40.9305 40.6755 39.7544 54.0114 42.9352
threshold=-0.2038565316918983 0.014650843132336095 -1.6300809730482866 0.023810491742461356 3.5000000000000004 0.41069506372761061 1.0903140207632169 0.11661253216780777 -0.61708204400392852 0.015609417072637804 0.0058999388862033394 -0.43420302741638689 -0.097560699251999006 -1.8099195294700907
decision_type=8 8 8 10 2 10 10 10 10 10 8 8 10 8
left_child=4 2 3 -2 6 9 7 10 -8 -6 -1 12 -4 -13
right_child=1 -3 11 -5 5 -7 8 -9 -10 -11 -12 13 -14 -15
leaf_value=-0.0043868632875025326 0.0032006446126218125 -0.0023256176088836625 -0.0095410303569121117 -0.021690527406076424 -0.0016293002632751896 0.005216335748192814 0.01192498723994739 -0.0058209991608816833 -0.00075427184209404558 0.0054052457773392463 0.0018894448074902466 -0.011054655883937489 -0.0004980060749875259 0.0011122137316421248
leaf_weight=1071.2061470597982 100.94207233935595 9082.0275614187121 761.72627261281013 183.12643004953861 2837.400287643075 3549.1803038567305 554.96448273956776 2944.4583871811628 562.12899239361286 997.9453266710043 6618.7696935981512 254.60096131265163 2592.7698595970869 19698.616627708077
leaf_count=4900 541 41971 3663 1040 13493 15680 2354 13469 2523 4444 30088 1169 12132 88545
internal_value=3.12911e-05 -0.000448009 0.000275485 -0.0130375 0.000849478 0.00262015 -0.000264477 -0.000884623 0.00559461 0.000210364 0.0010106 0.000443262 -0.00257372 0.000951506
internal_weight=51809.9 32673.8 23591.8 284.069 19136.1 7384.53 11751.5 10634.4 1117.09 3835.35 7689.98 23307.7 3354.5 19953.2
internal_count=236012 149061 107090 1581 86951 33617 53334 48457 4877 17937 34988 105509 15795 89714
is_linear=0
shrinkage=0.03


Tree=222
num_leaves=15
num_cat=0
split_feature=32 36 38 39 36 12 35 40 38 33 40 39 41 35
split_gain=22.3145 20.2201 48.863 36.7611 24.8057 43.6449 46.5462 40.0609 35.8647 40.6969 34.4078 51.5681 36.7507 39.4167
threshold=2.7662880644773415 -2.4533527491768634 -1.8869247473184332 -1.0357267802456829 -0.27787662703641075 0.02167013498267235 -2.0890591837551153 -1.1340373719948871 1.1913822755029051 -0.69878519183412557 -1.6300809730482866 -1.800661752700941 1.0000000180025095e-35 0.047289021942659298
decision_type=10 8 10 10 10 2 10 10 10 10 10 10 2 10
left_child=1 2 3 -1 5 6 -3 -8 -9 -10 12 -12 13 -6
right_child=-2 4 -4 -5 10 -7 7 8 9 -11 11 -13 -14 -15
leaf_value=-0.0032688378794202611 0.0056411536631444173 -0.009879613073377513 -0.013164457459188946 0.016154845406567371 0.012523653061993857 0.0031681966931484326 0.0056946847206862461 -0.00070541800317799343 0.022754156551999104 0.0019524883469104548 0.019129825095617468 -0.00028328847845469592 -0.016013565903435271 -0.010324379232019348
leaf_weight=318.10965417325497 643.18045255541801 406.93347437679768 334.74727104604244 109.86846733093262 114.48420460522175 5847.762051358819 1112.5926061421633 8801.741761520505 114.2280465066433 272.46001100540161 113.60769027471542 33306.22247390449 248.30919732153416 139.648582264781
leaf_count=1525 2762 1992 1623 543 561 25885 5123 40070 488 1197 471 151900 1453 720
internal_value=0.000131204 6.09547e-05 -0.00475524 0.00197252 0.000134655 0.00108625 -5.26301e-05 0.000344782 -0.000308504 0.00851602 -0.000329951 -0.000211593 -0.00804478 5.28835e-05
internal_weight=51883.9 51240.7 762.725 427.978 50478 16555.7 10708 10301 9188.43 386.688 33922.3 33419.8 502.442 254.133
internal_count=236313 233551 3691 2068 229860 74755 48870 46878 41755 1685 155105 152371 2734 1281
is_linear=0
shrinkage=0.03


Tree=223
num_leaves=15
num_cat=1
split_feature=38 37 37 33 40 35 39 40 39 39 11 40 39 46
split_gain=21.9341 59.6707 34.5901 31.9492 25.7293 48.8034 28.4133 25.8162 31.2329 38.7528 94.1273 45.9972 51.7097 56.5075
threshold=2.6300836929250067 1.9533495851223017 3.0474841863435493 0.15888565399779225 2.4337304276749538 -0.18073166155405496 1.9192819219047623 1.6264041444603283 1.9611555039440209 1.1672008633511177 1.483218987472857 0.54374216055077251 0.56764800424328044 0
decision_type=8 8 8 10 10 10 10 10 10 10 10 10 10 1
left_child=4 3 -3 -2 7 -6 -7 8 9 11 -11 12 -1 -14
right_child=1 2 -4 -5 5 6 -8 -9 -10 10 -12 -13 13 -15
leaf_value=-0.00032456210344644566 0.027641743164071426 -0.0088275542133835466 0.0098173833319964918 0.0071994373219064012 0.0076626323002679346 -0.018809256148510461 -0.0030110604249244366 0.002748921432571019 -0.0063088472646764234 0.0049175793274105813 -0.0060291505803180849 -0.002442336313338745 0.0086507099134666386 0.00045353248246047086
leaf_weight=31501.416077129543 104.53649604320526 259.40851770341396 124.59304338693619 198.75882534682751 152.72217954695225 222.66911599040031 191.10268478095531 2690.5779935568571 747.57578147947788 3298.0475087314844 889.99124193191528 8297.5503805428743 1232.6123239248991 1931.3787848502398
leaf_count=145033 443 1120 526 830 681 1001 913 11768 3493 14345 4058 38006 5460 8495
internal_value=-0.000104787 0.0051801 -0.00268239 0.0149027 -0.00017679 -0.00647879 -0.011756 -0.000104954 -0.000265804 -0.000168674 0.00258249 -0.000437397 4.30734e-05 0.00369283
internal_weight=51842.9 687.297 384.002 303.295 51155.6 566.494 413.772 50589.2 47898.6 47151 4188.04 42963 34665.4 3163.99
internal_count=236172 2919 1646 1273 233253 2595 1914 230658 218890 215397 18403 196994 158988 13955
cat_boundaries=0 1
cat_threshold=432
is_linear=0
shrinkage=0.03


Tree=224
num_leaves=15
num_cat=1
split_feature=23 43 2 2 7 20 20 30 2 45 41 46 40 40
split_gain=21.3997 20.5755 37.2427 35.2031 33.0023 25.528 36.8573 40.6366 51.9973 51.4394 48.4652 43.448 41.3189 34.25
threshold=0.11521820429976444 0.95000000000000007 0.34682682304505957 0.36034622516300313 0.049854448515456749 1.8315396132392847 0.72260559789066392 2.5000000000000004 0.95705735837089323 0.91588384925486122 0.55000000000000016 0 2.6697597452823971 1.4741246670191961
decision_type=10 10 10 8 10 10 10 2 10 10 2 1 10 8
left_child=1 3 -3 4 -1 6 13 8 9 10 -8 -10 -9 -5
right_child=-2 2 -4 5 -6 -7 7 12 11 -11 -12 -13 -14 -15
leaf_value=-0.010598724024086117 -0.0093816943967127003 0.018742150248739105 0.0014051075221145303 9.0267678297665494e-05 0.00037578842271698783 0.0072446993340255566 0.012201454903651602 0.00034397930289219533 0.0044070054591912235 -0.015875625360426207 -0.0083051807817454762 -0.0053495998951330458 -0.017732148640866783 0.0040442449720714951
leaf_weight=541.12977645546198 204.78833582997322 103.68361423909664 6120.5570951253176 35089.295443318784 445.13196778297424 424.73655438423157 132.25595393776894 3980.370382681489 658.34404322504997 589.46567709743977 375.5131281465292 1026.194041416049 107.15225295722485 2079.0941778719425
leaf_count=2725 924 480 27411 160832 2171 1876 589 17496 2960 2856 1773 4725 481 9061
internal_value=6.80546e-05 0.000107313 0.00172351 -0.000114356 -0.00569152 1.06076e-05 -6.07929e-05 -0.00207796 -0.00486794 -0.00991923 -0.00283143 -0.00153862 -0.000171996 0.00031247
internal_weight=51877.7 51672.9 6224.24 45448.7 986.262 44462.4 44037.7 6869.3 2781.77 1097.23 507.769 1684.54 4087.52 37168.4
internal_count=236360 235436 27891 207545 4896 202649 200773 30880 12903 5218 2362 7685 17977 169893
cat_boundaries=0 1
cat_threshold=35
is_linear=0
shrinkage=0.03


Tree=225
num_leaves=15
num_cat=0
split_feature=31 11 19 32 33 37 34 31 35 37 37 36 34 34
split_gain=19.6461 26.2379 26.0315 24.3713 28.3451 52.1744 33.987 31.6307 33.091 29.1515 45.3552 47.3569 35.8259 33.0042
threshold=0.81417461880231523 2.1629152527826032 7.4684236787910816 -0.23122928383434913 -0.50210619652654276 0.93181645849096506 0.47370354575243201 0.22858887382573442 0.21602660703098855 -0.0085795445541878342 -0.65310115007665015 0.52917539231988353 0.69960061301398058 0.57340891085144896
decision_type=8 8 2 10 10 10 10 10 10 10 10 10 10 10
left_child=2 -2 3 -1 5 -5 7 8 -6 10 11 13 -12 -8
right_child=1 -3 -4 4 6 -7 9 -9 -10 -11 12 -13 -14 -15
leaf_value=0.00047477621813320046 0.0016739843779984055 -0.0064263717003552046 0.0043213543233300133 0.00018690312878306292 -0.0053065959057063744 0.011843405021698514 -0.01018200823945224 -0.00072200433885142136 -0.0012162822443831495 -0.0012109257638942157 0.012155761320239346 -0.013166252461751996 0.0026018848028147223 0.0062388058024810383
leaf_weight=17682.493200279772 8162.7788059264421 366.75168150663376 1080.1426624804735 4158.266566067934 4391.851933285594 366.95220728218555 137.49241280555725 6032.0472048893571 3001.159252114594 4187.6876311153173 534.29577430337667 256.86242011189461 1028.0666642636061 427.82241360843182
leaf_count=80416 36489 1651 4789 19101 20623 1647 652 27891 13856 18865 2416 1180 4556 1947
internal_value=3.49149e-06 0.00131857 -0.000255895 -0.000374035 -0.000986034 0.00115616 -0.00147113 -0.00233595 -0.00365004 0.0002963 0.00293727 -0.00274444 0.00592564 0.00213747
internal_weight=51814.7 8529.53 43285.1 42205 24522.5 4525.22 19997.3 13425.1 7393.01 6572.23 2384.54 822.177 1562.36 565.315
internal_count=236079 38140 197939 193150 112734 20748 91986 62370 34479 29616 10751 3779 6972 2599
is_linear=0
shrinkage=0.03


Tree=226
num_leaves=15
num_cat=1
split_feature=20 46 39 40 19 1 39 35 30 12 30 40 39 38
split_gain=25.7187 33.0586 45.2906 38.277 28.6657 25.7557 28.8948 23.3219 52.0798 53.0191 47.4117 45.2407 61.9848 43.3751
threshold=1.1683926617689442 0 1.5794817583170404 -0.29829828792989005 5.457989348508745 0.0068201943297329232 0.95219857194658142 0.20168715335899035 4.5000000000000009 0.013889349246420131 1.5000000000000002 1.5956037031214281 1.0936492677068308 0.36027672777672703
decision_type=10 1 10 8 2 10 10 8 2 2 2 10 10 10
left_child=7 -2 3 -3 -4 6 -5 -1 10 -10 13 -12 -13 -9
right_child=1 2 4 5 -6 -7 -8 8 9 -11 11 12 -14 -15
leaf_value=-0.00027240055278711958 -0.0062420183926423997 -0.014977212090905467 -0.013142021815591648 0.0015915543774796131 -0.0023423629046227146 0.0018795491391477937 0.022467059009755926 0.0025671472986699469 0.0019288294932181403 -0.004074133714352837 0.0027381261108911721 0.023661941813358723 0.0047359469364732874 -0.0026769741270000675
leaf_weight=27899.321106284857 1229.8573130965233 100.24062702059746 294.14283128082752 117.98292475938797 833.53738978505135 1674.1969890594482 114.2470868229866 2762.5292025357485 2348.7022111415863 3012.0725923851132 7935.5598296076059 214.79821446537971 530.23268455266953 2898.7815654426813
leaf_count=128268 5532 446 1334 515 3777 7400 480 12464 10804 14135 35080 888 2260 13349
internal_value=8.33864e-05 -0.00211809 -0.000463909 0.00223616 -0.00525009 0.00321467 0.0123649 0.000285623 0.00107553 -0.00144538 0.00201816 0.00340985 0.0104336 -0.000118005
internal_weight=51966.2 4364.21 3134.35 2006.67 1127.68 1906.43 232.23 47602 19702.7 5360.77 14341.9 8680.59 745.031 5661.31
internal_count=236732 19484 13952 8841 5111 8395 995 217248 88980 24939 64041 38228 3148 25813
cat_boundaries=0 1
cat_threshold=772
is_linear=0
shrinkage=0.03


Tree=227
num_leaves=15
num_cat=0
split_feature=43 20 20 45 12 40 43 16 0 2 7 11 40 19
split_gain=22.6216 32.6107 39.0066 33.9646 38.798 60.3366 39.2131 39.2948 40.6068 36.1412 34.3853 49.3915 33.6635 69.4355
threshold=0.95000000000000007 1.8315396132392847 1.1683926617689442 1.1958183029678666 0.02701025643148347 1.0700845643146468 0.13392857142857145 0.73266212561775956 0.01553322431013235 1.8876873522962103 0.24605146254112889 -1.1431674491659831 0.41208371036096603 0.099291242534834609
decision_type=10 10 8 8 2 10 10 10 10 8 10 8 10 2
left_child=1 2 3 4 6 10 7 8 -1 -5 -6 -12 -8 -14
right_child=-2 -3 -4 9 5 -7 12 -9 -10 -11 11 -13 13 -15
leaf_value=-0.0010754858678229558 0.0015905961864019285 0.007714762397983398 -0.0040501111180320983 -0.0022016009807924379 0.0033140707541216481 0.013060751704483451 0.00087678054483286347 -0.013528225381683787 -0.017133385676998104 0.012175498159494747 0.014879688006711829 -0.005305543868064767 -0.0055257341798311717 0.00026927524330706685
leaf_weight=1838.8711773902178 6221.8692980259657 438.41226789355278 2500.4125705808401 8137.0398179069161 2895.5530684888363 455.18702152371407 18549.062495030463 319.48010340332985 143.74093866348267 150.64858388900757 113.59999656677246 936.18784406036139 2563.2393549382687 6718.809647589922
leaf_count=8495 27864 1930 11236 38028 12848 2006 85155 1431 664 669 494 4213 11970 29846
internal_value=-0.00010515 -0.000336012 -0.000415574 -0.000202452 0.000211594 0.00283957 -0.000172998 -0.0039271 -0.00231984 -0.0019259 0.00163028 -0.00300146 0.000138827 -0.00133524
internal_weight=51982.1 45760.2 45321.8 42821.4 34533.7 4400.53 30133.2 2302.09 1982.61 8287.69 3945.34 1049.79 27831.1 9282.05
internal_count=236849 208985 207055 195819 157122 19561 137561 10590 9159 38697 17555 4707 126971 41816
is_linear=0
shrinkage=0.03


Tree=228
num_leaves=15
num_cat=1
split_feature=46 45 39 45 14 40 40 37 39 38 34 12 38 39
split_gain=25.9188 47.7765 35.8219 32.1264 42.4943 59.2639 40.7259 48.305 61.2017 40.5147 41.3317 38.5241 38.2458 36.9663
threshold=0 1.5599918731128752 -1.800661752700941 1.2227003229789559 0.48000000000000026 0.44398076907361228 -0.63477151805630216 -0.30518793735727184 -0.65366303929414526 -1.4630942816202703 -0.25649200436193692 0.020136529314099851 -0.59859181776571135 -0.32371391018397272
decision_type=1 10 8 8 8 8 10 10 10 10 10 2 10 10
left_child=1 -1 -2 6 -5 -6 7 8 -4 10 -8 -7 -10 -9
right_child=2 -3 3 4 5 11 9 13 12 -11 -12 -13 -14 -15
leaf_value=0.00082952290425957376 0.0061333126328628491 0.018147824017269762 -0.0021019242926520387 -0.0047816882670797005 0.0033907574562641067 0.0012779062365714394 -0.00048152940547753514 -0.0038830971939833843 0.011691665758798136 0.00066301406527742655 -0.019993414474293335 -0.0081361220219833101 -0.0072956608654307122 -0.013704938584035022
leaf_weight=17425.316491298378 719.41604180634022 134.58667938411236 2484.9372222572565 3417.6860672459006 1960.4670414477587 650.92243018746376 224.71978351473808 1901.3876936733723 517.63877129554749 20824.43906699121 163.56498434394598 961.57694189250469 109.39830742776394 415.80040955543518
leaf_count=78472 3183 599 11756 16207 9104 2979 1109 8836 2377 94290 816 4427 508 1917
internal_value=3.50148e-05 0.000971958 -0.000444225 -0.000586835 -0.00239535 -0.000105749 -0.000111572 -0.00242757 1.72062e-05 0.000482047 -0.00899653 -0.00435148 0.00831645 -0.00569686
internal_weight=51911.9 17559.9 34352 33632.5 6990.65 3572.97 26641.9 5429.16 3111.97 21212.7 388.285 1612.5 627.037 2317.19
internal_count=236580 79071 157509 154326 32717 16510 121609 25394 14641 96215 1925 7406 2885 10753
cat_boundaries=0 1
cat_threshold=262
is_linear=0
shrinkage=0.03


Tree=229
num_leaves=15
num_cat=0
split_feature=27 37 38 31 30 11 30 20 0 35 10 38 0 40
split_gain=27.1996 38.9218 37.5655 36.7158 34.459 41.6865 34.1896 47.2327 55.9404 42.8432 38.2225 35.0736 33.1262 32.6668
threshold=0.096681254117309531 0.40025303896032116 0.92159327893269705 -1.8962224555109002 2.5000000000000004 1.5121175970145071 5.5000000000000009 -0.2675290466373062 0.0073459815763012044 -0.12070081211220829 -1.7490870704420647 0.43554105109248792 0.0058457114882076245 -0.19006532775829973
decision_type=10 10 10 10 2 8 2 10 10 10 8 10 8 8
left_child=1 2 -1 -3 -5 -6 12 10 -9 -10 -8 13 -2 -12
right_child=6 3 -4 4 5 -7 7 8 9 -11 11 -13 -14 -15
leaf_value=-0.0028738721991389731 -0.0012917346259387647 0.014231374194898852 0.0096191708205421254 -0.0030503135785338894 0.0045750404691830724 -0.0071370486425755804 0.010739680729342289 0.0041179269237775719 0.0024770610518637069 -0.0067323222274306383 -0.005165095126632868 0.0053474788124014327 0.0011193766026177001 -0.014358489691420506
leaf_weight=7620.2665075361729 6249.6344560086727 174.34812700748444 213.3786786198616 1459.6488839536905 1875.0974091589451 310.75194753706455 111.98006244003773 1704.9871744215488 716.60682398080826 1213.8862099796534 1123.8166344538331 188.50056219100952 28391.53368140012 508.01392367482185
leaf_count=35093 28507 754 942 6700 8290 1393 534 7790 3229 5663 5478 889 128581 2514
internal_value=-3.65873e-05 -0.00131212 -0.00252175 0.00116867 0.000506712 0.00288507 0.000333326 -0.00184665 0.000170744 -0.00331861 -0.00562354 -0.00668332 0.000684139 -0.00809716
internal_weight=51862.5 11653.5 7833.65 3819.85 3645.5 2185.85 40209 5567.79 3635.48 1930.49 1932.31 1820.33 34641.2 1631.83
internal_count=236357 53172 36035 17137 16383 9683 183185 26097 16682 8892 9415 8881 157088 7992
is_linear=0
shrinkage=0.03


Tree=230
num_leaves=15
num_cat=0
split_feature=40 35 40 38 40 11 39 39 30 11 39 9 40 39
split_gain=22.0427 57.8517 60.2286 50.7558 53.2308 115.651 56.8546 54.4897 51.6771 57.3197 58.8779 52.5816 51.2333 70.3379
threshold=0.54374216055077251 -1.0979416159164725 0.71238638397075393 0.18135288024196225 0.12583919738399008 -1.5352281212920271 1.3636274023156696 -0.50697222414922305 1.0000000180025095e-35 -0.33876104170541654 0.95219857194658142 0.54457997572924399 1.0000000180025095e-35 -0.1585092304368915
decision_type=8 8 10 8 10 8 10 10 2 8 8 10 10 10
left_child=3 2 -2 4 6 -6 -1 -7 12 10 -10 -11 -5 -14
right_child=1 -3 -4 8 5 7 -8 -9 9 11 -12 -13 13 -15
leaf_value=0.00053146897279363623 -0.0088492001920776869 -0.0012812539405406792 0.010172465743009451 -0.007356942088276276 -0.019641829334872889 -0.015070836063179584 -0.016796880096669055 -0.00088423860903605409 0.0051739529725176921 -0.00065959161564284189 0.028932059005239631 0.0059318480543636871 0.018762294914304874 -0.0024052169530185208
leaf_weight=20075.255211375654 178.83548697829247 15168.292830318213 742.16218712925911 926.51983834058046 346.62312848865986 250.70022892206907 161.87256173789501 3758.1276669055223 3880.4300961792469 4172.4952954500914 86.817898631095886 1463.2346786111593 183.67031632363796 515.69012656807899
leaf_count=92658 835 68488 3170 4253 1620 1210 714 17233 17559 18764 366 6465 842 2386
internal_value=8.5609e-05 -0.000836493 0.00642354 0.000499891 -0.0002633 -0.00326785 0.000384636 -0.00180672 0.00217012 0.00300742 0.0057653 0.00105925 -0.00276342 0.00334005
internal_weight=51910.7 16089.3 920.998 35821.4 24592.6 4355.45 20237.1 4008.83 11228.9 9602.98 3967.25 5635.73 1625.88 699.36
internal_count=236563 72493 4005 164070 113435 20063 93372 18443 50635 43154 17925 25229 7481 3228
is_linear=0
shrinkage=0.03


Tree=231
num_leaves=15
num_cat=2
split_feature=19 11 46 25 46 16 27 37 34 29 16 15 32 16
split_gain=18.4035 31.1163 23.9122 18.0514 24.7721 22.2379 17.3941 30.1626 20.6539 32.397 20.6643 34.0098 24.7298 22.1286
threshold=-9.1473513046541175 -1.3329086597079962 0 -1.8447323830579065 1 0.59194002297322279 0.068965517241372384 0.20857327179113616 -2.5263033082991222 13.000000000000002 0.052940301727908416 0.057142857142856947 -0.8898488632300442 0.24173156444381808
decision_type=2 10 1 8 1 10 10 10 8 2 8 8 8 8
left_child=1 2 -1 4 5 -2 7 -5 9 -8 -10 -12 -13 -14
right_child=3 -3 -4 6 -6 -7 8 -9 10 -11 11 12 13 -15
leaf_value=-0.0016362526373972952 0.0036821309742152519 -0.0053393147540507831 0.013833971273554284 -0.0028192670907265377 0.0010515621794610125 0.020405903972483139 0.0024896267518918144 0.00083758868482612279 -0.005030416948258884 -0.012315321098760084 0.0090330186174830181 0.0026173915233259704 0.0014652465440969516 -0.00036969899025054976
leaf_weight=127.32479579746723 164.73468165099621 170.73822391033173 297.23317523300648 4990.7954231202602 897.01205971837044 124.48294630646706 235.98980581760406 3410.9118471816182 649.88594371080399 286.68535098433495 389.36277130246162 3561.9201508015394 7408.2896171137691 29176.985126070678
leaf_count=583 758 823 1349 23001 4207 549 1098 15328 3020 1371 1845 15847 34085 132602
internal_value=5.73409e-05 0.00525778 0.00954426 -4.02261e-06 0.00363804 0.0109555 -9.09467e-05 -0.00133543 0.000159997 -0.00570958 0.000235853 0.000321502 0.000234786 2.16488e-06
internal_weight=51892.4 595.296 424.558 51297.1 1186.23 289.218 50110.8 8401.71 41709.1 522.675 41186.4 40536.6 40147.2 36585.3
internal_count=236466 2755 1932 233711 5514 1307 228197 38329 189868 2469 187399 184379 182534 166687
cat_boundaries=0 1 2
cat_threshold=13 3
is_linear=0
shrinkage=0.03


Tree=232
num_leaves=15
num_cat=1
split_feature=20 11 46 45 45 39 11 41 43 11 45 1 20 43
split_gain=19.9685 31.2386 20.464 47.771 44.7561 45.0969 32.0863 57.7642 36.5884 30.7562 76.7649 37.2505 56.1712 49.3722
threshold=-1.4284023069031835 -1.3548460758535588 0 0.58438073375747057 1.2778192914469642 -0.95627574842858531 0.87956727251917644 0.55000000000000016 0.95000000000000007 -0.72852134492467036 0.74405319383182611 0.022637958638046341 -0.16032187242560703 0.58571428571428574
decision_type=8 10 1 10 8 10 10 2 10 8 10 10 10 10
left_child=1 -1 3 -2 6 -6 9 -8 -9 10 -5 13 -13 -12
right_child=2 -3 -4 4 5 -7 7 8 -10 -11 11 12 -14 -15
leaf_value=0.0079131039733642966 0.019286673659730025 -0.0093061519124343853 0.00040572587652364827 0.019589725547844244 0.0055914949391189179 -0.0079701126548905564 0.0085679236948407057 -0.0035465133936551096 0.0098816170113405679 -0.0022864388950698026 -0.0035558104924059862 0.020454212739486024 -0.0072706943823367415 0.0037806263426788935
leaf_weight=112.26750345528126 94.707356691360474 434.58224917948246 36245.84917087853 180.34430587291718 256.25912613421679 1343.2695928812027 909.80327248573303 1068.5993220210075 209.97723031044006 7265.639884956181 2170.2460504621267 172.48179906606674 96.329985663294792 1318.9839879721403
leaf_count=542 415 2234 163960 821 1218 6407 4113 4871 939 33472 10169 747 447 6058
internal_value=-4.19985e-05 -0.00569244 1.92932e-05 -0.000908437 -0.00104939 -0.00577618 -0.000480956 0.00283357 -0.00128167 -0.0011303 0.00100296 6.1379e-05 0.0106144 -0.000779643
internal_weight=51879.3 546.85 51332.5 15086.6 14991.9 1599.53 13392.4 2188.38 1278.58 11204 3938.39 3758.04 268.812 3489.23
internal_count=236413 2776 233637 69677 69262 7625 61637 9923 5810 51714 18242 17421 1194 16227
cat_boundaries=0 1
cat_threshold=560
is_linear=0
shrinkage=0.03


Tree=233
num_leaves=15
num_cat=0
split_feature=14 7 44 11 20 40 6 45 12 45 16 40 10 20
split_gain=22.7929 23.6705 21.3973 42.084 27.9004 33.8093 31.0039 33.9653 41.5112 40.8416 45.442 36.3283 35.4997 33.3017
threshold=0.035386631716906543 -2.0602038472666302 -0.0079422871691201252 3.1959690996984662 0.72260559789066392 1.4741246670191961 1.6046821927598813 1.0476671307919865 0.012815280089778535 1.1421897047442351 0.35067427948403174 0.44398076907361228 -0.55729298760123458 1.48321382834726
decision_type=10 10 8 10 10 8 10 10 2 10 8 10 8 10
left_child=-1 -2 -3 4 5 -4 7 12 11 13 -11 -9 -6 -10
right_child=1 2 3 -5 6 -7 -8 8 9 10 -12 -13 -14 -15
leaf_value=0.0054902918324294531 -0.0050045489072813925 -0.00076425645797386862 0.00074232753585970663 0.017732739440097563 -0.017506889323923545 0.0072856101342927519 0.0029784208740353309 0.020454978993346175 -0.013735911398995168 0.015840536245745513 -0.003987364409336995 -0.0025307618322576359 0.00065644392017595696 0.00046358016692720329
leaf_weight=657.0530014783144 857.51311917603016 20121.555204689503 21767.003443844616 116.98486492037773 89.902845874428749 724.90616443753242 1341.9291570782661 99.143838241696358 683.24982962012291 100.57590635120869 1807.6668214946985 138.48717652261257 3154.1932392120361 188.4097493737936
leaf_count=3023 4161 92028 99395 516 418 3130 5910 447 3114 468 8270 630 13927 849
internal_value=-1.9442e-05 -9.1219e-05 -6.53582e-06 0.000498194 0.000425333 0.000956359 -0.00114468 -0.00203164 -0.00431698 -0.00535021 -0.00286518 0.00749805 0.000100835 -0.0106962
internal_weight=51848.6 51191.5 50334 30212.5 30095.5 22491.9 7603.56 6261.63 3017.53 2779.9 1908.24 237.631 3244.1 871.66
internal_count=236286 233263 229102 137074 136558 102525 34033 28123 13778 12701 8738 1077 14345 3963
is_linear=0
shrinkage=0.03


Tree=234
num_leaves=15
num_cat=0
split_feature=36 16 14 45 25 31 45 20 10 43 11 45 11 10
split_gain=20.9132 36.9048 28.236 23.8271 21.3732 23.2989 21.0504 18.7068 53.6507 49.6454 49.2447 47.8769 48.9049 105.76
threshold=1.8634857398669054 0.26530612244897972 0.83131257447685225 1.1328431485431893 0.69148665474109638 0.056467965512811781 1.2015253308011105 0.082155185490801128 -1.6511319336667001 0.10555555555555557 0.13040570292563933 1.1656705541176124 0.28874404964408201 -0.49042850290863488
decision_type=10 8 10 10 8 10 10 8 8 8 8 8 10 8
left_child=7 -2 4 -4 -3 -6 -5 11 -9 10 -10 12 13 -1
right_child=1 2 3 6 5 -7 -8 8 9 -11 -12 -13 -14 -15
leaf_value=0.0023053971040890779 0.014648844110077414 -0.0064351031846007576 0.0020137675713597938 0.021443505768513185 0.010759539600307316 -0.0038096579980297553 0.0049081643435815768 -0.020531410730594099 -1.742285600243889e-06 -0.00042580748459909999 -0.014506046669271817 -0.0018012961211935359 0.0036953890768311299 -0.0027052412131471824
leaf_weight=9275.1196444705129 204.51078906655312 503.32470360398293 793.2431001663208 114.95903484523296 172.07332043349743 207.81618919968605 173.75086751580238 113.61569252610207 390.40930458903313 21194.150564938784 447.61221848428249 6950.3246908262372 4883.4024286270142 6397.537563547492
leaf_count=42664 871 2206 3385 497 738 894 754 528 1780 95367 2037 32632 22085 29760
internal_value=-4.6711e-05 0.00282943 0.00153147 0.00476118 -0.00243399 0.00289626 0.0119897 -0.000172936 -0.000821715 -0.000710807 -0.00782862 0.000349514 0.00107726 0.000259647
internal_weight=51821.9 2169.68 1965.17 1081.95 883.214 379.89 288.71 49652.2 22145.8 22032.2 838.022 27506.4 20556.1 15672.7
internal_count=236198 9345 8474 4636 3838 1632 1251 226853 99712 99184 3817 127141 94509 72424
is_linear=0
shrinkage=0.03


Tree=235
num_leaves=15
num_cat=2
split_feature=43 2 0 46 9 10 46 45 45 9 10 14 45 45
split_gain=21.6278 32.8335 22.798 52.84 31.5868 22.4216 29.1528 27.2607 43.2607 40.5378 48.5322 30.1453 23.8021 45.2755
threshold=0.95000000000000007 0.28852613050602888 0.0074479310605302046 0 1.4440580855184029 1.120357874565481 1 1.1094915477352481 1.062013928340743 -0.020477046903607635 -1.1346604490023466 0.20444450473158182 0.99095832491556901 0.8818349221657954
decision_type=10 8 10 1 10 10 1 8 10 10 8 10 10 10
left_child=1 -1 3 -2 -5 7 -7 8 9 10 -4 -9 13 -11
right_child=2 -3 5 4 -6 6 -8 11 -10 12 -12 -13 -14 -15
leaf_value=-0.0094612835418327861 0.018901402384196714 -0.00018995728159761424 0.013774778667326343 0.000752376788360256 0.018220632583152169 0.003895788430867722 -0.0047154006831958755 -0.0065561515960831391 -0.011148293919822061 0.008353227950872566 -0.0083445631905506162 0.0068317328160218899 0.013010533000643068 -0.0065962146119229927
leaf_weight=336.4112279266119 192.10051925480366 45321.434916324914 98.942584589123726 978.76108784973621 93.08822064101696 489.92317770421505 1155.714629471302 163.91851909458637 269.42049969732761 455.14681865274906 497.29719181358814 1254.9239972233772 256.60141490399837 290.63129769265652
leaf_count=1714 865 206898 431 4392 406 2186 5139 747 1214 2004 2262 5661 1140 1290
internal_value=-3.45094e-05 -0.000260326 0.00162713 0.00520527 0.00240166 0.00070156 -0.00214867 0.00213077 -0.000253722 0.00164026 -0.00450731 0.00524997 0.0053054 0.00251721
internal_weight=51854.3 45657.8 6196.47 1263.95 1071.85 4932.52 1645.64 3286.88 1868.04 1598.62 596.24 1418.84 1002.38 745.778
internal_count=236349 208612 27737 5663 4798 22074 7325 14749 8341 7127 2693 6408 4434 3294
cat_boundaries=0 1 2
cat_threshold=448 82
is_linear=0
shrinkage=0.03


Tree=236
num_leaves=15
num_cat=0
split_feature=38 38 37 29 39 41 36 5 39 24 36 15 35 39
split_gain=23.1348 20.9626 32.2807 32.0523 20.9202 38.9547 34.9145 23.3311 22.8365 38.2592 42.5849 38.5959 30.8551 33.8058
threshold=-2.9320192544958776 2.4326689520438873 1.9533495851223017 13.000000000000002 1.8222334440802765 0.95000000000000007 0.55020662316034097 1.573416361956836 1.1672008633511177 0.0095531709755289369 0.17170361950523585 0.49743612026570277 0.46540730533626606 1.3880421456012877
decision_type=8 10 10 2 10 2 10 10 10 10 10 8 10 10
left_child=-1 4 -3 -4 8 6 -6 -7 -2 10 -10 -12 -13 -14
right_child=1 2 3 -5 5 7 -8 -9 9 -11 11 12 13 -15
leaf_value=-0.010220351311209953 -0.00019844539435571288 0.010363414067410124 -0.0075002557317898379 0.0083714065032361243 -0.0039356107697724714 -0.012069045639017964 0.0054893383381863451 0.0017118189974856459 0.0031553403676694292 0.0056931440922933741 0.012863752149705506 -0.010819083013640296 0.0047999485403998404 -0.0059255848616459684
leaf_weight=190.83980137109756 43444.798198156059 427.08376090228558 270.38028645515442 183.69264763593674 909.20540179312229 503.26938630640507 565.07131905853748 138.01120109856129 1981.2597883045673 1631.1703554242849 113.7493662238121 479.86032736301422 425.58592793345451 664.98211452364922
leaf_count=941 199012 1807 1166 790 4175 2385 2579 630 8664 7073 495 2156 1851 2954
internal_value=-5.81511e-05 -1.86993e-05 0.00454268 -0.00103743 -9.8608e-05 -0.003012 -0.000310504 -0.00912249 2.84358e-05 0.00188627 0.000181276 -0.00331537 -0.00456124 -0.00173444
internal_weight=51929 51738.1 881.157 454.073 50857 2115.56 1474.28 641.281 48741.4 5296.61 3665.44 1684.18 1570.43 1090.57
internal_count=236678 235737 3763 1956 231974 9769 6754 3015 222205 23193 16120 7456 6961 4805
is_linear=0
shrinkage=0.03


Tree=237
num_leaves=15
num_cat=0
split_feature=31 36 38 37 30 11 40 39 10 0 39 10 11 25
split_gain=17.5875 18.0415 32.1266 64.6551 67.0523 48.5656 48.5222 101.263 80.4904 49.7398 46.0324 45.6672 44.3799 43.1556
threshold=2.8312508026343428 -0.28579423544681298 -0.18898188143061143 -0.14960318950031029 1.5000000000000002 -0.32694358439533322 -0.58212004591178201 -0.87614457962902825 -0.73814213598280254 0.01067428262146705 -1.1130031324095946 -1.88150926158445 0.628965803578307 -0.5161353889979764
decision_type=10 10 10 10 2 8 10 10 8 10 10 8 8 10
left_child=1 -1 12 5 -5 -4 8 13 9 -6 -10 -9 -3 -8
right_child=-2 2 3 4 6 -7 7 11 10 -11 -12 -13 -14 -15
leaf_value=0.00080293451525867388 0.0060680608551534126 -0.0031603706762039301 0.0080271338365709762 -0.0030691986271055554 0.0093910801590165287 0.00080572668399812788 0.034912531097841849 -0.017653533608587096 0.0031485692620332687 -0.007520116986747062 -0.013485400708272231 0.00099038497443468786 0.0019005129448283931 0.0064429695724973418
leaf_weight=17167.793689146638 424.85069416463375 6608.4241832867265 1492.5115190446377 6273.8226270079613 436.36273986101151 1901.2974097728729 100.23943307995796 109.26264744997025 183.65123695880175 232.06712867319584 728.1596704274416 14090.024405032396 2032.7747015953064 94.539867237210274
leaf_count=77810 1806 31245 6706 29157 2040 8531 450 509 863 1062 3469 63189 9204 417
internal_value=6.01256e-05 9.34621e-06 -0.000388173 0.000145123 -0.000443801 0.00399577 0.000588585 0.00113727 -0.004385 0.00349551 -0.0101373 0.000834598 -0.00196902 0.0220837
internal_weight=51875.8 51450.9 34283.1 25641.9 22248.1 3393.81 15974.3 14394.1 1580.24 668.43 911.811 14199.3 8641.2 194.779
internal_count=236458 234652 156842 116393 101156 15237 71999 64565 7434 3102 4332 63698 40449 867
is_linear=0
shrinkage=0.03


Tree=238
num_leaves=15
num_cat=0
split_feature=19 8 40 40 2 9 35 16 0 13 37 40 8 35
split_gain=21.9593 26.2666 34.2567 36.512 36.9075 33.2943 31.7014 40.173 39.0764 40.1668 31.548 62.207 57.9438 64.6082
threshold=7.4684236787910816 1.3374005085593672 0.18564548181314022 0.54374216055077251 1.1786712111125124 0.70625677290449607 0.3776549698963923 0.077679555075364545 0.0032850460388870952 46.943747361990027 0.28806149561780026 -0.63477151805630216 -0.2962846150946245 1.3192573194572612
decision_type=2 10 10 10 10 10 10 8 8 10 10 10 8 10
left_child=1 6 -3 4 5 -4 8 -8 9 -1 12 -12 13 -9
right_child=-2 2 3 -5 -6 -7 7 10 -10 -11 11 -13 -14 -15
leaf_value=-0.0099361696223122017 0.0037128261699930121 -0.0083309754589606308 -0.011054390994327102 -0.0025233399130430915 0.016177365302590972 0.0072440988257334964 0.019526861449009912 0.0014826854743618006 -7.0041303362903634e-05 -0.00033051840373650611 -0.0087483094634601601 0.00078463769712063273 0.0054938878831426253 -0.011567089683456525
leaf_weight=740.90342652052641 1490.6057213246822 696.43309171497822 136.41588799655437 2538.3782442361116 192.37428538501263 220.18498939275742 98.884445786476135 2561.1995488554239 30198.733123555779 820.73374494165182 658.94905351102352 7783.0040344744921 3396.9594366624951 383.73927886784077
leaf_count=3632 6603 3106 614 11338 831 982 452 11706 138791 3779 3148 34888 15081 1726
internal_value=0.000136557 3.01285e-05 -0.00237042 -0.00100331 0.0059445 0.000133509 0.000225333 0.00136738 -0.000310086 -0.00492205 0.0012328 3.10593e-05 0.00282991 -0.000251152
internal_weight=51917.5 50426.9 3783.79 3087.35 548.975 356.601 46643.1 14882.7 31760.4 1561.64 14783.9 8441.95 6341.9 2944.94
internal_count=236677 230074 16871 13765 2427 1596 213203 67001 146202 7411 66549 38036 28513 13432
is_linear=0
shrinkage=0.03


Tree=239
num_leaves=15
num_cat=0
split_feature=27 30 18 34 0 11 39 19 0 40 11 39 40 35
split_gain=25.0108 37.0328 49.4761 57.9349 57.8956 35.2124 37.699 32.9484 28.6891 28.6836 28.1118 44.6731 38.6722 34.2702
threshold=0.068965517241372384 5.5000000000000009 -2.0714663443162102 -0.76040831065552106 0.0073459815763012044 -1.0912646064853977 -0.58988390639938004 -5.3875071455078549 0.0055730172911942341 1.9051525020390836 -1.3329086597079962 0.60711833479442934 -1.6823852431989177 0.36820393904658955
decision_type=10 2 2 8 10 10 10 2 10 10 8 10 10 10
left_child=-1 8 -3 -4 5 6 -5 -6 9 -2 11 12 -10 -13
right_child=1 2 3 4 7 -7 -8 -9 10 -11 -12 13 -14 -15
leaf_value=-0.0014032171491517066 -0.0015520302401955794 -0.0091329741517408216 0.010569959531214696 0.009711868300920112 0.006499427123377045 0.0030821607827526487 -0.012293513489574448 -0.0060021540613030477 -0.0067181143002383939 0.010943752080512058 0.00079419124951530704 -0.018045111692110174 0.0062133493678377992 0.0040540532407433169
leaf_weight=8636.0844987034798 5771.0460582226515 722.64894673973322 364.28760647773743 84.734205111861229 199.20107191801071 2081.8388247862458 274.11828477680683 2225.3415912985802 220.04384930431843 160.29343856871128 28522.192066065967 130.57527902722359 2358.3733307570219 109.13997533917427
leaf_count=39460 26399 3582 1611 402 928 9670 1331 10407 1048 680 129210 618 10577 493
internal_value=6.97462e-05 0.000364299 -0.00183115 -0.00080663 -0.00167839 0.00158103 -0.00697505 -0.00495254 0.000715303 -0.00119648 0.00107739 0.00393064 0.00508808 -0.00822415
internal_weight=51859.9 43223.8 5952.17 5229.52 4865.23 2440.69 358.852 2424.54 37271.7 5931.34 31340.3 2818.13 2578.42 239.715
internal_count=236416 196956 27931 24349 22738 11403 1733 11335 169025 27079 141946 12736 11625 1111
is_linear=0
shrinkage=0.03


Tree=240
num_leaves=15
num_cat=1
split_feature=27 37 13 9 36 41 9 38 30 0 33 1 46 16
split_gain=22.2039 27.7775 25.3032 53.2828 45.7312 33.4431 40.6912 36.3019 37.4175 29.8004 30.8634 26.6133 26.5155 30.9708
threshold=0.096681254117309531 0.40025303896032116 57.599330783481527 -0.55018082523411538 0.93695094615502861 0.8500000000000002 0.078944328447764653 0.89056022903731147 2.5000000000000004 0.044676222094108514 -2.3445743033659281 0.013795762309406835 0 0.83230794280208265
decision_type=10 10 8 10 8 2 10 10 2 8 8 10 1 10
left_child=1 -1 9 -4 5 -5 -7 11 -9 10 -2 -8 13 -12
right_child=2 -3 3 4 -6 6 7 8 -10 -11 12 -13 -14 -15
leaf_value=-0.0022173760081412243 -0.0062709810181171381 0.00089190727887521789 -0.010879939102355424 9.8579772874887081e-06 0.0022123189219530825 -0.011715862263713236 0.0037515778404302123 -0.013158894449977346 -0.0024373741012757482 0.009338048924561828 0.0023798452415685185 -0.0049629380094301234 2.180130572027545e-05 -0.0030447069195280066
leaf_weight=7851.3377793431282 559.76021526753902 3846.7751825451851 454.82531379163265 3668.8620672374964 3643.0708790197968 528.49563220143318 900.2950973957777 448.04775163531303 829.49523368477821 349.22408014535904 10481.499108828604 472.77160154283047 16827.688143894076 1032.737481340766
leaf_count=36172 2628 17269 2083 16303 16016 2440 4062 2151 3668 1486 47644 2211 77844 4618
internal_value=-4.53179e-05 -0.00119504 0.000289489 -0.00094038 -0.000499513 -0.00194331 -0.00419034 -0.00265146 -0.00627052 0.000749878 0.000642912 0.000736824 0.000781627 0.00188945
internal_weight=51894.9 11698.1 40196.8 10945.9 10491 6847.97 3179.11 2650.61 1277.54 29250.9 28901.7 1373.07 28341.9 11514.2
internal_count=236595 53441 183154 48934 46851 30835 14532 12092 5819 134220 132734 6273 130106 52262
cat_boundaries=0 1
cat_threshold=270
is_linear=0
shrinkage=0.03


Tree=241
num_leaves=15
num_cat=0
split_feature=11 12 0 45 44 30 32 33 30 38 37 36 2 37
split_gain=25.2788 56.1191 32.3368 26.5421 20.5099 23.4343 18.3936 35.4079 29.2312 33.1365 41.604 38.1488 47.7121 33.0626
threshold=2.8135121707842776 0.017980625455024535 0.018099004313375439 0.73348904835753659 -0.13749750835241922 3.5000000000000004 -0.23122928383434913 0.16645425961709276 3.5000000000000004 -2.4248572191417286 0.10423040592082668 -0.21854230158594459 0.98472269741497687 -1.3107912462348634
decision_type=10 2 10 10 10 2 10 8 2 10 10 10 10 10
left_child=4 3 -3 -2 5 -1 7 8 -6 -10 11 12 13 -11
right_child=1 2 -4 -5 6 -7 -8 -9 9 10 -12 -13 -14 -15
leaf_value=0.015966013198936937 0.0087776255019272956 0.028589590893689936 0.0043925056950164512 -0.011402261878939546 -0.0012932840111901571 -0.0016992177911115114 -0.00047564743791157337 0.0027747158421622558 0.016504018072714854 0.017049663994641012 0.0047140092233723778 -0.0055301420216454242 -0.0047182912832384157 0.0030445344447111223
leaf_weight=143.10668447613716 90.78832645714283 110.1563877761364 92.008737564086914 131.67698514461517 7755.2879071757197 117.85746350884438 33096.468315221369 5293.2793222591281 121.6872760206461 168.8531486839056 1887.0703867524862 1052.9530602097511 687.62589517235756 1049.7170266360044
leaf_count=603 411 491 401 613 35409 502 151209 23739 584 800 8419 4986 3168 4807
internal_value=4.87791e-05 0.00725338 0.0183032 -0.00314351 -1.21705e-05 0.00821971 -5.57991e-05 0.000715303 -0.000142988 0.0016517 0.00124555 -0.000974741 0.00155732 0.00510816
internal_weight=51798.5 424.63 202.165 222.465 51373.9 260.964 51112.9 18016.5 12723.2 4967.91 4846.22 2959.15 1906.2 1218.57
internal_count=236142 1916 892 1024 234226 1105 233121 81912 58173 22764 22180 13761 8775 5607
is_linear=0
shrinkage=0.03


Tree=242
num_leaves=15
num_cat=0
split_feature=19 12 30 44 45 39 45 40 10 19 30 33 12 30
split_gain=22.0877 22.1532 42.2463 63.9478 59.7819 52.3146 36.882 32.718 51.7399 38.9806 33.8524 31.0982 28.0544 30.3717
threshold=7.4684236787910816 0.01012292421875991 2.5000000000000004 0.0054828230999657973 1.0075520002590805 0.95219857194658142 0.80853275299251892 -1.0184317870304156 -0.34547368415274587 -3.4749357846773239 5.5000000000000009 0.47986631680807906 0.0062589244738169318 1.0000000180025095e-35
decision_type=2 2 2 10 10 10 10 10 10 2 2 10 2 2
left_child=1 2 3 12 -5 7 -7 8 10 11 -4 -9 -1 -14
right_child=-2 -3 5 4 -6 6 -8 9 -10 -11 -12 -13 13 -15
leaf_value=0.00083053747364364742 0.0035831179452492515 0.00014373416572972269 0.023879469513116751 0.0044742455603812041 -0.018693184137639464 0.0028654465249991086 0.01813285657395735 -0.010109048670911988 -0.0098640346747928317 -0.00023846276863971283 0.00067943295717501362 0.0066717813256027313 -0.0036709683000835376 -0.011795815089793943
leaf_weight=324.72389138489962 1479.3270549923182 42617.765130594373 143.44091978669167 897.42719370871782 102.77989569306374 414.40349449217319 210.84514534473419 680.04578576982021 97.28628908097744 2851.7314454764128 90.643595814704895 108.99226438999176 680.12468212842941 1100.0692519843578
leaf_count=1463 6546 194477 656 4025 474 1744 905 3303 459 12988 444 499 3143 5007
internal_value=-1.74416e-05 -0.000123983 -0.00160352 -0.00430087 0.00193212 0.000223688 0.00821829 -0.00105221 0.00783369 -0.00188022 0.0152917 -0.00773657 -0.00725777 -0.00872956
internal_weight=51799.6 50320.3 7702.51 3105.12 1000.21 4597.39 625.249 3972.14 331.371 3640.77 234.085 789.038 2104.92 1780.19
internal_count=236133 229587 35110 14112 4499 20998 2649 18349 1559 16790 1100 3802 9613 8150
is_linear=0
shrinkage=0.03


Tree=243
num_leaves=15
num_cat=3
split_feature=46 10 11 1 9 16 46 18 24 1 44 43 1 46
split_gain=21.7932 39.9573 48.6354 33.4196 32.0271 53.4615 31.3033 35.7984 27.4746 26.5072 26.0345 43.1144 34.1227 38.5866
threshold=0 0.85890253023272656 0.40802496982462927 0.041395102500690492 0.74528887243787123 0.84422996214386814 1 1.8825305195589788 0.007428141510990611 0.0083631725597977605 0.017902225684108184 0.29285714285714287 0.013942185945951984 2
decision_type=1 8 10 10 10 8 1 2 10 10 8 8 10 1
left_child=1 8 -3 4 9 6 -6 -8 -1 -4 -2 -12 13 -13
right_child=10 2 3 -5 5 -7 7 -9 -10 -11 11 12 -14 -15
leaf_value=0.00039431860922167907 -0.0011197047868553996 -0.0066005986639136906 -0.011497699280939966 -0.013321352039636511 0.014686767682570876 -9.3296507895335282e-05 -0.0058905655770217788 0.014978832266921573 0.0026721163864715999 -0.0012087040040816091 -0.011046183144156497 0.006258742661924767 -0.0011495954567474066 -0.00093495157065165836
leaf_weight=13136.475051835179 20172.811622016132 1332.5795043706894 261.68425719439983 155.61212137341499 401.32815179228783 2041.2974776476622 193.93263213336468 106.24978318810463 7473.2330808639526 1340.0269547104836 235.13974844664335 1994.760368257761 2041.62439006567 1005.6950993686914
leaf_count=60038 92988 5991 1167 699 1773 9104 868 481 33619 6041 1086 8914 9231 4588
internal_value=-2.33673e-06 0.000600588 -0.00158949 -9.42604e-05 0.000409012 0.00237451 0.00945588 0.00168656 0.00122116 -0.00295061 -0.000628751 0.00124536 0.00183931 0.00387014
internal_weight=51892.5 26442.4 5832.71 4500.13 4344.52 2742.81 701.511 300.182 20609.7 1601.71 25450 5277.22 5042.08 3000.46
internal_count=236588 119781 26124 20133 19434 12226 3122 1349 93657 7208 116807 23819 22733 13502
cat_boundaries=0 1 2 3
cat_threshold=334 266 161
is_linear=0
shrinkage=0.03


Tree=244
num_leaves=15
num_cat=2
split_feature=40 44 6 40 20 45 45 1 46 43 19 16 16 46
split_gain=18.5844 22.8738 18.5485 26.203 24.0816 33.9631 70.7338 43.422 38.6022 44.8651 46.6351 37.6637 36.9312 34.6271
threshold=2.8855249337096849 -0.0049088197309473704 1.8160491712868141 1.5956037031214281 0.73495337656021886 1.0476671307919865 1.1328431485431893 0.0087628330241641406 0 0.81666666666666676 0.14777743805327198 0.72500946733293403 0.35067427948403174 1
decision_type=8 10 8 10 10 10 10 10 1 10 2 10 8 1
left_child=2 -2 4 -4 -1 8 -7 11 -6 10 -10 -8 -9 -14
right_child=1 -3 3 -5 5 6 7 12 9 -11 -12 -13 13 -15
leaf_value=0.00011649186831627312 -0.016791044142240689 0.0016149381075540811 0.0009977616185697718 0.0092976394692514518 -0.0049707727215304795 -0.010001111352130627 -0.00093670314697304224 0.013539946866585491 -0.015115986065053627 0.0060259225637378077 0.00028615865183567941 0.02514116211718374 -0.012658981370231349 -0.0015492546030642983
leaf_weight=41038.256138250232 122.47406722605228 109.28942921757698 1705.8655580580235 419.26712304353714 1068.8308372199535 1134.7577425390482 95.795972585678101 118.13050501048565 181.40390332043171 1264.6114098131657 2334.8347011208534 92.371825575828552 272.82299475371838 1936.641219586134
leaf_count=188044 550 480 7437 1813 4751 5191 430 551 862 5539 10395 413 1283 8856
internal_value=-0.000105541 -0.0084038 -6.66956e-05 0.00267112 -0.00018466 -0.00163702 -0.00381845 -0.00100114 9.48931e-06 0.00143611 -0.000879673 0.0124876 -0.00214036 -0.00303595
internal_weight=51895.4 231.763 51663.6 2125.13 49538.5 8500.2 3650.52 2515.76 4849.68 3780.85 2516.24 188.168 2327.59 2209.46
internal_count=236595 1030 235565 9250 226315 38271 16724 11533 21547 16796 11257 843 10690 10139
cat_boundaries=0 1 2
cat_threshold=260 528
is_linear=0
shrinkage=0.03


Tree=245
num_leaves=15
num_cat=0
split_feature=35 12 40 40 15 1 2 16 15 10 8 40 41 40
split_gain=17.9076 36.7942 22.4106 19.7912 39.9464 20.6087 19.8181 18.488 38.5829 22.1205 95.9248 59.5918 59.8969 57.7269
threshold=-2.0890591837551153 0.044726875793469636 -0.79859734425339701 -1.9542331522320981 0.12703142882295951 0.015505886941388719 1.2506326209499581 0.040038275870241384 0.057142857142856947 -0.8087283638101801 0.71473367289871559 -0.62115575546277624 0.45000000000000007 0.19446467483171756
decision_type=8 2 10 8 8 10 10 8 8 8 10 8 2 10
left_child=1 2 -1 4 6 -6 -2 -5 -9 10 13 12 -11 -10
right_child=3 -3 -4 7 5 -7 -8 8 9 11 -12 -13 -14 -15
leaf_value=-0.0015304177390481621 0.0094849235955095628 0.0080583189264607624 -0.009863933094211812 -0.0053937339942149252 -0.018647669423462104 -0.0031969742638965214 -0.0070995435405387421 0.0082025368227576501 0.0034411935467180627 -0.0010784470281750341 -0.010316663401302394 0.00028522120624686903 -0.007863294089966744 -0.002917842783765045
leaf_weight=622.829874381423 162.98430731147528 205.25521251559258 541.48147308826447 527.35360465943813 182.94458010047674 138.27019513398409 94.748748019337654 526.49117892980576 6898.9498818442225 4107.0878118947148 573.49989457428455 34119.833840057254 1630.3542795702815 1570.2201161682606
leaf_count=3023 766 852 2706 2429 997 687 445 2481 31322 19085 2652 154180 7671 7329
internal_value=-1.55263e-05 -0.00338779 -0.00545705 7.65227e-05 -0.00539081 -0.0122941 0.00335063 0.000140954 0.000201085 0.000113276 0.00145199 -0.000190735 -0.00301676 0.00226015
internal_weight=51902.3 1369.57 1164.31 50532.7 578.948 321.215 257.733 49953.8 49426.4 48899.9 9042.67 39857.3 5737.44 8469.17
internal_count=236625 6581 5729 230044 2895 1684 1211 227149 224720 222239 41303 180936 26756 38651
is_linear=0
shrinkage=0.03


Tree=246
num_leaves=15
num_cat=0
split_feature=12 37 15 10 1 39 1 11 45 10 30 7 40 1
split_gain=18.992 40.9107 39.9183 34.5341 29.0953 28.5182 46.0947 108.546 45.1326 42.2432 51.7062 50.35 44.2507 39.1614
threshold=0.03209345131266278 -2.1746834102327997 0.069058771112458214 -1.6100666638675551 0.021780425928040168 -1.151659529301102 0.0159330412410035 -0.98397719212591905 1.064154184513799 -0.77326962883870676 3.5000000000000004 -0.16433579444947768 -1.5774181993146279 0.01689188677208216
decision_type=2 8 8 8 10 8 10 8 8 8 2 10 10 8
left_child=1 2 -1 4 -2 6 8 -8 9 10 11 12 -3 -7
right_child=3 5 -4 -5 -6 13 7 -9 -10 -11 -12 -13 -14 -15
leaf_value=0.0045209404103738879 0.00097939656687717519 -0.0049213573862740868 -0.012403245053172349 0.0011710108014691514 0.022840219798498821 4.3849554749969763e-05 -0.0088025371579140612 0.022273103330711919 -0.0034727847420430668 -0.00090070794751247163 0.01557170827518683 -0.010777180195389837 0.013997718597690806 -0.0028843392563252103
leaf_weight=166.95077277719975 99.508703753352165 164.1272751390934 446.47854857891798 5915.6043587550521 114.53982855379581 36918.465198084712 148.11556230485439 281.61177162826061 1153.9774377644062 891.51980695873499 449.37559087574482 179.14684820920229 310.27423794567585 4615.5537630617619
leaf_count=842 426 791 2380 26111 473 168071 651 1303 5426 4123 2104 797 1351 21568
internal_value=4.42783e-05 -0.000166046 -0.00779853 0.00161096 0.0131747 -6.05551e-05 0.00250547 0.0116056 0.00123059 0.00395569 0.00785405 0.00239274 0.00748587 -0.000282167
internal_weight=51855.2 45725.6 613.429 6129.65 214.049 45112.2 3578.15 429.727 3148.42 1994.44 1102.92 653.548 474.402 41534
internal_count=236417 209407 3222 27010 899 206185 16546 1954 14592 9166 5043 2939 2142 189639
is_linear=0
shrinkage=0.03


Tree=247
num_leaves=15
num_cat=1
split_feature=38 20 30 2 12 38 11 33 15 46 38 2 30 0
split_gain=21.2006 17.2074 50.6333 47.709 38.2682 37.2358 40.745 32.8049 32.1433 36.32 31.9762 54.6506 40.8363 44.9799
threshold=-2.9320192544958776 0.72260559789066392 2.5000000000000004 1.4196378586820166 0.0066410604447747637 2.6300836929250067 -0.10653105673987573 -0.31619543901857766 0.84393268069438088 0 1.4041492577238197 0.93427363198375668 5.5000000000000009 0.0090508425172519582
decision_type=8 10 2 10 2 10 8 10 8 1 8 10 2 8
left_child=-1 10 3 5 -4 6 -3 -6 9 -5 -2 12 13 -12
right_child=1 2 4 8 7 -7 -8 -9 -10 -11 11 -13 -14 -15
leaf_value=-0.0096514320026187851 0.00012078771083396493 -0.012808749671391244 0.014624292551409792 0.019483729740226403 0.0041130214384274468 0.0092210408897066588 -0.0042700644497027243 -0.0010534775351105144 -0.0036469841504948759 0.001666194817432341 0.002712952403460389 0.0090771153617096225 0.016095640658110043 -0.011435675101373942
leaf_weight=194.25677427649498 39775.398800037801 636.75438368320465 161.40986058115959 140.88143168389797 1466.550890237093 140.81495305895805 2359.6897483021021 4398.8116615563631 393.2156163007021 313.851607888937 458.63678377866745 960.13683658838272 99.077940598130226 347.54751865565777
leaf_count=958 182315 3068 671 617 6406 615 10955 19438 1759 1407 2033 4129 447 1574
internal_value=-5.36242e-06 3.27758e-05 -0.00108328 -0.0037024 0.00065188 -0.00540539 -0.00612113 0.000243134 0.00258793 0.00794183 0.000301312 0.00412942 -0.00116003 -0.00345193
internal_weight=51847 51652.8 10012 3985.21 6026.77 3137.26 2996.44 5865.36 847.949 454.733 41640.8 1865.4 905.262 806.184
internal_count=236392 235434 44936 18421 26515 14638 14023 25844 3783 2024 190498 8183 4054 3607
cat_boundaries=0 1
cat_threshold=259
is_linear=0
shrinkage=0.03


Tree=248
num_leaves=15
num_cat=0
split_feature=40 32 32 34 40 39 30 35 36 40 39 39 5 32
split_gain=16.6693 16.6538 17.5087 30.3065 31.7677 59.3539 53.4682 46.0493 28.5871 42.3685 40.1702 29.5848 27.319 27.7593
threshold=2.8855249337096849 2.7662880644773415 -0.43732740661758412 -0.56352823351881021 -1.5774181993146279 -1.6001727728724755 4.5000000000000009 -0.46154755052033131 -1.1025581251758489 -0.16295365402006259 -1.6785484084443045 -1.4316578930671136 -0.19253501118359265 -0.4869486356101646
decision_type=10 10 10 10 10 10 2 10 10 10 10 10 8 8
left_child=1 2 12 8 7 6 -6 -5 11 10 -10 -4 -1 -14
right_child=-2 -3 3 4 5 -7 -8 -9 9 -11 -12 -13 13 -15
leaf_value=-0.00015694260805726914 -0.0085473013119492548 0.0048802982087476137 0.0073408541680436432 0.0032944511173666662 0.021532663480731701 -0.00063250251630661916 -0.0039066590773860523 -0.01260023151682467 -0.01031269448623103 0.00039812041359889354 0.008285807371355404 -0.0033818560892335107 0.0018421143803476468 0.0086741762575578626
leaf_weight=7911.0062419474125 192.23430268466473 633.03566506505013 271.10519741475582 250.39668340235949 195.10896411538124 31705.098241172731 112.41768555343151 447.30153427273035 104.1195383220911 1972.9344196915627 1464.8059924393892 1310.8446515798569 4721.103007748723 595.38629143685102
leaf_count=36035 864 2716 1245 1156 836 144992 505 2415 463 8891 6592 6126 21101 2670
internal_value=4.88722e-05 8.24852e-05 2.20605e-05 -0.000306432 -0.000642592 -0.000503443 0.012403 -0.00692985 0.00183668 0.00333136 0.00699405 -0.00150969 0.000961157 0.00262208
internal_weight=51886.9 51694.7 51061.6 37834.1 32710.3 32012.6 307.527 697.698 5123.81 3541.86 1568.93 1581.95 13227.5 5316.49
internal_count=236607 235743 233027 173221 149904 146333 1341 3571 23317 15946 7055 7371 59806 23771
is_linear=0
shrinkage=0.03


Tree=249
num_leaves=15
num_cat=2
split_feature=45 14 40 46 45 12 0 39 43 40 39 38 46 20
split_gain=18.2199 42.4523 41.6009 49.7307 41.1097 38.2302 36.4676 35.589 46.5825 41.2457 34.5319 45.5399 32.029 28.5208
threshold=1.3038259658910809 0.50943396226415205 0.30001989302042048 0 1.3701164318277088 0.020467697969702828 0.020515711254523093 0.22972037910567764 0.23611111111111113 -0.72275713693377475 -0.68399720675543174 0.75277259429168508 1 0.025136816731247669
decision_type=10 10 10 1 10 2 10 10 10 10 10 10 1 10
left_child=-1 7 4 -4 5 -3 -5 8 9 12 -6 13 -2 -12
right_child=1 2 3 6 10 -7 -8 -9 -10 -11 11 -13 -14 -15
leaf_value=0.00022550210166577146 0.017092851767064009 -0.013001383112519414 0.0090660991475537446 -0.0019430030511459031 0.019731567916395687 0.004921561575093495 -0.014614032789392724 0.00014369147892402619 -0.011761826877675947 -0.0068917563432056373 -0.0085520156150072218 0.023603830395056969 -0.0021567210557680368 0.0068108529046849459
leaf_weight=46844.780226677656 128.71853524446487 165.61460141837597 242.7453735023737 698.66795958578587 203.52894426882267 265.46846283972263 281.2532967031002 1016.0567909032106 860.96957226842642 491.00704701989889 161.91343481838703 90.149890631437302 160.77428361773491 286.48357166349888
leaf_count=213203 599 774 1084 3218 952 1206 1282 4654 4101 2342 755 414 753 1312
internal_value=4.07634e-05 -0.00166884 0.00122516 -0.00263758 0.00523918 -0.00210277 -0.00563377 -0.00427266 -0.00699066 -0.00164538 0.00947548 0.00531043 0.00718596 0.00119787
internal_weight=51898.1 5053.35 2395.83 1222.67 1173.16 431.083 979.921 2657.53 1641.47 780.5 742.076 538.547 289.493 448.397
internal_count=236649 23446 10997 5584 5413 1980 4500 12449 7795 3694 3433 2481 1352 2067
cat_boundaries=0 1 2
cat_threshold=260 88
is_linear=0
shrinkage=0.03


Tree=250
num_leaves=15
num_cat=0
split_feature=39 11 15 1 16 1 36 45 37 40 40 37 37 39
split_gain=18.9212 61.1245 48.5161 49.4513 42.7852 53.9414 46.8516 33.6456 32.094 30.7021 42 76.9722 66.1675 62.4221
threshold=1.0767330620930282 2.0273698035533445 0.53089721291525738 0.0059077594814355662 0.67545575279270775 0.0084141789743122485 -0.80196654257491262 0.91996986486662979 1.4156521236051713 0.41208371036096603 1.4741246670191961 1.7777122455150398 1.2263824772261935 0.64353678188379748
decision_type=10 8 10 10 10 10 10 8 10 10 10 10 10 10
left_child=9 2 -2 -4 5 -5 -7 -3 -9 -1 11 -11 13 -12
right_child=1 7 3 4 -6 6 -8 8 -10 10 12 -13 -14 -15
leaf_value=0.00024212171414905739 0.0097081073762780318 -0.015019123257094128 0.0092010212406809181 0.0056470101380391964 0.001971344403519835 0.013366966406591988 -0.0079517579424197293 0.003610598106049545 -0.013263778731034808 -0.0027625726365293739 -0.002858805685049108 0.012170863093882493 -0.011058112446244012 0.013210406686095598
leaf_weight=32145.744738005102 669.81339365243912 277.26029570400715 647.71278770267963 436.25785028934479 5167.7695586681366 91.243737950921059 1242.858991548419 308.16445681452751 139.16461856663227 9228.487261377275 340.01685377955437 311.6939547508955 208.80258494615555 579.43309056758881
leaf_count=147618 2877 1289 2728 1893 22966 379 5598 1407 648 42555 1498 1360 890 2491
internal_value=4.19013e-05 0.0012931 0.00202881 0.00133885 0.000592689 -0.00342014 -0.0064051 -0.00700272 -0.00181428 -0.000220778 -0.00161449 -0.00226244 0.00383612 0.00730111
internal_weight=51794.4 8980.25 8255.66 7585.84 6938.13 1770.36 1334.1 724.589 447.329 42814.2 10668.4 9540.18 1128.25 919.45
internal_count=236197 39785 36441 33564 30836 7870 5977 3344 2055 196412 48794 43915 4879 3989
is_linear=0
shrinkage=0.03


Tree=251
num_leaves=15
num_cat=1
split_feature=40 40 35 40 35 45 45 46 12 27 8 9 12 15
split_gain=14.5824 32.0556 31.9293 59.9232 30.7135 31.97 41.3225 37.8552 27.0582 26.9069 27.5452 34.5795 27.8776 26.5399
threshold=0.41208371036096603 0.40154814174764081 -1.0979416159164725 0.90621062324824175 0.20883752168877021 0.58438073375747057 0.72177420148979743 0 0.011867296616535477 0.1779593533924104 0.89291101308054521 0.3095402740147965 0.013530809476388499 0.74204708176793488
decision_type=10 10 10 10 10 8 10 1 2 10 8 8 2 10
left_child=1 9 3 -2 5 -4 7 -7 -9 -1 13 -12 -13 -11
right_child=2 -3 4 -5 -6 6 -8 8 -10 10 11 12 -14 -15
leaf_value=-0.00094331894071378894 -0.0036882378094497889 0.011660541349069669 -0.010472186449806901 0.010369360427933398 -8.4155555475050461e-05 -0.0023726287517239668 -0.002989265902806413 0.0025401086530273888 0.017689640485048834 0.0008632543892699683 -0.0083401737173739478 0.0084093177218283344 -0.0021447839962258092 0.005527791709848376
leaf_weight=13063.598010145128 486.089095890522 207.89244064688683 431.10558091104031 600.81339919567108 9970.9217167198658 417.24776075780392 6139.3349099308252 210.13862666487694 212.70508152246475 17012.863504417241 625.38112273812294 280.45180553197861 993.41197304427624 1164.1938284486532
leaf_count=59997 2243 936 1912 2526 44738 1868 28339 939 938 78234 2840 1240 4418 5177
internal_value=-0.000183127 0.000191414 -0.000859163 0.00410615 -0.00117184 -0.00263324 -0.00213475 0.00407171 0.0101588 0.00011597 0.000805373 -0.00262344 0.000226192 0.00116488
internal_weight=51816.1 33347.8 18468.4 1086.9 17381.5 7410.53 6979.43 840.091 422.844 33139.9 20076.3 1899.24 1273.86 18177.1
internal_count=236345 152842 83503 4769 78734 33996 32084 3745 1877 151906 91909 8498 5658 83411
cat_boundaries=0 1
cat_threshold=412
is_linear=0
shrinkage=0.03


Tree=252
num_leaves=15
num_cat=0
split_feature=6 38 20 12 33 11 11 33 39 38 11 16 34 31
split_gain=18.7641 25.9804 20.779 44.1157 43.8521 31.381 31.1559 26.1513 44.3377 48.0824 41.1619 55.1152 37.9547 51.4156
threshold=1.8831786660596952 1.4041492577238197 0.72260559789066392 0.0062589244738169318 -0.53831087240233366 1.5412844251171343 -0.45482395311662471 0.16645425961709276 0.93477581139694654 -0.49089043654240366 -0.55916481188278222 0.51327091408168768 -0.16090913384345507 0.32858850193947647
decision_type=10 10 8 2 8 10 10 8 8 10 8 10 10 10
left_child=2 -2 7 -4 5 -5 -6 12 10 -10 11 -9 -1 -14
right_child=1 -3 3 4 6 -7 -8 8 9 -11 -12 -13 13 -15
leaf_value=0.00044609690950882437 0.00030881678711523443 0.0075299213375868016 0.013211117795145893 0.0040581432418780507 -0.0081593282608507338 -0.0072705457861745237 -0.0020303053132125098 0.001992474723356633 0.015234282020421073 0.0030860779616934436 -0.000816899467051467 0.020723172412677911 -0.0034320996566282215 0.0018797209262021214
leaf_weight=15425.368142828345 1242.3359417915344 692.48946467041969 172.27491226792336 1545.5881720334291 843.81175953149796 246.96542556583881 6059.6751333922148 5197.9766825512052 324.51473201811314 2460.7731417268515 9002.9929329827428 135.52018640935421 6286.4235971346498 2210.3792396634817
leaf_count=70941 5440 2977 725 6822 3947 1108 27362 23686 1366 10797 40959 615 29448 10262
internal_value=2.77566e-05 0.00291874 -8.48731e-05 -0.00140086 -0.00170517 0.00246568 -0.00279017 0.000199742 0.0010945 0.00455091 0.00042029 0.0025063 -0.000440854 -0.00204968
internal_weight=51847.1 1934.83 49912.3 8868.32 8696.04 1792.55 6903.49 41043.9 17121.8 2785.29 14336.5 5333.5 23922.2 8496.8
internal_count=236455 8417 228038 39964 39239 7930 31309 188074 77423 12163 65260 24301 110651 39710
is_linear=0
shrinkage=0.03


Tree=253
num_leaves=15
num_cat=1
split_feature=11 46 32 38 33 39 40 36 33 38 20 40 38 39
split_gain=22.8772 49.3517 22.7981 31.079 28.671 28.2157 36.8496 25.6545 32.6041 38.5821 33.7862 32.7906 57.7403 51.869
threshold=3.1959690996984662 0 -0.23122928383434913 -2.6119452810248469 0.16645425961709276 -1.8876272350736987 -1.6823852431989177 -2.3056560012434288 -0.50210619652654276 1.1913822755029051 1.1683926617689442 -0.59705149268482616 -1.3939149835849485 -1.0199487753842738
decision_type=10 1 8 8 10 8 10 8 8 10 8 8 8 8
left_child=2 -2 4 -4 -1 6 -5 -7 9 -9 11 -10 -13 -14
right_child=1 -3 3 5 -6 7 -8 8 10 -11 -12 12 13 -15
leaf_value=3.0775313494460266e-05 0.023955533881327266 -0.003651699115272787 -0.014829959502780555 0.0014440848364431068 0.0026343669505515532 -0.010160970832486632 0.023097951587484983 0.00090319972930020869 -0.0027126889992283212 0.010039171655207159 -0.0042053281667732076 -0.013360901099870884 0.01189434330883978 -1.5585283099347202e-05
leaf_weight=12934.379038691521 89.78535221517086 119.84107348322868 126.0394391566515 228.04621401429176 5384.2772417366505 238.01798582077026 93.50489342212677 4704.4589083567262 5040.8385989516973 446.71182522177696 2497.1741627305746 277.2782879024744 324.77072994410992 19437.416563093662
leaf_count=59148 394 547 670 1041 24094 1182 389 21501 23565 1993 11264 1365 1454 88255
internal_value=-1.22443e-05 0.00964961 -5.32523e-05 -0.000519512 0.000797051 -0.000460891 0.00824763 -0.000548307 -0.000475317 0.00171339 -0.000884617 -0.000552439 -7.95594e-06 0.000186059
internal_weight=51942.5 209.626 51732.9 33414.3 18318.7 33288.2 321.551 32966.7 32728.6 5151.17 27577.5 25080.3 20039.5 19762.2
internal_count=236862 941 235921 152679 83242 152009 1430 150579 149397 23494 125903 114639 91074 89709
cat_boundaries=0 1
cat_threshold=620
is_linear=0
shrinkage=0.03


Tree=254
num_leaves=15
num_cat=1
split_feature=44 45 45 40 46 40 11 45 12 9 30 16 38 20
split_gain=20.8525 39.2086 40.2171 35.7409 38.0369 31.3944 35.2994 30.6843 30.8902 29.8033 42.8891 49.1044 36.3786 30.3909
threshold=0.020112046659949982 1.0257125731404557 1.1328431485431893 0.63945269243945102 0 0.87116728366387053 -1.1960634667706789 1.2227003229789559 0.036584763857541718 1.1808314961369422 2.5000000000000004 0.63772094833131254 0.47732997723432202 1.8315396132392847
decision_type=8 10 10 8 1 10 8 10 2 8 2 10 10 10
left_child=9 5 -3 -4 -5 6 -2 -6 -9 -1 11 -11 -12 -14
right_child=1 2 3 4 7 -7 -8 8 -10 10 12 -13 13 -15
leaf_value=-0.00010477941352800048 0.010300218323899248 -0.0047245002172526616 0.0033670431472174081 0.0040835052688088271 0.0010518208259402224 0.0070916530671778846 0.00076187650123900677 -0.0069890920655916976 -0.024575452089159674 -0.016222428220152837 0.0047003902059162073 -0.0036998448575139729 -0.0052672555322679487 0.0098473723466817667
leaf_weight=38016.602306395769 375.70188784599304 1565.2799501717091 2180.0837357267737 428.47700513899326 279.42094196379185 1245.5038990080357 3712.9612662792206 399.33152076601982 111.84316912293434 360.45293815433979 835.63655789196491 1218.3820796310902 1005.7884064465761 126.41056914627552
leaf_count=174301 1695 7052 9880 1927 1276 5411 16652 1832 510 1703 3702 5648 4439 544
internal_value=-5.10116e-05 0.00115681 -0.00076144 0.00107202 -0.00302621 0.00294019 0.00166133 -0.00684779 -0.0112346 -0.000350494 -0.0029766 -0.0066429 -1.63359e-05 -0.00350826
internal_weight=51861.9 10298.6 4964.44 3399.16 1219.07 5334.17 4088.66 790.596 511.175 41563.3 3546.67 1578.84 1967.84 1132.2
internal_count=236572 46235 22477 15425 5545 23758 18347 3618 2342 190337 16036 7351 8685 4983
cat_boundaries=0 1
cat_threshold=326
is_linear=0
shrinkage=0.03


Tree=255
num_leaves=15
num_cat=1
split_feature=14 12 15 39 45 40 0 0 1 12 10 39 39 46
split_gain=20.1092 49.5638 40.5531 49.3504 36.2001 43.4971 40.4268 39.1063 29.8551 57.1371 41.3078 41.6216 60.2825 38.4681
threshold=0.29143823998178431 0.027986661552477785 0.62416553027264554 0.758767869929445 1.2188667377421136 -1.5388585142873519 0.0036267228002142119 0.0073995840224896784 0.0059077594814355662 0.0087855578129051228 -1.5385982140919758 -0.22708146436787377 0.95219857194658142 0
decision_type=8 2 8 10 8 10 10 10 10 2 8 8 10 1
left_child=1 4 3 -3 6 -6 -1 -7 10 13 -2 -12 -13 -10
right_child=8 2 -4 -5 5 7 -8 -9 9 -11 11 12 -14 -15
leaf_value=-0.0087100631566754752 -0.016246261452204234 0.0025317106031195438 -0.0099298330196072489 0.017511167849578013 0.014137038236695003 0.0023266109600771686 -0.00068650174024804825 -0.0096477831035278565 0.0053479139806008628 0.00022053977202048282 0.0078015909941807036 -0.0019664213651584147 0.0079221143189701776 -0.0089463348321284566
leaf_weight=594.74002030491829 90.524211212992668 1917.1869444996119 193.68540477752686 211.52614714205265 81.490278497338295 302.73600724339485 8680.3148488476872 1214.4706314057112 193.98202843219042 33648.786475107074 1218.9586730748415 1788.731979444623 792.58473268151283 958.15628516674042
leaf_count=2888 422 8485 865 898 399 1520 40629 5928 924 152486 5456 7971 3352 4476
internal_value=-7.12479e-05 -0.00108207 0.00288789 0.00409511 -0.00193184 -0.00608717 -0.00120982 -0.00725888 0.000273692 -5.27004e-06 0.00276246 0.0032567 0.00108868 -0.00654531
internal_weight=51887.9 13196.2 2322.4 2128.71 10873.8 1598.7 9275.05 1517.21 38691.7 34800.9 3890.8 3800.28 2581.32 1152.14
internal_count=236699 61612 10248 9383 51364 7847 43517 7448 175087 157886 17201 16779 11323 5400
cat_boundaries=0 1
cat_threshold=272
is_linear=0
shrinkage=0.03


Tree=256
num_leaves=15
num_cat=0
split_feature=5 37 40 38 39 1 39 40 37 40 39 38 38 30
split_gain=23.1478 25.7947 65.7618 56.0785 74.8539 55.1705 54.9112 74.4831 66.8276 61.995 61.9633 90.9302 53.2766 52.9096
threshold=-2.2399165672308285 -0.14960318950031029 -1.5774181993146279 -0.1808905395500216 -1.3235634911806986 0.016771030651519879 0.45834371885149988 1.0000000180025095e-35 -1.117365557156687 -0.27676452178706351 -0.50697222414922305 -0.89447341339668018 -1.4286301953495417 1.5000000000000002
decision_type=8 10 10 8 8 8 10 10 10 10 10 10 10 2
left_child=-1 3 -3 5 -5 6 9 -8 -9 10 -2 -12 -11 -4
right_child=1 2 13 4 -6 -7 7 8 -10 12 11 -13 -14 -15
leaf_value=-0.0045370578240803861 -0.0015582823921832119 -0.015752777009210336 -0.0023153729093575892 0.017501139962304488 0.002765437979574464 0.0034419362392248565 0.020211334824421306 0.020619539124186854 -0.00076024974857325498 -0.017490042404424751 0.013304303334862488 -0.0011972337289942814 -0.0037714217970847047 0.00046654546529267284
leaf_weight=972.98821941018105 5126.0651908367872 240.11076038330793 8512.0864066779613 324.85509826242924 4340.8581157624722 3387.9354168921709 218.26082833111286 138.09613563120365 1174.5327769517899 266.92627742141485 689.84575945138931 873.21710222959518 3379.0349494442344 22125.39953905344
leaf_count=4595 24494 1318 39285 1386 19437 14953 962 618 5301 1356 3191 4011 15981 99308
internal_value=2.26952e-05 0.00011091 -0.000432037 0.000952331 0.00382666 7.12292e-05 -0.000893252 0.00439135 0.00162792 -0.00167952 3.73337e-05 0.0052468 -0.00482088 -0.000306865
internal_weight=51770.2 50797.2 30877.6 19919.6 4665.71 15253.9 11866 1530.89 1312.63 10335.1 6689.13 1563.06 3645.96 30637.5
internal_count=236196 231601 139911 91690 20823 70867 55914 6881 5919 49033 31696 7202 17337 138593
is_linear=0
shrinkage=0.03


Tree=257
num_leaves=15
num_cat=0
split_feature=5 38 38 36 40 37 37 30 38 38 0 30 36 40
split_gain=23.9512 29.7875 26.5489 28.2778 28.9387 61.7924 36.4717 42.3486 27.7742 48.5339 52.3231 41.6238 37.7583 33.3086
threshold=-1.8474172222003842 -1.9660167101013237 -2.9320192544958776 -0.28579423544681298 -1.6300809730482866 -1.615803495231223 -1.0660773483132269 5.5000000000000009 -1.4990529980008322 -1.0693370702757503 0.008725407305491267 2.5000000000000004 0.25631591288248534 -0.70711651716964619
decision_type=8 10 8 10 10 10 10 2 10 10 10 2 10 10
left_child=1 -1 -2 -4 5 -5 7 8 13 10 -10 -12 -11 -6
right_child=2 -3 3 4 6 -7 -8 -9 9 12 11 -13 -14 -15
leaf_value=0.0053750179454834035 -0.012883679866122856 -0.0049199940371426245 0.0013282941909694597 0.011579255225723693 -0.0029910924433741368 -0.012787346903144337 0.0001100920439626267 -0.02003762362823815 0.022772882252187088 0.0016409536935188904 0.01243189787779693 -0.010765669941512257 -0.012530649690207549 -0.020832264187523441
leaf_weight=293.5920824110508 128.65096513926983 1542.5679036080837 15447.396688953042 113.25421120226383 262.78131158649921 395.71582519263029 32349.358388036489 134.50916544348001 129.01818875968456 342.77560395747423 119.63118425011635 140.36127527058125 320.28033097088337 140.48337458074093
leaf_count=1425 643 7153 69732 540 1280 2250 147220 712 627 1596 542 687 1473 720
internal_value=0.000102042 -0.00325368 0.000225841 0.000262218 -0.000216084 -0.00724673 -0.000108545 -0.00453015 -0.00296991 -0.000377634 0.00791625 -2.65867e-05 -0.00528892 -0.00956003
internal_weight=51860.4 1836.16 50024.2 49895.6 34448.2 508.97 33939.2 1589.84 1455.33 1052.07 389.011 259.992 663.056 403.265
internal_count=236600 8578 228022 227379 157647 2790 154857 7637 6925 4925 1856 1229 3069 2000
is_linear=0
shrinkage=0.03


Tree=258
num_leaves=15
num_cat=0
split_feature=23 10 27 40 35 40 39 39 37 0 11 35 38 30
split_gain=20.9019 23.0726 18.7307 28.8671 39.8834 41.4142 37.6667 40.6933 48.1952 60.178 58.7447 38.9357 40.6042 43.4616
threshold=0.11521820429976444 0.15036124011800586 0.076476781446960393 0.46665899233000291 -1.1768542058331051 0.90621062324824175 0.45834371885149988 1.450990479986296 0.83001485325426416 0.014806838515944285 0.45695013235722676 0.3860650771882464 -0.76085290113272264 3.5000000000000004
decision_type=10 8 10 10 10 10 8 10 8 8 8 10 10 2
left_child=2 -2 -1 6 5 -5 -4 8 10 -10 11 12 13 -8
right_child=1 -3 3 4 -6 -7 7 -9 9 -11 -12 -13 -14 -15
leaf_value=-0.0012203458930618088 0.00049965843970259231 -0.019538167499493064 0.0003815925934863995 -0.0031058800287041177 -0.0011739439465275406 0.012627050390116232 0.018646124443614423 -0.0063652405528543416 0.015082104866181568 -0.00172573343269311 0.0066272097971240918 0.0048422106392939455 -0.010284089967242201 -0.0086487590439016365
leaf_weight=9401.7544621899724 102.00673870742321 93.900602743029594 24162.51635979861 240.68914352357388 13702.059520587325 377.98747275769711 96.758978828787804 329.12578563392162 667.52830742299557 264.71408203244209 1362.9092886447906 419.1415368616581 585.10482582449913 94.754545733332634
leaf_count=43031 473 414 111234 1114 62092 1585 430 1477 2894 1138 5955 1855 2669 431
internal_value=-4.78768e-05 -0.00958714 -9.88625e-06 0.000259359 -0.000835733 0.00655429 0.000819896 0.00358402 0.00453755 0.0103418 0.00239077 -0.00245279 -0.00640141 0.00538249
internal_weight=51901 195.907 51705 42303.3 14320.7 618.677 27982.6 3820.04 3490.91 932.242 2558.67 1195.76 776.618 191.514
internal_count=236792 887 235905 192874 64791 2699 128083 16849 15372 4032 11340 5385 3530 861
is_linear=0
shrinkage=0.03


Tree=259
num_leaves=15
num_cat=0
split_feature=20 11 31 33 27 38 10 33 1 40 35 18 39 44
split_gain=23.2129 31.6624 30.7909 25.8939 25.5901 23.199 22.5738 20.5561 19.887 23.8817 22.9487 19.5245 29.5742 29.0476
threshold=1.1017280211019354 -0.5479962959097312 0.79933636813957409 -0.62551214156882529 0.096681254117309531 -1.4286301953495417 0.87342672723969617 0.17278604028571662 0.022349980839472112 -0.69353555611436823 -1.3422989876975417 4.7351696720704668 1.40863914065403 0.058618516032012812
decision_type=10 10 10 10 10 10 8 10 8 10 10 2 10 10
left_child=2 7 4 -3 -1 8 -7 -2 9 10 -4 12 -5 -14
right_child=1 3 5 11 -6 6 -8 -9 -10 -11 -12 -13 13 -15
leaf_value=-0.0014661739170162395 -0.0037240259973646797 0.0042071108735710714 0.0080297840799512087 -0.00051424362894362456 0.00039387397458366392 0.0033727587241698712 -0.00076533748515765379 -0.018174878303820381 0.0088043701218669477 -0.016595577394884084 -0.0074419103185763514 0.0031114370408859508 -0.0083991363887054755 0.0018500448788125845
leaf_weight=8494.0234509259462 205.81256800889969 684.83955465257168 125.37159793078899 1957.1073642969131 30636.008991792798 5720.0791688263416 1492.122685149312 154.95844005048275 87.110525816679001 130.1094828248024 229.06106975674629 553.50337193906307 1127.9707644432783 314.44820007681847
leaf_count=39177 957 2997 611 8731 140410 25495 6639 722 369 648 1088 2399 5164 1441
internal_value=0.000125611 -0.00181577 0.000332806 -0.00113874 -1.01613e-05 0.00205473 0.00251676 -0.0102537 -0.00371745 -0.00610113 -0.00189902 -0.00207316 -0.00292395 -0.00616745
internal_weight=51912.5 4998.64 46913.9 4637.87 39130 7783.85 7212.2 360.771 571.653 484.542 354.433 3953.03 3399.53 1442.42
internal_count=236848 22411 214437 20732 179587 34850 32134 1679 2716 2347 1699 17735 15336 6605
is_linear=0
shrinkage=0.03


Tree=260
num_leaves=15
num_cat=1
split_feature=35 1 38 39 1 32 30 20 11 38 10 46 11 39
split_gain=22.8891 39.7938 24.1747 39.2316 22.5409 20.4016 20.1972 80.7956 36.5875 49.9386 65.8947 38.3217 39.9737 31.2177
threshold=-2.0890591837551153 0.016771030651519879 -2.6119452810248469 -2.3116034332004776 0.014162390598380866 -1.7150608978837971 5.5000000000000009 -0.94968048813978034 1.5121175970145071 1.2166716009893908 0.16100151584967107 0 -1.9197652119092841 -0.041262707047292665
decision_type=10 10 10 10 10 8 2 10 8 10 10 1 10 10
left_child=1 5 4 -4 -2 -1 -5 -8 9 11 -11 12 -9 -14
right_child=2 -3 3 6 -6 -7 7 8 -10 10 -12 -13 13 -15
leaf_value=0.00027240341219728087 -0.01745264685050053 0.0051216351701119673 0.018766652718469244 0.00045364266737164404 0.0024599200405298061 -0.0090918750791923186 -0.012458373017711896 -0.016532614996036872 -0.0067873069307659468 0.025116704652539373 0.00073969585552258448 -0.0027536837096047927 0.0067161895940710961 3.0319778408388527e-05
leaf_weight=286.29030323028564 123.10469304025173 340.5234741717577 92.737750425934792 43033.924250639975 79.510485604405403 763.80619837343693 527.23968283087015 88.255203410983086 700.51888294517994 155.64204230904579 252.66112200915813 2834.7280113250017 1115.2725268676877 1424.0260181874037
leaf_count=1418 686 1436 409 195005 361 3819 2683 422 3254 701 1128 13400 5221 6496
internal_value=9.93087e-05 -0.00368364 0.000204339 0.000247023 -0.00989036 -0.00656038 0.000209029 -0.0012725 -0.000357425 0.000420071 0.0104103 -0.000344356 0.00225741 0.00298161
internal_weight=51818.2 1390.62 50427.6 50225 202.615 1050.1 50132.3 7098.34 6571.1 5870.58 408.303 5462.28 2627.55 2539.3
internal_count=236439 6673 229766 228719 1047 5237 228310 33305 30622 27368 1829 25539 12139 11717
cat_boundaries=0 1
cat_threshold=395
is_linear=0
shrinkage=0.03


Tree=261
num_leaves=15
num_cat=1
split_feature=46 16 1 45 7 8 0 19 38 0 45 20 45 18
split_gain=17.3875 39.6089 49.7283 73.8932 58.2651 45.3951 32.4599 26.1834 24.7609 28.289 24.5155 30.757 30.5795 46.7611
threshold=0 0.82867035879738837 0.018690971343422506 1.3038259658910809 -0.61393940959970739 1.1743728729060765 0.015922121076545229 -7.5487983781077892 2.4326689520438873 0.0084564639357465037 1.3038259658910809 -1.1407985822193376 1.3925682664984527 -0.6438259347288392
decision_type=1 10 10 8 10 8 10 2 10 10 8 8 8 2
left_child=1 2 3 -1 -5 6 -4 -8 10 -10 -2 -12 -13 -14
right_child=8 -3 5 4 -6 -7 7 -9 9 -11 11 12 13 -15
leaf_value=0.0018174903806198741 -0.000168996974990268 -0.0021403232111115041 -0.0074653861010598732 -0.0042715294885380889 0.022565989800002729 -0.01944781273442606 0.014414337162370448 -0.00033202030276967547 -0.0055882371498955676 0.0095622205900056413 0.009020117320995889 -0.0064359174283405126 -0.0064519234423004359 0.002154351032364654
leaf_weight=11639.539122469723 29642.57263302803 3333.5656029134989 583.16907712817192 95.514511376619339 262.27563285827637 127.17928963899612 108.31479164958 1284.305117405951 141.02267506718636 428.75412671267986 185.2986458837986 1567.8736559599638 896.15995934605598 1514.539531826973
leaf_count=52753 135960 14797 2712 436 1172 587 452 5639 601 1835 908 7394 4206 6979
internal_value=2.45944e-05 0.000795795 0.00149154 0.0022375 0.0154802 -0.0027546 -0.00158755 0.000909508 -0.000366762 0.0057807 -0.000472159 -0.00262479 -0.00318839 -0.00105841
internal_weight=51810.1 17433.9 14100.3 11997.3 357.79 2102.97 1975.79 1392.62 34376.2 569.777 33806.4 4163.87 3978.57 2410.7
internal_count=236431 78548 63751 54361 1608 9390 8803 6091 157883 2436 155447 19487 18579 11185
cat_boundaries=0 1
cat_threshold=262
is_linear=0
shrinkage=0.03


Tree=262
num_leaves=15
num_cat=1
split_feature=44 11 12 40 11 40 16 45 45 46 12 20 12 45
split_gain=19.2584 31.8409 26.3018 29.2418 24.8678 46.2009 29.9182 26.9557 22.7419 58.8445 47.6131 44.6675 49.9109 52.9239
threshold=-0.009418482992934336 3.1959690996984662 0.03294658031181457 -2.0528654686053511 1.6025131226962299 0.65122001973708354 0.77319898068541459 0.95529589978209162 1.0573507839377003 0 0.010032327816844828 0.72260559789066392 0.013530809476388499 1.1328431485431893
decision_type=8 10 2 8 10 8 10 10 10 1 2 10 2 10
left_child=2 8 -1 -4 5 7 -6 -5 -2 10 -10 -11 -13 -14
right_child=1 -3 3 4 6 -7 -8 -9 9 11 -12 12 13 -15
leaf_value=-0.0010860516907744825 0.0011214948462325853 0.015328912166287264 -0.011833142092546888 -0.00545719264167504 0.0021520600525186642 0.013672340604994964 -0.017888218057557331 0.0038243075788998064 -0.022018598321249808 0.001533937742652147 -0.0039816194481573346 0.008123331026108023 -0.011028504299613053 -0.0015683143069855905
leaf_weight=17220.791107423604 19044.195600874722 120.19027981162071 117.24474963545799 342.04225887358189 172.23350541293621 360.20504793524742 97.894616216421127 1409.2329721152782 133.03156588971615 7945.7847235202789 1805.2307063043118 331.72659854590893 711.28892506659031 2047.1445632129908
leaf_count=79448 86003 527 524 1505 766 1579 444 6125 662 36490 8429 1502 3259 9346
internal_value=6.93582e-05 0.000522156 -0.000668492 0.00220197 0.0029395 0.00403868 -0.00548986 0.00199084 0.000461806 -0.000506636 -0.00529904 0.000343584 -0.00271116 -0.00403874
internal_weight=51858.2 32138.6 19719.6 2498.85 2381.61 2111.48 270.128 1751.28 32018.4 12974.2 1938.26 11035.9 3090.16 2758.43
internal_count=236609 146218 90391 10943 10419 9209 1210 7630 145691 59688 9091 50597 14107 12605
cat_boundaries=0 1
cat_threshold=81
is_linear=0
shrinkage=0.03


Tree=263
num_leaves=15
num_cat=0
split_feature=40 38 37 29 40 40 1 15 1 39 39 11 38 38
split_gain=17.5866 29.5741 48.3214 26.6345 20.8721 37.4229 49.1143 35.7435 37.3564 31.7057 50.0049 47.7984 41.4067 39.7507
threshold=2.8855249337096849 2.6300836929250067 1.8884532192127554 13.000000000000002 2.23283889851727 1.6877905140902369 0.0059779137586030767 0.86604282483281758 0.0096737528060814888 1.1672008633511177 0.64353678188379748 -0.23790395433225867 1.7149013617867681 0.73948419223108386
decision_type=10 8 8 2 10 10 10 8 10 10 10 10 8 10
left_child=1 4 -3 -4 5 -1 -7 8 -6 10 -8 -11 -13 -12
right_child=-2 2 3 -5 7 6 9 -9 -10 11 13 12 -14 -15
leaf_value=-0.00018036670878668752 -0.008841867335525045 0.016692654561626722 -0.0082701823529669934 0.0083518861826837199 0.0087857051825889591 0.01958530826314844 -0.0081187293990804005 -0.012938138921540755 -0.0068356912682724577 -0.016902804686191847 0.024180184012296237 0.0049505825822889621 -0.0085835054461989527 0.0042239251986655978
leaf_weight=48383.569309428334 194.12055736780167 239.25760109722614 182.03883810341358 148.32851272821426 231.58497403562069 157.86792355775833 108.3967464864254 297.02151687443256 310.62765923142433 122.88986273109913 178.10755501687527 938.43576484918594 249.3817941993475 181.77861595153809
leaf_count=221420 876 998 771 635 1003 653 463 1358 1438 552 740 4121 1122 763
internal_value=-5.33807e-05 -1.86983e-05 0.00671972 -0.000781081 -9.50241e-05 -1.63092e-05 0.0040618 -0.004759 -0.000125345 0.00258246 0.00919394 0.000168617 0.00206117 0.014487
internal_weight=51923.4 51729.3 569.625 330.367 51159.7 50320.4 1936.86 839.234 542.213 1778.99 468.283 1310.71 1187.82 359.886
internal_count=236913 236037 2404 1406 233633 229834 8414 3799 2441 7761 1966 5795 5243 1503
is_linear=0
shrinkage=0.03


Tree=264
num_leaves=15
num_cat=0
split_feature=31 40 35 41 10 19 39 30 39 35 40 40 10 12
split_gain=22.1305 17.6113 40.4122 46.8124 41.3701 37.5528 36.0739 90.1832 51.3483 45.1898 32.634 31.9859 31.9296 38.9046
threshold=2.8312508026343428 0.41208371036096603 -1.3422989876975417 0.55000000000000016 -0.69172358989079175 -3.0163233564781531 0.78443120026194424 1.5000000000000002 1.40863914065403 0.45589069245063457 0.14189900311352202 1.0321956605276676 0.90094626267923539 0.020136529314099851
decision_type=10 8 8 2 8 2 10 2 10 10 10 10 8 2
left_child=1 6 3 11 5 -4 -1 12 9 -9 -10 -3 -8 -14
right_child=-2 2 4 -5 -6 -7 7 8 10 -11 -12 -13 13 -15
leaf_value=4.3644794619457684e-06 0.0067002846270436687 -0.003807705867908886 -0.0011090934200041068 0.023300970098553569 -0.00073367312809414153 -0.010931081040815804 0.0016268324683308196 0.0055183072835015418 -0.01699011502672591 0.017144807487993623 0.0066720552838380361 0.011175539942150115 -0.023139720081191247 -0.0027607472707563484
leaf_weight=30971.858982823789 418.16815574467182 296.68907178938389 693.47889280319214 111.67788265645504 16273.795301303267 703.24251551926136 341.54261967539787 723.3032111376524 100.3954057097435 523.92761491239071 92.122100189328194 211.1879595220089 135.04348973929882 208.91945497691631
leaf_count=142594 1777 1377 3278 463 73519 3314 1508 3090 441 2199 400 881 614 940
internal_value=-9.1916e-05 -0.000148481 -0.000895319 0.006575 -0.00116081 -0.00609697 0.000264381 0.0040359 0.00828172 0.0104998 -0.0058971 0.00251819 -0.00487235 -0.0111894
internal_weight=51805.4 51387.2 18290.1 619.555 17670.5 1396.72 33097.1 2125.25 1439.75 1247.23 192.518 507.877 685.506 343.963
internal_count=236395 234618 82832 2721 80111 6592 151786 9192 6130 5289 841 2258 3062 1554
is_linear=0
shrinkage=0.03


Tree=265
num_leaves=15
num_cat=0
split_feature=36 12 40 14 36 39 40 11 40 35 19 35 39 39
split_gain=15.7466 46.1829 28.6375 24.2306 20.0961 34.1853 48.2047 35.5233 30.7521 30.558 36.4118 29.7527 31.084 29.2181
threshold=-2.4533527491768634 0.049613671118742687 -0.79859734425339701 0.094668875747627335 -0.27787662703641075 1.7459370174669557 1.4236364487916544 -0.45482395311662471 -1.6300809730482866 0.3012447723713913 0.89260331676120674 -0.36690986691511485 -1.800661752700941 -1.800661752700941
decision_type=8 2 10 10 10 10 8 8 10 10 2 10 10 10
left_child=1 2 3 -1 5 6 9 -8 11 -2 -11 -6 -13 -10
right_child=4 -3 -4 -5 8 -7 7 -9 13 10 -12 12 -14 -15
leaf_value=0.007782775145156534 0.00056663003436831704 0.012507744426514292 -0.016819263462603592 -0.0072563828486613899 0.0083591154442064063 -0.0067292623349609311 -0.0072061108721687408 0.011926472884452744 0.014791548212140383 0.017290960140942044 0.0014444255465964168 0.0014649717442619665 -0.01607831765406581 -0.00028866242484121713
leaf_weight=123.84959682822227 14919.585324794054 116.10941402614117 190.82196553051472 340.39010787010193 79.803456887602806 499.57831068336964 96.204071745276451 560.99383181333542 106.03083708882332 208.1980122923851 329.76685251295567 127.77457599341869 292.11271961778402 33889.924536280334
leaf_count=601 67756 481 978 1706 400 2231 411 2343 442 929 1420 631 1723 154720
internal_value=1.2184e-06 -0.00422593 -0.00733544 -0.00316474 6.58138e-05 0.000922667 0.00116391 0.00905972 -0.000347025 0.000822572 0.00778083 -0.00766141 -0.0108299 -0.000237293
internal_weight=51881.1 771.171 655.062 464.24 51110 16614.3 16114.7 657.198 34495.6 15457.6 537.965 499.691 419.887 33996
internal_count=236772 3766 3285 2307 233006 75090 72859 2754 157916 70105 2349 2754 2354 155162
is_linear=0
shrinkage=0.03


Tree=266
num_leaves=15
num_cat=0
split_feature=38 1 1 39 40 40 30 36 40 38 39 30 12 40
split_gain=18.2337 67.1813 57.4799 49.5434 77.1586 57.0842 75.663 70.327 64.2208 53.924 46.5012 43.803 57.4853 52.7542
threshold=-0.1808905395500216 0.013323550772864106 0.013193843933291352 -0.42773307371618113 -0.44591312048374832 -0.084923098836690317 2.5000000000000004 1.138033260898224 0.13369643035102363 0.48685513334490788 -0.24640490219588498 2.5000000000000004 0.016961828225413283 1.3064938115168161
decision_type=8 8 8 10 10 8 2 10 10 8 10 2 2 10
left_child=1 -1 3 5 10 -2 7 9 -8 -7 -5 12 -6 -14
right_child=2 -3 -4 4 11 6 8 -9 -10 -11 -12 -13 13 -15
leaf_value=-0.0020758229323852317 0.0025077001708831265 0.0015193511837799244 -0.0012800932535533948 6.9250058940205787e-05 -0.0020993788411633831 0.014411783684682111 0.015272809849124597 -0.000792050025243347 -0.0066115765854865517 0.041821942547592889 -0.016505308697662865 0.0024050628242348491 0.0094821495529880031 -0.0021699726241653015
leaf_weight=12115.357383817434 3104.5084693357348 7607.1662578508258 11069.556846313179 260.03760197758675 5563.1112322807312 146.8097009062767 206.05011467635632 98.383693799376488 264.41226905584335 133.85772681236267 357.56165701150894 9506.6505675017834 829.24643623828888 594.12663817405701
leaf_count=57019 14070 34407 50910 1187 25237 663 920 428 1196 591 1637 41955 3741 2690
internal_value=2.87907e-05 -0.000689063 0.000469452 0.00138901 0.000688462 0.00441121 0.0112574 0.0210524 0.00309159 0.0284735 -0.00963675 0.0010807 -0.000722241 0.00463726
internal_weight=51856.8 19722.5 32134.3 21064.8 17110.7 3954.02 849.514 379.051 470.462 280.667 617.599 16493.1 6986.48 1423.37
internal_count=236651 91426 145225 94315 76447 17868 3798 1682 2116 1254 2824 73623 31668 6431
is_linear=0
shrinkage=0.03


Tree=267
num_leaves=15
num_cat=0
split_feature=4 44 30 41 35 33 37 35 30 12 1 1 37 38
split_gain=18.4872 19.8413 22.2502 73.2117 94.063 66.1037 64.2787 81.8304 62.6759 47.7362 49.4801 47.2803 47.7805 55.6572
threshold=0.87599926833731478 -0.11145557231958807 3.5000000000000004 0.65000000000000002 -1.1768542058331051 0.023415248744139337 0.49499081958055585 -0.08138924537967003 4.5000000000000009 0.010202807697706416 0.010128635959919171 0.0055266742928376808 1.3247084325091281 1.3193383150931788
decision_type=10 8 2 2 10 8 10 10 2 2 10 8 10 10
left_child=1 -1 3 5 -5 -3 -4 -8 -9 -6 -11 -10 13 -13
right_child=-2 2 6 4 9 -7 7 8 11 10 -12 12 -14 -15
leaf_value=0.0063544470860339855 0.0013209117622657771 -0.0012454415351839177 -0.00070654323711075379 0.021055572716458422 -0.00946535572310565 0.0026520996169254727 0.0093145169501067243 0.0060515135227098846 0.010523849078095653 0.0009186005994283275 -0.0046349070733464727 -0.0017931246397220981 -0.0091736177734376614 0.015763796654214183
leaf_weight=395.19150067865849 7908.6877900436521 10553.646143190563 13238.684474401176 130.02244532108307 1121.1702368184924 6213.9118444472551 1417.1224926561117 1490.5632662922144 259.35958245396614 2167.323961801827 4298.5909558609128 1804.7487516701221 727.39540860056877 168.49028408527374
leaf_count=1722 35076 48440 61888 552 5115 27859 6247 6387 1117 9817 20115 8372 3347 768
internal_value=-1.35097e-05 -0.000253683 -0.000315036 -0.000913606 -0.00332964 0.000199673 0.000452105 0.00306301 0.00105601 -0.00377471 -0.00277487 -0.00147147 -0.00265804 -0.000222054
internal_weight=51894.9 43986.2 43591 24484.7 7717.11 16767.6 19106.4 5867.68 4450.56 7587.09 6465.91 2959.99 2700.63 1973.24
internal_count=236822 201746 200024 111898 35599 76299 88126 26238 19991 35047 29932 13604 12487 9140
is_linear=0
shrinkage=0.03


Tree=268
num_leaves=15
num_cat=1
split_feature=38 20 11 7 19 16 8 0 15 42 36 16 46 37
split_gain=20.2609 17.8219 29.538 29.6749 25.3807 52.2597 38.3324 38.105 49.7915 39.9234 39.7047 37.2324 70.1664 40.2529
threshold=-2.9320192544958776 1.1683926617689442 -0.52491755696360898 -0.17278367212209192 -1.0677154379326033 0.64996206515640875 0.61517548781865383 0.0052396320154449467 0.15353653387092867 0.10555555555555557 0.16421336544098719 0.34388747450343721 0 -0.91978443267836818
decision_type=8 10 10 10 2 10 8 10 10 10 10 8 1 10
left_child=-1 4 -3 -4 5 6 7 8 -2 -10 -11 12 -6 -13
right_child=1 2 3 -5 11 -7 -8 -9 9 10 -12 13 -14 -15
leaf_value=-0.0095990082049540789 -0.010974689419775176 -0.010935690318769873 0.014138082166373007 -0.0016236160713662576 0.016803114469344575 -0.022410796324053919 -0.0053115166940745822 0.00038895669585528174 0.011702856057485935 -0.0050134997437924125 0.0026959110826008815 0.0049359852179710296 0.0011205707006327629 0.0001761858269452108
leaf_weight=190.36167167127132 584.07422508299351 291.6207185536623 100.55828581750393 3958.9767142534256 349.76361879706383 88.569308057427406 1394.6366148963571 17121.679814316332 184.80075308680534 1740.9538713991642 907.82481376081705 1712.8064213693142 865.95632484555244 22273.191295713186
leaf_count=955 2878 1365 450 17713 1550 435 6466 79271 899 8353 4224 7757 3917 100062
internal_value=-7.75923e-05 -4.05954e-05 -0.00187552 -0.0011994 0.000128833 -0.000615016 -0.000516832 -0.000188843 -0.00307618 -0.00141523 -0.00237103 0.000778832 0.00587896 0.000517992
internal_weight=51765.8 51575.4 4351.16 4059.54 47224.3 22022.5 21934 20539.3 3417.65 2833.58 2648.78 25201.7 1215.72 23986
internal_count=236295 235340 19528 18163 215812 102526 102091 95625 16354 13476 12577 113286 5467 107819
cat_boundaries=0 1
cat_threshold=396
is_linear=0
shrinkage=0.03


Tree=269
num_leaves=15
num_cat=0
split_feature=24 1 38 8 19 35 11 8 8 30 37 11 11 12
split_gain=15.985 47.9699 31.5828 26.0622 24.0747 25.7677 23.8361 31.2008 26.8292 23.8246 22.5381 52.8606 38.3111 43.3523
threshold=0.013204532119407699 0.012107709151872519 -2.169503787928889 -1.4754985222815058 -6.0084129638145241 2.0695598043515129 0.52070618809845692 0.50982562662755893 -0.52111694939389486 3.5000000000000004 1.5556888531919275 1.5412844251171343 2.8135121707842776 0.018250071081658305
decision_type=10 10 10 10 2 10 10 10 10 2 8 10 10 2
left_child=10 3 -3 -2 9 -6 7 -4 -8 -5 12 -12 -1 -14
right_child=1 2 6 4 5 -7 8 -9 -10 -11 11 -13 13 -15
leaf_value=-0.00020572285220435305 -0.0064573309977920173 0.015525621432658414 -0.0013591491946480135 0.00098044480728214241 0.0018778245912309728 0.0092602127423588153 0.012110956166460692 -0.0078409578422090846 -6.5367707381879986e-05 0.017322498897303768 -0.0010597539947779652 -0.013084643558659185 -0.00055281186827930171 0.022231389048155512
leaf_weight=36246.373969711363 281.35522919893265 87.84570600092411 2488.920368231833 138.32726281136274 6941.0163433626294 444.40508636832237 173.9465494453907 906.68029920756817 1419.8921648561954 185.61546993255615 1840.8414404541254 391.19712194800377 153.34840616583824 136.52282458543777
leaf_count=166225 1417 407 11439 624 31022 1892 796 4171 6406 873 8184 1819 708 598
internal_value=9.25844e-06 0.000916243 -0.00136235 0.00236395 0.00269383 0.00233397 -0.00169014 -0.00310784 0.00133074 0.0105826 -0.000296625 -0.00321625 -0.000117431 0.0105615
internal_weight=51836.3 13068 5077.29 7990.72 7709.36 7385.42 4989.44 3395.6 1593.84 323.943 38768.3 2232.04 36536.2 289.871
internal_count=236581 59047 23219 35828 34411 32914 22812 15610 7202 1497 177534 10003 167531 1306
is_linear=0
shrinkage=0.03


Tree=270
num_leaves=15
num_cat=0
split_feature=44 27 37 37 2 35 35 32 30 33 36 33 26 30
split_gain=18.8319 17.1003 32.6085 25.7417 31.0654 31.5759 29.767 29.9463 24.5344 30.9557 23.4436 29.023 27.7468 22.3045
threshold=-0.13749750835241922 0.13008130081300937 0.20857327179113616 -1.3107912462348634 1.2575431256860641 -0.59239748098257672 -0.016374939783027804 -1.4530653895916943 2.5000000000000004 -0.31619543901857766 -0.30276921536240681 -0.86530924057212777 0.3728813559322019 5.5000000000000009
decision_type=8 10 10 8 10 10 10 10 2 10 8 10 10 2
left_child=-1 2 3 4 5 -2 10 -8 -4 -10 11 -5 -12 -3
right_child=1 13 8 6 -6 -7 7 -9 9 -11 12 -13 -14 -15
leaf_value=0.0084063927978290549 0.010149077778157488 0.00067757252177486299 -0.0014383280899122801 -0.0057082320018807704 -0.0027359124095300033 -0.0033846068839738629 0.013774802138677102 -0.0008585666438076289 0.0072123651256726495 0.00083949523759598954 -0.0093555221871514643 4.8708911295865743e-05 -0.00074203438399577076 -0.0014746178441451211
leaf_weight=232.56081506609917 500.89023837447166 31381.214909642935 2514.5540715157986 1427.5700276941061 706.42080011963844 216.94063772261143 122.31897908449173 2569.9726077467203 897.50486409664154 2823.9571649357677 1198.7197484746575 1744.2264897525311 469.01921490579844 5018.4421138763428
leaf_count=990 2405 142437 11578 6503 3414 1080 546 11749 3957 12603 5628 7890 2169 23597
internal_value=6.68932e-05 2.76793e-05 -0.00081742 -0.0019763 0.00171302 0.00606866 -0.00267529 -0.000145214 0.000847454 0.00239165 -0.00407961 -0.00255219 -0.00695201 0.000380525
internal_weight=51824.3 51591.8 15192.1 8956.08 1424.25 717.831 7531.83 2692.29 6236.02 3721.46 4839.54 3171.8 1667.74 36399.7
internal_count=236546 235556 69522 41384 6899 3485 34485 12295 28138 16560 22190 14393 7797 166034
is_linear=0
shrinkage=0.03


Tree=271
num_leaves=15
num_cat=0
split_feature=20 11 7 39 39 38 40 38 40 10 40 39 20 10
split_gain=17.9966 28.3488 21.6704 19.7032 38.6534 54.1361 44.4843 70.91 100.104 55.2771 52.8447 69.0118 51.421 48.1561
threshold=-1.4284023069031835 -1.270839640926068 -1.3602587431178395 -1.1924373062288918 -0.65366303929414526 -0.85779566690297104 -0.19855484225155315 -0.89447341339668018 -0.78124404346271881 -0.66949251923736541 -0.5411060660556134 0.33034423243648253 -0.23700995989561416 0.27870073149576263
decision_type=8 10 10 10 10 10 10 10 10 10 10 10 10 8
left_child=1 -1 -3 -2 5 -5 7 10 9 12 -6 -12 -9 -10
right_child=3 2 -4 4 6 -7 -8 8 13 -11 11 -13 -14 -15
leaf_value=0.0063392117691971599 0.0018806176720082488 -0.0021094369825558432 -0.015807511327941254 -0.0071493645821368492 0.011497771281476093 -0.00076118019702653959 -0.00036301290703844708 -0.004972080739007189 0.0042143462800265747 -0.011100292619564928 -0.0030536728857541574 0.021660481094857145 0.019653433580885248 -0.0014620683073139681
leaf_weight=132.09554646909237 4606.6373551785946 204.82277049124241 208.73491022735834 1572.814851552248 1081.5883610993624 4871.3341837078333 31216.678756594658 220.67380465567112 3934.9756566137075 870.96659110486507 609.50127877295017 111.68288777768612 104.4332362562418 2034.6641590893269
leaf_count=640 21064 1037 1119 7698 4879 22460 141619 1025 17806 4104 2856 483 480 9148
internal_value=-4.7138e-05 -0.00541711 -0.00923324 1.10971e-05 -0.000173962 -0.002329 0.000172116 0.00203307 0.000691101 -0.00719434 0.00733395 0.00101747 0.00328873 0.00228041
internal_weight=51781.6 545.653 413.558 51236 46629.3 6444.15 40185.2 8968.49 7165.71 1196.07 1802.77 721.184 325.107 5969.64
internal_count=236418 2796 2156 233622 212558 30158 182400 40781 32563 5609 8218 3339 1505 26954
is_linear=0
shrinkage=0.03


Tree=272
num_leaves=15
num_cat=2
split_feature=5 43 19 46 12 39 42 45 11 39 20 46 16 45
split_gain=20.9006 22.5997 28.5276 74.9171 62.074 38.7154 34.3812 33.7389 31.1659 28.0899 54.3724 48.5582 36.8629 31.0289
threshold=-2.1227224802811562 0.64583333333333337 -4.8422421075023214 0 0.01012292421875991 -1.6370688608182868 0.31666666666666671 0.83679298018592585 2.8135121707842776 -0.57872202016650387 0.26113707119120866 1 0.32821285503312686 1.3701164318277088
decision_type=8 10 2 1 2 10 10 8 10 8 10 1 10 10
left_child=-1 -2 3 -3 -5 -6 -4 -7 9 13 11 -11 -13 -8
right_child=1 2 6 4 5 7 8 -9 -10 10 -12 12 -14 -15
leaf_value=-0.0039660351568741011 -0.00049069246584050835 -0.0024098007878801497 -0.0024948776308817999 -0.010578539458081539 0.0008304811590612197 0.029917623808146256 -0.0021301481642558495 0.01276348142203103 0.014192655214036395 0.00030636582946048555 0.00027652587592306288 0.014376501456642503 0.0052064710754714466 0.012564308954656364
leaf_weight=1186.1836321204901 29482.887750297785 695.31536840647459 2942.2470597028732 96.575275123119354 152.46077194809914 149.40587149560452 3248.5138017982244 389.87345126271248 150.0690294355154 1520.1623811125755 9351.7818907499313 502.64542020857334 1825.9008682519197 124.79660941660404
leaf_count=5605 135361 3203 13525 479 691 670 14913 1770 651 6886 41819 2266 8173 575
internal_value=-4.65266e-05 4.60617e-05 0.000794179 0.00479139 0.0109862 0.0142613 0.000490344 0.0179741 0.00101671 0.000888925 0.00151313 0.0045094 0.00720812 -0.00155099
internal_weight=51818.8 50632.6 21149.7 1483.63 788.315 691.74 19666.1 539.279 16723.9 16573.8 13200.5 3848.71 2328.55 3373.31
internal_count=236587 230982 95621 6813 3610 3131 88808 2440 75283 74632 59144 17325 10439 15488
cat_boundaries=0 1 2
cat_threshold=387 593
is_linear=0
shrinkage=0.03


Tree=273
num_leaves=15
num_cat=1
split_feature=44 37 1 2 10 20 41 34 38 35 34 19 46 15
split_gain=23.5842 23.3853 62.7421 27.5526 26.8577 55.7313 52.7753 39.9082 52.4884 48.165 36.9227 33.0029 37.0776 36.8846
threshold=-0.043481323337149512 -1.7842672868464209 0.012993002554125698 1.1271966914704714 -0.8087283638101801 0.21784545591845564 0.75000000000000011 0.45389265637544285 0.47732997723432202 -0.49465727753975713 -0.61863855758084374 -3.3200648162794413 0 0.084609772463441216
decision_type=8 10 10 10 8 10 2 10 10 10 10 2 1 8
left_child=-1 2 -2 -4 5 7 -7 8 10 -9 -3 12 -6 -13
right_child=1 4 3 -5 11 6 -8 9 -10 -11 -12 13 -14 -15
leaf_value=-0.0022993300965978357 -0.0078797901792688353 0.003975941975345329 0.013838670527354437 7.9287412630858737e-05 0.0016735612813522454 -0.013383334968829031 0.001427269729759736 0.019002802942337253 0.0097367718199157013 0.0043968878399932793 -0.0012045659537085077 0.011881495463197363 -0.004613504931715709 4.9905238962559508e-05
leaf_weight=4151.3329810574651 1048.5885856449604 1777.7511797696352 173.74963237345219 456.49947918951511 1194.7775741219521 401.86216340959072 452.93112228810787 223.8282710313797 586.25913716852665 1653.2060212045908 4018.6019807755947 228.87262225151062 2809.5828836336732 32673.283065013587
leaf_count=18719 5540 8065 824 2069 5657 1852 2129 977 2665 7364 18693 1098 13262 147806
internal_value=-0.000133358 5.55903e-05 -0.00341159 0.00402943 0.000182786 0.0016402 -0.00560985 0.00239638 0.00126097 0.00623005 0.000388416 -0.000177483 -0.00274547 0.000135793
internal_weight=51851.1 47699.8 1678.84 630.249 46021 9114.44 854.793 8259.65 6382.61 1877.03 5796.35 36906.5 4004.36 32902.2
internal_count=236720 218001 8433 2893 209568 41745 3981 37764 29423 8341 26758 167823 18919 148904
cat_boundaries=0 1
cat_threshold=580
is_linear=0
shrinkage=0.03


Tree=274
num_leaves=15
num_cat=2
split_feature=20 12 30 44 30 40 46 16 15 20 19 40 46 16
split_gain=31.8471 27.8885 29.1367 17.3947 28.5674 28.246 26.7289 18.7359 41.5639 26.8789 24.6312 40.0278 34.4513 44.6294
threshold=-1.4284023069031835 0.015268884391437787 1.5000000000000002 -0.11145557231958807 3.5000000000000004 -0.042859047392273912 0 0.046572471912331444 0.057142857142856947 -0.57525047940206397 -6.277558930922158 -1.7980471760198522 1 0.27119383805374919
decision_type=8 2 2 10 2 10 1 8 8 10 2 10 1 10
left_child=1 -1 -3 4 5 -2 -6 -5 9 -9 11 -10 -13 -14
right_child=3 2 -4 7 6 -7 -8 8 10 -11 -12 12 13 -15
leaf_value=-0.015748056801294458 -0.00023214154203069284 0.012963965089726708 -0.0066590916252463103 -0.0040825583468375986 0.0085881009410145957 0.019835755714342936 -0.011021379400489412 0.011355440130317945 -0.0074203007576461632 -0.004122065827020664 -3.4492418972105864e-05 0.00036067823428057076 0.0057373294827687167 0.025406337683201375
leaf_weight=197.45770827680826 100.2804332524538 81.323399528861046 258.9772522971034 916.1606762856245 96.748030304908752 159.32085148990154 116.39917339384556 463.27568966150284 293.58788880705833 122.75904327630997 46600.239510394633 1169.1737433075905 1183.6248922646046 105.46228401362896
leaf_count=1052 426 386 1323 4274 421 690 508 2193 1475 581 212364 5290 5327 489
internal_value=0.00012249 -0.00707298 -0.00173346 0.000199241 0.00586712 0.0123627 -0.00224365 0.000145408 0.000223776 0.00809854 0.000128645 0.00288136 0.00413676 0.00747215
internal_weight=51864.8 537.758 340.301 51327 472.748 259.601 213.147 50854.3 49938.1 586.035 49352.1 2751.85 2458.26 1289.09
internal_count=236799 2761 1709 234038 2045 1116 929 231993 227719 2774 224945 12581 11106 5816
cat_boundaries=0 1 2
cat_threshold=282 226
is_linear=0
shrinkage=0.03


Tree=275
num_leaves=15
num_cat=0
split_feature=24 11 19 1 12 23 39 38 40 1 39 36 1 11
split_gain=19.1619 37.5265 41.1378 39.7949 28.5961 35.1449 31.7574 43.4861 36.7739 32.911 33.5879 28.4766 42.1658 56.5964
threshold=-0.012160736227353806 1.4557407682480104 6.6541744852374229 0.0099869027715255767 0.034321947982413059 0.044958682074578267 -0.50697222414922305 1.0496647469660603 -0.13926649054093093 0.015302303556337585 0.84568263970102764 -0.27787662703641075 0.014650843132336095 0.84811146747518806
decision_type=10 10 2 10 2 8 8 10 10 10 10 10 10 10
left_child=1 2 4 -3 5 6 7 -1 -8 -10 -11 -2 -13 -14
right_child=11 3 -4 -5 -6 -7 8 -9 9 10 -12 12 13 -15
leaf_value=-0.0039420687363120764 0.0016974956433842062 -0.013150044904807427 0.013171598668748796 -0.0016756355097872827 0.0042660031375297697 -0.018376844589749686 0.0038036061888016173 0.016912025843913565 -4.6819091182770847e-05 -0.0096973689803694623 0.0027072125810137576 0.00063343461925032972 -0.0036078567347465479 0.0020494050524812978
leaf_weight=3216.7783657461405 10995.195438966155 431.88077306747437 187.25224739313126 716.74176435172558 974.03366468846798 94.615478649735451 1863.3499804735184 82.850509151816368 5046.3984685987234 669.65546107292175 271.13328821957111 19496.14403872937 5521.2182971537113 2226.9087682515383
leaf_count=15445 49437 1995 829 3300 4229 440 8599 372 23161 3184 1242 88340 25709 10237
internal_value=6.60123e-05 -0.000902779 -0.000420214 -0.00606626 -0.000639108 -0.00106741 -0.000904191 -0.00336893 0.000134719 -0.00101156 -0.00613152 0.000409565 -0.000110648 -0.00198134
internal_weight=51794.2 13554.7 12406.1 1148.62 12218.8 11244.8 11150.2 3299.63 7850.54 5987.19 940.789 38239.5 27244.3 7748.13
internal_count=236519 62796 57501 5295 56672 52443 52003 15817 36186 27587 4426 173723 124286 35946
is_linear=0
shrinkage=0.03


Tree=276
num_leaves=15
num_cat=1
split_feature=32 16 39 34 39 8 44 14 8 10 46 10 45 16
split_gain=17.2419 29.6655 24.2869 22.4171 26.6715 33.7242 49.2544 29.0466 26.502 39.3617 30.4878 35.1794 48.2083 39.7182
threshold=-0.43732740661758412 0.073015873015873034 -1.2359969244346105 -0.44035565091588397 -2.1024491126318048 -1.3566785220173123 -0.065937643395784548 0.20046298871810933 1.1743728729060765 -0.12974201612414668 0 0.72574163668090053 1.4418920527025645 0.64996206515640875
decision_type=8 8 10 8 8 10 8 10 10 8 1 10 8 8
left_child=1 2 -1 -2 -5 6 -6 -7 10 -10 11 12 -9 -13
right_child=3 -3 -4 4 5 7 -8 8 9 -11 -12 13 -14 -15
leaf_value=6.6629162549825476e-05 0.0013835232048633943 0.0014332355076878227 -0.0095517147710676986 0.014007116855908155 0.014903998111480073 -0.003941683499324616 -0.0070343237244058915 0.0021426071246967728 -0.010456394965415868 -0.0013124721913664193 -0.00066692480626146032 -0.010302765539172698 0.019109842431754981 3.224512759649984e-05
leaf_weight=554.83256155252457 6517.1856377795339 12265.586585707963 401.33730547130108 102.97042106091976 90.530149906873703 1938.9756411164999 1179.8709634244442 7522.545408681035 467.66153018176556 3791.7337253838778 14362.077761523426 388.02299931645393 144.01009884476662 2102.0071490556002
leaf_count=2550 29666 55393 1918 469 407 9240 5867 34167 2154 16995 65973 1778 653 9445
internal_value=0.000100989 0.00103557 -0.0040276 -0.000219259 -0.000545095 -0.000596303 -0.00536678 -0.000397322 -0.000157228 -0.00233857 0.000222515 0.00147886 0.0024858 -0.00161303
internal_weight=51829.3 13221.8 956.17 38607.6 32090.4 31987.4 1270.4 30717 28778.1 4259.4 24518.7 10156.6 7666.56 2490.03
internal_count=236675 59861 4468 176814 147148 146679 6274 140405 131165 19149 112016 46043 34820 11223
cat_boundaries=0 1
cat_threshold=774
is_linear=0
shrinkage=0.03


Tree=277
num_leaves=15
num_cat=0
split_feature=12 30 44 45 12 10 38 19 37 39 16 30 35 35
split_gain=15.7827 49.7993 64.4985 56.5412 41.702 36.4658 36.4262 34.1355 27.2239 40.5889 46.7312 27.1968 63.0914 40.0621
threshold=0.01012292421875991 2.5000000000000004 0.0052314994731489685 1.0075520002590805 0.0062589244738169318 -1.3943867869661215 1.1114033660178195 1.5863378631730145 -1.3107912462348634 -1.2117676422949224 0.10640270610475082 4.5000000000000009 0.77996223980295365 0.3860650771882464
decision_type=2 2 10 10 2 10 10 2 10 10 10 2 10 10
left_child=1 2 4 -4 -1 -3 8 -8 -7 -10 -11 13 -13 -2
right_child=11 5 3 -5 -6 6 7 -9 9 10 -12 12 -14 -15
leaf_value=0.0026515917721225343 -8.0835266697305009e-05 -0.009941486913896817 0.0044214753950173628 -0.017868549723281009 -0.0089062940214946328 0.01204959710953999 0.018633284690859762 0.0020054015785156551 0.014271484106481795 -0.019113901297794049 -7.7091548397883078e-05 -8.5841355474157492e-06 -0.0060540662019305767 0.0021129462364481311
leaf_weight=328.45518087595701 20677.93037994951 261.30662510544062 930.70353228598833 105.03556643426418 1783.3215861171484 165.29339818656445 192.0671873241663 252.96837222576141 160.74238535761833 109.87469778954983 3644.2709254771471 9606.8029792904854 1843.3816764876246 11737.837998360395
leaf_count=1478 94426 1253 4171 489 8207 821 837 1063 741 533 16603 45056 8509 52330
internal_value=4.72473e-05 -0.00118319 -0.00410786 0.00201176 -0.00710461 0.000744564 0.00138218 0.0094334 0.000483102 -3.47116e-05 -0.000683551 0.000270016 -0.000986288 0.000713946
internal_weight=51800 7934.04 3147.52 1035.74 2111.78 4786.52 4525.22 445.036 4080.18 3914.89 3754.15 43866 11450.2 32415.8
internal_count=236517 36196 14345 4660 9685 21851 20598 1900 18698 17877 17136 200321 53565 146756
is_linear=0
shrinkage=0.03


Tree=278
num_leaves=15
num_cat=2
split_feature=12 30 42 12 11 9 46 38 46 10 11 40 8 30
split_gain=19.8286 45.1081 44.5537 49.7728 33.9374 33.0727 31.3656 29.255 40.9073 27.9309 51.7682 62.4823 51.9137 48.5253
threshold=0.01012292421875991 2.5000000000000004 0.76388888888888895 0.0062589244738169318 -1.5064036961094394 -0.020477046903607635 0 1.1114033660178195 1 -0.8451600749891901 -0.61532360625239468 -1.7980471760198522 0.61517548781865383 3.5000000000000004
decision_type=2 2 10 2 10 10 1 10 1 8 10 10 10 2
left_child=1 2 3 -1 -3 -4 -7 -6 -9 10 11 13 -13 -2
right_child=9 4 5 -5 7 6 -8 8 -10 -11 -12 12 -14 -15
leaf_value=0.0040949388049397921 -0.012663479339787337 -0.0086368467741666181 -0.0043986812570878196 -0.0082576474988470885 0.00043070991566809862 0.011328438480814638 -0.0052073483381470179 0.020538198377137037 0.001565113593572883 -2.3972096971822381e-05 -0.0014535435793503991 0.0053466102828338006 -0.0056846644741877063 0.0041290781875708612
leaf_weight=341.21514642238617 352.64948706328869 326.40466323494911 441.97507198899984 1881.2017057016492 4042.3003447204828 347.15358941257 133.20507402718067 142.50345602631569 300.93967790901661 35054.896826475859 2856.8137342631817 4940.1444533839822 408.18176409602165 263.58230717480183
leaf_count=1534 1710 1565 2019 8687 18533 1526 601 613 1272 159880 13283 22263 1900 1305
internal_value=0.000105961 -0.00127095 -0.00405905 -0.00635127 0.000555712 0.00147307 0.00685516 0.00124233 0.00846817 0.000355895 0.00186375 0.00345239 0.00449567 -0.00552952
internal_weight=51833.2 7956.9 3144.75 2222.42 4812.15 922.334 480.359 4485.74 443.443 43876.3 8821.37 5964.56 5348.33 616.232
internal_count=236691 36350 14367 10221 21983 4146 2127 20418 1885 200341 40461 27178 24163 3015
cat_boundaries=0 1 2
cat_threshold=837 794
is_linear=0
shrinkage=0.03


Tree=279
num_leaves=15
num_cat=5
split_feature=19 9 46 35 20 39 46 12 43 46 46 16 46 20
split_gain=19.9114 35.9755 29.9603 23.433 23.1631 28.3766 24.5512 28.2733 41.7444 22.4493 21.7719 20.7353 33.3427 19.6655
threshold=6.946051079038055 1.7923971361947462 0 -0.37660050987142785 1.8315396132392847 2.1324168955337464 1 0.025681165704558809 0.58571428571428574 2 3 0.9007456615561773 4 1.0817943667961867
decision_type=2 10 1 10 10 10 1 2 10 1 1 8 1 10
left_child=1 4 -2 -3 5 -1 -7 9 -9 -8 -6 12 13 -4
right_child=2 3 11 -5 10 6 7 8 -10 -11 -12 -13 -14 -15
leaf_value=2.9391260572264351e-05 0.013581372979959646 0.0059506021547487868 0.0065207098340243335 -0.008289767244446444 -0.002256313104920533 -0.015981662515419978 -0.00010699501712659122 0.019550534779507387 -0.0080268039986878346 -0.016559687435874999 0.016116899313654929 4.6390207211399579e-06 -0.001477332075673126 0.025574747935437538
leaf_weight=48091.933485753834 191.95025433599949 114.08734434843063 108.64883972704411 713.44396331906319 92.939918145537376 154.5560358017683 160.67787709832191 93.154040977358818 86.782201677560806 128.67648087441921 132.94935058057308 1491.9290605634451 197.89389961957932 94.76497657597065
leaf_count=219641 867 503 476 3333 407 740 759 433 418 624 582 6658 903 405
internal_value=6.76159e-06 -0.000113822 0.00287165 -0.00627891 -8.31801e-06 -5.37174e-05 -0.0063599 -0.00253735 0.0065278 -0.00828906 0.00936983 0.00164019 0.00761258 0.0154557
internal_weight=51854.4 49769.2 2085.19 827.531 48941.7 48715.8 623.847 469.291 179.936 289.354 225.889 1893.24 401.308 203.414
internal_count=236749 227440 9309 3836 223604 222615 2974 2234 851 1383 989 8442 1784 881
cat_boundaries=0 1 2 3 4 5
cat_threshold=80 193 52 554 3
is_linear=0
shrinkage=0.03


Tree=280
num_leaves=15
num_cat=0
split_feature=27 30 30 37 34 39 34 10 2 34 35 15 1 8
split_gain=20.2422 34.8984 25.2142 43.5849 50.2169 56.9487 39.6872 68.9311 50.4613 47.4152 39.5424 32.6046 32.5447 28.0197
threshold=0.096681254117309531 3.5000000000000004 5.5000000000000009 0.38180505729423353 -0.74319346376541295 -0.86157927649451915 0.48350105818470579 -0.60231059077026694 0.92688087530578489 -0.24880637360815192 0.26871054530650701 0.41069506372761061 0.012579591888746198 0.47703552508912578
decision_type=10 2 2 10 10 10 10 8 10 10 10 10 10 10
left_child=1 -1 13 6 -5 -6 9 8 -8 -4 -7 -11 -13 -2
right_child=2 -3 3 4 5 10 7 -9 -10 11 -12 12 -14 -15
leaf_value=-0.0025635749050672146 0.0011428183135247013 0.00075207740401304554 -0.00042945132269169982 0.020527766005429476 0.01887968317730649 0.0041676771017818493 0.026362597708254644 -0.0047064528273882984 -0.001995326226116353 -0.012603014481423239 -0.0044360988605677172 0.00021450606452314577 -0.012034853110029419 -0.00069899622376570097
leaf_weight=6702.063386157155 23800.768527083099 4967.9822611808777 1110.3758988678455 110.42386144399643 132.85014963150024 832.98719571530819 140.76311258226633 375.88883379101753 88.180690005421638 832.43857438862324 1109.2383736819029 544.48011681437492 294.0104795768857 10800.276168592274
leaf_count=30633 108561 22842 5198 473 618 3813 660 1763 405 4216 5128 2527 1417 48463
internal_value=-5.33534e-05 -0.00115265 0.000266197 -0.001605 0.00169312 0.000597202 -0.0037324 0.00319182 0.0158138 -0.00524421 -0.00074364 -0.00842216 -0.00417186 0.000567883
internal_weight=51842.7 11670 40172.7 5571.64 2185.5 2075.08 3386.14 604.833 228.944 2781.31 1942.23 1670.93 838.491 34601
internal_count=236717 53475 183242 26218 10032 9559 16186 2828 1065 13358 8941 8160 3944 157024
is_linear=0
shrinkage=0.03


Tree=281
num_leaves=15
num_cat=0
split_feature=32 38 16 30 12 19 39 40 19 40 29 35 32 19
split_gain=17.8896 31.8799 29.0273 26.3913 26.2051 27.923 25.4658 59.2704 40.276 32.4559 22.5847 21.5229 20.1502 19.6118
threshold=-0.8898488632300442 -2.6119452810248469 0.090682242443037117 1.5000000000000002 0.016719088350117355 -4.6522487812253841 -1.8876272350736987 -1.9542331522320981 -5.9243486091155155 -2.1675646737775494 13.000000000000002 0.41185709089887806 -1.8113661293228345 -6.277558930922158
decision_type=10 10 8 2 2 2 10 10 2 10 2 10 10 2
left_child=2 -2 3 -1 -4 -6 7 9 -9 -3 -5 -7 -13 -8
right_child=1 6 4 10 5 11 13 8 -10 -11 -12 12 -14 -15
leaf_value=0.0034928076543243977 -0.012327831000916447 0.005843492366831262 -0.00011070799891538462 -0.0010754243584321979 0.010723141472953208 0.0015188399964406786 0.0022013070913339131 0.0018995325600825157 0.023857786071101072 -0.017315701203547851 -0.013986364326966257 0.019141639087294434 0.0049994945629996922 -0.00037015334665241653
leaf_weight=267.60375924408436 183.66986009478569 100.5148710757494 2422.0514086037874 226.59217354655266 467.5748193114996 2219.4868377298117 2841.0613741353154 131.47538356482983 171.58113849163055 99.873168677091599 258.62857253849506 109.35603375732899 431.20600113272667 41878.728245034814
leaf_count=1228 971 465 10933 1056 2109 9892 13141 584 724 468 1216 473 1909 191427
internal_value=2.72873e-05 -0.000182148 0.00151058 -0.00398776 0.00224899 0.00401462 -0.000130105 0.00651311 0.0146966 -0.00597343 -0.00810058 0.00284353 0.00815617 -0.000206332
internal_weight=51809.4 45406.9 6402.5 752.825 5649.68 3227.62 45223.2 503.445 303.057 200.388 485.221 2760.05 540.562 44719.8
internal_count=236596 207780 28816 3500 25316 14383 206809 2241 1308 933 2272 12274 2382 204568
is_linear=0
shrinkage=0.03


Tree=282
num_leaves=15
num_cat=0
split_feature=40 19 45 40 39 35 39 7 30 11 11 32 45 45
split_gain=17.7094 18.289 49.9961 38.4549 77.1157 58.3374 57.1022 49.1225 52.763 74.9443 49.1113 45.6206 44.9702 44.4131
threshold=2.8855249337096849 -1.1144323949740704 2.0469136601558473 -0.052694671325560848 -0.47301799780625736 -0.17154866424158075 -1.0357267802456829 -0.29481565670566312 4.5000000000000009 -1.2899203719992964 -1.1606335871482567 -1.0650531264300354 1.1678735829514659 1.1001029592813441
decision_type=10 2 10 8 10 10 10 10 2 10 8 10 8 10
left_child=1 3 -3 4 6 -5 7 -1 11 -10 -6 -9 13 -8
right_child=-2 2 -4 5 10 -7 12 8 9 -11 -12 -13 -14 -15
leaf_value=0.0029917949671502604 -0.0088001792300943238 0.00061162586712536172 -0.016609364953743766 -0.0058412381203159554 0.0084355657188663023 -0.00015120632414073441 -0.0031405349524985722 0.0086162851508079074 0.025173951733225751 -0.00042005736271627904 0.0014700350740582634 -0.0081633742811757851 -0.0082411260924393354 0.0057071379287795196
leaf_weight=3732.9951091110706 195.02330866456032 29340.457180604339 142.52447018027306 2769.2315170913935 1313.7693464308977 3894.7939715087414 3323.311096213758 157.1983922123909 111.75214152038097 665.41304092109203 2939.7102628797293 1219.4079921767116 1286.8232391178608 593.55518589913845
leaf_count=17287 884 131887 648 13138 5931 18104 15581 692 501 3250 13569 5534 6211 2784
internal_value=-6.7268e-07 3.4358e-05 0.000522774 -0.000619889 0.000206845 -0.0025209 -0.0011105 0.000913052 -0.00268708 0.00353327 0.00363621 -0.00619894 -0.00339704 -0.00178865
internal_weight=51686 51490.9 29483 22008 15343.9 6664.03 11090.5 5886.77 2153.77 777.165 4253.48 1376.61 5203.69 3916.87
internal_count=236001 235117 132535 102582 71340 31242 51840 27264 9977 3751 19500 6226 24576 18365
is_linear=0
shrinkage=0.03


Tree=283
num_leaves=15
num_cat=0
split_feature=44 30 30 0 9 7 35 15 12 11 40 40 1 14
split_gain=16.6469 32.0758 37.7791 41.1719 36.9496 37.8978 34.521 30.4187 29.9119 27.7505 24.072 24.648 23.5537 23.4561
threshold=-0.018429895240459463 4.5000000000000009 3.5000000000000004 0.0093833194502655117 1.1808314961369422 1.6064117816005479 -0.23421348224968028 0.25162655141468676 0.05739229260881145 -2.3105708703457446 1.0321956605276676 -1.4675979161089472 0.019850056862785976 0.38302203765442983
decision_type=8 2 2 10 8 10 10 10 2 10 10 10 10 10
left_child=1 2 4 7 5 8 -3 -4 9 -1 11 -5 -6 -10
right_child=-2 6 3 10 12 -7 -8 -9 13 -11 -12 -13 -14 -15
leaf_value=0.011233953595169465 0.00032615707388865874 0.0011753078230632636 -0.002965804111654501 0.011703675108657666 -0.010904624876341227 0.017047934979593754 -0.0052757319146739274 0.012004028784427422 0.01662261562833103 -0.001347363759265413 0.0089750706209145315 -0.003116928151007193 0.0049699207919561032 -0.0019840336287793078
leaf_weight=151.77191178500652 38638.912001021206 1061.5319930315018 147.75454103946686 102.84001539647579 479.69399791955948 100.51286442577839 2481.0631536841393 611.16959972679615 146.91872476041317 6504.2193680256605 226.82481008768082 962.43008033931255 95.445304989814758 96.554130285978317
leaf_count=680 176325 4921 696 477 2238 435 11726 2652 613 29669 960 4319 437 422
internal_value=1.21986e-05 -0.000908549 -9.41398e-06 0.00359232 -0.00098806 -0.000382123 -0.00334482 0.00908889 -0.000660354 -0.00104406 0.000318846 -0.00159063 -0.0082303 0.00945661
internal_weight=51807.6 13168.7 9626.14 2051.02 7575.12 6999.98 3542.6 758.924 6899.46 6655.99 1292.09 1065.27 575.139 243.473
internal_count=236570 60245 43598 9104 34494 31819 16647 3348 31384 30349 5756 4796 2675 1035
is_linear=0
shrinkage=0.03


Tree=284
num_leaves=15
num_cat=0
split_feature=11 12 20 30 41 38 11 1 40 38 40 41 12 6
split_gain=17.9735 52.8122 15.7997 42.5989 54.0178 49.8665 44.5611 47.3072 35.5413 32.6798 33.7603 32.657 31.4403 31.0776
threshold=3.1959690996984662 0.019200565989211472 0.72260559789066392 2.5000000000000004 0.95000000000000007 2.6300836929250067 2.0273698035533445 0.010222890697335471 -0.23661326947710754 0.82627899223111456 0.76471202846467523 0.75000000000000011 0.0069829585205373234 1.2510789644173974
decision_type=10 2 8 2 2 10 8 10 8 10 10 2 2 10
left_child=2 -2 -1 4 9 13 8 -8 -5 -4 11 -11 -10 -6
right_child=1 -3 3 6 5 -7 7 -9 12 10 -12 -13 -14 -15
leaf_value=0.00019772511079094063 -0.0051993998248477183 0.023691599952846799 -0.0036918737552747004 -0.007457825314624222 -0.0142797676873073 0.0071465396202323849 -0.02301740385834047 -0.001477224687142267 0.013760771864731276 0.019767508836235331 -0.00016057735477065471 -0.0018045006685840576 0.0013696802641948722 -0.00352327108328813
leaf_weight=41704.609546855092 115.29583868384361 97.194234386086464 1690.8944597840309 389.55775636434555 749.04650069773197 151.8631504625082 133.1004438996315 259.99261380732059 181.5640674829483 166.97052299976349 767.08602306246758 95.782023340463638 5001.4499001502991 366.67367768287659
leaf_count=191103 533 417 7748 1744 3717 665 605 1185 754 742 3502 453 22013 1725
internal_value=-2.20198e-05 0.0084864 -5.86536e-05 -0.00113193 -0.00352805 -0.00861734 0.000473199 -0.00916076 0.00116798 -0.00113409 0.00306067 0.0121259 0.00182941 -0.0108074
internal_weight=51871.1 212.49 51658.6 9953.98 3988.32 1267.58 5965.66 393.093 5572.57 2720.73 1029.84 262.753 5183.01 1115.72
internal_count=236906 950 235956 44853 18552 6107 26301 1790 24511 12445 4697 1195 22767 5442
is_linear=0
shrinkage=0.03


Tree=285
num_leaves=15
num_cat=0
split_feature=44 25 0 23 1 16 40 40 0 1 24 20 40 33
split_gain=19.8637 31.093 28.4596 21.396 20.7105 31.5994 33.5954 30.6297 28.203 20.238 21.772 19.3633 31.7324 26.7205
threshold=-0.0081939217287266258 -0.021854085914295662 0.0020031347278818812 0.056136300074672137 0.0039505999706848632 0.39598362749596699 0.26802853220345785 -0.19855484225155315 0.0027261051405234465 0.024088512339601794 0.018163052097488423 0.71049969511778943 1.4741246670191961 -1.6856462628913602
decision_type=8 10 10 10 8 10 10 10 10 10 8 8 8 10
left_child=1 2 -1 -4 5 7 -7 8 -2 10 -3 12 13 -6
right_child=4 9 3 -5 11 6 -8 -9 -10 -11 -12 -13 -14 -15
leaf_value=0.013161028066182247 -0.012943070468144538 -0.00048760802437644324 -0.0016261040134742625 -0.009384273391202123 -0.0034953270198156408 0.013297577257523214 -0.008632888279763504 -0.019990979756316155 0.0086470335472835953 0.0057218979594748356 0.0034832422285401622 -0.0006787651506593767 0.0072552867858639014 0.0011041651996302965
leaf_weight=104.98186777532101 100.86793860793114 6756.2444885969162 11395.833890348673 319.76327349990606 1192.8426756113768 128.70696234703064 105.78286495804787 157.51251141726971 97.481779605150223 644.66627611219883 1512.3750897943974 7759.3536198139191 709.8663587719202 20795.091587148607
leaf_count=483 468 30786 52939 1485 5607 572 456 725 445 2795 6730 34877 3057 95061
internal_value=2.56586e-05 -0.000693165 -0.00170139 -0.00184568 0.000505765 -0.0050127 0.00345587 -0.0105349 -0.00242656 0.000644321 0.000242012 0.00061434 0.0010565 0.000853168
internal_weight=51781.4 20733.9 11820.6 11715.6 31047.5 590.352 234.49 355.862 198.35 8913.29 8268.62 30457.2 22697.8 21987.9
internal_count=236486 95218 54907 54424 141268 2666 1028 1638 913 40311 37516 138602 103725 100668
is_linear=0
shrinkage=0.03


Tree=286
num_leaves=15
num_cat=0
split_feature=11 12 0 39 43 20 38 39 11 40 43 1 1 1
split_gain=21.6307 52.343 35.5116 22.1473 17.1903 48.7197 25.8465 25.5136 23.4852 29.4927 22.9089 36.1826 43.3715 25.5288
threshold=2.8135121707842776 0.018250071081658305 0.017075422802313826 0.7309026998838426 0.13392857142857145 -0.0081160018541846287 0.97677910878258212 -1.4934641290618751 0.26514592352308736 1.4236364487916544 0.18333333333333338 0.0088663597599576236 0.014835113485502044 0.0075251006777626939
decision_type=10 2 10 10 10 8 10 8 10 10 10 10 10 10
left_child=4 3 -3 -2 5 6 7 -1 -7 -10 11 13 -13 -6
right_child=1 2 -4 -5 10 8 -8 -9 9 -11 -12 12 -14 -15
leaf_value=0.0095840326301429857 0.0050897843547364451 0.028950410260648686 0.0039877246095485295 -0.013407078555410104 0.0026258550698084427 -0.003378442166483748 0.0093275922634523702 -0.0015571412075430942 -0.016723296924051299 -0.00036782831496227355 -1.914285460358094e-05 0.013786242128013044 -0.00091068755836747083 -0.014512849930037579
leaf_weight=189.25468143820763 117.2758616656065 101.62521526217461 101.7453458160162 98.665761172771454 196.57679292559624 641.48545497655869 238.78716389834881 2583.5083005130291 345.98204891383648 138.20869402587414 46100.893478326499 447.75970984995365 296.65208213031292 117.28105792403221
leaf_count=855 540 443 442 460 874 2906 1073 12081 1590 622 210360 2050 1358 544
internal_value=-2.52243e-05 0.00668074 0.0172339 -0.00358094 -8.13323e-05 -0.00193308 6.3474e-05 -0.000764993 -0.00722804 -0.0121567 8.14951e-05 0.00442468 0.007995 -0.00402884
internal_weight=51715.7 419.312 203.371 215.942 51296.4 4137.23 3011.55 2772.76 1125.68 484.191 47159.2 1058.27 744.412 313.858
internal_count=236198 1885 885 1000 234313 19127 14009 12936 5118 2212 215186 4826 3408 1418
is_linear=0
shrinkage=0.03


Tree=287
num_leaves=15
num_cat=1
split_feature=12 30 44 12 46 39 45 1 1 0 39 2 45 16
split_gain=18.187 49.9168 60.236 42.8679 37.2156 52.2112 33.5923 43.2798 42.7482 32.3532 58.3584 38.1012 32.2093 31.8034
threshold=0.010202807697706416 2.5000000000000004 0.0094183595837086919 0.0064581493354391806 0 0.95219857194658142 0.85421664071190984 0.0056753136967946172 0.0037194987253594465 0.009104433025245438 -1.8876272350736987 0.31221105790683362 0.95223750710192079 0.3715105428589241
decision_type=2 2 10 2 1 10 10 10 10 8 10 10 10 10
left_child=1 2 3 -1 6 -6 7 8 -3 10 -2 -12 -4 -8
right_child=9 4 12 -5 5 -7 13 -9 -10 -11 11 -13 -14 -15
leaf_value=0.0019145355029326161 0.018563083315306726 -0.0071046775365067897 0.005424834421063205 -0.0083937604429510856 -0.0039066414376270264 0.008848522758613659 0.015830776412214767 -0.0043381973183022884 0.00843083212681809 -0.00041788107506796057 -0.010565168910010846 0.0012894844218670283 -0.011942715969388886 0.0033641519527768836
leaf_weight=438.33361081033945 164.17121930420399 194.67229627072811 672.16733544319868 2016.1424717754126 2063.5556677132845 325.94275818765163 294.90784730017185 799.27784233540297 733.40037935972214 28565.607172526419 238.18944096565247 14778.203964553773 102.26646474003792 483.54060018062592
leaf_count=1976 710 865 2998 9339 9688 1375 1363 3675 3204 129898 1226 67962 466 2190
internal_value=-6.53041e-05 -0.00136792 -0.00425721 -0.00655255 0.000542633 -0.00212826 0.0030841 0.000749731 0.00513111 0.000176865 0.00129555 0.00109454 0.00300838 0.0082279
internal_weight=51870.4 8124.21 3228.91 2454.48 4895.3 2389.5 2505.8 1727.35 928.073 43746.2 15180.6 15016.4 774.434 778.448
internal_count=236935 37139 14779 11315 22360 11063 11297 7744 4069 199796 69898 69188 3464 3553
cat_boundaries=0 1
cat_threshold=267
is_linear=0
shrinkage=0.03


Tree=288
num_leaves=15
num_cat=0
split_feature=36 40 9 38 37 4 41 7 40 38 41 30 40 33
split_gain=16.7926 33.5971 59.6936 33.7799 37.2801 32.7827 29.4811 38.599 27.0875 26.8719 22.8253 81.2186 73.2919 53.5284
threshold=-1.6716285530773658 -0.96393091836905342 -0.087928340830806057 -0.6631999740789033 -1.0660773483132269 -0.74279786383285917 1.0000000180025095e-35 -1.0708478155654368 -2.0528654686053511 -1.355235726461711 1.0000000180025095e-35 1.5000000000000002 1.1444229333967242 -1.5151455500614441
decision_type=10 10 8 10 10 10 2 8 10 10 2 2 10 10
left_child=1 6 5 4 -4 -3 7 -1 -2 -8 11 13 -13 -10
right_child=8 2 3 -5 -6 -7 9 -9 10 -11 -12 12 -14 -15
leaf_value=0.0021402554723955773 -0.0083435164729523271 -0.0044334145457465895 0.0079886147811108633 0.011455283916214446 -0.012636621848365323 -0.016956521487330897 0.021462071148762467 -0.012610530983044706 -0.0051968658964696946 0.0011839856617378254 -9.1472193796384591e-06 -0.0006487835473734042 0.019890475303154589 0.0084934450742194592
leaf_weight=733.00937607884407 320.1504363194108 375.38743948936462 127.46183742582798 203.21326366066933 177.0910852253437 387.41048168390989 102.2278528958559 193.43361003696918 290.27110719680786 126.1899077296257 41037.964901670814 5777.7306237816811 150.70291939377785 1895.5222903341055
leaf_count=3482 1605 1878 601 886 790 1925 469 899 1332 580 186162 27198 651 8561
internal_value=0.000101317 -0.00233069 -0.00567791 0.00227197 -0.00402498 -0.0109308 0.00136902 -0.00104136 0.000220995 0.0107789 0.000278466 0.0017313 -9.40529e-05 0.00666
internal_weight=51897.8 2425.42 1270.56 507.766 304.553 762.798 1154.86 926.443 49472.3 228.418 49152.2 8114.23 5928.43 2185.79
internal_count=237019 11510 6080 2277 1391 3803 5430 4381 225509 1049 223904 37742 27849 9893
is_linear=0
shrinkage=0.03


Tree=289
num_leaves=15
num_cat=1
split_feature=43 23 11 1 25 11 23 11 11 15 46 1 38 45
split_gain=18.4022 32.2001 27.6398 23.1236 55.7362 40.9241 23.7089 38.384 46.2786 23.139 21.52 21.3993 45.4727 47.1324
threshold=0.64583333333333337 0.034133953209164299 2.8135121707842776 0.032867599984082202 -0.50545332487535199 -0.18234585484147073 0.047107893950978759 -1.5994551732879951 -0.34944371413167374 0.72692610539067226 0 0.01663012386091502 -1.4286301953495417 0.87821006103759813
decision_type=10 10 10 10 8 10 8 8 10 10 1 10 10 10
left_child=3 2 11 6 -5 10 -1 -8 -9 -10 -6 -2 -13 -14
right_child=1 -3 -4 4 5 -7 7 8 9 -11 -12 12 13 -15
leaf_value=-0.00011427026905445015 0.00086827144991364941 0.0048794464994832819 0.01218969023763633 -0.015806969217517512 0.018994873216436163 -0.009681634899568357 0.010939827306199438 -0.0126736100852365 -0.0044698177836689302 0.0080923781011711434 0.00049235638200072727 0.0093238173801620788 0.0046239268140832223 -0.0035410240291356898
leaf_weight=28413.850216768682 14859.905783638358 1553.0623673647642 167.60591839253902 280.79311886429787 94.97444748878479 157.63591694831848 122.62298664450645 511.2316730171442 390.59960086643696 186.80546772480011 124.61933074891567 321.2354844212532 753.97449739277363 3822.9229536950588
leaf_count=130761 67370 6931 730 1294 413 711 561 2351 1789 815 533 1380 3347 17442
internal_value=6.15394e-05 0.000733009 0.000407539 -0.000414794 -0.00593456 0.00163247 -0.00029023 -0.00438318 -0.00619301 -0.000337047 0.00982226 0.000301476 -0.00141633 -0.00218882
internal_weight=51761.8 21478.7 19925.6 30283.1 658.023 377.23 29625.1 1211.26 1088.64 577.405 219.594 19758 4898.13 4576.9
internal_count=236428 97200 90269 139228 2951 1657 136277 5516 4955 2604 946 89539 22169 20789
cat_boundaries=0 1
cat_threshold=595
is_linear=0
shrinkage=0.03


Tree=290
num_leaves=15
num_cat=3
split_feature=39 11 46 8 10 10 46 19 11 39 40 10 0 46
split_gain=13.604 60.6209 37.8788 29.2944 56.073 36.9447 48.2813 50.7257 67.8801 45.2019 61.2876 49.7831 43.7767 33.7978
threshold=1.0767330620930282 1.6674663218609269 0 0.83454247323326813 0.11777699035321218 0.68768999569324474 1 -1.4059079374353913 -0.18234585484147073 0.49091821828734344 -0.35894094893323719 1.7901672025742681 0.036190427112517159 2
decision_type=10 10 1 10 8 8 1 2 10 10 10 10 10 1
left_child=3 -2 -3 5 -5 6 7 -1 -9 12 -11 -12 13 -7
right_child=1 2 -4 4 -6 9 -8 8 -10 10 11 -13 -14 -15
leaf_value=0.00038735553927717915 0.0019727043388518481 0.0013704063912006309 -0.0089431391516209286 -0.0062911034556214955 -0.0001688294051801031 -0.0095417257979707477 -0.00036758377603558816 0.012804984075992301 0.0028061909218293816 0.020788921903198837 -0.0018133671651944117 0.01347834677208014 0.014664722201840721 -0.002940085214975516
leaf_weight=5332.6129173263907 7648.335366204381 523.17127154767513 803.30256210267544 2052.3458977267146 3879.9962426424026 995.19114375114441 22414.433533795178 774.87721087038517 2801.0725150704384 125.01226198673248 1719.4889699518681 205.48068284988403 96.243167728185654 2393.3482955694199
leaf_count=24559 33778 2408 3715 9424 17294 4539 104104 3487 12598 535 7710 928 417 10967
internal_value=-0.000116458 0.000944827 -0.00495224 -0.000339221 -0.00229391 -2.40728e-05 0.000375378 0.00224092 0.00500251 -0.00228129 0.00124995 -0.000119834 -0.00435624 -0.00493804
internal_weight=51764.9 8974.81 1326.47 42790.1 5932.34 36857.8 31323 8908.56 3575.95 5534.76 2049.98 1924.97 3484.78 3388.54
internal_count=236463 39901 6123 196562 26718 169844 144748 40644 16085 25096 9173 8638 15923 15506
cat_boundaries=0 1 2 3
cat_threshold=338 268 524
is_linear=0
shrinkage=0.03


Tree=291
num_leaves=15
num_cat=3
split_feature=23 46 21 1 43 46 11 10 1 1 46 10 25 7
split_gain=13.7127 24.4653 13.4728 33.932 34.7534 58.7359 29.9087 28.0572 40.7167 28.9494 25.1775 29.2679 28.4821 25.1151
threshold=-0.12670229952570711 0 -0.33473548070285752 0.032867599984082202 0.84523809523809534 1 -0.58202236876135471 -1.4205159856614269 0.025388152101589317 0.005460192887295102 2 -1.88150926158445 -1.4921739071368429 -0.16433579444947768
decision_type=10 1 10 10 8 1 10 8 10 10 1 10 10 10
left_child=1 -1 3 10 6 -6 -5 8 9 -4 -2 -12 -13 -11
right_child=2 -3 7 4 5 -7 -8 -9 -10 13 11 12 -14 -15
leaf_value=-0.002747523119049554 -0.0017547000678484 0.016540811275150533 -0.0129222119403287 -0.0019869507060293148 0.010684443020106868 -0.015879922124580111 -0.019394550015789411 0.00010941460063939376 0.019885764944731855 0.0057139804457768673 -0.010712178840232744 0.0038787668086920097 -3.5787907684931532e-05 -0.0027969437961222901
leaf_weight=111.24481548368931 7843.2239860743284 101.44135525822639 91.614289104938507 142.51378929615021 179.09937916696072 100.15526677668095 237.30657259374857 28855.575964838266 123.42126993834972 1238.4505971670151 199.17706936597824 1990.6288227066398 10208.372705869377 409.19885486364365
leaf_count=507 37030 450 435 642 810 458 1128 130444 520 5691 908 9172 46724 1851
internal_value=-2.73254e-05 0.00740118 -5.93609e-05 -0.000646771 -0.00729399 0.000757843 -0.0130815 0.000340389 0.00389881 0.00265716 -0.000426838 0.000414999 0.000605642 0.00359614
internal_weight=51831.4 212.686 51618.7 20900.5 659.075 279.255 379.82 30718.3 1862.69 1739.26 20241.4 12398.2 12199 1647.65
internal_count=236770 957 235813 96872 3038 1268 1770 138941 8497 7977 93834 56804 55896 7542
cat_boundaries=0 1 2 3
cat_threshold=340 724 624
is_linear=0
shrinkage=0.03


Tree=292
num_leaves=15
num_cat=0
split_feature=14 40 39 13 2 36 40 34 39 34 40 0 16 39
split_gain=15.1244 19.4284 38.911 33.1335 26.1577 23.306 25.8896 47.3083 35.5968 23.2022 27.2883 39.1221 34.69 29.1949
threshold=0.035386631716906543 -2.0528654686053511 -2.1024491126318048 38.78713249239815 1.2724168265682843 -1.6716285530773658 -1.5388585142873519 -2.0636232288838099 -0.47301799780625736 -0.76040831065552106 -1.5774181993146279 0.016466604666353964 0.18556817257290309 -1.6785484084443045
decision_type=8 8 8 10 10 10 8 10 8 10 10 10 8 10
left_child=-1 3 -3 4 -2 6 7 -4 -8 -7 11 -11 -13 -12
right_child=1 2 5 -5 -6 9 8 -9 -10 10 13 12 -14 -15
leaf_value=0.0044730874667524047 0.0075624451188915616 0.014420167454101162 0.020782763677064459 -0.016238492986036752 -0.0081416120555934876 0.0017188238825563468 -0.0087216903022978177 -0.005078244035037165 -0.00016853807839722594 -0.011117675723999652 0.0099110274489305084 -0.0071168014110984199 0.014110958785767515 -0.00024249869463593128
leaf_weight=626.55373096466064 175.18655478209257 155.12272910773754 97.788339361548424 172.52596607804298 187.06668318808079 5940.8096750229597 904.59806637465954 148.24732150137424 841.02902340888977 466.44797576218843 246.44136983156204 133.60671152919531 124.73452442139387 41611.812525987625
leaf_count=2908 820 671 460 918 889 26692 4482 704 3843 2484 1059 624 591 189631
internal_value=-0.000122762 -0.00017986 -0.00011925 -0.00581506 -0.000547953 -0.000166743 -0.0033391 0.00561063 -0.00462528 -3.58724e-05 -0.000281018 -0.00601231 0.00327647 -0.000180367
internal_weight=51832 51205.4 50670.6 534.779 362.253 50515.5 1991.66 246.036 1745.63 48523.9 42583 724.789 258.341 41858.3
internal_count=236776 233868 231241 2627 1709 230570 9489 1164 8325 221081 194389 3699 1215 190690
is_linear=0
shrinkage=0.03


Tree=293
num_leaves=15
num_cat=2
split_feature=44 33 17 16 11 46 13 37 11 46 41 39 13 0
split_gain=18.322 18.8902 26.895 24.2267 29.7512 68.1582 32.9536 29.0459 40.0586 27.6271 36.1755 46.715 33.5057 28.3688
threshold=-0.13749750835241922 3.1666666412452735 2.7400860427174862 0.88573297651830984 2.4691650395756071 0 49.490956639989577 1.5556888531919275 1.3804719884130487 1 0.35000000000000003 0.37164225747233753 53.109779897640756 0.0048303583975138507
decision_type=8 10 2 8 10 1 10 10 10 1 2 10 10 10
left_child=-1 2 3 4 -2 6 -6 9 -9 13 11 -11 -12 -5
right_child=1 -3 -4 7 5 -7 -8 8 -10 10 12 -13 -14 -15
leaf_value=0.008240739324946485 2.2549739693729232e-05 -0.008851853406146826 0.0044550004303468647 0.017579849856269179 0.0057838445402713309 -0.003805903869135529 0.030080161205447355 -0.0014967024830029399 -0.014594640562110158 -0.0057025255058216363 -0.017966583854747992 0.011120952636670291 -0.0039215078446284499 0.00098479879991980167
leaf_weight=231.35557840764523 45107.563896276057 208.23476794362068 1177.7693571597338 89.118469327688217 92.616996333003044 226.07911339402199 117.1720254868269 491.61248555779457 360.47291700541973 270.51929922401905 161.54562710225582 307.45261457562447 1526.4951751083136 1460.8814682364464
leaf_count=985 206835 888 5116 390 420 1046 521 2213 1689 1195 744 1349 6828 6569
internal_value=-5.69153e-06 -4.42569e-05 -6.8524e-06 -0.000112377 9.87788e-05 0.00781021 0.0192301 -0.00216828 -0.00714278 -0.00104175 -0.00313942 0.00328367 -0.00536351 0.00203249
internal_weight=51828.9 51597.5 51389.3 50211.5 45543.4 435.868 209.789 4668.1 852.085 3816.01 2266.01 577.972 1688.04 1550
internal_count=236788 235803 234915 229799 208822 1987 941 20977 3902 17075 10116 2544 7572 6959
cat_boundaries=0 1 2
cat_threshold=613 668
is_linear=0
shrinkage=0.03


Tree=294
num_leaves=15
num_cat=0
split_feature=38 37 40 1 40 1 37 15 43 38 30 38 21 8
split_gain=22.8408 58.8433 32.9062 34.4346 31.1065 40.391 28.8259 28.5342 24.1806 23.4599 69.6856 34.6813 23.1702 23.4963
threshold=2.6300836929250067 1.9533495851223017 2.23283889851727 0.0096737528060814888 1.6877905140902369 0.0059779137586030767 1.2984723500605277 0.87716044194200482 0.29285714285714287 0.69963395706679588 2.5000000000000004 0.33379971176880441 0.04339694639039824 1.0593033875570239
decision_type=10 10 10 10 10 10 10 10 10 10 2 10 10 10
left_child=2 -2 4 7 -1 -6 -5 8 -4 10 11 -7 -11 -14
right_child=1 -3 3 6 5 9 -8 -9 -10 12 -12 -13 13 -15
leaf_value=4.9198163502658731e-05 0.015257409121308768 -0.002613646278046364 -0.0045394880518352353 -0.01572500635135821 0.017928123717438096 -0.016548620781981105 -0.00041188819345591281 -0.0090116382247500369 0.013465363794640877 -0.0057548787079656485 0.012728243090469656 0.004769337108534972 0.0097415695928118034 -0.0021873305825188703
leaf_weight=48240.747190505266 299.39628171920776 352.03085027635098 102.27951315045357 332.63124588131905 159.38727308809757 129.16464401781559 164.20869626104832 157.44602110981941 165.395084887743 421.01767988502979 516.7141547203064 128.75074388086796 268.24554663896561 312.64801304042339
leaf_count=221037 1249 1519 452 1551 660 561 783 703 714 1862 2190 570 1164 1411
internal_value=0.000167228 0.0057064 9.55099e-05 -0.00549007 0.000199214 0.00391796 -0.0107719 0.000788527 0.00666992 0.00256768 0.00645261 -0.00612594 -0.000470045 0.00339285
internal_weight=51750.1 651.427 51098.6 921.961 50176.7 1935.93 496.84 425.121 267.675 1776.54 774.63 257.915 1001.91 580.894
internal_count=236426 2768 233658 4203 229455 8418 2334 1869 1166 7758 3321 1131 4437 2575
is_linear=0
shrinkage=0.03


Tree=295
num_leaves=15
num_cat=1
split_feature=19 11 1 12 17 8 46 11 1 16 44 16 11 30
split_gain=19.9925 23.3755 21.8475 23.9973 20.3816 20.1937 25.069 33.8163 28.2758 30.738 26.9963 26.8787 23.4214 19.7605
threshold=7.4684236787910816 1.3571613783092673 0.0093781057660422707 0.010463117994834964 1.8553751115207529 1.3640921830968396 0 1.7727799302570186 0.012993002554125698 0.61639411719178139 0.042656623520979688 0.89330525763508439 0.69953680459192003 2.5000000000000004
decision_type=2 8 10 2 2 10 1 8 10 10 10 10 10 2
left_child=5 -2 3 -3 -5 -1 7 8 9 -7 -10 -11 -12 -13
right_child=1 2 -4 4 -6 6 -8 -9 10 11 12 13 -14 -15
leaf_value=3.2949006311874321e-05 0.0091094318716278457 0.0037621642517246482 0.0039600514643119153 -0.020804223174857649 -0.0015090184669937997 -0.0032870879357035738 -0.0048431188149765814 -0.013510272259607565 -0.012845448888857405 0.011406830397209484 -0.0082434049973540424 -0.0076507612228114237 0.0080155517787271861 0.0066760965436371373
leaf_weight=46644.683127962053 440.10333278775215 146.85610154271126 686.08714960515499 98.743950143456459 93.164616882801056 367.83603465557098 1751.0596742331982 139.7220936268568 199.08656039834023 495.15316917002201 129.2361508756876 144.33148293197155 176.85107052326202 187.59402960538864
leaf_count=213622 1900 658 3090 450 404 1634 7886 643 924 2155 587 648 799 803
internal_value=-3.30965e-05 0.00340948 0.000897374 -0.00524105 -0.0119758 -0.000134147 -0.00229875 0.000161284 0.00135826 0.00386635 -0.00453415 0.00704904 0.00110708 0.000404777
internal_weight=51700.5 1464.96 1024.85 338.765 191.909 50235.6 3590.87 1839.81 1700.09 1194.91 505.174 827.079 306.087 331.926
internal_count=236203 6502 4602 1512 854 229701 16079 8193 7550 5240 2310 3606 1386 1451
cat_boundaries=0 1
cat_threshold=227
is_linear=0
shrinkage=0.03


Tree=296
num_leaves=15
num_cat=3
split_feature=24 39 44 16 11 46 46 45 46 10 9 24 15 2
split_gain=19.1182 26.4681 25.9573 37.6279 46.3421 33.8786 25.9545 25.1655 24.0009 37.2332 25.8155 25.5844 23.5045 22.3556
threshold=0.014806713584161581 1.1672008633511177 0.019204159811758211 0.88573297651830984 2.2461601617586591 0 1 0.75362173205142635 2 0.87342672723969617 0.14623417321454132 0.040907883821814851 0.8298825583613344 1.2372508513025096
decision_type=8 8 10 10 10 1 1 10 1 10 8 8 8 10
left_child=2 8 3 -1 5 -5 7 -3 11 10 -10 -2 -8 -7
right_child=1 6 -4 4 -6 13 12 -9 9 -11 -12 -13 -14 -15
leaf_value=-0.0004331044313051753 -0.00019003209364681226 0.022053808965514399 0.0012064826653779975 -0.0085079663184601338 -0.016221576641920088 0.002305595290895324 0.0070468763626996105 0.0063562042910827107 0.0010166387946255878 -0.0041513572339516571 0.0053905420765178918 -0.0062796828246757348 -0.0017966864235623619 -0.0080500141672667815
leaf_weight=29747.046492703259 3139.8871840313077 103.03057053685188 8028.1259130910039 598.24194666743279 261.05419111251831 919.5317288339138 420.51862570643425 590.75669695436954 3502.8483077660203 861.17519374191761 1854.0469126105309 764.17521257698536 719.69700245559216 225.07230377197266
leaf_count=137028 14497 440 36199 2721 1259 4155 1828 2585 15912 3820 8219 3532 3188 998
internal_value=-3.72971e-07 0.00105104 -0.000316574 -0.000701932 -0.0046706 -0.00285775 0.00435686 0.00884197 0.000448356 0.00160353 0.00253769 -0.00139145 0.00148487 0.000215342
internal_weight=51735.2 11956.1 39779.1 31750.9 2003.9 1742.85 1834 693.787 10122.1 6218.07 5356.9 3904.06 1140.22 1144.6
internal_count=236381 54021 182360 146161 9133 7874 8041 3025 45980 27951 24131 18029 5016 5153
cat_boundaries=0 1 2 3
cat_threshold=770 114 240
is_linear=0
shrinkage=0.03


Tree=297
num_leaves=15
num_cat=2
split_feature=45 38 10 46 9 10 2 38 45 46 0 1 20 37
split_gain=19.8927 44.961 37.809 49.2936 42.3644 41.4942 39.8244 42.4927 35.2018 34.94 34.1448 33.797 28.4587 27.8335
threshold=1.3038259658910809 0.85774051887632652 0.68768999569324474 0 -0.45384038910503577 1.5070707350436898 1.1975196757736242 -1.4286301953495417 1.5925947518668477 1 0.010996838162313515 0.024465299116431711 0.51830628964674341 0.3273278763078365
decision_type=8 10 10 1 8 10 10 8 10 1 8 10 8 8
left_child=-1 2 3 4 -2 8 7 -5 -4 -7 -6 -11 -9 -12
right_child=1 -3 5 6 10 9 -8 12 -10 11 13 -13 -14 -15
leaf_value=0.00022300484727590699 -0.0027854486866858209 0.003775272218111898 -0.014324353378832316 0.012582379865472349 0.027885332994098757 -0.010260270005358976 0.0042484720172922905 -0.0076368292678404429 0.0018232361403195127 0.019910323146900947 0.014231069373753548 -0.0033466097946967793 0.0044959741541677305 -0.0060032627446067162
leaf_weight=46601.187357835472 256.01599855720997 1053.3669870495796 660.74082592129707 104.28796093910933 92.234622493386269 131.70984686911106 493.55282261967659 1608.8825343698263 145.81833559274673 105.21968187391758 153.81599320471287 105.03965243697166 188.37030504643917 90.452438831329346
leaf_count=212526 1197 4787 3088 506 418 622 2252 7635 673 487 690 481 868 408
internal_value=2.66765e-05 -0.00173337 -0.003142 -0.00135301 0.0062661 -0.00774375 -0.00326858 -0.00524877 -0.0114184 0.00100146 0.0132151 0.00829095 -0.00634735 0.00679689
internal_weight=51790.7 5189.51 4136.14 2987.61 592.519 1148.53 2395.09 1901.54 806.559 341.969 336.503 210.259 1797.25 244.268
internal_count=236638 24112 19325 13974 2713 5351 11261 9009 3761 1590 1516 968 8503 1098
cat_boundaries=0 1 2
cat_threshold=770 304
is_linear=0
shrinkage=0.03


Tree=298
num_leaves=15
num_cat=1
split_feature=39 39 37 45 39 8 37 14 17 1 38 45 46 45
split_gain=17.5607 49.4574 54.8084 45.1347 43.8711 41.1401 40.4593 39.1085 37.001 35.4292 43.4867 32.973 35.9403 32.2626
threshold=-0.50697222414922305 -1.0357267802456829 -1.5285419233601589 1.3801405940462932 -0.32371391018397272 0.84876860908101248 -1.284707023629758 0.44164310727269629 1.0255308961384879 0.01964875227090029 -1.5791116202724811 1.1758823392664934 0 0.99095832491556901
decision_type=8 10 10 10 10 8 10 10 2 8 10 10 1 8
left_child=1 3 -3 8 5 11 9 -5 -1 10 -6 12 13 -2
right_child=4 2 -4 7 6 -7 -8 -9 -10 -11 -12 -13 -14 -15
leaf_value=0.00075140522385811761 0.0050365086053793234 -0.011177596515734202 -0.0018326297323372563 0.0028568865040002572 -0.0093154724012094077 -0.0065735423471337288 -0.00016166626214588506 0.022782670032224103 -0.013222242883474348 0.02399787947509344 0.0092060666211939458 -0.0010990587807696529 0.0022022698053537266 0.014499364358392948
leaf_weight=5988.6501796320081 698.37472422420979 607.12042690813541 6769.7714372873306 219.27320082485676 146.28402368724346 322.89890725910664 33588.153555214405 142.77166568487883 165.54113200306892 88.206149250268936 420.08433410525322 723.82339604198933 1159.7887137979269 623.50438536703587
leaf_count=27686 3138 3185 31468 1000 723 1451 152071 655 768 370 1993 3403 5279 2832
internal_value=-2.35265e-05 -0.0009351 -0.00261581 0.000968694 0.000311931 0.00349213 -1.66826e-05 0.0111157 0.000354689 0.00731335 0.00434362 0.00452337 0.00616108 0.00950395
internal_weight=51664.2 13893.1 7376.89 6516.24 37771.1 3528.39 34242.7 362.045 6154.19 654.575 566.368 3205.49 2481.67 1321.88
internal_count=236022 64762 34653 30109 171260 16103 155157 1655 28454 3086 2716 14652 11249 5970
cat_boundaries=0 1
cat_threshold=806
is_linear=0
shrinkage=0.03


Tree=299
num_leaves=15
num_cat=2
split_feature=27 37 38 13 15 46 40 1 37 39 38 6 11 46
split_gain=18.808 30.1983 51.9151 24.8856 30.5459 32.0062 28.5925 31.526 34.4736 39.3692 36.1953 30.7098 27.3794 27.9769
threshold=0.14159292035398216 0.20857327179113616 0.92159327893269705 57.599330783481527 0.5814612211497926 0 0.76471202846467523 0.013795762309406835 0.96525393009929783 0.24996824465874593 1.5029414764295994 1.2249987125187349 1.2281414480260675 1
decision_type=10 10 10 10 8 1 8 8 10 10 10 10 8 1
left_child=1 2 -1 -2 5 -5 7 8 -6 10 -10 -8 13 -9
right_child=3 -3 -4 4 6 -7 11 12 9 -11 -12 -13 -14 -15
leaf_value=-0.0021039160653575227 0.00099854514562259795 0.0008189609215845864 0.013742234479080049 0.0021322415279643805 0.0010139018149780226 -0.007090910400631513 -0.003874513561141585 0.00074259924508436885 -0.010472698824506807 0.011509426586912168 0.012244257948040526 0.0015677641590764999 0.0040141128867881336 -0.0094771405931985339
leaf_weight=9486.0445747151971 25584.126577228308 6745.9719772711396 179.92747883498669 466.34734869748354 1669.3376398235559 1174.7730544731021 2478.2792197912931 451.13393938541412 160.70590505003929 739.59813661873341 90.377501353621483 1486.0268168449402 469.26111899316311 501.03464131057262
leaf_count=43923 117541 30452 789 2108 7384 5326 11256 2064 719 3218 402 6557 2096 2324
internal_value=0.000117958 -0.000720741 -0.00179505 0.000508307 -0.00078616 -0.00450301 -2.33716e-05 0.00173708 0.00365968 0.00806325 -0.00213994 -0.00183565 -0.00186125 -0.00476845
internal_weight=51682.9 16411.9 9665.97 35271 9686.88 1641.12 8045.75 4081.45 2660.02 990.682 251.083 3964.31 1421.43 952.169
internal_count=236159 75164 44712 160995 43454 7434 36020 18207 11723 4339 1121 17813 6484 4388
cat_boundaries=0 1 2
cat_threshold=388 94
is_linear=0
shrinkage=0.03


end of trees

feature_importances:
btc_ret_72=430
mkt_ret_72=401
dow=250
btc_ret_24=249
vol_w=235
ret_256=229
mkt_ret_24=188
sym=167
beta=147
btc_ret_8=146
atr_pct=145
mkt_ret_8=144
ret_128=118
ema_dist_200=113
ema_slope_50=113
stoch_288=109
vol_d=105
vol_ratio=84
stoch_96=81
mkt_ret_4=76
breadth_24=65
btc_ret_4=62
xs_rank_72=61
rel_ret_24=54
ret_64=50
ret_32=49
taker_dev=42
btc_ret_1=40
ret_16=32
stoch_24=32
mkt_ret_1=31
trades_z=22
rsi=20
upper_wick=18
taker_8=17
ret_8=12
ema_dist_50=12
ret_4=9
hour=9
ret_2=8
ema_dist_20=8
vol_z=8
xs_rank_24=8
body=1

parameters:
[boosting: gbdt]
[objective: binary]
[metric: binary_logloss]
[tree_learner: serial]
[device_type: cpu]
[data_sample_strategy: bagging]
[data: ]
[valid: ]
[num_iterations: 300]
[learning_rate: 0.03]
[num_leaves: 15]
[num_threads: 4]
[seed: 11]
[deterministic: 0]
[force_col_wise: 0]
[force_row_wise: 0]
[histogram_pool_size: -1]
[max_depth: -1]
[min_data_in_leaf: 400]
[min_sum_hessian_in_leaf: 0.001]
[bagging_fraction: 0.7]
[pos_bagging_fraction: 1]
[neg_bagging_fraction: 1]
[bagging_freq: 1]
[bagging_seed: 27648]
[bagging_by_query: 0]
[feature_fraction: 0.7]
[feature_fraction_bynode: 1]
[feature_fraction_seed: 4989]
[extra_trees: 0]
[extra_seed: 22223]
[early_stopping_round: 0]
[early_stopping_min_delta: 0]
[first_metric_only: 0]
[max_delta_step: 0]
[lambda_l1: 0]
[lambda_l2: 10]
[linear_lambda: 0]
[min_gain_to_split: 0]
[drop_rate: 0.1]
[max_drop: 50]
[skip_drop: 0.5]
[xgboost_dart_mode: 0]
[uniform_drop: 0]
[drop_seed: 21136]
[top_rate: 0.2]
[other_rate: 0.1]
[min_data_per_group: 100]
[max_cat_threshold: 32]
[cat_l2: 10]
[cat_smooth: 10]
[max_cat_to_onehot: 4]
[top_k: 20]
[monotone_constraints: ]
[monotone_constraints_method: basic]
[monotone_penalty: 0]
[feature_contri: ]
[forcedsplits_filename: ]
[refit_decay_rate: 0.9]
[cegb_tradeoff: 1]
[cegb_penalty_split: 0]
[cegb_penalty_feature_lazy: ]
[cegb_penalty_feature_coupled: ]
[path_smooth: 0]
[interaction_constraints: ]
[verbosity: -1]
[saved_feature_importance_type: 0]
[use_quantized_grad: 0]
[num_grad_quant_bins: 4]
[quant_train_renew_leaf: 0]
[stochastic_rounding: 1]
[linear_tree: 0]
[max_bin: 255]
[max_bin_by_feature: ]
[min_data_in_bin: 3]
[bin_construct_sample_cnt: 200000]
[data_random_seed: 74]
[is_enable_sparse: 1]
[enable_bundle: 1]
[use_missing: 1]
[zero_as_missing: 0]
[feature_pre_filter: 1]
[pre_partition: 0]
[two_round: 0]
[header: 0]
[label_column: ]
[weight_column: ]
[group_column: ]
[ignore_column: ]
[categorical_feature: 46]
[forcedbins_filename: ]
[precise_float_parser: 0]
[parser_config_file: ]
[objective_seed: 24011]
[num_class: 1]
[is_unbalance: 0]
[scale_pos_weight: 1]
[sigmoid: 1]
[boost_from_average: 1]
[reg_sqrt: 0]
[alpha: 0.9]
[fair_c: 1]
[poisson_max_delta_step: 0.7]
[tweedie_variance_power: 1.5]
[lambdarank_truncation_level: 30]
[lambdarank_norm: 1]
[label_gain: ]
[lambdarank_position_bias_regularization: 0]
[eval_at: ]
[multi_error_top_k: 1]
[auc_mu_weights: ]
[num_machines: 1]
[local_listen_port: 12400]
[time_out: 120]
[machine_list_filename: ]
[machines: ]
[gpu_platform_id: -1]
[gpu_device_id: -1]
[gpu_device_id_list: ]
[gpu_use_dp: 0]
[num_gpu: 1]

end of parameters

pandas_categorical:[]
