tree
version=v4
num_class=1
num_tree_per_iteration=1
label_index=0
max_feature_idx=46
objective=binary sigmoid:1
feature_names=vol_d vol_w vol_ratio ret_1 ret_2 ret_4 ret_8 ret_16 ret_32 ret_64 ret_128 ret_256 atr_pct rsi stoch_24 stoch_96 stoch_288 ema_dist_20 ema_dist_50 ema_dist_200 ema_slope_50 vol_z taker_1 taker_8 taker_dev trades_z body upper_wick lower_wick hour dow mkt_ret_1 btc_ret_1 mkt_ret_4 btc_ret_4 mkt_ret_8 btc_ret_8 mkt_ret_24 btc_ret_24 mkt_ret_72 btc_ret_72 breadth_24 xs_rank_24 xs_rank_72 rel_ret_24 beta sym
feature_infos=[0.00052815257285610321:0.32637734670843593] [0.0017681497233405178:0.15114284116552595] [0.096899893637738585:2.6488389739903981] [-6.7671016842838965:6.8923858990535374] [-6.2926577096620484:6.4846718672578954] [-5.5931377208062196:6.1324076076242013] [-4.8685865745603456:5.6455616907338353] [-4.7988070675390464:5.3765480864204847] [-3.7698607615868118:4.4313640175974323] [-4.5526624194116962:4.2975564211885056] [-4.2401905739253172:4.4434397900157512] [-4.9780329579680469:5.7137272440275844] [0.001854416062408731:0.96681802611149448] [0:98.385825955312484] [0:1] [0:1] [0:1] [-8.1030340072155997:7.842543547155099] [-9.1719398586151719:8.9530671794241972] [-24.689037513635771:14.211010731033992] [-2.5392894889454651:9.1279914549416823] [-6.5763709630819482:5.4665894185089376] [-0.49453408061359139:0.49232948127684539] [-0.34771614690896779:0.47406578742789141] [-0.37047981682307718:0.30461565404041696] [-6.4620543530466081:5.579739207295912] [-1:1] [0:1] [0:1] [0:22] [0:6] [-8.67288987925388:7.3499954238517287] [-9.0357795633810571:9.3586633506186754] [-6.3546634702206672:6.9033954562585116] [-7.285067626945799:6.2937281352962673] [-5.4315490751676316:5.5130522845373404] [-6.2089260769812986:5.518842989227605] [-4.5672843646418864:4.770867185434156] [-4.909094252859628:4.8409525958633326] [-3.2784195061451658:3.8131348467622841] [-3.8179481386363885:4.0146718798546717] [0:1] [0.10000000000000001:1] [0.10000000000000001:1] [-1.0589438330651799:2.0849530993778389] [0.30139038882084707:3.0698903829091435] -1:1:0:2:5:4:8:6:9:3:7
tree_sizes=1762 1838 1825 1821 1837 1829 1823 1825 1832 1817 1803 1810 1834 1816 1840 1811 1790 1820 1827 1806 1819 1825 1821 1823 1819 1825 1816 1831 1814 1825 1822 1814 1821 1813 1805 1797 1809 1807 1819 1836 1814 1818 1819 1823 1835 1813 1840 1849 1810 1807 1815 1826 1823 1809 1812 1811 1810 1815 1828 1809 1818 1838 1816 1805 1829 1809 1827 1842 1835 1810 1811 1839 1827 1816 1820 1807 1818 1842 1822 1809 1821 1818 1824 1826 1822 1838 1817 1820 1808 1816 1832 1806 1823 1830 1846 1828 1812 1841 1837 1820 1824 1831 1819 1842 1809 1798 1834 1830 1791 1822 1813 1830 1799 1836 1814 1808 1832 1830 1811 1829 1825 1825 1845 1826 1836 1817 1795 1795 1817 1788 1805 1814 1804 1817 1822 1811 1793 1810 1813 1826 1804 1824 1811 1793 1820 1812 1816 1817 1816 1829 1819 1808 1824 1808 1812 1823 1808 1842 1832 1818 1816 1808 1818 1816 1833 1828 1819 1831 1832 1832 1837 1815 1795 1838 1829 1815 1812 1788 1826 1813 1798 1824 1790 1833 1807 1806 1826 1802 1824 1818 1838 1821 1824 1838 1836 1813 1847 1799 1837 1822 1850 1812 1825 1810 1792 1785 1806 1798 1838 1805 1832 1796 1820 1833 1817 1798 1824 1827 1810 1843 1807 1795 1803 1820 1796 1822 1845 1821 1814 1833 1819 1811 1819 1819 1845 1827 1814 1803 1807 1835 1806 1817 1803 1832 1815 1818 1819 1815 1822 1812 1802 1813 1784 1824 1808 1820 1814 1807 1790 1796 1822 1809 1820 1782 1809 1823 1799 1817 1805 1833 1795 1814 1803 1789 1807 1842 1809 1805 1836 1830 1823 1818 1817 1831 1813 1821 1816 1837 1794 1837 1824 1778 1817 1785 1833 1838 1787 1824 1809 1816

Tree=0
num_leaves=15
num_cat=0
split_feature=2 38 39 0 11 37 35 30 41 30 39 35 40 39
split_gain=237.395 152.74 193.814 148.009 130.641 116.864 109.953 109.685 160.256 149.949 123.71 123.885 103.4 101.902
threshold=0.64987144642926931 -0.1808905395500216 0.56764800424328044 0.019318621065182371 -0.24965966906724998 -1.7842672868464209 -1.1768542058331051 1.5000000000000002 0.75000000000000011 5.5000000000000009 -1.2359969244346105 0.3860650771882464 0.94152741522413541 -1.800661752700941
decision_type=8 8 10 8 8 10 8 2 2 2 10 10 10 10
left_child=-1 2 3 5 -4 -2 12 8 10 -9 -8 -12 -3 -7
right_child=1 6 4 -5 -6 13 7 9 -10 -11 11 -13 -14 -15
leaf_value=-0.69765249764422077 -0.70640957721309061 -0.68827472767320574 -0.70228978200851444 -0.69058085397684132 -0.68425034257056327 -0.67817724281889091 -0.66951892786355349 -0.68902238832036355 -0.69980252048154468 -0.696903670939783 -0.69653824893279015 -0.68542666063884561 -0.66613015053953228 -0.69742653856550396
leaf_weight=12323.028572738171 1321.8796424567699 578.29457299411297 429.88858960568905 3014.1077494472265 2054.1343149840832 244.38111037015915 221.72031649947166 13008.628669649363 3200.9482165575027 2600.8815082758665 2261.1917648613453 1489.8361146748066 277.70580723881721 9502.870559066534
leaf_count=55468 5950 2603 1935 13567 9246 1100 998 58554 14408 11707 10178 6706 1250 42774
internal_value=-0.694011 -0.692895 -0.695103 -0.696467 -0.687393 -0.698071 -0.691347 -0.691747 -0.694817 -0.690337 -0.690795 -0.692114 -0.680853 -0.696928
internal_weight=52529.5 40206.5 16567.3 14083.2 2484.02 11069.1 23639.2 22783.2 7173.7 15609.5 3972.75 3751.03 856 9747.25
internal_count=236444 180976 74572 63391 11181 49824 106404 102551 32290 70261 17882 16884 3853 43874
is_linear=0
shrinkage=1


Tree=1
num_leaves=15
num_cat=1
split_feature=39 39 30 30 1 30 33 36 46 20 0 37 45 39
split_gain=220.404 163.865 162.49 157.752 191.512 177.585 153.724 130.238 125.006 123.582 102.171 116.983 113.22 101.568
threshold=0.85988707139511911 2.1324168955337464 4.5000000000000009 2.5000000000000004 0.005307420508664654 4.5000000000000009 0.57588238072190345 -1.2916645236870627 0 -0.70471326719515848 0.019318621065182371 -1.7842672868464209 1.1986765600347253 -0.069595878407742201
decision_type=8 10 2 2 8 2 10 10 1 10 8 10 8 10
left_child=2 3 6 7 -5 -6 10 -2 9 -4 11 -1 -13 -11
right_child=1 -3 8 4 5 -7 -8 -9 -10 13 -12 12 -14 -15
leaf_value=-0.011798814619280439 0.026035524096153492 -0.006417159408991055 -0.0089735815811965783 0.030436825533873745 0.012579558279122795 0.0019301642359281712 0.0042741187323728615 -0.00035059920993368707 -0.0072466756237970099 0.0057295414466242318 0.0042140212586719312 -8.632591170901915e-05 -0.0062652547974032238 -0.0030696811381374003
leaf_weight=966.0300766825676 165.37222681939602 1250.7752811312675 1334.2392314076424 320.37903453409672 2632.0261523276567 3029.6799922287464 6732.632440879941 4202.5894452035427 5357.8780498951674 2354.9864455759525 3056.408680588007 15576.842117682099 3210.8624495565891 2348.4275465607643
leaf_count=4366 742 5627 6011 1441 11829 13634 30296 18908 24131 10607 13743 70128 14457 10575
internal_value=0.000154762 0.00380306 -0.000879745 0.00504315 0.00820387 0.00689433 0.000294377 0.000705574 -0.00392123 -0.000949538 -0.00088164 -0.0016718 -0.00114509 0.00133887
internal_weight=52539.1 11600.8 40938.3 10350 5982.09 5661.71 29542.8 4367.96 11395.5 6037.65 22810.1 19753.7 18787.7 4703.41
internal_count=236495 52181 184314 46554 26904 25463 132990 19650 51324 27193 102694 88951 84585 21182
cat_boundaries=0 1
cat_threshold=271
is_linear=0
shrinkage=0.03


Tree=2
num_leaves=15
num_cat=0
split_feature=19 12 45 37 2 38 37 19 40 30 36 30 40 40
split_gain=227.653 197.583 183.659 172.724 156.781 124.489 148.914 113.386 108.961 104.406 131.758 103.542 93.835 93.6391
threshold=0.30195724968847415 0.03294658031181457 1.0476671307919865 -1.7842672868464209 0.50714443978775958 -0.1808905395500216 -0.14960318950031029 -4.9047318999974765 -0.10374281949270815 1.5000000000000002 0.5618091923478139 1.5000000000000002 0.15001357176021035 -0.73668629609605907
decision_type=2 2 10 8 10 8 10 2 10 2 10 2 10 10
left_child=1 3 11 13 -5 8 12 -3 -6 -8 -11 -2 -7 -1
right_child=2 7 -4 4 5 6 9 -9 -10 10 -12 -13 -14 -15
leaf_value=-0.0071769723951635974 0.0004549308319305566 0.013686396467354586 -0.00069631795492061644 -0.0082955035575695696 -0.0014108047361144926 0.011862994416592528 -0.0054344813292249126 0.0013003306798409641 -0.0082676523232253392 -0.0013511416518441819 0.0083958723587601574 0.0062776069909245384 -0.00026361934636114212 -0.023416220209340952
leaf_weight=1024.7402198910713 3846.7808882594109 1036.0220509022474 10337.747810512781 2990.3940871804953 7359.8823558241129 1633.6513220965862 2777.3848825246096 1833.5569895654917 2903.7358612418175 4099.9829145073891 1783.1417296975851 9632.6308051347733 882.04035919904709 464.5244202464819
leaf_count=4641 17316 4660 46502 13487 33166 7347 12505 8243 13087 18450 8017 43297 3967 2104
internal_value=0.0001425 -0.00165228 0.00231173 -0.00247971 -0.00187231 -0.000972965 0.00121733 0.00580415 -0.00335687 -0.000651193 0.00161236 0.00461749 0.00762701 -0.0123646
internal_weight=52606.2 28789.1 23817.2 25919.5 24430.2 21439.8 11176.2 2869.58 10263.6 8660.51 5883.12 13479.4 2515.69 1489.26
internal_count=236789 129674 107115 116771 110026 96539 50286 12903 46253 38972 26467 60613 11314 6745
is_linear=0
shrinkage=0.03


Tree=3
num_leaves=15
num_cat=1
split_feature=2 38 1 38 39 39 30 1 30 19 39 12 46 0
split_gain=192.438 134.481 284.951 111.829 112.071 103.578 156.317 137.305 125.325 117.611 142.641 114.316 113.741 109.869
threshold=0.64987144642926931 -1.3939149835849485 0.01689188677208216 2.4326689520438873 2.1324168955337464 0.85988707139511911 2.5000000000000004 0.0061147370691443685 4.5000000000000009 -6.3865716343036825 -1.800661752700941 0.035938871524104493 0 0.011410113049563188
decision_type=8 8 8 10 10 8 2 8 2 2 10 2 1 10
left_child=-1 2 -2 4 5 9 -7 -8 -9 11 13 -3 -12 -11
right_child=1 3 -4 -5 -6 6 7 8 -10 10 12 -13 -14 -15
leaf_value=-0.0033230082150759121 -0.0089742844806167728 0.0050211203877710666 0.011872341878541665 0.012789438709187227 -0.0089536514667592562 -0.00020673579030873292 0.024671421320223413 0.011761557022630461 0.001223358917764372 0.040537597788842417 0.0026460490735165302 0.027137862738381778 -0.0015899477369443343 0.00024261511489272474
leaf_weight=12280.228076949716 2802.824931755662 1565.8014884591103 737.57762879133224 763.79016268253326 931.54563817381859 3502.6375112682581 407.20374026894569 2045.4077981561422 2012.909895285964 128.34399949014187 8766.4688762128353 234.48214992880821 16246.421487614512 109.00514781475067
leaf_count=55384 12675 7054 3311 3430 4196 15747 1815 9143 9040 576 39423 1049 73129 489
internal_value=-3.72065e-05 0.000965754 -0.00461007 0.00150455 0.0012613 0.00153551 0.00453944 0.00825436 0.00655051 0.000649311 0.000119701 0.00803576 -0.000104438 0.0227897
internal_weight=52534.6 40254.4 3540.4 36714 35950.2 35018.7 7968.16 4465.52 4058.32 27050.5 25250.2 1800.28 25012.9 237.349
internal_count=236461 181077 15986 165091 161661 157465 35745 19998 18183 121720 113617 8103 112552 1065
cat_boundaries=0 1
cat_threshold=7
is_linear=0
shrinkage=0.03


Tree=4
num_leaves=15
num_cat=1
split_feature=39 35 30 12 37 46 7 30 30 12 39 35 20 9
split_gain=203.485 156.163 171.493 149.035 219.708 169.592 148.134 131.942 111.42 85.5238 83.2899 83.1501 76.5267 75.5369
threshold=0.85988707139511911 -1.1768542058331051 2.5000000000000004 0.03294658031181457 -1.6711359168606357 0 -0.28617179339156745 4.5000000000000009 4.5000000000000009 0.0096759448772127648 -1.7323926026804164 0.80763311527359283 -0.24439337017749579 1.1996568007825295
decision_type=8 10 2 2 10 1 10 2 2 2 10 10 10 10
left_child=3 -2 13 4 10 -6 -5 -4 11 -9 -1 -7 -10 -3
right_child=1 2 7 6 5 8 -8 9 12 -11 -12 -13 -14 -15
leaf_value=0.00035855725770860192 0.020888006585437269 0.0016511592388378229 0.010597380731031758 0.010003355726737072 0.001114426418828309 -0.0026649099427182156 -0.0012615676324787114 0.013774572144691898 -0.010397862108446964 0.00010329555636106679 -0.015102348712581568 0.0036894346209522836 -0.0032398487739363929 -0.0059549194949194842
leaf_weight=399.37412732839584 432.78278134763241 2763.6096244901419 2932.6284916996956 2053.6720454990864 15983.804260954261 11312.818753987551 2136.1019438952208 466.79735693335533 2616.5019830167294 3023.2271685898304 1442.2479280382395 2207.0574474185705 2780.5662995576859 2030.2751479893923
leaf_count=1816 1929 12437 13078 9206 71941 50987 9592 2087 11828 13591 6564 9924 12557 9141
internal_value=-8.77697e-05 0.00340877 0.00271635 -0.00108348 -0.00169502 -0.0011604 0.00427075 0.00591749 -0.00308105 0.00196599 -0.0117657 -0.00162563 -0.00672287 -0.00157581
internal_weight=52581.5 11649.3 11216.5 40932.1 36742.4 34900.7 4189.77 6422.65 18916.9 3490.02 1841.62 13519.9 5397.07 4793.88
internal_count=236678 52263 50334 184415 165617 157237 18798 28756 85296 15678 8380 60911 24385 21578
cat_boundaries=0 1
cat_threshold=263
is_linear=0
shrinkage=0.03


Tree=5
num_leaves=15
num_cat=1
split_feature=2 34 12 18 36 46 39 0 18 36 36 39 40 35
split_gain=220.251 135.7 124.718 162.349 125.9 96.634 104.624 100.091 86.0914 82.3514 78.9539 76.7867 95.7803 125.865
threshold=0.65703106656704635 1.6752315362477856 0.032517041383130059 -1.3889021698978112 -0.21854230158594459 0 -1.800661752700941 0.011927116820422207 -0.7655901238564905 -1.2916645236870627 -0.31063366253488506 2.0637555910113634 1.6877905140902369 -0.94273570673294704
decision_type=8 8 2 2 10 1 10 10 2 10 10 10 10 10
left_child=8 2 3 5 -4 9 7 -7 10 -2 -1 12 -5 -14
right_child=1 -3 4 11 -6 6 -8 -9 -10 -11 -12 -13 13 -15
leaf_value=-0.0014326312865162595 -0.0066233156147899068 0.0081716982990305449 0.010192389866673176 0.0011081034762933024 0.00042395221098805993 0.032324298958234764 -0.0080983994646873069 -0.0054811446119087453 -0.0016443756499878001 0.0020887006274973429 -0.0099295568129018925 -0.0074747179208075835 0.036712839053828404 0.0061500792277729716
leaf_weight=1541.1321119368076 1383.4648807942867 2307.6527912318707 2329.2897433340549 21685.28674454987 2413.4714202135801 106.63135419785976 3798.0662485659122 131.83918033540249 8376.3063294440508 3253.8771061003208 2732.4109661132097 855.7305396348238 123.40144307911396 1430.63011290133
leaf_count=6968 6266 10347 10421 97466 10819 479 17174 596 37789 14688 12367 3857 548 6402
internal_value=3.11457e-05 0.00112675 0.000691299 3.25915e-05 0.00523283 -0.00348447 -0.00686464 0.012044 -0.00341579 -0.000517912 -0.00687588 0.00129961 0.00162577 0.0087962
internal_weight=52469.2 39819.3 37511.7 32768.9 4742.76 8673.88 4036.54 238.471 12649.8 4637.34 4273.54 24095 23239.3 1554.03
internal_count=236187 179063 168716 147476 21240 39203 18249 1075 57124 20954 19335 108273 104416 6950
cat_boundaries=0 1
cat_threshold=87
is_linear=0
shrinkage=0.03


Tree=6
num_leaves=15
num_cat=0
split_feature=34 19 12 45 2 36 40 10 11 15 19 45 1 36
split_gain=176.759 149.639 148.93 127.297 107.034 113.56 116.335 122.526 119.52 109.186 90.4159 77.734 75.3005 74.8241
threshold=1.6752315362477856 0.30195724968847415 0.03294658031181457 1.0476671307919865 0.50174733092209511 -1.2916645236870627 -1.6823852431989177 -0.8087283638101801 -0.74013407510113105 0.12703142882295951 -4.9718587207473819 1.2227003229789559 0.0056033301392984227 -0.28579423544681298
decision_type=8 2 2 10 10 10 10 8 8 10 2 10 8 10
left_child=1 2 4 12 -1 -6 9 8 11 -7 -4 -8 -3 -5
right_child=-2 3 10 13 5 6 7 -9 -10 -11 -12 -13 -14 -15
leaf_value=-0.0080106417279308065 0.0077817229055767868 0.0098120634129990458 0.011967224044500253 0.0032146254378119894 -0.0076743853980211817 0.00093087962992951601 0.0081437365659748056 -0.0023810706816852845 -0.0018818294760192267 -0.023157838557711617 0.00068489104323214733 -0.003805654258679255 0.0026037138697711207 -0.0027320950929759593
leaf_weight=2864.2322089672089 2502.4875404238701 1471.0372638702393 992.17436128854752 2599.7007142305374 2650.1430225819349 289.28168931603432 3099.6853260844946 12381.952247411013 2883.451545894146 395.94740663468838 1769.0637523531914 575.46770405769348 11081.314676180482 7039.6629711985588
leaf_count=13001 11197 6581 4417 11678 12024 1306 13989 55849 13013 1787 7924 2602 49721 31675
internal_value=1.68478e-05 -0.000372536 -0.00183454 0.00146563 -0.00256127 -0.00185731 -0.0010683 -0.000625561 0.00268724 -0.0131212 0.00476744 0.00626741 0.00345561 -0.00112662
internal_weight=52595.6 50093.1 27901.4 22191.7 25140.2 22275.9 19625.8 18940.6 6558.6 685.229 2761.24 3675.15 12552.4 9639.36
internal_count=236764 225567 125912 99655 113571 100570 88546 85453 29604 3093 12341 16591 56302 43353
is_linear=0
shrinkage=0.03


Tree=7
num_leaves=15
num_cat=0
split_feature=19 12 37 2 45 38 37 7 30 36 38 39 1 30
split_gain=197.542 168.232 164.503 151.895 150.335 105.045 130.979 102.354 95.94 102.87 81.3352 102.097 99.0476 76.2532
threshold=0.14777743805327198 0.032517041383130059 -1.6711359168606357 0.50174733092209511 1.0476671307919865 -0.1808905395500216 -0.14960318950031029 -0.22450233841797712 1.5000000000000002 0.5618091923478139 -0.68813729984319794 0.56764800424328044 0.012404344152554292 1.5000000000000002
decision_type=2 2 8 10 10 8 10 10 2 10 10 10 10 2
left_child=1 2 -1 -4 -2 13 -7 -3 -8 -10 11 -6 -12 -5
right_child=4 7 3 5 10 6 8 -9 9 -11 12 -13 -14 -15
leaf_value=-0.011407461938147784 0.0039815485542177139 0.00953113414728461 -0.0084742340895455869 0.00099956310261790026 6.4357235930920641e-05 0.0071334080925452622 -0.0053943662563645106 -0.0018737560672479198 -0.0011953995024844032 0.0075411413603581673 0.0020556300332192101 0.01964571094221949 -0.0041375960897962931 -0.0049025106561696435
leaf_weight=1749.7978287637234 13816.858974471688 1773.9819029867649 2773.6817248314619 2725.7505558431149 653.91596095263958 2436.0288313627243 2706.6988177895546 1169.7534451186657 4002.9602112919092 1729.0010312348604 3909.2357394248247 368.33815863728523 5704.3492960482836 7068.6357970386744
leaf_count=8019 61892 7898 12624 12315 2944 10942 12210 5241 18044 7748 17578 1647 25663 31972
internal_value=-5.30224e-05 -0.00176682 -0.00256015 -0.00189519 0.00191886 -0.00100865 0.00102076 0.00500817 -0.000750167 0.00144845 -0.000761962 0.00724187 -0.00161968 -0.00326064
internal_weight=52589 28136.3 25192.6 23442.8 24452.7 20669.1 10874.7 2943.74 8438.66 5731.96 10635.8 1022.25 9613.59 9794.39
internal_count=236737 127013 113874 105855 109724 93231 48944 13139 38002 25792 47832 4591 43241 44287
is_linear=0
shrinkage=0.03


Tree=8
num_leaves=15
num_cat=0
split_feature=40 2 12 37 1 14 40 31 10 11 38 19 1 45
split_gain=179.493 149.475 128.701 232.448 123.836 107.157 90.0776 82.2524 84.5871 161.739 92.8766 111.174 106.931 88.1071
threshold=1.6877905140902369 0.65338346439733919 0.032517041383130059 -1.7842672868464209 0.0056033301392984227 0.53589130168077592 -1.6823852431989177 2.8312508026343428 -0.98943148083948607 -0.77429459751051299 -0.18898188143061143 -0.15037637832745596 0.01613981825678033 0.77728617984278914
decision_type=8 8 2 10 8 10 10 10 8 10 10 2 10 10
left_child=1 -1 3 -3 -2 -4 -5 8 9 -8 11 -10 -12 -11
right_child=4 2 5 6 -6 -7 7 -9 10 13 12 -13 -14 -15
leaf_value=-0.0034622650147609771 0.027627479311115116 -0.012102497088116271 0.0089677072110114827 -0.010711990747032685 0.0050267225438313254 -0.00018053508504838867 0.0098040260413785434 0.016910327455882456 -0.0053687144119813589 0.011853620029135798 0.001946983664852252 0.0012902532476424919 -0.0054379390644046094 -0.0053652557101391352
leaf_weight=11967.597536385059 225.59215173125267 1420.8344933986664 2667.9258160442114 648.57218483090401 3110.4940913617611 2022.1400154232979 2217.8834282904863 262.51602594554424 5546.8199488967657 316.23180791735649 14768.989264756441 3793.8048356324434 1994.1659259349108 1479.7434976994991
leaf_count=54175 1000 6546 11867 2934 13922 9057 9985 1174 25113 1424 66227 17023 8966 6682
internal_value=-9.00363e-05 -0.000548023 0.00039172 -0.000280218 0.00663303 0.00503142 0.00026486 0.000502648 0.000354067 0.00440284 -0.000269941 -0.00266561 0.00106575 -0.00228454
internal_weight=52443.3 49107.2 37139.6 32449.6 3336.09 4690.07 31028.7 30380.2 30117.6 4013.86 26103.8 9340.62 16763.2 1795.98
internal_count=236095 221173 166998 146074 14922 20924 139528 136594 135420 18091 117329 42136 75193 8106
is_linear=0
shrinkage=0.03


Tree=9
num_leaves=15
num_cat=0
split_feature=19 45 12 37 2 10 40 40 40 38 19 38 38 1
split_gain=177.293 132.726 129.032 159.654 132.397 119.603 133.831 154.232 107.598 103.413 82.7944 74.8281 74.3075 100.194
threshold=-0.20135360238900055 1.0476671307919865 0.03294658031181457 -1.7842672868464209 0.50714443978775958 -0.8087283638101801 -1.6823852431989177 -1.035354013581717 1.6877905140902369 -0.1808905395500216 -5.1057218926681402 0.22122599726967704 -0.70090576348564937 0.013125409478723302
decision_type=2 10 2 8 10 8 10 8 8 8 2 10 8 10
left_child=2 8 3 -1 -5 6 -6 -8 -2 -7 -4 -10 -3 -14
right_child=1 12 10 4 5 9 7 -9 11 -11 -12 -13 13 -15
leaf_value=-0.012117665262422172 0.0026683183489113922 0.0067048713485928892 0.011361039209103875 -0.0079360942176524684 -0.01259046309387764 -0.0056511623567830445 0.012133025899904927 0.00092554064679118591 0.024814074671244402 -0.00013090815641789291 0.00049086611682698804 0.0078133178034806849 0.0016420220011017323 -0.0043284689672939075
leaf_weight=1428.2698630392551 12839.092067554593 1092.2595905512571 985.15425337851048 2769.8087011575699 514.16676990687847 5844.514902472496 1365.6649075895548 5628.8053987473249 269.1080214381218 6386.4309833943844 1724.2015646696091 1550.6615805923939 4804.6332063823938 5323.0564534068108
leaf_count=6610 57475 4896 4353 12657 2334 26523 6156 25372 1196 28738 7696 6905 21591 23983
internal_value=-6.21092e-06 0.00176205 -0.00172352 -0.00242617 -0.00180611 -0.000942386 0.00203633 0.00312799 0.00364072 -0.0027712 0.00447063 0.0104493 -0.000693478 -0.00149721
internal_weight=52525.8 25878.8 26647 23937.7 22509.4 19739.6 7508.64 6994.47 14658.9 12230.9 2709.36 1819.77 11219.9 10127.7
internal_count=236485 116046 120439 108390 101780 89123 33862 31528 65576 55261 12049 8101 50470 45574
is_linear=0
shrinkage=0.03


Tree=10
num_leaves=15
num_cat=0
split_feature=39 35 30 30 1 40 40 38 25 12 38 30 38 35
split_gain=155.743 237.385 247.222 285.435 161.022 155.959 146.261 134.092 123.026 130.634 114.464 108.874 105.042 103.309
threshold=0.56764800424328044 -1.1475916595967293 2.5000000000000004 4.5000000000000009 0.005307420508664654 0.56831490529919615 1.5312603655106738 -0.56145670727825692 -0.086058336485354922 0.05739229260881145 0.3259879215615672 3.5000000000000004 -0.1808905395500216 1.1498836390358413
decision_type=8 10 2 2 8 10 10 10 8 2 10 2 10 10
left_child=8 -2 7 5 -5 -4 11 -3 -1 12 -8 -7 -10 -9
right_child=1 2 3 4 -6 6 10 13 9 -11 -12 -13 -14 -15
leaf_value=-0.0027420859866480545 0.019163965153621856 0.011562307213807702 0.019982751357318539 0.022970770137604728 -0.0014956100377464146 -0.0047645038430678939 0.033148939396781721 -0.0061819470243183678 -0.0020309805899576673 0.016355488547716339 0.01017694895417773 0.0090184719705793861 0.0027327674370683334 0.0030395421288503008
leaf_weight=19204.086849853396 719.3710954785347 531.52612678706646 1141.2864918857813 245.89167818427086 4480.8382603675127 997.46660567820072 256.56487512588501 4650.4916335493326 8450.2889827489853 459.85031227767467 791.82134692370892 1048.0767830610275 8197.2652250379324 1421.7996262311935
leaf_count=86767 3189 2378 5091 1085 20128 4442 1134 20908 38274 2039 3505 4664 36833 6375
internal_value=-1.3343e-06 0.00243545 0.00165054 0.00489369 -0.000177024 0.01054 0.00700357 -0.00275145 -0.00109456 0.0007554 0.0160588 0.00230701 0.000314924 -0.00402133
internal_weight=52596.6 16285.1 15565.8 8961.95 4726.73 4235.22 3093.93 6603.82 36311.5 17107.4 1048.39 2045.54 16647.6 6072.29
internal_count=236812 72899 69710 40049 21213 18836 13745 29661 163913 77146 4639 9106 75107 27283
is_linear=0
shrinkage=0.03


Tree=11
num_leaves=15
num_cat=0
split_feature=19 45 39 0 37 1 2 10 11 8 39 1 45 11
split_gain=170.105 135.031 132.335 140.187 116.902 171.068 140.399 144.392 126.685 99.4448 81.88 76.3323 75.4612 72.7385
threshold=0.19977454956986698 1.0476671307919865 -1.800661752700941 0.0088324298315891562 -1.7842672868464209 0.02328594170803824 0.55870484503503259 -0.8087283638101801 -0.71696186944991014 0.87827258991003287 2.1324168955337464 0.0056033301392984227 0.77728617984278914 2.0273698035533445
decision_type=2 10 10 8 10 8 8 8 10 10 10 10 10 10
left_child=2 13 3 -1 5 -4 -6 8 9 11 -3 -8 -10 -2
right_child=1 10 4 -5 6 -7 7 -9 12 -11 -12 -13 -14 -15
leaf_value=0.029948064909520664 0.0043206052828406276 -0.00022503721186131089 -0.013286801851916769 0.0031109308592515224 -0.0065646538692256265 0.026132984206805852 -0.0085232857940591277 -0.0024510903885510043 0.0076387308663080772 -0.016263441517530102 -0.012536780456951623 0.007919090671225407 -0.0040955028820596241 -0.0039018984337721076
leaf_weight=210.48367841541767 12698.61012364924 9966.9169096648693 1329.1289039105177 867.03994718194008 4308.4493728280067 97.805301919579506 263.40252275764942 13917.752456113696 599.52197413146496 164.656329408288 501.11572130024433 3976.845508903265 2582.3531312048435 1040.4978039264679
leaf_count=951 56693 44815 6145 3900 19674 431 1184 62843 2697 739 2265 17853 11663 4649
internal_value=-0.000105338 0.00174079 -0.00168356 0.00858048 -0.00209257 -0.0104218 -0.00162828 -0.000636677 0.00269066 0.00598006 -0.000825816 0.00688005 -0.00186756 0.00369551
internal_weight=52524.6 24207.1 28317.4 1077.52 27239.9 1426.93 25813 21504.5 7586.78 4404.9 10468 4240.25 3181.88 13739.1
internal_count=236502 108422 128080 4851 123229 6576 116653 96979 34136 19776 47080 19037 14360 61342
is_linear=0
shrinkage=0.03


Tree=12
num_leaves=15
num_cat=1
split_feature=33 12 46 30 16 30 36 39 2 36 0 30 38 30
split_gain=152.035 136.01 168.829 120.895 95.4897 94.3427 86.3507 84.8256 81.8166 81.7727 81.1964 80.5997 64.7701 84.0342
threshold=0.53675478111990804 0.032517041383130059 0 4.5000000000000009 0.4879161069960945 1.5000000000000002 -0.5215762605121016 -0.56649517192622467 0.38380388786502956 0.98186133670799813 0.0051157759415886546 4.5000000000000009 0.2995866601470602 2.5000000000000004
decision_type=8 2 1 2 8 2 10 8 10 8 8 2 10 2
left_child=1 2 4 5 -1 -2 -3 -7 -4 -9 -5 -8 -10 -14
right_child=3 6 8 10 -6 7 11 9 12 -11 -12 -13 13 -15
leaf_value=-0.0018802209964363574 0.00070071570602814911 0.009175830603165392 -0.014683469081572503 0.0074018455608570073 0.0024254141466199682 -0.00094217900349829824 0.0039539958736030641 0.005247890282472592 -0.0048527956015226538 0.013082368882564123 -0.004581138791788752 -0.0080314553279021619 -0.0050839763952033887 0.0026862762898713023
leaf_weight=9185.929333165288 4195.5978335887194 1732.7699703723192 602.16515049338341 616.04953481256962 9338.6976344287395 1130.2597209960222 1692.6797758638859 3313.0881014168262 10308.818790018559 1892.231392800808 2721.1510630398989 707.89850670099258 2215.1440843492746 2856.5820645689964
leaf_count=41633 18844 7676 2761 2774 41880 5077 7567 14812 46763 8410 12247 3174 9994 12843
internal_value=-7.64346e-05 -0.00104355 -0.0016598 0.00261699 0.000290331 0.00419284 0.00409282 0.00650068 -0.00391659 0.00811549 -0.00235357 0.000400991 -0.00348833 -0.000710811
internal_weight=52509.1 38640.7 34507.3 13868.4 18524.6 10531.2 4133.35 6335.58 15982.7 5205.32 3337.2 2400.58 15380.5 5071.73
internal_count=236455 174291 155874 62164 83513 47143 18417 28299 72361 23222 15021 10741 69600 22837
cat_boundaries=0 1
cat_threshold=271
is_linear=0
shrinkage=0.03


Tree=13
num_leaves=15
num_cat=0
split_feature=2 38 1 39 1 11 30 37 37 36 40 38 45 40
split_gain=166.016 104.064 243.697 166.776 107.711 134.129 127.11 169.25 105.829 81.7084 79.4454 93.8529 79.0974 77.9829
threshold=0.64987144642926931 -0.18898188143061143 0.01689188677208216 0.56764800424328044 0.011824723650806066 2.0889122416477606 2.5000000000000004 -0.017091030579077706 0.80369563933809629 -0.39240558294352001 1.6877905140902369 0.26482985361946587 1.1678735829514659 0.14189900311352202
decision_type=8 8 8 10 8 10 2 10 10 8 8 10 8 10
left_child=10 2 3 12 5 6 7 -3 -8 -6 -1 -12 13 -2
right_child=1 4 -4 -5 9 -7 8 -9 -10 -11 11 -13 -14 -15
leaf_value=-0.003671599613608276 -0.0018926587369291297 0.010486303099825619 0.0059723409478656606 0.0054263715143186833 0.0056450886218616025 -0.012301184200429955 0.0040807280796475867 -0.001296132817632329 0.011622761121841808 -0.0015555088059442206 0.028821556950321774 -0.00039790941035959239 -0.0094328540472032318 -0.0097724964128667255
leaf_weight=11782.689318448305 7556.4468332231045 1390.030756175518 3486.4407318085432 1824.5336330533028 1700.4492806345224 443.64475046098232 4225.6310224384069 5065.7012538611889 2783.3368690162897 8294.9129017591476 137.37477618455887 300.18268577754498 2193.4339235574007 1320.9512526243925
leaf_count=53511 34353 6223 15533 8140 7611 1981 18883 22717 12353 37206 612 1346 10001 5984
internal_value=-0.000141656 0.00078755 -0.0010539 -0.00295669 0.00204945 0.00375567 0.00429346 0.00125312 0.00708804 -0.000326098 -0.00320303 0.00921479 -0.00434192 -0.00307485
internal_weight=52505.8 40285.5 16381.8 12895.4 23903.7 13908.3 13464.7 6455.73 7008.97 9995.36 12220.2 437.557 11070.8 8877.4
internal_count=236454 180985 74011 58478 106974 62157 60176 28940 31236 44817 55469 1958 50338 40337
is_linear=0
shrinkage=0.03


Tree=14
num_leaves=15
num_cat=1
split_feature=34 12 8 46 36 45 14 30 40 30 24 1 2 19
split_gain=133.993 110.439 158.708 140.624 121.003 110.189 78.5832 77.7926 73.8528 69.1252 61.4799 66.0189 60.8266 57.1634
threshold=1.737872041545214 0.03294658031181457 -1.3841678147333714 0 -0.21854230158594459 1.3038259658910809 0.47222222222222238 4.5000000000000009 -1.745031036448901 5.5000000000000009 -0.0029304462260947568 0.0059077594814355662 0.63911708768944164 -5.9243486091155155
decision_type=8 2 10 1 10 8 10 2 10 2 8 10 10 2
left_child=1 2 -1 8 -3 9 -7 13 -4 12 -10 -12 -5 -6
right_child=-2 4 3 5 7 6 -8 -9 10 -11 11 -13 -14 -15
leaf_value=-0.0076031654454024218 0.0071213543550852909 0.008469090022322193 -0.013066512905906123 -0.0043172049160627802 0.017927032100634843 -0.014626158225434395 -0.0029577126349258271 -0.0084639856104083248 -0.00030037662406675177 -0.0059003669457186585 0.008140785180000637 0.0019871176560896523 0.00041443806923741522 0.00094299845525353443
leaf_weight=2849.3064166307449 2295.332891613245 2571.9327395558357 307.44254952669144 3092.6224540919065 187.41543467342854 1013.7061624377966 1067.5329524576664 786.75722417235374 9631.8772495239973 2586.7373465001583 1825.7013804018497 10897.111254870892 11532.978302136064 1861.8513512611389
leaf_count=13083 10199 11372 1403 14091 825 4616 4834 3537 43334 11752 8171 48999 51940 8328
internal_value=4.9234e-05 -0.0002754 -0.000764443 -0.000298309 0.00377026 -0.00217942 -0.00868381 -0.000505799 0.00130383 -0.00138962 0.0015078 0.00287586 -0.000588347 0.00257578
internal_weight=52508.3 50213 44805 41955.7 5407.96 19293.6 2081.24 2836.02 22662.1 17212.3 22354.7 12722.8 14625.6 2049.27
internal_count=236484 226285 202223 189140 24062 87233 9450 12690 101907 77783 100504 57170 66031 9153
cat_boundaries=0 1
cat_threshold=271
is_linear=0
shrinkage=0.03


Tree=15
num_leaves=15
num_cat=0
split_feature=19 30 30 30 39 2 39 38 8 39 40 33 33 40
split_gain=141.28 160.573 119.83 139.056 125.95 114.108 113.376 104.302 136.693 105.09 137.166 95.9489 92.0066 90.4092
threshold=0.14777743805327198 1.5000000000000002 4.5000000000000009 3.5000000000000004 0.56764800424328044 0.48441832078458547 1.8222334440802765 -0.36979126697361009 0.61517548781865383 -1.3029678569888075 -1.5774181993146279 -0.14241238516038715 0.31003259452925785 -0.052694671325560848
decision_type=2 2 2 2 10 8 10 8 10 8 10 10 8 10
left_child=5 -2 3 6 -5 -1 12 13 9 10 -9 -4 -3 -7
right_child=1 2 11 4 -6 7 -8 8 -10 -11 -12 -13 -14 -15
leaf_value=-0.0075724108961099934 -0.0022527416664443623 0.00075266547363007355 0.0052194702024693958 0.0037157879012896002 0.015271499762360224 -0.0017536835956614737 -0.0096941070158845805 -0.0069295666002201764 -0.0063538338735753611 0.0011780278605132424 0.018298084370676451 -0.0022746539615005517 0.008025763128829775 -0.008558577299338949
leaf_weight=2541.9049215763807 6961.8875852078199 3613.9260877966881 2247.4237811565399 1546.487873673439 1894.5374397337437 9058.3722166866064 594.35679359734058 260.56274129450321 2051.2422927618027 11190.903664112091 701.40392987430096 4811.9643290489912 2754.7114939689636 2172.6211200356483
leaf_count=11713 31252 16142 10078 6928 8345 41176 2646 1178 9238 50420 3139 21613 12251 9905
internal_value=-6.92907e-05 0.00159748 0.00313281 0.00517826 0.0101039 -0.00152452 0.00273309 -0.000917369 0.000790808 0.00200096 0.0114638 0.000115181 0.00390625 -0.00307652
internal_weight=52402.3 24425.3 17463.4 10404 3441.03 27977 6962.99 25435.1 14204.1 12152.9 961.967 7059.39 6368.64 11231
internal_count=236024 109255 78003 46312 15273 126769 31039 115056 63975 54737 4317 31691 28393 51081
is_linear=0
shrinkage=0.03


Tree=16
num_leaves=15
num_cat=0
split_feature=2 30 39 40 37 12 40 19 40 39 30 39 35 36
split_gain=146.385 91.9337 93.8421 164.842 154.087 144.876 93.8895 127.839 90.7295 111.276 93.395 91.6314 81.6131 78.2685
threshold=0.64987144642926931 5.5000000000000009 -1.800661752700941 -1.745031036448901 -1.6711359168606357 0.044726875793469636 -1.6823852431989177 -6.277558930922158 1.5956037031214281 1.5794817583170404 3.5000000000000004 2.1324168955337464 -1.3730688873722234 -1.2916645236870627
decision_type=8 2 8 10 8 2 8 2 10 10 2 10 10 10
left_child=-1 2 3 -2 5 -4 13 12 11 -10 -11 -9 -8 -6
right_child=1 -3 4 -5 6 -7 7 8 9 10 -12 -13 -14 -15
leaf_value=-0.0028584771679997642 0.0019139289916096217 -0.0033093663451682657 -0.010749365226305468 0.030312079991779387 0.0079521164485044527 0.01734495436684624 -0.0065893299623598772 0.0010542023878263235 0.01245375664579474 -0.0040751212729481486 0.011658814501096829 -0.014534722083375088 0.013281814777938798 -0.018639309940698956
leaf_weight=12113.814367234707 556.83385111391544 4173.3148339241743 1497.6835464090109 265.82354345917702 130.96294309198856 176.46819186210632 211.65926027297974 28361.819028824568 1407.7910171896219 1078.3027115464211 483.57136748731136 333.49531055986881 1260.8550897836685 351.58940000832081
leaf_count=55110 2503 18795 6970 1192 596 772 953 127239 6231 4813 2138 1501 5636 1593
internal_value=3.17995e-05 0.000901296 0.00138862 0.011344 0.00115343 -0.00770261 0.00159658 0.00178934 0.00138574 0.00636861 0.000839438 0.000868028 0.0104004 -0.0114076
internal_weight=52404 40290.2 36116.9 822.657 35294.2 1674.15 33620 33137.5 31665 2969.67 1561.87 28695.3 1472.51 482.552
internal_count=236042 180932 162137 3695 158442 7742 150700 148511 141922 13182 6951 128740 6589 2189
is_linear=0
shrinkage=0.03


Tree=17
num_leaves=15
num_cat=0
split_feature=34 39 39 39 40 37 12 40 39 36 45 30 40 35
split_gain=127.244 110.851 135.155 116.702 174.755 109.104 159.151 123.827 191.084 112.414 106.143 105.561 118.091 100.514
threshold=1.6752315362477856 0.85988707139511911 2.1324168955337464 -1.800661752700941 -1.745031036448901 -1.7842672868464209 0.044726875793469636 -1.5774181993146279 -1.1924373062288918 -0.18834359756890931 1.1703361425729282 2.5000000000000004 0.61470566167047491 -1.3422989876975417
decision_type=8 10 10 10 10 10 2 10 10 10 10 2 10 10
left_child=1 3 11 4 -1 6 -5 9 -9 -7 -10 13 -13 -3
right_child=-2 2 -4 5 -6 7 -8 8 10 -11 -12 12 -14 -15
leaf_value=-0.00027025841774572451 0.0065715533184922768 0.024379915046285856 -0.0075940956950031309 -0.012774541373505673 0.025173803816690443 -0.0034226433998344593 0.01791113733228147 0.0077089327458771039 -0.00034865176220789061 -0.023991809797054429 -0.0043210197705042582 0.013887197088721947 0.0037094440281734775 -0.0011853143248100136
leaf_weight=684.50376714766026 2518.3656816184521 133.64932955801487 1086.318684771657 1315.7988914698362 366.42331974208355 629.34607544541359 162.99775263667107 2259.2867746651173 25664.128701806068 379.71764893829823 7913.6782774925232 1343.0182174444199 4298.4577848464251 3785.8182406127453
leaf_count=3085 11157 584 4898 6169 1632 2862 710 10174 115786 1736 35873 5960 19060 16995
internal_value=5.33749e-06 -0.00032648 0.00238795 -0.00106088 0.0087549 -0.00133226 -0.00929468 -0.00101026 -0.00071682 -0.0113224 -0.00128587 0.00352886 0.00615266 -0.000253744
internal_weight=52541.5 50023.1 10647.3 39375.9 1050.93 38325 1478.8 36846.2 35837.1 1009.06 33577.8 9560.94 5641.48 3919.47
internal_count=236681 225524 47497 178027 4717 173310 6879 166431 161833 4598 151659 42599 25020 17579
is_linear=0
shrinkage=0.03


Tree=18
num_leaves=15
num_cat=1
split_feature=36 12 37 46 36 40 40 30 2 19 39 38 39 11
split_gain=134.528 109.311 148.013 118.799 109.446 97.5439 86.4827 77.8145 76.9596 76.6455 76.584 71.3203 58.564 111.128
threshold=1.8634857398669054 0.03294658031181457 -1.7842672868464209 0 -0.45636257260114482 -0.73668629609605907 -1.6300809730482866 4.5000000000000009 0.62353313800268773 -6.0084129638145241 -1.1924373062288918 1.8830224903366182 -1.800661752700941 -0.76226547254124799
decision_type=8 2 10 1 10 10 10 2 10 2 10 8 10 10
left_child=1 2 5 6 -3 -1 -4 9 -5 -6 -8 -2 13 -10
right_child=11 4 3 8 7 -7 10 -9 12 -11 -12 -13 -14 -15
leaf_value=-0.0048727649884737247 0.0029476365525606526 0.0090539634966009495 -0.012072634464813048 -0.0052044202262033152 0.019226813677056181 -0.021532701699136163 0.0096228849687671619 -0.0069730767417259488 -0.0081102082615255033 0.0013712567216654899 0.00098860221353095257 0.014204941468908288 -0.001267744508402911 0.035670636784638443
leaf_weight=992.4690368026495 1332.7746350765228 2061.0548240840435 427.53306567668915 5271.6169447600842 230.09002198278904 460.18500924110413 962.47002080082893 943.93591994047165 94.432331085205078 2210.9623544663191 18861.044828221202 814.02438148856163 17851.326422795653 98.806713536381721
leaf_count=4659 5923 9072 1962 24148 1005 2188 4320 4251 424 9872 84678 3598 80469 439
internal_value=-7.50669e-05 -0.00038857 -0.000874409 -0.000559131 0.00362187 -0.0102616 0.00112139 0.000297441 -0.0020182 0.00312587 0.00141245 0.00726226 -0.00108612 0.0149294
internal_weight=52612.7 50465.9 45019.9 43567.2 5446.04 1452.65 20251 3384.99 23316.2 2441.05 19823.5 2146.8 18044.6 193.239
internal_count=237008 227487 203287 196440 24200 6847 90960 15128 105480 10877 88998 9521 81332 863
cat_boundaries=0 1
cat_threshold=263
is_linear=0
shrinkage=0.03


Tree=19
num_leaves=15
num_cat=0
split_feature=2 30 39 40 8 19 1 40 39 1 15 14 39 30
split_gain=123.472 81.1137 97.5342 116.75 108.115 87.6336 80.4987 78.3633 123.316 80.8751 76.7336 69.0788 78.9216 76.4618
threshold=0.64282311794322544 5.5000000000000009 -1.800661752700941 -1.745031036448901 -1.4754985222815058 -6.4875207005540183 0.013056840633192889 1.6877905140902369 1.5794817583170404 0.006946261941516237 0.084609772463441216 0.25311203319502013 2.1324168955337464 3.5000000000000004
decision_type=8 2 8 10 8 2 10 10 10 10 10 8 10 2
left_child=-1 2 3 -2 6 10 -4 11 9 -9 -6 -7 13 -13
right_child=1 -3 4 -5 5 7 -8 8 -10 -11 -12 12 -14 -15
leaf_value=-0.0026624104913310007 0.0032907176642991863 -0.0030922558525412025 -0.0098815637247912577 0.026796934587235938 -0.0057062052964553748 -0.0022821597428128487 0.0031681449883187397 0.031997640028427789 0.00042185144370668809 0.0099666286549028316 0.013005620016116671 0.00047033180838692288 -0.012227317601957796 0.0041154625845170574
leaf_weight=11726.731257975101 563.43377237021923 4242.6458411216736 1343.4130688905716 279.67513327300549 240.16759589314461 5612.5308938920498 614.64477986097336 174.02600109577179 1451.1606228947639 926.42466650903225 979.75387096405029 16419.491805315018 366.31839965283871 7557.6637096703053
leaf_count=53453 2530 19129 6232 1231 1085 25388 2769 757 6448 4082 4371 73590 1659 33785
internal_value=4.90932e-05 0.000829443 0.00128565 0.0113109 0.00104569 0.00144413 -0.00578991 0.00114635 0.00618274 0.0137074 0.00930535 0.00071544 0.00140721 0.00162052
internal_weight=52498.1 40771.4 36528.7 843.109 35685.6 33727.5 1958.06 32507.6 2551.61 1100.45 1219.92 29956 24343.5 23977.2
internal_count=236509 183056 163927 3761 160166 151165 9001 145709 11287 4839 5456 134422 109034 107375
is_linear=0
shrinkage=0.03


Tree=20
num_leaves=15
num_cat=0
split_feature=19 30 41 21 30 35 12 16 37 12 35 35 40 30
split_gain=138.841 109.076 120.616 106.037 103.201 109.829 101.914 97.1274 88.2749 92.9427 76.1774 73.5948 144.996 75.3722
threshold=-0.64504910750418953 1.5000000000000002 0.95000000000000007 -0.40682165968411288 4.5000000000000009 0.51466287247333231 0.013813642541581033 0.26815415019463501 -1.6711359168606357 0.032517041383130059 -0.097560699251999006 -1.0486926114479196 1.0700845643146468 3.5000000000000004
decision_type=2 2 2 8 2 8 2 10 8 2 10 10 8 2
left_child=3 2 -2 -1 5 11 -6 8 -5 -10 -8 12 -3 -13
right_child=1 4 -4 7 6 -7 10 -9 9 -11 -12 13 -14 -15
leaf_value=-0.0040556322935514722 0.00033268598920381271 0.0034209422586218841 -0.0088829076820091113 -0.0049312358969622041 0.0042589331265749037 0.0079222586127967922 0.0027293209625009821 -0.0029749908690224658 0.0020958838394628254 0.012897866404472999 -0.0053098147063712926 -0.0014699850053555435 0.031241425465748027 0.0055817629769174494
leaf_weight=9802.3343884646893 6450.8605245500803 750.20624601840973 1583.8531559109688 1396.1556316912174 3069.7013674080372 4785.8411227911711 1558.3387794792652 6009.2192940860987 6636.150352075696 794.71192143857479 3279.2810769677162 4157.2826010584831 208.66209733486176 2018.315148845315
leaf_count=44592 28996 3350 7130 6432 13766 21187 7007 27266 30034 3497 14786 18600 911 8980
internal_value=4.12137e-06 0.00145464 -0.00149273 -0.00163611 0.00264915 0.00441075 -8.68109e-06 -3.58732e-05 0.00196611 0.00326691 -0.00271989 0.00204741 0.009735 0.000839972
internal_weight=52500.9 27862.3 8034.71 24638.6 19827.6 11920.3 7907.32 14836.2 8827.02 7430.86 4837.62 7134.47 958.868 6175.6
internal_count=236534 124713 36126 111821 88587 53028 35559 67229 39963 33531 21793 31841 4261 27580
is_linear=0
shrinkage=0.03


Tree=21
num_leaves=15
num_cat=0
split_feature=33 12 36 37 2 40 15 41 40 38 10 36 39 2
split_gain=135.607 120.039 98.8431 96.0258 94.5452 87.7456 87.357 86.9611 160.604 88.972 74.1096 68.8218 76.5457 67.2002
threshold=0.52748769023272568 0.032517041383130059 -0.5215762605121016 -1.7842672868464209 0.46625789547253149 -0.73668629609605907 0.20850053928863158 0.65000000000000002 -0.58212004591178201 -0.16339987913102602 1.2708892168234218 0.16421336544098719 1.0209580655004571 1.2165200873256057
decision_type=8 2 10 10 10 10 10 2 10 8 8 10 10 10
left_child=1 3 -3 5 6 -1 -5 9 -9 11 -10 -2 -13 -6
right_child=7 2 -4 4 13 -7 -8 8 10 -11 -12 12 -14 -15
leaf_value=-0.0040991838564633162 0.0055121424471224955 0.0092382269949794031 -0.00013674391191623606 -0.018355108879486579 -0.0013963808209578232 -0.020686016054577532 -0.0041377793299998394 -0.015004996543013238 0.0030858067559709668 0.0081190159723318351 -0.0048235441418182871 -0.0047791385125373871 0.018527371076534946 0.0023930946422506998
leaf_weight=890.50304397940636 1760.5097371041775 1742.5363062918186 2395.1929714679718 453.15047967433929 24897.960728317499 418.42414249479771 2498.401703864336 572.25551262497902 5123.0393408983946 3570.5056037008762 1336.241495847702 1572.8339188843966 128.05858823657036 5059.3193227499723
leaf_count=4200 7932 7642 10705 2109 112404 2014 11476 2578 22838 15926 5964 7087 567 22732
internal_value=-7.22955e-05 -0.000996268 0.00382412 -0.00158011 -0.00126159 -0.00951813 -0.00637517 0.00244659 8.6511e-05 0.00480307 0.00144466 0.00136907 -0.00292638 -0.000755812
internal_weight=52418.9 38355.5 4137.73 34217.8 32908.8 1308.93 2951.55 14063.4 7031.54 7031.91 6459.28 3461.4 1700.89 29957.3
internal_count=236174 173282 18347 154935 148721 6214 13585 62892 31380 31512 28802 15586 7654 135136
is_linear=0
shrinkage=0.03


Tree=22
num_leaves=15
num_cat=0
split_feature=2 36 12 38 36 45 38 33 38 30 0 11 41 45
split_gain=125.533 81.8386 86.0118 127.767 103.112 85.6957 65.1221 64.1157 72.9096 89.042 80.7536 74.9419 72.9653 68.8207
threshold=0.64987144642926931 1.8634857398669054 0.033405801742459607 -1.4990529980008322 -0.21854230158594459 0.77404030145805491 1.8830224903366182 0.47986631680807906 0.33379971176880441 3.5000000000000004 0.0090508425172519582 0.77252665896857819 0.8500000000000002 1.2048854646943059
decision_type=8 10 2 10 10 8 10 10 8 2 10 8 2 8
left_child=-1 2 3 -2 -4 -5 -3 8 13 12 11 -11 -10 -7
right_child=1 6 4 5 -6 7 -8 -9 9 10 -12 -13 -14 -15
leaf_value=-0.0027415561716901157 -0.0070542567181002443 0.0024593698677474875 0.0088263462946047856 0.0033877129845324766 -0.00016395645981916429 -0.0015875262016928648 0.013652712085587555 0.0019244442134039338 0.002636151402640854 0.018190353208200293 0.0017906272481371932 -0.0053650247260226226 -0.0060630588876172068 -0.007257224670301321
leaf_weight=12141.359604895115 2209.5830029696226 1263.3186259865761 2259.7270019203424 6745.5180943161249 2322.8452335000038 9377.7005405128002 738.22285421192646 7351.0627770721912 1770.8358510881662 634.31620636582375 1406.8402703553438 145.00431807339191 1683.7499102503061 2418.1733166873455
leaf_count=55431 10296 5599 9894 30117 10358 42340 3242 32876 7944 2826 6289 644 7574 10995
internal_value=-6.85177e-05 0.000736743 0.00042705 -9.71712e-05 0.00427885 0.000392405 0.00663513 -0.000423751 -0.00141426 0.00138938 0.00611329 0.0137951 -0.00160907 -0.00275499
internal_weight=52468.3 40326.9 38325.4 33742.8 4582.57 31533.2 2001.54 24787.7 17436.6 5640.75 2186.16 779.321 3454.59 11795.9
internal_count=236425 180994 172153 151901 20252 141605 8841 111488 78612 25277 9759 3470 15518 53335
is_linear=0
shrinkage=0.03


Tree=23
num_leaves=15
num_cat=0
split_feature=25 19 45 10 33 12 36 19 2 8 16 1 1 39
split_gain=111.919 100.611 94.8396 80.5871 75.9506 70.8165 92.4766 66.9116 62.5162 70.3108 66.4746 60.742 53.7812 52.7365
threshold=-0.021854085914295662 0.14777743805327198 1.0476671307919865 -0.47964427753880584 1.7816860076022922 0.03294658031181457 -1.5575190851906979 -2.4180334564489745 0.50714443978775958 -1.4127662430527577 0.20465004314719751 0.032867599984082202 0.013259214923021038 2.1324168955337464
decision_type=8 2 10 8 8 2 10 2 10 10 10 10 10 10
left_child=1 3 -3 8 5 6 -2 12 -1 -10 -11 -9 -5 -4
right_child=4 2 13 7 -6 -7 -8 11 9 10 -12 -13 -14 -15
leaf_value=-0.0068386737389993157 -0.00652026092387307 0.0029749670844204518 -0.0017924168921940736 -0.012395933427129554 0.0077701135598708098 0.0052977929416078099 0.00093209657261824914 -0.0027169853896795468 -0.0089943519732482366 0.0040973144622173802 -0.0018415243798500709 -0.026632815852137396 -0.0023160650217262245 -0.018298603435229047
leaf_weight=1415.5984249860048 1620.9837498217821 6931.6797156333923 5098.4753383696079 1666.666516289115 1568.255665525794 2950.6106871366501 18456.506287530065 4362.0741990655661 696.16715350747108 3191.1277818828821 3599.4645998477936 87.907141909003258 672.92722906172276 170.57391883432865
leaf_count=6589 7475 30875 22964 7636 6927 13013 83079 19844 3198 14399 16280 396 3076 780
internal_value=-7.17539e-05 -0.00137238 0.000670763 -0.00296037 0.00140314 0.000966348 0.000327474 -0.00541974 -0.0010807 1.5686e-05 0.000951257 -0.00324809 -0.0095189 -0.00236042
internal_weight=52489 27892.7 12200.7 15691.9 24596.4 23028.1 20077.5 6789.58 8902.36 7486.76 6790.59 4449.98 2339.59 5269.05
internal_count=236531 126037 54619 71418 110494 103567 90554 30952 40466 33877 30679 20240 10712 23744
is_linear=0
shrinkage=0.03


Tree=24
num_leaves=15
num_cat=0
split_feature=33 2 30 20 30 41 45 39 1 37 39 39 30 38
split_gain=98.5907 91.3688 90.5529 88.1307 84.3317 190.778 79.7108 68.6458 116.958 119.568 66.384 63.3881 159.942 143.182
threshold=0.53675478111990804 0.47826281300572865 4.5000000000000009 -0.65534662134034638 1.5000000000000002 0.75000000000000011 0.77404030145805491 -1.1924373062288918 0.015505886941388719 0.30941397065864179 -0.56649517192622467 0.5570626339436896 2.5000000000000004 -0.54816887260986025
decision_type=8 8 2 10 2 2 10 10 10 10 8 10 2 10
left_child=1 3 4 -1 5 -2 -3 8 9 -8 -6 -9 13 -13
right_child=2 6 -4 -5 10 -7 7 11 -10 -11 -12 12 -14 -15
leaf_value=-0.016415432852153647 0.0057639577411847673 0.0026912912833703035 -0.0020204756580232287 -0.0032030275806191055 -0.00072186519249701835 -0.0070781901117846421 -0.0025193841374574273 -0.00242215330150056 0.011440667612725695 0.02797733659242083 0.007287529134157384 0.012112633589635881 0.0045400846295975553 -0.0065829285686477921
leaf_weight=531.33811217546463 2484.5081233680248 7015.2267110049725 3289.7151734381914 2881.4732719808817 1131.3178910762072 1776.9119504988194 2012.3625040352345 17221.711040318012 1044.2352052927017 112.73328232765198 5214.1782006323338 413.80758872628212 4456.2671625465155 2854.370006904006
leaf_count=2493 11109 31508 14828 13267 5076 7991 9235 78125 4616 507 23042 1834 19836 12867
internal_value=0.000157987 -0.000623138 0.0023234 -0.00530201 0.00367127 0.00040505 -0.000167225 -0.00088117 0.00327106 -0.000778119 0.00586067 -0.0014098 0.000847471 -0.00418602
internal_weight=52440.2 38543.5 13896.6 3412.81 10606.9 4261.42 35130.7 28115.5 3169.33 2125.1 6345.5 24946.2 7724.44 3268.18
internal_count=236334 174288 62046 15760 47218 19100 158528 127020 14358 9742 28118 112662 34537 14701
is_linear=0
shrinkage=0.03


Tree=25
num_leaves=15
num_cat=2
split_feature=19 45 16 1 38 46 2 11 45 11 10 2 46 45
split_gain=104.16 107.637 88.6931 120.065 115.493 115.314 103.932 88.4426 77.1202 78.547 71.0976 76.9859 70.3746 82.6452
threshold=0.14777743805327198 1.0476671307919865 0.26530612244897972 0.027042210423424615 -1.3249551572897709 0 1.3196928467061027 -0.87484764667362203 1.1678735829514659 -0.66062591544338523 -0.8087283638101801 0.60852270798399422 1 1.0358221562716028
decision_type=2 10 10 8 8 1 10 10 8 8 10 10 1 8
left_child=2 12 3 4 -1 -4 8 -5 9 10 11 -6 -2 -14
right_child=1 -3 5 7 6 -7 -8 -9 -10 -11 -12 -13 13 -15
leaf_value=-0.0063257837677094392 -0.00022622066501535326 -0.00074835635615245956 0.0013986255545413758 0.021385998074577823 -0.0015280974861839978 -0.0045989237660714602 0.0091149556421451956 -1.4735929959417487e-05 -0.0046345181182019463 -0.0028385885357879235 -0.00042660000263732614 0.0096331554566784303 0.0040750585549943867 0.01958552616414232
leaf_weight=2228.8264521360397 3796.6428011506796 10592.105447739363 4073.2149510830641 408.70068830251694 745.28897596895695 9834.0369330048561 1289.6206910312176 297.11445260047913 2355.365321457386 2434.8752933740616 2147.3060521185398 2153.7484236806631 9827.7280381768942 310.13519638776779
leaf_count=10294 16850 47593 18483 1806 3438 44791 5792 1312 10713 11073 9763 9636 43662 1376
internal_value=0.000104164 0.00153085 -0.00114706 0.000533045 -0.000108448 -0.00284489 0.00114159 0.012503 8.80447e-05 0.00157908 0.00371202 0.00676841 0.00326264 0.00456389
internal_weight=52494.7 24526.6 27968.1 14060.8 13355 13907.3 11126.2 705.815 9836.58 7481.22 5046.34 2899.04 13934.5 10137.9
internal_count=236582 109481 127101 63827 60709 63274 50415 3118 44623 33910 22837 13074 61888 45038
cat_boundaries=0 1 2
cat_threshold=268 268
is_linear=0
shrinkage=0.03


Tree=26
num_leaves=15
num_cat=0
split_feature=33 36 12 35 35 38 37 45 39 39 9 37 38 36
split_gain=107.174 83.035 112.306 107.244 81.4075 96.1809 78.3679 65.2663 55.5863 61.9262 81.5898 71.4752 108.088 93.0616
threshold=0.52748769023272568 -0.27787662703641075 0.033405801742459607 -2.0890591837551153 0.3776549698963923 0.33379971176880441 0.016334933919100542 1.2048854646943059 2.1324168955337464 0.93477581139694654 0.66954411158186156 0.27836158822628732 -0.16339987913102602 0.41371428813154593
decision_type=8 10 2 10 10 10 10 8 10 8 8 10 10 10
left_child=1 2 3 -1 5 -3 -7 -5 9 11 -11 12 13 -2
right_child=8 4 -4 7 -6 6 -8 -9 -10 10 -12 -13 -14 -15
leaf_value=-0.0092459742002346922 0.0041672393442241914 -0.0049906207130393579 0.0075776601530485157 0.0017668383190861002 0.0006343789502328335 0.0087970129515754 -0.0014352668795201201 -0.0041032105071790344 -0.0056269205595639972 0.013518169705139206 0.0034405216451487775 -0.0010934419793010366 0.00909297868388248 -0.0070565523530922254
leaf_weight=1020.3409627825022 1904.2859577387571 9201.8759190887213 2048.9375340938568 10561.9680916816 8030.5072883218527 777.3008666485548 4656.7285777330399 2022.7016652822495 722.48474082350731 986.53711108863354 2675.0515841543674 4617.6369987279177 2179.2612071931362 1008.6795941442251
leaf_count=4753 8592 41896 8947 47862 36138 3496 20988 9261 3246 4354 11815 20629 9703 4541
internal_value=0.000190616 -0.000632151 0.00104787 5.9629e-05 -0.00179236 -0.0031234 4.18614e-05 0.000820852 0.00242652 0.00286554 0.00618515 0.00160864 0.00405623 0.000269905
internal_weight=52414.3 38320.4 15653.9 13605 22666.4 14635.9 5434.03 12584.7 14093.9 13371.5 3661.59 9709.86 5092.23 2912.97
internal_count=236221 173341 70823 61876 102518 66380 24484 57123 62880 59634 16169 43465 22836 13133
is_linear=0
shrinkage=0.03


Tree=27
num_leaves=15
num_cat=1
split_feature=40 12 37 46 35 40 40 40 37 2 10 36 36 1
split_gain=112.435 109.55 128.111 117.503 103.003 87.4729 86.5844 84.7322 81.0281 79.827 77.0899 74.5008 73.5083 64.6079
threshold=1.6877905140902369 0.032517041383130059 -1.6711359168606357 0 -0.60493196807214211 -1.6300809730482866 2.23283889851727 -0.79859734425339701 1.2263824772261935 0.31221105790683362 -1.6100666638675551 -0.45636257260114482 2.2036125253768422 0.010320142295238076
decision_type=8 2 10 1 10 10 10 10 10 10 8 10 8 10
left_child=1 2 7 5 -2 -4 8 -1 13 -5 -3 -12 -8 -6
right_child=4 10 3 9 6 -7 12 -9 -10 -11 11 -13 -14 -15
leaf_value=-0.0036024123535179234 0.019295977538886327 0.021662932202528993 -0.012548744411383742 -0.018345728756447955 0.021504788969525936 0.0014466076953980362 -0.0071629253415938518 -0.017169051177323938 -0.00044230352849148632 -0.0018367146242107655 0.0074604278389129013 0.00014702181639889106 0.010965622261809313 0.0065405384558108702
leaf_weight=1093.5578055977821 403.93223649263382 194.85251353681087 400.64540874958038 256.93495005369186 423.35209810733795 19075.054233640432 895.37981322407722 664.1884598582983 729.04186628758907 22126.304532080889 1997.3679589033127 3339.6743916720152 249.35573343932629 682.07535749673843
leaf_count=5177 1766 846 1849 1207 1855 85623 3974 3198 3226 100307 8703 14900 1092 3027
internal_value=-1.67384e-05 -0.000381303 -0.000885933 -0.000551714 0.005265 0.00115182 0.00330444 -0.00879688 0.00732938 -0.00203342 0.00359191 0.00289287 -0.00315325 0.0124129
internal_weight=52531.7 49148.6 43616.7 41858.9 3383.14 19475.7 2979.2 1757.75 1834.47 22383.2 5531.89 5337.04 1144.74 1105.43
internal_count=236750 221810 197361 188986 14940 87472 13174 8375 8108 101514 24449 23603 5066 4882
cat_boundaries=0 1
cat_threshold=263
is_linear=0
shrinkage=0.03


Tree=28
num_leaves=15
num_cat=2
split_feature=39 39 46 30 30 1 30 39 35 24 40 36 46 34
split_gain=110.568 129.958 110.383 113.368 105.465 126.128 117.405 100.165 99.8984 87.5555 86.9819 79.0708 73.382 57.7327
threshold=0.85988707139511911 2.1324168955337464 0 4.5000000000000009 2.5000000000000004 0.005307420508664654 4.5000000000000009 -1.6001727728724755 -1.3422989876975417 0.0023885598688693781 0.46665899233000291 -0.31063366253488506 1 1.365404701834336
decision_type=8 10 1 2 2 8 2 10 10 8 8 10 1 10
left_child=2 4 13 7 8 -6 10 -4 -2 -10 -7 -5 -12 -1
right_child=1 -3 3 11 5 6 -8 -9 9 -11 12 -13 -14 -15
leaf_value=0.00029253038332299226 0.023966434333399671 -0.0065895187337286091 0.01070074688779105 9.9871243127689903e-05 0.023721351061906332 0.021251128132010008 0.001004067902173506 -0.0015789957456502008 -0.0048340666763111639 0.0038294727505124629 0.012542668094626407 -0.008326171769087105 0.0017168155849614146 0.0069487564422581064
leaf_weight=20372.011724129319 141.56382006406784 1250.4725203365088 616.2020580470562 1342.8416896313429 337.61273816227913 467.51779516041279 3025.5179140269756 13220.035926133394 2257.0757400244474 1945.7173450142145 1104.2188024371862 3940.0795136392117 1162.048647403717 1234.4731844216585
leaf_count=91959 610 5639 2765 6135 1448 2028 13511 59921 10110 8691 4810 18118 5051 5459
internal_value=-5.54119e-05 0.00251486 -0.000793737 -0.00245273 0.00361049 0.0061523 0.00508306 -0.00102478 3.73454e-05 -0.000823641 0.00957723 -0.00618825 0.00708619 0.000675556
internal_weight=52417.4 11691.7 40725.6 19119.2 10441.3 6096.92 5759.3 13836.2 4344.36 4202.79 2733.79 5282.92 2266.27 21606.5
internal_count=236255 51898 184357 86939 46259 26848 25400 62686 19411 18801 11889 24253 9861 97418
cat_boundaries=0 1 2
cat_threshold=271 458
is_linear=0
shrinkage=0.03


Tree=29
num_leaves=15
num_cat=1
split_feature=36 39 39 30 1 30 35 39 11 46 12 0 37 45
split_gain=106.425 89.4614 125.27 117.603 134.586 111.521 97.1656 90.523 138.538 100.462 89.0107 88.3811 87.6807 83.8082
threshold=1.8634857398669054 0.85988707139511911 2.1324168955337464 2.5000000000000004 0.005307420508664654 4.5000000000000009 -1.3422989876975417 -1.800661752700941 -0.39537265143851846 0 0.03209345131266278 0.011067024874046595 -0.40955442894243932 1.2676092618112487
decision_type=8 10 10 2 8 2 10 10 8 1 2 10 10 8
left_child=1 7 3 6 -5 -6 -3 8 -1 -9 13 -10 -12 -11
right_child=-2 2 -4 4 5 -7 -8 9 11 10 12 -13 -14 -15
leaf_value=0.00095344916757283092 0.006550128749769563 0.023197282119354817 -0.007569136543353598 0.024847174230562836 0.0095734253222291895 0.00093756070557094546 -0.0016413440106223321 0.00055453332145938825 0.039948283517409706 -0.0023405229290731659 0.0086701346154766362 0.006810968439400618 -0.0023679191139056675 -0.0077411015101297199
leaf_weight=774.22207671403885 2160.096318602562 137.21948575973511 1056.3079595565796 312.68315508961678 2465.0833232551813 2955.0330220162868 3806.0663345009089 17476.346055179834 153.08482407033443 15509.495106443763 1182.8863662779331 139.17631913721561 1409.9185523986816 3098.4233810901642
leaf_count=3460 9501 589 4789 1335 10704 13197 17063 78772 678 70800 5203 623 6287 14256
internal_value=4.48766e-05 -0.000234755 0.00219442 0.00326699 0.00600625 0.00487557 -0.000720511 -0.000891118 0.00769051 -0.00112967 -0.0025167 0.0249155 0.00268181 -0.00324345
internal_weight=52636 50475.9 10732.4 9676.09 5732.8 5420.12 3943.29 39743.6 1066.48 38677.1 21200.7 292.261 2592.8 18607.9
internal_count=237257 227756 47677 42888 25236 23901 17652 180079 4761 175318 96546 1301 11490 85056
cat_boundaries=0 1
cat_threshold=263
is_linear=0
shrinkage=0.03


Tree=30
num_leaves=15
num_cat=0
split_feature=25 19 1 36 2 10 38 37 34 35 38 18 30 16
split_gain=99.2726 80.7125 71.6225 79.6772 69.1921 90.3941 69.936 82.2591 68.7326 79.2094 66.4429 65.9658 51.6561 58.4795
threshold=0.054652197082247805 0.30195724968847415 0.0056753136967946172 -0.30276921536240681 0.50714443978775958 -0.85832241424167 -0.27042775581709205 -0.078156885752102556 0.50439289964386413 -0.50626476117741126 -0.71372822471158404 -2.700558991238498 4.5000000000000009 0.3816829325208389
decision_type=8 2 10 8 10 8 10 10 8 10 8 2 2 8
left_child=1 4 -3 -4 10 11 12 -8 -2 -10 -1 -6 -7 -14
right_child=8 2 3 -5 5 6 7 -9 9 -11 -12 -13 13 -15
leaf_value=-0.021999847801498117 0.00040000169578467991 0.0085950822985212966 0.0044078648923705985 -0.0013839431906246444 -0.0065345133800039481 -0.0040457785493365041 0.0045585169347476103 -0.0035314184101061241 0.016283574299739419 0.0031248853554230655 -0.0054875123532970391 0.0032204179378933643 -0.016152899483599246 -0.0028067646234807004
leaf_weight=235.43198145925999 16157.211770862341 938.1481915563345 2811.6563012748957 8809.2053478360176 730.37783809006214 2810.9967515915632 1593.4356972724199 3833.1365648508072 430.06542083621025 6604.2385024577379 2228.7647249400616 3967.8126244395971 811.41047272086143 469.16176083683968
leaf_count=1111 72866 4123 12521 39494 3336 12868 7189 17355 1914 29330 10436 17899 3750 2160
internal_value=1.30046e-05 -0.0011494 0.000666847 1.99642e-05 -0.00251646 -0.00170925 -0.00338876 -0.00115191 0.00147842 0.00395136 -0.00714766 0.00169326 -0.00634542 -0.0113229
internal_weight=52431.1 29239.5 12559 11620.9 16680.5 14216.3 9518.14 5426.57 23191.5 7034.3 2464.2 4698.19 4091.57 1280.57
internal_count=236352 132242 56138 52015 76104 64557 43322 24544 104110 31244 11547 21235 18778 5910
is_linear=0
shrinkage=0.03


Tree=31
num_leaves=15
num_cat=0
split_feature=25 19 45 10 45 15 24 10 38 2 11 18 1 36
split_gain=93.8983 67.61 83.5637 72.4134 87.9064 59.5857 55.3701 53.5737 51.5835 49.8071 51.7465 50.2083 48.8596 49.2286
threshold=-0.021854085914295662 0.30195724968847415 1.0596936467446436 -0.8451600749891901 1.1656705541176124 0.27793184627970124 0.015382926375492907 1.3138791916549273 -0.46786180689621598 0.65703106656704635 -1.1606335871482567 -2.8614389899873518 0.0056033301392984227 -0.12522822957403781
decision_type=8 2 10 8 10 10 8 10 8 10 8 2 10 8
left_child=1 3 5 4 9 -3 -2 -8 -5 -1 -11 -12 -7 -14
right_child=6 2 -4 8 -6 12 7 -9 -10 10 11 -13 13 -15
leaf_value=-0.0018435162975256397 0.0005455967723153565 0.018746480405679375 -0.002506573392226943 -0.0070203814701289479 -0.0059624844711625002 0.0091356156862905571 0.0049522481833485727 -0.0040921424719376964 -0.0025015303287650959 0.011422797491508208 -0.010400023674307583 0.0042105446340111536 0.0050114026342997315 -0.00074266764518912361
leaf_weight=1447.8724912405014 18922.560231298208 190.44697916507721 4855.0313501656055 3338.2095853984356 1463.8847284913063 782.93312773108482 5078.626020938158 659.0410168170929 7147.55547067523 792.96793609857559 235.36431491374969 1544.4197420477867 2012.7174476236105 3947.8397737592459
leaf_count=6689 85014 852 21909 15413 6693 3425 22718 2933 32593 3546 1081 6939 8935 17579
internal_value=-1.76364e-05 -0.00121417 0.000508887 -0.00248562 0.00030752 0.00262083 0.00132921 0.00390808 -0.00394545 0.00259952 0.00509739 0.00223108 0.00213833 0.00120546
internal_weight=52419.5 27759.2 11789 15970.3 5484.51 6933.94 24660.2 5737.67 10485.8 4020.62 2572.75 1779.78 6743.49 5960.56
internal_count=236319 125654 52700 72954 24948 30791 110665 25651 48006 18255 11566 8020 29939 26514
is_linear=0
shrinkage=0.03


Tree=32
num_leaves=15
num_cat=0
split_feature=34 19 9 1 8 38 30 11 30 41 1 30 11 44
split_gain=100.345 71.8322 91.2017 80.1424 136.585 95.6415 106.13 89.7723 74.6782 141.329 100.497 107.234 73.6138 73.0916
threshold=1.365404701834336 0.30195724968847415 0.59304727102833721 0.022637958638046341 -1.1695628112424667 -0.1808905395500216 1.5000000000000002 -0.72852134492467036 2.5000000000000004 0.95000000000000007 0.010518917181527329 4.5000000000000009 0.33650573943540912 0.040002832171514985
decision_type=8 2 10 8 10 10 2 10 2 2 10 2 10 10
left_child=1 2 3 5 -5 6 -1 -6 9 -3 12 -12 -10 -8
right_child=-2 8 -4 4 7 -7 13 -9 10 -11 11 -13 -14 -15
leaf_value=0.0010968013397883297 0.0045748157848428516 0.00037805247348773375 -0.0088654054154201651 0.021052563365007392 0.0084808749206473754 0.00042824068244577039 -0.0057183280156605744 -0.0049080509706547126 0.010011972737659731 -0.0097370980514560872 0.0037428028854969903 -0.0035139478099127102 0.0027386187757034988 0.006837708745411431
leaf_weight=3404.0895390957594 3788.1964101195335 7464.490032017231 1430.9015247225761 358.30584868788719 796.46719406545162 10934.735877886415 8613.5700303167105 1011.9826008379459 1944.6087135672569 1481.4164713174105 3512.8361309021711 3809.9645451754332 3517.8592390120029 430.30398286879063
leaf_count=15553 16690 33445 6511 1556 3553 49581 39703 4549 8583 6679 15536 17203 15556 1981
internal_value=-0.000121771 -0.000487879 -0.00152154 -0.00110694 0.00439984 -0.00161889 -0.00341606 0.00100283 0.000795576 -0.00130599 0.00226592 -3.24398e-05 0.00534146 -0.00511402
internal_weight=52499.7 48711.5 26980.4 25549.5 2166.76 23382.7 12448 1808.45 21731.2 8945.91 12785.3 7322.8 5462.47 9043.87
internal_count=236679 219989 122987 116476 9658 106818 57237 8102 97002 40124 56878 32739 24139 41684
is_linear=0
shrinkage=0.03


Tree=33
num_leaves=15
num_cat=0
split_feature=25 40 37 37 36 40 40 35 1 36 37 35 40 40
split_gain=86.9253 66.2461 126.581 72.5327 69.3016 88.3183 88.9986 67.6853 65.1467 62.2536 60.09 60.6408 59.374 54.2876
threshold=-0.021854085914295662 -1.6300809730482866 -1.0413363186295836 -1.7842672868464209 -0.31063366253488506 1.4236364487916544 -0.15466922134522257 -0.56618836732267563 0.0058328885802394403 -1.2241245364950537 0.44621983524800379 -0.98350679113094852 0.61470566167047491 1.7258651639187355
decision_type=8 8 10 8 10 8 10 10 10 10 10 10 10 10
left_child=1 2 -1 -3 5 6 9 -7 13 -5 -8 -12 -13 -6
right_child=-2 3 -4 4 8 7 10 -9 -10 -11 11 12 -14 -15
leaf_value=0.0071566589932647619 0.0013268234744009037 -0.013446404198130471 -0.018486910366350705 -0.004010580130211024 0.0024756334030582587 0.025851765565753877 -0.0045200005995433687 0.0014952020477544455 -0.0021461637637034954 0.0067106372782360759 0.026591015680846625 0.0091438748962639586 -0.0081465108821386512 0.024720156448218473
leaf_weight=255.79719761013985 24605.206458374858 396.79535610973835 499.6506369560957 595.30661331117153 1770.2832305580378 226.22273054718971 2610.9015368521214 183.93704617023468 17876.811297997832 2543.9115137010813 90.97007654607296 404.70232546329498 304.44270642101765 94.852953270077705
leaf_count=1185 110377 1899 2298 2702 7950 986 11807 813 81019 11518 402 1809 1359 405
internal_value=2.77879e-05 -0.00111977 -0.00982385 -0.000873593 -0.000681798 0.00189032 0.00103343 0.0152246 -0.00158915 0.00467124 -0.00231838 0.00483298 0.00171089 0.00373269
internal_weight=52459.8 27854.6 755.448 27099.1 26702.3 6960.39 6550.23 410.16 19741.9 3139.22 3411.02 800.115 709.145 1865.14
internal_count=236529 126152 3483 122669 120770 31396 29597 1799 89374 14220 15377 3570 3168 8355
is_linear=0
shrinkage=0.03


Tree=34
num_leaves=15
num_cat=0
split_feature=39 0 39 30 30 38 40 40 38 1 11 37 36 36
split_gain=95.3432 176.751 100.366 157.905 168.888 150.984 149.616 129.841 135.89 116.67 114.927 101.34 94.1243 93.4698
threshold=-1.800661752700941 0.0091590141598275315 0.56764800424328044 2.5000000000000004 4.5000000000000009 -0.6752707376904703 0.53186611505036818 1.4741246670191961 0.25556864993383493 0.005307420508664654 -0.45482395311662471 1.3247084325091281 -1.2916645236870627 -1.2574721057525611
decision_type=10 8 10 2 2 10 10 10 10 8 8 10 10 10
left_child=1 -1 13 5 6 -4 -5 -8 -9 -6 11 -7 -12 -2
right_child=2 -3 3 4 9 10 7 8 -10 -11 12 -13 -14 -15
leaf_value=0.030776194201746505 -0.0058883646981695579 0.0021489969492656785 0.013282168412991601 0.017731413573737573 0.019684428164825487 -0.016925529519787617 0.00078153505523172856 0.030970239273262409 0.0073620174042043005 -0.00072967856418001736 0.026648420301519263 0.0098904357630817692 -0.0018813805965367336 -0.00061561451277240614
leaf_weight=241.89031817018986 3334.6126589775085 853.84036208689213 547.46449460089207 1149.3440940380096 256.46383011341095 783.9114792495966 2161.0506809353828 280.42569649219513 940.21039769053459 4621.7925781905651 96.143051818013191 144.1039182394743 5390.0811425447464 31781.982287436724
leaf_count=1074 15297 3801 2410 5014 1101 3549 9471 1204 4057 20738 420 641 24188 144136
internal_value=-2.63947e-05 0.00868983 -0.00021354 0.00172573 0.00425818 -0.00169829 0.00842178 0.00521474 0.0129933 0.000381622 -0.00299557 -0.0127004 -0.00133384 -0.00111784
internal_weight=52583.3 1095.73 51487.6 16371 9409.29 6961.7 4531.03 3381.69 1220.64 4878.26 6414.24 928.015 5486.22 35116.6
internal_count=237101 4875 232226 72793 41585 31208 19746 14732 5261 21839 28798 4190 24608 159433
is_linear=0
shrinkage=0.03


Tree=35
num_leaves=15
num_cat=0
split_feature=40 1 36 38 30 21 40 37 40 30 9 38 36 13
split_gain=86.0891 94.7081 79.0178 67.509 98.3678 65.8181 61.4829 60.3578 58.0752 51.6854 70.1458 63.2929 49.5334 56.7919
threshold=1.6877905140902369 0.0056033301392984227 -0.85905449729329686 0.2459316174710536 2.5000000000000004 -0.40682165968411288 -1.6823852431989177 -1.1727790044981357 2.1477240328456606 4.5000000000000009 0.88237111477746388 2.6300836929250067 -0.33722360085736142 42.712271153643059
decision_type=8 8 8 10 2 8 10 10 8 2 10 10 10 10
left_child=5 -2 -3 4 -4 6 7 -1 -6 10 -5 -12 -8 -14
right_child=1 2 3 9 8 -7 12 -9 -10 -11 11 -13 13 -15
leaf_value=0.0045514919342719761 0.022683125785093357 0.028744891292507551 -0.011614067090010925 0.012018754323415622 0.027169962153595406 0.00059488360500379179 0.0013322634054473768 -0.019799837742440703 0.0027653796365212924 -0.0064716734751190125 -0.0045759786113854289 0.010571603763876385 -0.0071153311200649839 -0.0015236904956607809
leaf_weight=124.790197879076 233.99009743332863 95.908104330301285 113.63511596620083 537.52606157958508 261.80392089486122 30090.456141516566 4498.6882533878088 303.87221592664719 133.24162319302559 708.51165682077408 978.42666840553284 321.5796614587307 1884.6806941479445 11995.159952372313
leaf_count=580 996 411 504 2363 1135 135440 20352 1409 585 3158 4337 1402 8704 54386
internal_value=4.54232e-05 0.00466526 0.00325958 0.00236825 0.0122332 -0.000275244 -0.00166698 -0.0127686 0.0192102 0.00035716 0.00301098 -0.000776859 -0.00140124 -0.00228753
internal_weight=52282.3 3384.62 3150.63 3054.72 508.681 48897.6 18807.2 428.662 395.046 2546.04 1837.53 1300.01 18378.5 13879.8
internal_count=235762 14891 13895 13484 2224 220871 85431 1989 1720 11260 8102 5739 83442 63090
is_linear=0
shrinkage=0.03


Tree=36
num_leaves=15
num_cat=0
split_feature=30 30 39 41 35 1 16 20 39 2 40 38 39 15
split_gain=75.1052 144.119 245.636 158.951 174.874 104.285 121.626 103.575 153.389 102.962 89.2463 87.6059 76.0349 72.3172
threshold=4.5000000000000009 3.5000000000000004 0.54548509334021733 0.8500000000000002 0.3860650771882464 0.038316930863740439 0.40296471573595966 -0.56633981172237979 -1.0715049215149421 0.8191978287861833 -1.6823852431989177 -0.037429087992958382 -0.90984871983472926 0.70068628934192756
decision_type=2 2 10 2 8 8 10 10 8 10 8 10 10 10
left_child=1 3 13 4 5 -1 -7 -2 11 -5 -6 -9 -11 -3
right_child=7 2 -4 9 10 6 -8 8 -10 12 -12 -13 -14 -15
leaf_value=-0.00091378689136057377 -0.0063140011139399569 -0.00054363358011179635 0.01249073429837533 -0.00918967363264 -0.022615983566481802 0.035375163041801543 -0.0046971802774829945 0.0039440374932240702 -0.0011214224350859416 -0.020212850704856861 0.0056428087282846869 0.029400715727001037 -0.0005830385909564509 0.0097837766510456021
leaf_weight=16617.138848379254 3441.0791560709476 4566.0765415579081 2347.3187160789967 2416.7295101135969 92.554317623376846 144.17550408840179 118.44504430890083 263.46031396090984 10970.555458620191 175.72343124449253 6328.1892043203115 221.98938561975956 4074.3788043707609 694.22872905433178
leaf_count=75167 15914 20703 10164 10937 424 631 525 1206 49664 790 28237 1004 18179 3091
internal_value=4.39921e-05 0.000758643 0.00444324 -0.000177914 0.00099109 -0.000612383 0.0177927 -0.00175787 -0.000385021 -0.00425894 0.00520093 0.0159435 -0.00144019 0.000835304
internal_weight=52472 37575 7607.62 29967.3 23300.5 16879.8 262.621 14897.1 11456 6666.83 6420.74 485.45 4250.1 5260.31
internal_count=236636 168848 33958 134890 104984 76323 1156 67788 51874 29906 28661 2210 18969 23794
is_linear=0
shrinkage=0.03


Tree=37
num_leaves=15
num_cat=0
split_feature=33 30 12 12 39 38 30 39 41 33 39 39 11 30
split_gain=83.3 95.1283 83.4456 77.8805 77.7431 70.657 128.327 113.885 113.594 81.1941 77.4854 73.7874 100.933 80.8107
threshold=0.48953017232900031 4.5000000000000009 0.032517041383130059 0.0096759448772127648 -1.800661752700941 0.33379971176880441 2.5000000000000004 -1.2579651861372816 0.8500000000000002 -0.21090038566570848 0.11227568534202158 0.56764800424328044 -1.1255240239791038 5.5000000000000009
decision_type=8 2 2 2 10 10 2 10 2 10 10 10 8 2
left_child=2 4 5 -3 -2 11 8 -8 -7 10 -10 13 -13 -1
right_child=1 3 -4 -5 -6 6 7 -9 9 -11 -12 12 -14 -15
leaf_value=-0.00206340076085261 0.026586533667145203 0.0075305017797429024 0.0033826704498372195 -0.0041482821009774812 0.0030689415413547071 0.0014239765156624639 0.03225212496474069 0.0031385128770057493 0.012270557121827447 -0.012793965736229498 -0.0075159131935287069 -0.015672194374854329 0.0027634038546604824 -0.0075963944574250425
leaf_weight=15910.627736583352 118.14564311504364 607.20209826529026 4090.7068405896425 3073.0565526336432 11293.054648399353 2407.4211073070765 113.62088885903358 5905.2788286805153 268.92844960093498 1271.3580340594053 482.91049319505692 276.89904448390007 3912.3050262033939 2786.1497008651495
leaf_count=72945 508 2714 18033 13916 50113 10844 509 26422 1222 5783 2194 1266 17479 12902
internal_value=0.000102713 0.0019835 -0.00065601 -0.00220623 0.0033355 -0.00115248 0.000890945 0.00374069 -0.00298007 -0.00820172 -0.000370242 -0.00208546 0.00151042 -0.00289153
internal_weight=52517.7 15091.5 37426.2 3680.26 11411.2 33335.5 10449.5 6018.9 4430.62 2023.2 751.839 22886 4189.2 18696.8
internal_count=236850 67251 169599 16630 50621 151566 46974 26931 20043 9199 3416 104592 18745 85847
is_linear=0
shrinkage=0.03


Tree=38
num_leaves=15
num_cat=0
split_feature=21 36 40 39 40 24 12 7 40 38 13 1 19 2
split_gain=75.1548 90.3911 88.1261 113.432 73.114 67.9896 63.8649 69.2781 61.4007 70.7396 60.585 68.6079 57.5125 66.4896
threshold=0.15544996472213671 -0.31063366253488506 -1.6823852431989177 -1.7323926026804164 1.4236364487916544 -0.016426803345830517 0.036584763857541718 -1.4240267339514912 -0.13926649054093093 0.81098033207336517 42.575507026288854 0.0056753136967946172 -5.1723440933272729 0.64282311794322544
decision_type=8 10 10 10 8 8 2 10 10 10 10 10 2 10
left_child=1 4 -3 -4 6 -2 7 -1 -9 -10 -5 -12 13 -13
right_child=5 2 3 10 -6 -7 -8 8 9 -11 11 12 -14 -15
leaf_value=-0.0089170794818105286 -0.0020695686323932007 -0.016423469704314905 0.027495421863874145 -0.0060805334891977985 0.012820961547892296 0.0021560937548672269 0.0097008444810023596 0.0040053387980785848 -0.0033716443559803442 0.010172812211719402 0.0046365148455192436 -0.002681426994421629 -0.0023573646046635595 0.010086104335421064
leaf_weight=678.47543855011463 4253.7014794051647 363.94430989027023 108.89764058589935 2709.4606073796749 487.80260914564133 17475.290772750974 678.20596730709076 3257.2161809504032 2939.5940977334976 383.54055859148502 1599.1570118069649 711.23700034618378 16000.157363966107 741.40422758460045
leaf_count=3155 19221 1705 474 12511 2125 78218 2957 14841 13294 1710 7125 3315 72319 3309
internal_value=-2.10743e-05 -0.000977536 -0.00198003 -0.00173228 0.00166738 0.0013283 0.000966616 0.000138337 0.00108412 -0.00178258 -0.0018911 -0.00129242 -0.00183802 0.00385932
internal_weight=52388.1 30659.1 22234.3 21870.3 8424.83 21729 7937.03 7258.83 6580.35 3323.13 21761.4 19052 17452.8 1452.64
internal_count=236279 138840 100758 99053 38082 97439 35957 33000 29845 15004 98579 86068 78943 6624
is_linear=0
shrinkage=0.03


Tree=39
num_leaves=15
num_cat=1
split_feature=6 45 46 40 37 20 11 39 39 15 39 11 39 40
split_gain=74.3888 68.916 99.3755 64.0733 57.9195 53.1217 50.6289 54.4755 52.3513 48.9611 83.8651 100.925 70.8247 64.3524
threshold=1.0594209319381231 1.1986765600347253 0 -0.60765075872984498 0.18184026658660801 -1.3220501681621062 2.2461601617586591 0.98581648510811615 -1.3029678569888075 0.8475320273102841 1.1672008633511177 1.483218987472857 1.7115089087539215 0.41208371036096603
decision_type=10 10 1 8 10 10 8 10 10 10 8 10 10 10
left_child=1 5 6 4 -2 -1 8 -8 -3 10 13 12 -12 -7
right_child=3 2 -4 -5 -6 9 7 -9 -10 -11 11 -13 -14 -15
leaf_value=-0.0073196118021745431 0.00069045716845575716 0.0078978070076408859 -0.0074504069166813382 0.0040051702674127028 -0.017015238662368967 0.00096530973097635174 0.025198258693895137 -0.0040146321709892087 -0.0020274896041663675 -0.003095836655995931 0.010791288420800974 -0.0072546211183414453 0.00032678295519812775 -0.0023773701277299592
leaf_weight=821.26103717088699 483.60516248643398 514.17565211653709 2772.6538351029158 5985.4594450592995 242.82692593336105 22760.562288686633 127.4627121090889 94.550791904330254 5470.4886379390955 3352.6096941977739 1872.437428176403 480.18682685494423 843.58173182606697 6701.2116992026567
leaf_count=3814 2167 2319 12688 26494 1094 103320 577 426 24867 14898 8241 2128 3746 30116
internal_value=3.58893e-05 -0.000396462 -0.0027515 0.00298305 -0.00537877 0.000178269 -0.000630787 0.0131203 -0.001163 0.000351251 0.000705962 0.00531368 0.00755419 0.000204454
internal_weight=52523.1 45811.2 8979.33 6711.89 726.432 36831.9 6206.68 222.014 5984.66 36010.6 32658 3196.21 2716.02 29461.8
internal_count=236895 207140 40877 29755 3261 166263 28189 1003 27186 162449 147551 14115 11987 133436
cat_boundaries=0 1
cat_threshold=460
is_linear=0
shrinkage=0.03


Tree=40
num_leaves=15
num_cat=0
split_feature=34 10 34 40 39 37 37 32 39 37 30 40 37 35
split_gain=80.3979 81.1614 76.1438 95.3613 98.8688 89.7273 75.7538 72.2084 96.8162 88.9592 85.6089 67.8599 61.6399 60.5976
threshold=0.57340891085144896 -0.89675443503293817 -0.47110251772563655 -1.745031036448901 -1.800661752700941 -1.5285419233601589 0.55860208712487414 -0.40088018376916512 -1.1924373062288918 0.29866489106048766 5.5000000000000009 -0.44591312048374832 -1.284707023629758 0.32824510363845749
decision_type=8 8 10 10 10 10 10 10 10 10 2 8 10 10
left_child=2 6 -1 12 -5 -6 -2 -7 9 -9 13 -3 -4 -10
right_child=1 11 3 4 5 7 -8 8 10 -11 -12 -13 -14 -15
leaf_value=0.0012978239982233488 0.011536901637001338 -0.0043024870898038378 -0.00053127762171097472 0.023763397909315753 -0.011124271849343921 0.0019244147896846754 -0.0053033399586635043 0.0033790553430928611 -0.002918219527519673 0.028391677288228105 -0.0065962674942475303 0.0022622636852436657 -0.022742465019166387 0.00078953947739632334
leaf_weight=12543.000251665711 1296.4754833579063 1686.5124484449625 177.25482864677906 131.1800390034914 819.77199687063694 5585.1841085255146 288.39740973711014 804.93715633451939 9998.831871882081 143.03519062697887 3519.8149070888758 8608.479732349515 299.90880210697651 6566.1917660683393
leaf_count=56716 5792 7597 816 573 3864 25200 1292 3643 45327 641 16125 38187 1399 29482
internal_value=-9.08487e-06 0.00216051 -0.000644472 -0.00151327 -0.00128029 -0.00140864 0.00845846 -0.00110535 -0.00191043 0.00741007 -0.00235381 0.0011837 -0.0146718 -0.00144892
internal_weight=52469 11879.9 40589.1 28046.1 27568.9 27437.8 1584.87 26618 21032.8 947.972 20084.8 10295 477.164 16565
internal_count=236654 52868 183786 127070 124855 124282 7084 120418 95218 4284 90934 45784 2215 74809
is_linear=0
shrinkage=0.03


Tree=41
num_leaves=15
num_cat=1
split_feature=40 39 46 21 36 24 37 12 15 36 39 38 38 40
split_gain=78.9217 96.4429 73.1825 76.285 67.2999 65.1164 59.5188 58.6936 63.2933 53.7688 52.3176 51.5306 62.5328 63.4525
threshold=1.6877905140902369 1.3880421456012877 0 -0.50387651083466023 -0.77076031227868647 0.0056191314269203327 1.7777122455150398 0.041494004614875089 0.16050617979757995 2.0256824557911477 0.64353678188379748 0.21311793323267117 2.6300836929250067 2.1477240328456606
decision_type=8 10 1 8 10 10 10 2 10 10 8 10 10 10
left_child=2 6 5 -4 -3 -1 9 -5 -9 10 -2 -6 13 -13
right_child=1 4 3 7 11 -7 -8 8 -10 -11 -12 12 -14 -15
leaf_value=-0.00039646069967505667 -0.006479478818555655 0.024291888674088557 -0.0038743698643786198 -0.00078951810305730066 0.011724522870097917 0.0026865647709673275 -0.0089673686937310516 0.02212435437264557 0.003073725404161213 0.03415328152940534 0.014163626985720611 0.0011174795520952122 0.0094545976089949798 -0.010852229177852392
leaf_weight=16075.709183543921 122.36247089505196 95.511264950037003 8113.794685781002 13750.197063580155 273.09108905494213 9989.5116583704948 107.34408812224865 181.13872772455215 904.15476228296757 98.031336694955826 785.48070034384727 847.40224730968475 343.50107643008232 739.76205669343472
leaf_count=72414 541 405 37209 62352 1189 44795 459 776 3969 421 3420 3758 1493 3292
internal_value=5.33385e-06 0.00440982 -0.000302152 -0.00153683 0.000885963 0.000785387 0.0116154 -0.00025767 0.0064263 0.0138786 0.011341 -0.000233604 -0.00197677 -0.0044945
internal_weight=52427 3412.49 49014.5 22949.3 2299.27 26065.2 1113.22 14835.5 1085.29 1005.87 907.843 2203.76 1930.67 1587.16
internal_count=236493 14978 221515 104306 10137 117209 4841 67097 4745 4382 3961 9732 8543 7050
cat_boundaries=0 1
cat_threshold=271
is_linear=0
shrinkage=0.03


Tree=42
num_leaves=15
num_cat=0
split_feature=12 37 14 44 24 45 1 15 16 45 1 16 11 45
split_gain=77.1045 96.3956 80.3653 77.7487 80.419 69.4396 68.4206 66.587 57.3331 46.4373 49.3332 59.1042 56.8408 62.6141
threshold=0.03294658031181457 -1.6711359168606357 0.68020155772127 0.01745998889324438 0.010719603391306317 0.69591629452873771 0.012107709151872519 0.069058771112458214 0.81279556263268538 1.2015253308011105 0.012874189781026781 0.13085399719644045 -1.1781096191613798 1.4211685721614644
decision_type=2 8 10 10 10 8 8 8 10 10 10 10 8 10
left_child=1 7 8 4 9 -5 -6 -1 -2 -3 11 -11 -12 -14
right_child=2 3 -4 5 6 -7 -8 -9 -10 10 12 -13 13 -15
leaf_value=0.0036567255919977182 0.0065407602016936588 -0.0010695746457294146 -0.002392761614166212 0.0085173307326535941 0.0030996809554550437 0.0012455073128509963 -0.0020781865076365479 -0.010370065818765426 -0.0067859771185352531 -0.01472646369860048 0.0049253750374092051 0.0013567042353488342 -0.011689525625608379 0.00059941224027356809
leaf_weight=385.71067599952221 3787.4464281797409 21464.157140567899 1596.261235460639 1400.0535918325186 7262.0955941975117 7335.0820689201355 3348.8582087308168 1364.7239420264959 306.62021759152412 226.25854435563087 295.92472669482231 1578.2660199999809 1670.1564683020115 478.47328189015388
leaf_count=1849 16595 96840 7107 6234 32586 32960 15216 6566 1360 1045 1365 7222 7678 2196
internal_value=1.18648e-05 -0.00038922 0.00330616 -0.000120131 -0.000731335 0.00241943 0.00146511 -0.00727603 0.00552857 -0.00163795 -0.00449982 -0.000729913 -0.00726838 -0.00896283
internal_weight=52500.1 46809.8 5690.33 45059.3 36324.2 8735.14 10611 1750.43 4094.07 25713.2 4249.08 1804.52 2444.55 2148.63
internal_count=236819 211757 25062 203342 164148 39194 47802 8415 17955 116346 19506 8267 11239 9874
is_linear=0
shrinkage=0.03


Tree=43
num_leaves=15
num_cat=0
split_feature=43 39 39 36 16 42 1 1 10 45 33 1 20 39
split_gain=71.41 61.1603 56.5098 88.1765 74.3054 74.7249 71.4657 63.8675 57.3254 52.0762 47.1715 45.5421 48.7859 43.2189
threshold=0.41428571428571431 2.1324168955337464 0.45834371885149988 -0.54890577809827168 0.24173156444381808 0.31666666666666671 0.013056840633192889 0.026473228499867992 0.10667397481065656 0.78084893469765004 0.53675478111990804 0.010273068144512072 0.55024473201549073 -1.800661752700941
decision_type=8 10 8 10 8 8 8 10 8 8 10 10 10 10
left_child=10 2 4 -4 7 -6 -5 -2 -8 -3 -1 -12 -13 -7
right_child=1 9 3 6 5 13 8 -9 -10 -11 11 12 -14 -15
leaf_value=-0.0023809599937489852 0.0024513330612829865 0.012582116273262634 0.0092917360102998166 0.0038625698565678693 -0.0054306768903144079 0.017217408545605311 -0.010463676231396872 0.019832129792931794 -7.9963849102476512e-06 -0.010501304647094919 0.0038927190040193844 -0.00021115245892482096 -0.012245702459232888 -0.00018719235860989425
leaf_weight=14669.134392723441 5261.8833003491163 92.454034492373466 1572.4805927574635 5301.1838699430227 2779.5542149692774 119.7230868190527 542.05370399355888 187.73896047472954 3252.0904185473919 668.98504856228828 2466.1434970498085 2496.2287001311779 335.13139782845974 12645.548631057143
leaf_count=66719 24049 413 6908 23480 12655 528 2458 817 14530 3041 10912 11168 1492 57186
internal_value=-9.41209e-05 0.000774969 0.000978025 0.00275489 7.42715e-05 -0.000982634 0.00161578 0.00308533 -0.00152534 -0.00757175 -0.00150511 0.000920086 -0.0016737 -1.06085e-05
internal_weight=52390.3 32423.7 31662.3 10667.8 20994.4 15544.8 9095.33 5449.62 3794.14 761.439 19966.6 5297.5 2831.36 12765.3
internal_count=236356 146065 142611 47376 95235 70369 40468 24866 16988 3454 90291 23572 12660 57714
is_linear=0
shrinkage=0.03


Tree=44
num_leaves=15
num_cat=1
split_feature=33 30 41 39 30 12 46 39 8 25 7 37 12 14
split_gain=73.8097 96.8742 75.6623 174.27 150.033 74.9382 91.5228 67.0932 61.3974 59.6217 53.1292 50.5678 48.8976 43.3453
threshold=0.48953017232900031 4.5000000000000009 0.75000000000000011 -0.57872202016650387 1.5000000000000002 0.032517041383130059 0 -1.7323926026804164 -1.5083861406080628 0.95978054182292294 -0.49817844547622964 -2.1746834102327997 0.0098581384598393444 0.27405235125274102
decision_type=8 2 2 10 2 2 1 8 10 10 10 10 2 10
left_child=5 2 7 -4 -5 6 11 -2 -9 -6 -7 -1 -3 -8
right_child=1 12 3 4 9 10 13 8 -10 -11 -12 -13 -14 -15
leaf_value=-0.011373085594140414 0.02742426674970451 0.0050513890827556893 -0.019554648955104701 -0.0050209604033413938 0.0032547025436414577 0.007414038124817955 -0.004710797050795996 -0.0098494537959525237 0.0054129443496522562 0.012854862730217706 0.00041756344298315068 0.00080996345587333802 -0.0040059063488241788 -0.0015517643897869574
leaf_weight=302.94157886505127 111.18471300601959 643.38499800860882 357.24376909434795 1682.9462613910437 1792.2620393186808 1607.3914351910353 5815.4282947033644 237.54930409789085 6313.7316723614931 859.77938748896122 2469.6688811928034 15229.443157210946 3009.6269653439522 11935.438464924693
leaf_count=1458 479 2871 1612 7569 7857 6975 26930 1078 27959 3722 10946 68659 13651 54489
internal_value=6.7141e-05 0.00184346 0.00320997 0.000290326 0.00196698 -0.000646712 -0.00111718 0.0052627 0.00484536 0.00640363 0.00318733 0.000564819 -0.00240126 -0.00258732
internal_weight=52368 15007.7 11354.7 4692.23 4334.99 37360.3 33283.3 6662.47 6551.28 2652.04 4077.06 15532.4 3653.01 17750.9
internal_count=236255 66798 50276 20760 19148 169457 151536 29516 29037 11579 17921 70117 16522 81419
cat_boundaries=0 1
cat_threshold=263
is_linear=0
shrinkage=0.03


Tree=45
num_leaves=15
num_cat=0
split_feature=40 39 11 38 2 36 39 1 43 39 11 30 1 39
split_gain=75.7304 86.5776 89.5459 73.9368 71.2731 66.0858 64.9142 62.4014 56.7566 56.6151 113.625 74.4358 102.729 87.3574
threshold=1.6877905140902369 1.3880421456012877 0.26514592352308736 0.21311793323267117 0.65703106656704635 -2.4533527491768634 2.2044107238699313 0.018502962067781185 0.95000000000000007 1.0209580655004571 1.5121175970145071 5.5000000000000009 0.026473228499867992 -1.1924373062288918
decision_type=8 10 10 10 8 10 10 8 10 10 10 2 10 10
left_child=4 -2 -3 -4 8 7 9 -6 -1 11 -11 13 -13 -7
right_child=1 2 3 -5 5 6 -8 -9 -10 10 -12 12 -14 -15
leaf_value=-0.0029401425683171288 0.011213205843050741 -0.0097509752734187861 0.019392742758748787 0.001787579905764194 -0.011955475410874942 0.005280457221449035 -0.01220882731819512 0.0089725907338128168 0.0037562072310795259 0.0058737654275189824 -0.005213663648427398 -0.0056645923862661878 0.017759285195794488 0.0001121225513456907
leaf_weight=10751.871144607663 1114.0284964293242 522.77859915792942 240.14138808846474 1534.6608582884073 659.14293302595615 3337.2539289742708 341.75916209816933 150.83653058111668 1265.3987842947245 4124.6022704988718 1033.0853623896837 2786.164106965065 169.68690404295921 24395.679628029466
leaf_count=49518 4829 2291 1036 6804 3071 15068 1555 644 5795 18169 4572 12704 753 109742
internal_value=7.49406e-05 0.00439003 0.00104743 0.00426497 -0.000226236 0.000425837 0.000616501 -0.0079963 -0.00223249 0.000742148 0.00364716 0.000252891 -0.00426455 0.000735735
internal_weight=52427.1 3411.61 2297.58 1774.8 49015.5 36998.2 36188.2 809.979 12017.3 35846.5 5157.69 30688.8 2955.85 27732.9
internal_count=236551 14960 10131 7840 221591 166278 162563 3715 55313 161008 22741 138267 13457 124810
is_linear=0
shrinkage=0.03


Tree=46
num_leaves=15
num_cat=1
split_feature=39 0 8 40 35 39 10 33 2 45 46 1 38 37
split_gain=82.1127 143.771 77.4367 74.3611 121.425 92.7533 116.254 71.7261 93.1941 74.4375 74.3468 69.2533 70.6642 66.1478
threshold=-1.800661752700941 0.0088324298315891562 -1.5420378328674134 -1.6823852431989177 -0.31910756648513056 -1.1924373062288918 -0.88392414722112223 0.47986631680807906 1.1910263101301635 1.1986765600347253 0 0.013733024645108104 -0.037429087992958382 -1.4494537683215323
decision_type=10 8 8 10 10 10 8 10 8 10 1 8 10 10
left_child=1 -1 -2 4 13 6 -5 8 9 -7 -11 12 -8 -4
right_child=2 -3 3 5 -6 7 11 -9 -10 10 -12 -13 -14 -15
leaf_value=0.028946478950263466 -0.0060800464146108357 0.0024212525624067332 0.020872088347700032 0.013229487846933681 -0.022669223787481006 -0.00085674033091416861 -0.010496388193507934 0.001671510147741485 0.0025943477806619399 -0.013265780572331125 -0.0033007011776714336 0.0084846311085070361 0.0074493736389309477 -0.0056711009922375075
leaf_weight=224.52946044504642 1917.2307634949684 862.28400473296642 106.67736130952835 1071.2730434685946 327.31963789463043 21245.926022738218 618.91973243653774 14071.075442358851 5659.0290743410587 784.75452375411987 4405.0388800501823 554.74684213101864 279.43193425238132 296.90562385320663
leaf_count=985 8984 3832 493 4792 1546 96245 2856 62568 25336 3628 20197 2484 1249 1365
internal_value=-6.97782e-06 0.00811516 -0.000180468 4.95831e-05 -0.0093831 0.000193078 0.00578094 -0.000113656 -0.00089659 -0.00164459 -0.00486201 0.000236737 -0.00489381 0.00167997
internal_weight=52425.1 1086.81 51338.3 49421.1 730.903 48690.2 2524.37 46165.8 32094.7 26435.7 5189.79 1453.1 898.352 403.583
internal_count=236560 4817 231743 222759 3404 219355 11381 207974 145406 120070 23825 6589 4105 1858
cat_boundaries=0 1
cat_threshold=530
is_linear=0
shrinkage=0.03


Tree=47
num_leaves=15
num_cat=1
split_feature=40 35 39 45 46 44 40 39 13 37 10 40 40 40
split_gain=70.6306 92.8583 83.0265 62.3456 102.113 70.1091 63.8685 123.746 80.7958 77.6994 80.5442 123.137 111.235 60.5185
threshold=1.6877905140902369 -0.55363612849688548 1.3880421456012877 1.1958183029678666 0 -0.055645602553961733 -1.7980471760198522 -1.800661752700941 39.842427429819978 -1.7324497193990476 -0.87134010415276941 -0.70711651716964619 0.19446467483171756 0.45552310205796376
decision_type=8 10 10 10 1 10 10 10 10 10 8 10 10 10
left_child=3 -2 -3 6 5 -5 8 -8 -1 -9 12 -12 -11 -13
right_child=1 2 -4 4 -6 -7 7 9 -10 10 11 13 -14 -15
leaf_value=-0.0010876669811979221 0.016863334660538857 0.0098435560086898369 -0.0010437212337300937 0.011228129631634335 -0.001043042418399257 -0.011693306342482664 0.017942345299631055 -0.0072042392486604519 -0.019109104879177573 0.0055827660730144151 -0.004870980552500446 0.0019315837355657532 -0.0044718461787165093 -0.0009806384802562582
leaf_weight=671.5574643611908 446.79335205256939 901.06597656011581 2041.147100046277 124.03030194342136 8258.8770866543055 1333.0452813953161 353.84919074177742 1173.2356950938702 326.87500765919685 5174.2180898338556 4093.8038705438375 15361.876684367657 1216.1205491870642 11022.394463017583
leaf_count=3067 1918 3899 9019 555 37626 6147 1544 5631 1519 23365 18579 69330 5527 49162
internal_value=9.26262e-05 0.00427489 0.00231261 -0.000196797 -0.00234784 -0.00961341 0.000334187 0.000529793 -0.00711866 0.000363156 0.000605855 -3.66134e-05 0.00366531 0.000715052
internal_weight=52498.9 3389.01 2942.21 49109.9 9715.95 1457.08 39393.9 38395.5 998.432 38041.6 36868.4 30478.1 6390.34 26384.3
internal_count=236888 14836 12918 222052 44328 6702 177724 173138 4586 171594 165963 137071 28892 118492
cat_boundaries=0 1
cat_threshold=531
is_linear=0
shrinkage=0.03


Tree=48
num_leaves=15
num_cat=0
split_feature=39 40 39 36 37 38 34 38 1 40 36 40 39 36
split_gain=66.982 96.5024 143.62 108.694 92.8876 73.7363 73.7242 71.217 69.624 67.5463 62.7355 123.244 156.272 102.112
threshold=0.85988707139511911 0.59064520704891665 1.450990479986296 -0.6926889290061885 0.85866273996169662 -0.52399166349962656 1.6752315362477856 0.12303769812608745 0.005460192887295102 1.0321956605276676 -0.27787662703641075 -1.6300809730482866 -1.800661752700941 -1.2574721057525611
decision_type=8 10 10 10 10 10 8 10 10 10 10 10 10 10
left_child=6 2 4 9 7 -5 10 -2 -7 -3 13 -12 -13 -1
right_child=1 3 -4 5 -6 8 -8 -9 -10 -11 11 12 -14 -15
leaf_value=-0.0032946910056264223 0.010732992148969984 -0.0013042718422321381 -0.0068706871758908378 0.016383023462906328 0.020302417313674239 0.0098118629763194586 0.0059527077638737418 -0.0039409660199321364 -0.0014528737136722538 0.018354406397180768 -0.015213214368006232 0.03353287757156722 -0.0014939004036998462 0.0023220399516416727
leaf_weight=3973.0733806788921 1005.4591154903173 232.1665862351656 512.37880557775497 222.63716949522495 628.8058398514986 517.20279490947723 1536.6485656648874 414.95890873670578 7796.9212559610605 469.74250356853008 579.45131359994411 105.20893280208111 23667.323279097676 10837.075122490525
leaf_count=18196 4428 1018 2273 979 2741 2214 6725 1846 34612 2035 2725 446 107539 49122
internal_value=0.000105333 0.00209441 0.00723454 0.000662929 0.0107776 -0.000275932 -0.000471757 0.00644858 -0.000741175 0.011925 -0.000725296 -0.00166143 -0.00132485 0.00081405
internal_weight=52499.1 11800.3 2561.6 9238.67 2049.22 8536.76 40698.8 1420.42 8314.12 701.909 39162.1 24352 23772.5 14810.1
internal_count=236899 52146 11288 40858 9015 37805 184753 6274 36826 3053 178028 110710 107985 67318
is_linear=0
shrinkage=0.03


Tree=49
num_leaves=15
num_cat=0
split_feature=2 39 15 38 36 12 19 39 0 40 18 8 2 40
split_gain=67.7743 62.9405 58.295 52.1057 48.2318 83.1447 52.8403 102.887 134.358 85.213 74.1494 72.6653 54.422 63.8106
threshold=0.60084388265934063 2.0637555910113634 0.70432125365471732 2.4326689520438873 -2.4533527491768634 0.044726875793469636 -6.3865716343036825 -1.800661752700941 0.010996838162313515 -1.6823852431989177 -2.7521138421897295 -1.5420378328674134 1.1975196757736242 2.4337304276749538
decision_type=8 8 8 10 8 2 2 10 10 10 2 8 8 10
left_child=2 3 -1 4 5 -2 9 8 -8 -6 -11 -9 13 -13
right_child=1 -3 -4 -5 6 -7 7 11 -10 10 -12 12 -14 -15
leaf_value=-0.0035932634505835381 -0.011206077228232735 -0.0057794615436861149 0.0020847134690713588 0.0093885464017403799 -0.006247083586313526 0.013133591289265506 0.032998796563011697 -0.0072700763693188085 8.380583714531592e-05 0.0012827358679505729 0.012749299815801708 -9.7392855005485152e-06 0.0025877604004571632 -0.015353142537841639
leaf_weight=7237.9031631201506 657.05917198956013 1380.4315555244684 2091.3343172967434 603.38740223646164 489.09523297846317 146.94228322803974 190.37804205715656 1105.8788629621267 252.07426837086678 925.61090077459812 1120.4403042197227 27349.40696361661 8580.7998071014881 236.14067082107067
leaf_count=33582 3080 6215 9487 2605 2236 624 821 5197 1115 4220 4976 122923 38170 1039
internal_value=-2.9076e-06 0.000499694 -0.00231956 0.000709109 0.000579288 -0.00665097 0.000725331 0.00044287 0.0146628 0.00490918 0.00759342 0.00027018 0.000502689 -0.0001466
internal_weight=52366.9 43037.6 9329.24 41657.2 41053.8 804.001 40249.8 37714.7 442.452 2535.15 2046.05 37272.2 36166.3 27585.5
internal_count=236290 193221 43069 187006 184401 3704 180697 169265 1936 11432 9196 167329 162132 123962
is_linear=0
shrinkage=0.03


Tree=50
num_leaves=15
num_cat=0
split_feature=39 0 37 40 39 16 35 40 0 40 19 9 11 30
split_gain=65.1013 146.475 78.805 126.763 128.261 108.015 104.858 104.654 76.1233 71.2469 67.2391 89.5735 94.452 85.1865
threshold=-1.800661752700941 0.0088324298315891562 -1.7324497193990476 -1.5774181993146279 -1.151659529301102 0.21718972187318211 -0.48232588750287603 -0.39930634142084814 0.041253094183089575 -1.7980471760198522 0.30195724968847415 0.55681812306964684 -0.61532360625239468 1.5000000000000002
decision_type=10 8 10 10 10 10 10 10 8 10 2 10 8 2
left_child=1 -1 8 6 5 -5 -4 -7 -2 -3 11 12 -6 -12
right_child=2 9 3 4 10 7 -8 -9 -10 -11 13 -13 -14 -15
leaf_value=0.028267865758238211 -0.0083074429033908465 -0.0049107390703772976 0.00091452182867676171 0.012177395316854852 0.001494830274426998 -0.0030063150836026121 -0.018834086258627831 0.026087526465575016 0.017727089654243376 0.012430526597044841 -0.0017487645123445148 -0.0078281100193308556 -0.0025704383273016853 0.002229894905782417
leaf_weight=225.50375746190548 1502.423612639308 556.56075744330883 417.95962950587273 1466.4483613222837 9748.893497005105 1065.9354616701603 561.79841588437557 114.11025880277157 99.051302209496498 332.13617669045925 6758.2688697725534 1682.4737222641706 10867.548796549439 17028.434280127287
leaf_count=975 7257 2496 1912 6546 44407 4808 2655 510 420 1453 30311 7678 49642 75520
internal_value=8.84469e-05 0.00722993 -6.79992e-05 0.000143624 0.000359426 0.00676923 -0.0104853 2.62902e-06 -0.00659719 0.00163648 -1.00495e-05 -0.00119329 -0.000648303 0.00109922
internal_weight=52427.5 1114.2 51313.3 49711.9 48732.1 2646.49 979.758 1180.05 1601.47 888.697 46085.6 22298.9 20616.4 23786.7
internal_count=236590 4924 231666 223989 219422 11864 4567 5318 7677 3949 207558 101727 94049 105831
is_linear=0
shrinkage=0.03


Tree=51
num_leaves=15
num_cat=0
split_feature=34 32 40 39 37 39 37 2 39 39 40 36 39 12
split_gain=76.0664 65.7583 62.9926 189.282 106.391 94.1092 81.5411 71.9376 58.7631 82.9684 101.056 71.121 109.078 72.2042
threshold=1.6752315362477856 -0.8898488632300442 -1.7980471760198522 -1.8876272350736987 -1.7324497193990476 -1.1924373062288918 -1.117365557156687 1.1328993255676181 2.1324168955337464 0.78443120026194424 0.59064520704891665 -0.75585204926842409 1.1672008633511177 0.0068145888219466972
decision_type=8 10 10 10 10 10 10 10 10 10 10 10 10 2
left_child=1 -1 6 -4 -5 -6 7 -3 9 -7 -11 12 -12 -13
right_child=-2 2 3 4 5 8 -8 -9 -10 10 11 13 -14 -15
leaf_value=0.0027019046452411051 0.0051002853735970964 0.016826268079324237 0.027776746646966579 -0.0097203151307691943 0.0055521675377806804 -0.0012930352836037491 -0.018369138599074554 -0.008298703116286171 -0.0079955379882635739 0.0071713369316046592 -0.0062851545497366488 0.016913493036728441 0.024400082040421375 -0.0012102280966112065
leaf_weight=6220.1361361891031 2571.1701822429895 145.82935725152493 203.01037392020226 1104.6093891710043 2303.2372272014618 28754.59417848289 397.08778658509254 290.04994654655457 952.63963846862316 2452.547108694911 170.27413782477379 194.1278463602066 245.82278043031693 6424.6554329842329
leaf_count=28070 11189 679 870 5310 10341 130696 1874 1323 4339 10826 745 837 1052 28486
internal_value=7.85931e-05 -0.000181342 -0.000592839 -0.000432803 -0.000573715 -0.000327963 -0.00871428 0.000296047 -0.000674832 -0.000490424 0.00194094 0.00010989 0.0119903 -0.000653949
internal_weight=52429.8 49858.6 43638.5 42805.5 42602.5 41497.9 832.967 435.879 39194.7 38242 9487.43 7034.88 416.097 6618.78
internal_count=236637 225448 197378 193502 192632 187322 3876 2002 176981 172642 41946 31120 1797 29323
is_linear=0
shrinkage=0.03


Tree=52
num_leaves=15
num_cat=0
split_feature=33 34 41 40 30 40 34 38 0 32 23 30 20 43
split_gain=61.9752 73.1929 71.9124 121.491 101.361 111.907 70.0017 65.4981 60.4335 56.2026 54.531 52.0156 52.9478 49.1424
threshold=0.48953017232900031 -0.44035565091588397 0.75000000000000011 -0.59705149268482616 1.5000000000000002 -0.1809729265166348 1.0186404280905716 -1.6304694291202 0.0094973758440638056 -0.40088018376916512 -0.018609820215102376 4.5000000000000009 1.1683926617689442 0.95000000000000007
decision_type=8 10 2 10 2 10 10 10 8 10 8 2 8 8
left_child=1 10 8 -4 -5 -6 -7 -3 -2 -9 -1 12 -10 -11
right_child=2 7 3 4 5 6 -8 9 11 13 -12 -13 -14 -15
leaf_value=-0.0014600197565802922 0.0063262653241891887 -0.011109557618235278 -0.015686199159653712 -0.005751488594660673 0.017754480490605636 -0.0019532465379909123 0.006598429549967655 0.0014336765812355821 0.0038130133156174958 -0.0027037057602622809 0.0026152642255267283 -0.0045026305761563003 -0.0087817781439990163 0.0020004655745703083
leaf_weight=4586.8178132772446 3614.2778902649879 629.61476390063763 450.46968285739422 1724.0476735383272 400.94021442532539 2300.0309133082628 1364.3679870218039 5033.0676238238811 3800.3034668266773 16486.613975554705 8270.5478131324053 1095.7962237745523 316.70854663848877 2266.8168284296989
leaf_count=20882 16108 2979 2061 7765 1793 10189 5915 22759 16800 75063 37302 4967 1389 10249
internal_value=-1.36304e-05 -0.000669965 0.00160942 -0.000855017 0.000324049 0.00290838 0.0012401 -0.00163444 0.00335052 -0.00137908 0.00116142 0.00127913 0.00282521 -0.00213433
internal_weight=52340.4 37273.5 15066.9 6239.86 5789.39 4065.34 3664.4 24416.1 8827.09 23786.5 12857.4 5212.81 4117.01 18753.4
internal_count=236221 169234 66987 27723 25662 17897 16104 111050 39264 108071 58184 23156 18189 85312
is_linear=0
shrinkage=0.03


Tree=53
num_leaves=15
num_cat=0
split_feature=36 1 36 39 36 39 1 38 39 11 20 11 8 38
split_gain=56.1923 91.3102 114.81 102.04 88.1929 83.8513 70.5003 101.503 76.4272 71.6521 77.8428 67.2134 67.1975 61.8238
threshold=-0.28579423544681298 0.015609417072637804 -1.2574721057525611 1.3031147672551857 0.75047025628654662 -1.0357267802456829 0.013524550090079383 -0.18898188143061143 -1.8876272350736987 2.8135121707842776 0.10735726338218522 2.2461601617586591 -1.5083861406080628 1.1913822755029051
decision_type=10 8 10 10 10 10 10 10 10 10 10 10 8 10
left_child=1 2 3 -1 6 -3 7 8 -2 10 -8 -9 -10 -4
right_child=4 5 13 -5 -6 -7 9 11 12 -11 -12 -13 -14 -15
leaf_value=-0.0057491105845964294 0.022437209374437821 0.012512016038633096 0.0012511195565361817 0.024716210670464769 0.0017537059546982518 0.0028422205246648358 -0.0013577796206650573 0.0014419873942017446 -0.016664045450912435 0.019170635052749987 -0.0071498968537662359 -0.012929006331945452 -0.00349934985946576 0.012665274392580332
leaf_weight=3083.3983117043972 86.822126433253288 1046.6163806766272 9147.5376863032579 92.478668913245201 9907.0187811404467 3458.0346000641584 4356.7926049232483 11439.317192584276 368.8010978102684 110.66303026676178 4010.9437659978867 290.65239296853542 4615.4351182729006 438.24249924719334
leaf_count=14312 388 4569 41421 395 43952 15414 19914 51539 1764 503 18182 1304 21163 1932
internal_value=4.3519e-05 0.00144476 0.000147427 -0.00478719 -0.0006443 0.00511165 -0.0015844 -0.00045823 -0.00400034 -0.00381288 -0.00413936 0.00107518 -0.00450487 0.00178561
internal_weight=52452.8 17266.3 12761.7 3175.88 35186.4 4504.65 25279.4 16801 5071.06 8478.4 8367.74 11730 4984.24 9585.78
internal_count=236752 78043 58060 14707 158709 19983 114757 76158 23315 38599 38096 52843 22927 43353
is_linear=0
shrinkage=0.03


Tree=54
num_leaves=15
num_cat=0
split_feature=39 11 38 2 37 1 15 39 39 30 11 15 1 36
split_gain=69.6173 113.415 79.5387 66.6984 68.2329 154.89 64.8725 62.9817 52.6854 117.065 85.7358 82.1433 76.8004 86.4573
threshold=-1.800661752700941 -0.84926925209778503 -1.3249551572897709 0.48441832078458547 -1.7324497193990476 0.02328594170803824 0.71552345046922194 2.1324168955337464 1.0767330620930282 2.5000000000000004 1.483218987472857 0.6277434464050301 0.0060441390742691989 -0.56291370398262941
decision_type=10 8 10 8 10 8 10 10 10 2 8 10 10 10
left_child=1 -1 -3 6 5 -5 -2 8 -6 11 12 -10 -11 -14
right_child=3 2 -4 4 7 -7 -8 -9 9 10 -12 -13 13 -15
leaf_value=-0.0022371735774738832 -0.0056308005538868184 0.0063195102951528939 0.029126892966302904 -0.0087621027899561065 0.00011415989922527714 0.02451670898650201 0.0036661326239653264 -0.0063686141097048822 0.0090862395200717021 0.021461943536038895 -0.0027347599567191104 -0.0036335586184559204 0.020843333105679131 0.0048597057138212527
leaf_weight=551.39132784307003 3352.1050257533789 309.17732056975365 248.95595964789391 1452.7533295750618 36817.941687226295 128.10121527314186 837.90641951560974 1196.9929281175137 542.49916185438633 346.94626764953136 781.63867394626141 2636.0118033885956 335.23124517500401 2707.5163170546293
leaf_count=2451 15744 1368 1065 7079 166065 545 3813 5440 2401 1457 3426 11727 1428 11834
internal_value=1.66664e-05 0.00741716 0.0168264 -0.000145326 0.00017868 -0.00592827 -0.00376732 0.000392752 0.000577392 0.00289458 0.0061937 -0.00144089 0.00825453 0.00668319
internal_weight=52245.2 1109.52 558.133 51135.6 46945.6 1580.85 4190.01 45364.8 44167.8 7349.84 4171.33 3178.51 3389.69 3042.75
internal_count=235843 4884 2433 230959 211402 7624 19557 203778 198338 32273 18145 14128 14719 13262
is_linear=0
shrinkage=0.03


Tree=55
num_leaves=15
num_cat=0
split_feature=38 36 40 39 37 40 12 36 40 40 38 35 41 38
split_gain=72.2341 66.0992 120.914 113.553 107.76 94.9383 78.5931 91.6689 93.9902 89.9675 84.1869 74.5529 108.706 73.9194
threshold=2.4326689520438873 -0.28579423544681298 -1.6300809730482866 -1.800661752700941 -1.615803495231223 1.4236364487916544 0.02701025643148347 -1.2916645236870627 0.90621062324824175 0.41208371036096603 0.51933889588442128 0.20168715335899035 0.8500000000000002 -1.816462911290782
decision_type=8 10 10 10 10 10 2 10 10 10 10 10 2 10
left_child=1 5 4 -4 -3 6 7 8 -1 10 -9 13 -13 -5
right_child=-2 2 3 11 -6 -7 -8 9 -10 -11 -12 12 -14 -15
leaf_value=-0.0062160085026949433 0.008500248582357435 0.0101209073981705 0.028682747102795805 -0.027733744576333649 -0.020631753936531626 0.011327303221498133 0.0046680211175877152 0.0017815828845537647 0.021859954542134304 -0.0040389736698651143 0.013872874500978237 0.0019802468161426896 -0.0025517121550213146 -0.0023488850738931388
leaf_weight=2647.1010193675756 874.9862150400877 123.64437198638916 108.23575578629971 94.180223107337952 472.22719837725163 811.14207215607166 3771.0699795037508 6995.408588334918 102.18703658878803 2341.9008092731237 550.22808669507504 13222.263988852501 7433.0058879554272 12834.74964608252
leaf_count=12350 3785 577 449 453 2257 3509 16639 31884 450 10527 2459 59322 33304 58507
internal_value=2.0735e-06 -0.000143912 -0.000905429 -0.000666364 -0.0141888 0.00137214 0.000873399 -0.000261784 -0.00509702 0.00108647 0.00268047 -0.00076946 0.00034893 -0.00255509
internal_weight=52382.3 51507.3 34288.3 33692.4 595.872 17219 16407.9 12636.8 2749.29 9887.54 7545.64 33584.2 20655.3 12928.9
internal_count=236472 232687 154869 152035 2834 77818 74309 57670 12800 44870 34343 151586 92626 58960
is_linear=0
shrinkage=0.03


Tree=56
num_leaves=15
num_cat=0
split_feature=25 19 38 45 9 11 16 1 1 41 13 15 35 9
split_gain=65.0917 48.3563 54.8195 51.2063 48.6784 50.8459 76.3317 56.2668 49.1371 74.0119 53.1067 45.6234 45.4026 77.9055
threshold=0.06555082169827943 0.14777743805327198 -1.225176856508009 1.0476671307919865 0.49707538974414733 -0.61532360625239468 0.5174687655047131 0.034627324948352786 0.027042210423424615 0.45000000000000007 46.348265313433323 0.27793184627970124 -1.3730688873722234 0.21662014848083272
decision_type=8 2 10 10 10 8 10 10 10 2 10 10 8 8
left_child=1 4 -3 11 5 6 8 -7 10 -10 -1 -4 13 -2
right_child=12 2 3 -5 -6 7 -8 -9 9 -11 -12 -13 -14 -15
leaf_value=-0.0033682217027029104 -0.0045051540442613992 0.012053530925588854 0.015553440783990576 -0.0022168889384163635 -0.0081131812446050607 -0.0029438372580748314 0.023998421820657322 -0.018423185689577844 0.021521527155478941 -0.0050732432923486313 0.0018938876262877499 0.0012285801928376308 0.0015653822853712157 0.0095169715287770091
leaf_weight=3630.5264126509428 2442.5990139842033 337.87263928353786 196.12234853208065 5425.2109589576721 1135.5889540165663 7643.1732664108276 108.26665043830872 207.84832507371902 209.88015519082546 159.191759288311 3273.4882069528103 6996.8909140378237 20221.742883428931 407.69588001072407
leaf_count=16776 11225 1500 876 24559 5234 35263 506 937 925 714 14932 30990 90328 1789
internal_value=-0.000126216 -0.00106398 0.000305279 -1.85948e-05 -0.00214734 -0.00169755 9.04403e-05 -0.00337655 -0.000297914 0.0102192 -0.0008741 0.00164021 0.0010656 -0.00247322
internal_weight=52396.1 29324.1 12956.1 12618.2 16368 15232.4 7381.35 7851.02 7273.09 369.072 6904.01 7193.01 23072 2850.29
internal_count=236554 133212 57925 56425 75287 70053 33853 36200 33347 1639 31708 31866 103342 13014
is_linear=0
shrinkage=0.03


Tree=57
num_leaves=15
num_cat=0
split_feature=34 36 40 37 39 40 35 1 38 1 39 30 41 40
split_gain=70.6935 68.5577 134.312 131.399 106.834 93.4336 85.8661 84.9498 129.277 77.8711 96.3781 69.4414 152.271 61.8486
threshold=1.737872041545214 -0.27787662703641075 -1.6300809730482866 -1.615803495231223 -1.800661752700941 1.3985663179632721 -0.74707343605505072 0.013125409478723302 -0.18898188143061143 0.014650843132336095 -1.0715049215149421 1.5000000000000002 0.75000000000000011 0.54374216055077251
decision_type=8 10 10 10 10 10 10 10 10 8 10 2 2 10
left_child=1 5 3 -3 -4 9 -7 8 -6 -1 -11 12 -10 -13
right_child=-2 2 4 -5 7 6 -8 -9 11 10 -12 13 -14 -15
leaf_value=-0.00043126901623141678 0.0052061288692921964 0.011850476471411089 0.02761671504511249 -0.022391750188372549 -0.0037522359562523625 0.022278608399571753 0.0030945193437241832 -0.0028082578624505812 0.0034160779244473212 0.011724298545741167 0.0017834181808685607 0.0050788770881702843 -0.0079184909377783656 0.00058209827479616691
leaf_weight=11509.679445892572 2365.823068484664 121.79593952000141 109.98621492087841 456.6559696495533 5042.4012967944145 348.32517941296101 516.55901876091957 11490.849376261234 2481.8222467154264 1128.743601128459 3851.5524462163448 6043.4268683046103 1855.6785922348499 5053.9003203064203
leaf_count=52549 10263 566 455 2204 23174 1484 2257 52208 11131 4942 17207 27255 8447 22363
internal_value=0.000149907 -9.02743e-05 -0.000899935 -0.015103 -0.000639189 0.0014329 0.0109871 -0.000745009 0.000413594 0.000925435 0.00405542 0.00177608 -0.00144016 0.00303334
internal_weight=52377.2 50011.4 32656.5 578.452 32078.1 17354.9 864.884 31968.1 20477.2 16490 4980.3 15434.8 4337.5 11097.3
internal_count=236505 226242 147803 2770 145033 78439 3741 144578 92370 74698 22149 69196 19578 49618
is_linear=0
shrinkage=0.03


Tree=58
num_leaves=15
num_cat=0
split_feature=43 24 1 2 44 45 45 16 14 8 45 0 36 21
split_gain=59.67 50.4603 61.7323 41.0371 38.6315 46.3659 43.4914 36.6348 35.8434 47.2775 43.8925 37.0107 35.7874 32.7548
threshold=0.41428571428571431 0.015382926375492907 0.012107709151872519 0.28852613050602888 0.020112046659949982 1.0257125731404557 0.96638678640800701 0.9007456615561773 0.25311203319502013 -1.4127662430527577 1.2726833085685452 0.014924968677774118 -0.31063366253488506 -0.6964587039424659
decision_type=8 8 10 10 10 10 8 10 10 10 10 10 8 10
left_child=3 4 -3 -1 7 6 -6 8 11 -10 12 -2 -11 -5
right_child=1 2 -4 13 5 -7 -8 -9 9 10 -12 -13 -14 -15
leaf_value=-0.016843505206430017 -0.00408708201875188 0.0051783580845258283 -0.00053044335394932017 -0.0032034472217581517 0.0028443063337934165 -0.00062675630459124807 0.011805885900565648 -0.0056488780017037513 -0.011466364757312343 0.0043934525808411347 -0.0045618715316480063 0.0022949072932605774 0.00043250155541467688 -0.00049284309324288094
leaf_weight=143.43043248355389 3453.1425453722477 4317.8289394527674 2809.8877552300692 5599.1465232372284 3224.1907404214144 3351.4869431853294 566.92988783121109 1223.8918801993132 278.75330640375614 2720.8164900690317 1219.4141928255558 1063.4585434794426 8280.8077428787947 14109.681402057409
leaf_count=686 15895 19312 12657 25611 14478 15056 2520 5429 1293 12165 5550 4787 37372 63624
internal_value=-8.95449e-05 0.00070177 0.00293024 -0.00138512 7.50887e-05 0.00194382 0.00421197 -0.00065734 -0.00029522 0.000532712 0.000815554 -0.00258266 0.00141519 -0.00126414
internal_weight=52362.9 32510.6 7127.72 19852.3 25382.9 7142.61 3791.12 18240.3 17016.4 12499.8 12221 4516.6 11001.6 19708.8
internal_count=236435 146514 31969 89921 114545 32054 16998 82491 77062 56380 55087 20682 49537 89235
is_linear=0
shrinkage=0.03


Tree=59
num_leaves=15
num_cat=0
split_feature=33 41 40 38 30 40 30 12 39 34 45 35 20 30
split_gain=55.0417 74.7828 146.362 79.7931 79.2074 85.4094 64.178 85.591 72.1345 61.9592 60.3949 59.2243 57.2566 56.4882
threshold=0.47986631680807906 0.65000000000000002 -0.58212004591178201 -0.16339987913102602 1.5000000000000002 -0.19855484225155315 4.5000000000000009 0.013813642541581033 -0.9859951011366902 -0.44035565091588397 1.1583822340904069 0.20168715335899035 1.1224378058302651 4.5000000000000009
decision_type=8 2 10 8 2 8 2 2 8 10 10 8 8 2
left_child=9 3 -3 -2 -4 -6 8 -8 -5 -1 -11 -10 -13 -7
right_child=1 2 4 6 5 13 7 -9 11 10 -12 12 -14 -15
leaf_value=0.0011461955515351711 0.00057116746920526441 -0.014620559216066928 -0.0041962901481009292 0.023545450377025504 0.014759202491099778 0.003865239649160072 0.01157383584768922 -0.0070502685389706365 -0.00055064934135087352 -0.0005535659856448909 -0.0039888473957948121 0.011502044429770888 -0.0045454013363252707 -0.0033279381980080981
leaf_weight=12866.334426566958 3786.1762659400702 599.02079856395721 2065.6753552109003 264.12350755929947 474.20133101940155 2951.4098256379366 341.73931995034218 592.50449641048908 655.00740605592728 18098.318097099662 6170.2326110601425 1847.0599018633366 218.93085768818855 1461.3754514455795
leaf_count=58206 17018 2741 9297 1143 2110 12821 1520 2673 2888 82129 28419 8063 957 6576
internal_value=8.70882e-05 0.0016035 -0.000518142 0.00368075 0.000716134 0.00279689 0.00667556 -0.000187288 0.00881686 -0.000536207 -0.00142826 0.0073062 0.00978781 0.00148095
internal_weight=52392.1 15257.2 7551.68 7705.54 6952.66 4886.99 3919.37 934.244 2985.12 37134.9 24268.6 2721 2065.99 4412.79
internal_count=236561 67807 33545 34262 30804 21507 17244 4193 13051 168754 110548 11908 9020 19397
is_linear=0
shrinkage=0.03


Tree=60
num_leaves=15
num_cat=0
split_feature=40 40 20 39 1 39 40 39 38 36 36 41 2 17
split_gain=67.7272 83.8829 68.5863 67.9961 66.4902 61.9104 107.27 127.875 77.1534 83.5241 66.0641 63.4269 60.7355 70.2399
threshold=1.6877905140902369 2.23283889851727 1.1017280211019354 2.1324168955337464 0.0096737528060814888 1.1672008633511177 0.48014618003415849 0.85988707139511911 0.99365367973791685 -0.54890577809827168 -1.3666773000634782 0.45000000000000007 0.46625789547253149 -0.18752576879154118
decision_type=8 10 8 10 10 10 10 10 10 10 10 2 8 2
left_child=3 2 -2 5 -3 6 7 12 -8 -10 -7 -11 13 -1
right_child=1 4 -4 -5 -6 10 8 -9 9 11 -12 -13 -14 -15
leaf_value=-0.010060147793332789 0.011270845456867636 0.0052215884029454419 -0.00017829073493719834 -0.011344060627529268 -0.0085848072725065172 0.022038281176423757 -0.0050196798516262695 0.010448977270274712 0.019448541231713419 0.012789512896975832 0.0023917779962094369 -0.0021424634617582816 0.00029659118240539224 8.3661360265482872e-06
leaf_weight=1130.2280359566212 1470.1286594867706 581.1006136983633 690.18170680105686 486.76985202729702 660.59491223096848 149.59713372588158 6923.6569487601519 1063.0446193367243 191.34424909949303 276.05295822024345 4622.957356646657 2430.2691097855568 30290.704242661595 1376.2102580070496
leaf_count=5391 6378 2521 3024 2237 2947 633 31278 4649 846 1226 20435 10823 137514 6449
internal_value=-1.65957e-05 0.00407005 0.00762908 -0.000301442 -0.00213346 -0.00018819 -0.000542868 0.00025804 -0.00330155 0.000806882 0.0030524 -0.00057788 -7.53599e-05 -0.00455376
internal_weight=52342.8 3402.01 2160.31 48940.8 1241.7 48454.1 43681.5 33860.2 9821.32 2897.67 4772.55 2706.32 32797.1 2506.44
internal_count=236351 14870 9402 221481 5468 219244 198176 154003 44173 12895 21068 12049 149354 11840
is_linear=0
shrinkage=0.03


Tree=61
num_leaves=15
num_cat=1
split_feature=32 38 4 46 0 12 38 32 20 1 12 14 11 30
split_gain=57.8496 65.5918 60.6975 67.5204 52.3632 49.5314 67.3772 50.7232 48.3573 39.8633 61.309 55.3922 42.912 43.0399
threshold=-0.8898488632300442 -2.6119452810248469 0.74966047766847488 0 0.0030751061260331962 0.02701025643148347 0.29063477531228615 -0.95831652342922091 -0.29879762371920621 0.0059077594814355662 0.0083420025387215303 0.29143823998178431 1.8189375770305349 2.5000000000000004
decision_type=10 10 8 1 10 2 10 10 10 10 2 8 10 2
left_child=5 -2 3 9 8 6 7 -1 -5 11 -11 -3 13 -13
right_child=1 2 -4 4 -6 -7 -8 -9 -10 10 -12 12 -14 -15
leaf_value=-0.0022427434007454361 -0.016576896804114862 -0.004095210748928815 0.0018685371144694497 -0.024078994361326708 -0.0019736580055116919 0.0071994200706224322 0.0069675520461734307 0.010021871879575747 -0.0029429364354240681 -0.0090431699507392063 0.00018992235781231317 0.0014310754858769983 -0.011333083783936222 0.010823512821949566
leaf_weight=3135.798314422369 214.16869969666004 603.29510729014874 9193.2293140441179 177.55654563009739 16743.377673491836 1606.7848936468363 1280.2360165119171 325.98413999378681 209.38995626568794 664.20683644711971 16180.580616697669 705.78354439139366 109.33588890731335 1167.1428222805262
leaf_count=14340 998 2744 40936 855 76429 7069 5684 1483 977 3044 72942 3138 481 5162
internal_value=-1.76946e-05 -0.000388611 -0.00030923 -0.000857193 -0.00222895 0.00266429 0.00111569 -0.00106229 -0.0130038 0.000353677 -0.000179297 0.00381465 0.00623046 0.00731051
internal_weight=52316.9 45968.1 45753.9 36560.7 17130.3 6348.8 4742.02 3461.78 386.947 19430.3 16844.8 2585.56 1982.26 1872.93
internal_count=236282 207706 206708 165772 78261 28576 21507 15823 1832 87511 75986 11525 8781 8300
cat_boundaries=0 1
cat_threshold=271
is_linear=0
shrinkage=0.03


Tree=62
num_leaves=15
num_cat=0
split_feature=36 36 36 39 1 1 38 39 11 20 11 37 39 9
split_gain=62.37 55.5328 72.5788 111.11 72.2779 65.4192 91.5338 97.1152 91.4044 62.5962 99.8251 60.0685 58.1038 55.8692
threshold=1.8634857398669054 -0.27787662703641075 -1.2574721057525611 1.3031147672551857 0.017790030453589817 0.013457757958961888 -0.18898188143061143 -1.8876272350736987 2.2461601617586591 0.10735726338218522 0.84811146747518806 0.35555007226404556 1.7459370174669557 -0.12738098172862836
decision_type=8 10 10 10 8 10 10 10 8 10 8 10 10 10
left_child=1 2 3 4 11 6 7 -3 -8 13 -11 -1 -4 -7
right_child=-2 5 12 -5 -6 9 8 -9 -10 10 -12 -13 -14 -15
leaf_value=-0.0060445810028423429 0.0048172712044123088 0.025685265164245526 0.0025050288212761468 0.022086412163846662 0.0050173724952446803 -0.0027065739490094889 0.0014147945275963232 -0.003979379417050048 -0.01239436103454662 -0.0087398325900447573 -0.00054535460547479081 0.013323213017689675 -0.0080406750504161094 0.0037176304243742835
leaf_weight=3235.9764432758093 2180.803174585104 91.310438022017479 12688.277807578444 151.02751560509205 755.94942715764046 3987.1242929846048 15579.585395336151 5428.7919904142618 433.7315661162138 3121.6807755082846 2338.3868552297354 141.60373958945274 478.72957600653172 1742.8383402824402
leaf_count=15082 9477 404 57136 637 3260 18238 69818 25033 1945 14210 10563 624 2115 7931
internal_value=-0.000137596 -0.000353871 0.00101243 -0.00237537 -0.00332028 -0.00108261 -0.000115327 -0.00344312 0.00103326 -0.00294224 -0.00523779 -0.00519566 0.00211579 -0.000749501
internal_weight=52355.8 50175 17451.6 4284.56 4133.53 32723.4 21533.4 5520.1 16013.3 11190 5460.07 3377.58 13167 5729.96
internal_count=236473 226996 78854 19603 18966 148142 97200 25437 71763 50942 24773 15706 59251 26169
is_linear=0
shrinkage=0.03


Tree=63
num_leaves=15
num_cat=0
split_feature=43 39 12 40 15 40 39 35 12 30 30 41 40 1
split_gain=54.7953 51.4171 45.5121 48.5152 84.6973 57.513 48.3962 48.9665 64.4669 64.6099 46.9797 73.0127 47.8673 44.1718
threshold=0.41428571428571431 2.1324168955337464 0.026311609997401002 1.2227806619973349 0.26149844626932517 -1.4330499715606979 -1.8876272350736987 0.46540730533626606 0.0062589244738169318 4.5000000000000009 1.5000000000000002 0.75000000000000011 0.65122001973708354 0.017489477615606264
decision_type=8 10 2 10 8 10 10 10 2 2 2 2 10 10
left_child=2 -2 6 4 5 -4 -1 -8 -9 10 11 -10 -13 -7
right_child=1 -3 3 -5 -6 13 7 8 9 -11 -12 12 -14 -15
leaf_value=0.014652864980471901 0.0008868888926640867 -0.0069252208744974616 -0.003100463988444737 0.012006527928466987 -0.0041096532954001848 0.00037733356483771196 -0.0032532694468738379 0.017996690545234034 0.0044788743775264423 -0.0062877560830025547 0.0043819385018922154 -0.016293819751310005 -0.001588902153290598 0.013661897883385524
leaf_weight=146.3181155025959 31758.940521389246 766.8771205842495 459.49210199713707 364.0348587334156 1648.5523037165403 326.66881608963013 11024.22422221303 168.71180091798306 712.02836927771568 1226.4249927699566 2226.634920746088 375.7608535438776 417.00524634122849 719.85389098525047
leaf_count=654 143075 3516 2041 1610 7388 1502 50590 740 3177 5572 9783 1720 1881 3175
internal_value=-5.69494e-05 0.000700627 -0.00130017 0.00179033 0.000577175 0.00570086 -0.00196811 -0.00212766 0.00029447 -0.000342936 0.00162256 -0.00246245 -0.00867499 0.00955798
internal_weight=52341.5 32525.8 19815.7 3518.6 3154.57 1506.01 16297.1 16150.8 5126.57 4957.85 3731.43 1504.79 792.766 1046.52
internal_count=236424 146591 89833 15716 14106 6718 74117 73463 22873 22133 16561 6778 3601 4677
is_linear=0
shrinkage=0.03


Tree=64
num_leaves=15
num_cat=0
split_feature=36 36 12 36 39 30 37 30 37 35 34 37 37 38
split_gain=56.4851 76.5845 72.8305 93.616 89.4222 71.6152 61.9835 53.8267 78.1921 78.2186 67.7533 51.3918 51.1248 88.0774
threshold=-0.28579423544681298 0.82695963616494395 0.02701025643148347 -1.2574721057525611 0.58140299838565301 1.5000000000000002 -0.78785289447114715 5.5000000000000009 0.34545084116236774 0.2925409376963411 0.48350105818470579 -1.0939632331840368 -0.10524717036306673 -0.42269215662604515
decision_type=10 10 2 10 10 2 10 2 10 10 10 10 10 10
left_child=2 7 3 4 -1 -3 -7 12 10 -10 11 -9 13 -2
right_child=1 5 -4 -5 -6 6 -8 8 9 -11 -12 -13 -14 -15
leaf_value=-0.0061675667615033571 -0.0019910112607923781 -0.0019551811129759362 0.0049812922201161701 0.0017160377969815304 0.010470339600703992 -0.0094579349454377102 0.0044451910932755282 -0.026915590045103809 0.0060653547012570128 -0.0056724532208585199 0.0023702587752417121 -0.008567898303602179 -0.0019494476428750995 0.0042903437805734933
leaf_weight=2624.3937777280807 4111.8937816619873 3047.4576387107372 4006.6732447743416 10320.822191059589 317.65338389575481 295.36992262303829 5492.1185309141874 140.14585748314857 1001.8070504516363 1022.2037718594074 496.767054438591 2117.5316733568907 13514.499399647117 3910.6791798472404
leaf_count=12346 18948 13642 17589 46669 1374 1333 24118 668 4592 4662 2277 9882 60978 17703
internal_value=3.76379e-05 -0.000652602 0.00144212 0.000369997 -0.00434179 0.00176281 0.00372054 -0.00146389 -0.00434101 0.000138564 -0.00762127 -0.00982051 -0.000823823 0.00107242
internal_weight=52420 35150.5 17269.5 13262.9 2942.05 8834.95 5787.49 26315.5 4778.46 2024.01 2754.44 2257.68 21537.1 8022.57
internal_count=236781 158803 77978 60389 13720 39093 25451 119710 22081 9254 12827 10550 97629 36651
is_linear=0
shrinkage=0.03


Tree=65
num_leaves=15
num_cat=0
split_feature=2 43 10 36 1 19 18 1 11 11 38 37 24 35
split_gain=52.3669 56.8483 51.2743 48.4728 58.6997 50.4164 100.925 58.9916 61.7098 53.1784 47.2632 60.6091 47.0652 44.0783
threshold=0.65338346439733919 0.95000000000000007 1.8414555508368771 -1.6716285530773658 0.017790030453589817 -5.9243486091155155 -2.3494433180683107 0.024933964220531395 -1.5352281212920271 -0.75115742532897767 2.4326689520438873 1.9533495851223017 -0.0085884737936620641 -1.0486926114479196
decision_type=8 10 8 10 10 2 2 10 10 8 10 10 8 10
left_child=1 -1 -3 4 -2 6 7 8 12 -8 13 -12 -5 -7
right_child=3 2 -4 5 -6 10 9 -9 -10 -11 11 -13 -14 -15
leaf_value=-0.0023227102441400515 -0.0058136541255241715 0.0023684838499225462 0.02275822106673149 -0.0037905057326387374 0.0059019106913078198 0.0038607731401416696 0.013491775434203348 0.022385808425300961 -0.0055865632042161077 -0.0076595721824440294 0.016165180707249028 -0.00010054173844288419 0.016303341676098638 8.0221846176239256e-05
leaf_weight=10877.449599966407 1928.3085542172194 1178.1731506735086 112.9775967746973 175.09451884031296 471.6566217392683 3035.8526828438044 1060.4170874357224 87.472591519355774 1046.8550199270248 112.43558709323406 385.06926175951958 430.94928942620754 240.47020347416401 31287.365354329348
leaf_count=50314 9020 5408 509 802 2010 13658 4701 366 4786 508 1658 1857 1093 140146
internal_value=0.000108207 -0.00161558 0.00431381 0.000629468 -0.0034963 0.000891843 0.00481704 -0.000218147 -0.00171302 0.0114165 0.000586417 0.00767783 0.00794685 0.000415635
internal_weight=52430.5 12168.6 1291.15 40261.9 2399.97 37862 2722.75 1549.89 1462.42 1172.85 35139.2 816.019 415.565 34323.2
internal_count=236836 56231 5917 180605 11030 169575 12256 7047 6681 5209 157319 3515 1895 153804
is_linear=0
shrinkage=0.03


Tree=66
num_leaves=15
num_cat=1
split_feature=36 36 40 37 40 35 0 40 35 19 11 1 46 11
split_gain=56.1654 55.7237 117.847 95.882 86.0261 85.0397 69.7469 61.6518 106.194 81.2473 65.8273 55.18 76.5675 65.6903
threshold=1.8634857398669054 -0.28579423544681298 -1.6300809730482866 -1.7324497193990476 1.3536161207558146 -0.92017951371476847 0.041253094183089575 -0.052694671325560848 -1.3730688873722234 0.14777743805327198 -1.5658932208570508 0.0059077594814355662 0 1.8657376744546386
decision_type=8 10 10 10 10 10 8 10 10 2 10 10 1 10
left_child=1 4 3 -3 6 -6 7 8 -1 -9 -10 12 13 -4
right_child=-2 2 11 -5 5 -7 -8 9 10 -11 -12 -13 -14 -15
leaf_value=-0.0033191702224167185 0.004687358815658709 0.010090722785075919 0.007059853842065868 -0.020246767481552332 0.02282619086592691 0.0037446686528605456 0.013160217962450824 -0.0058093847717672472 0.012477331933136469 0.0011078128328712777 0.0027789518940521097 -0.0011054183068493274 -0.0043485599413453568 -0.014451187864541633
leaf_weight=2619.617086648941 2193.18775421381 110.47385035455227 2234.3823031932116 461.32571998238564 299.47883728146553 671.3549270182848 381.69485040009022 2764.2959973216057 690.31170280277729 3396.6977943331003 6401.7145992815495 29054.01830662787 908.46057792007923 126.30948227643967
leaf_count=12145 9511 513 9897 2248 1263 2927 1614 12709 3120 15022 28958 131715 4107 560
internal_value=-6.68857e-07 -0.000206705 -0.000930478 -0.0143128 0.00117523 0.00980357 0.000654164 0.00034533 0.00183382 -0.00200016 0.0037392 -0.000689391 0.00300008 0.00582821
internal_weight=52313.3 50120.1 32895 571.8 17225.2 970.834 16254.3 15872.6 9711.64 6160.99 7092.03 32323.2 3269.15 2360.69
internal_count=236309 226798 149040 2761 77758 4190 73568 71954 44223 27731 32078 146279 14564 10457
cat_boundaries=0 1
cat_threshold=271
is_linear=0
shrinkage=0.03


Tree=67
num_leaves=15
num_cat=1
split_feature=46 12 10 14 40 39 24 42 16 42 11 44 40 39
split_gain=52.6272 59.8732 73.554 41.4799 53.0256 47.857 41.1709 51.1162 71.2866 47.9361 40.7356 36.7193 35.15 56.9221
threshold=0 0.033405801742459607 -1.3943867869661215 0.27405235125274102 -1.5388585142873519 -1.2359969244346105 0.013204532119407699 0.81666666666666676 0.9007456615561773 0.84523809523809534 2.0273698035533445 0.033372287976788775 -1.9542331522320981 -1.1924373062288918
decision_type=1 2 10 10 10 10 10 10 8 10 10 10 10 10
left_child=1 3 -3 -1 -5 -6 7 8 11 -9 -10 12 -2 -14
right_child=6 2 -4 4 5 -7 -8 9 10 -11 -12 -13 13 -15
leaf_value=-0.0045218097930498202 -0.010051760661384355 0.019687562058771018 0.0014247698948167983 -0.013653562549234019 0.0085917395846996005 -0.0011849211084833393 0.0024276568569466541 0.01784107488372165 -0.0046051781174837507 0.0020168211093927382 -0.017325870128524146 0.011357709346917346 0.005403081063113652 -0.00073408716316825291
leaf_weight=4298.9427162706852 322.23994721472263 209.2036245316267 2122.6976398080587 286.74650655686855 458.12351159751415 12089.287174910307 8337.6536057591438 168.29828867316246 1136.9510162174702 5337.1698105633259 277.3011189699173 232.91422562301159 1480.0702069252729 15591.290994420648
leaf_count=20038 1489 897 9345 1367 2061 54894 37316 744 5011 23953 1243 1041 6726 70378
internal_value=-0.000124293 -0.00135983 0.00314026 -0.00197459 -0.00111851 -0.000821404 0.000607482 -1.12689e-05 -0.000747584 0.00253203 -0.00720354 -0.000225803 -0.000387353 -0.000199149
internal_weight=52348.9 19465 2331.9 17133.1 12834.2 12547.4 32883.9 24546.2 19040.8 5505.47 1414.25 17626.5 17393.6 17071.4
internal_count=236503 88602 10242 78360 58322 56955 147901 110585 85888 24697 6254 79634 78593 77104
cat_boundaries=0 1
cat_threshold=688
is_linear=0
shrinkage=0.03


Tree=68
num_leaves=15
num_cat=1
split_feature=45 46 18 1 1 12 10 40 13 10 19 40 8 40
split_gain=49.383 120.813 55.0294 83.914 54.493 52.0145 49.2739 46.8546 89.4452 55.0011 105.955 87.9076 82.0529 88.2814
threshold=1.1986765600347253 0 -0.68471516288519585 0.014650843132336095 0.032867599984082202 0.022475213605457348 -0.21501221547955615 -1.745031036448901 39.842427429819978 -0.87134010415276941 -0.88313326912791101 0.19446467483171756 -1.5083861406080628 -1.1116864098483947
decision_type=10 1 2 10 10 2 8 8 10 10 2 10 8 8
left_child=7 4 -3 5 6 -4 -2 8 -1 11 -11 12 -9 -14
right_child=1 2 3 -5 -6 -7 -8 9 -10 10 -12 -13 13 -15
leaf_value=0.00040993764850194873 -0.0058100929812835008 -0.0035663132759605246 0.003768247358634852 -0.001958281628031769 0.0081382090206136397 0.016692825333508063 -0.017446101632858785 -0.0045975878103028129 -0.017324330187078456 -0.002293654866469646 0.0012827695584473814 -0.0039833697014715766 0.013634222264864002 0.0039085125316050606
leaf_weight=763.76930424571037 668.92782831192017 3314.5975940823555 2049.000754147768 3040.4693178534508 130.67378011345863 316.86863493919373 661.25177554786205 755.42883674800396 374.63899721205235 11072.809119284153 22767.653251618147 1313.9705964922905 1056.4746323376894 4029.4062248468399
leaf_count=3521 3133 15286 9280 13771 587 1418 3045 3527 1793 50870 101248 5996 4705 18201
internal_value=-2.63771e-06 -0.00187657 -0.000527981 0.00133697 -0.00979876 0.00556225 -0.0116815 0.000450538 -0.00552627 0.000617815 0.000112209 0.00300555 0.00458179 0.0059516
internal_weight=52315.9 10181.8 8720.94 5406.34 1460.85 2365.87 1330.18 42134.2 1138.41 40995.7 33840.5 7155.28 5841.31 5085.88
internal_count=236381 46520 39755 24469 6765 10698 6178 189861 5314 184547 152118 32429 26433 22906
cat_boundaries=0 1
cat_threshold=531
is_linear=0
shrinkage=0.03


Tree=69
num_leaves=15
num_cat=0
split_feature=24 36 40 37 1 39 11 38 40 40 41 38 39 15
split_gain=53.7326 60.0815 77.0876 109.746 68.9958 80.7764 73.1126 69.9849 65.0786 66.7508 64.5467 60.3806 63.1582 58.5644
threshold=-0.01296653666052172 -0.27787662703641075 -1.6300809730482866 -1.615803495231223 0.014650843132336095 -1.7323926026804164 2.8135121707842776 -0.1808905395500216 1.2044723062420994 0.11661253216780777 0.75000000000000011 1.6675640508719607 0.77145826165893305 0.27480254842269197
decision_type=8 10 10 10 10 10 10 10 8 10 2 10 10 10
left_child=-1 8 3 -3 5 -4 13 -7 9 -2 11 -9 -13 -6
right_child=1 2 4 -5 6 7 -8 10 -10 -11 -12 12 -14 -15
leaf_value=-0.0016705214149678978 0.003228372451181872 0.014467208504996101 0.027936876795613273 -0.019195265478474312 0.0035125922678796101 -0.0024114558003960535 0.019789231564956596 0.003111604320128877 0.010123281959233274 -0.00208564217281301 -0.00016015457212650405 0.030175738318938012 0.0058951486878772302 -0.0038222758505108995
leaf_weight=13027.089697465301 7495.2960681766272 103.90519696474075 89.445734724402428 384.52431233227253 1142.6007606238127 4583.8589787483215 122.03154654800892 7116.5685125440359 892.47447299957275 2961.0508458763361 7447.69032523036 143.58016483485699 276.62958069145679 6582.9868431836367
leaf_count=59246 33888 478 373 1894 5190 21083 552 31796 3871 13293 33246 624 1196 29887
internal_value=-1.30171e-06 0.000551692 -0.00019493 -0.0118876 1.69475e-05 0.000966307 -0.00235934 0.00082882 0.00239192 0.00172298 0.00182099 0.00377634 0.0147001 -0.00273432
internal_weight=52369.7 39342.6 27993.8 488.43 27505.4 19657.8 7847.62 19568.3 11348.8 10456.3 14984.5 7536.78 420.21 7725.59
internal_count=236617 177371 126319 2372 123947 88318 35629 87945 51052 47181 66862 33616 1820 35077
is_linear=0
shrinkage=0.03


Tree=70
num_leaves=15
num_cat=0
split_feature=39 39 1 11 36 40 40 11 40 40 39 38 30 38
split_gain=56.7958 68.2738 92.1107 69.6719 72.2644 99.5064 81.6552 151.292 66.7106 91.9211 92.1418 61.027 59.3914 105.963
threshold=2.1324168955337464 1.0767330620930282 0.005307420508664654 1.5412844251171343 -0.80196654257491262 1.0321956605276676 1.2432341287968596 0.50820890077660807 1.6877905140902369 0.44398076907361228 0.85988707139511911 -0.97923464289673878 5.5000000000000009 1.0919233012765666
decision_type=10 8 8 10 10 10 10 10 10 10 10 10 2 10
left_child=1 8 -3 4 5 -4 -6 -8 9 10 12 -11 -1 -14
right_child=-2 2 3 -5 6 -7 7 -9 -10 11 -12 -13 13 -15
leaf_value=0.00059296621482340689 -0.0063198845064639953 0.01612222465242347 0.001501419582329362 -0.0040863637740222872 0.006127815380999246 0.02865664119901554 -0.0075555020072851468 0.0061518755580547415 0.010080554891445381 -0.016836723678538786 0.010632129360880056 -0.0025931649230623499 -0.0039805515184646719 0.021086813725204073
leaf_weight=27750.568273335695 1235.0803751945496 427.04443342983723 257.55375836789608 1391.7867575734854 2675.91159529984 221.80895763635635 1536.2101325392723 1354.1967579424381 539.80669067800045 269.21104355156422 751.46186389029026 9405.4268766641617 4360.4427627623081 147.3930920958519
leaf_count=126133 5634 1801 1096 6171 11820 927 6755 5930 2320 1237 3283 42404 20264 671
internal_value=1.08393e-05 0.000165092 0.00273429 0.00194497 0.00333791 0.0143954 0.00236155 -0.00113433 -0.000302889 -0.000436533 0.00031736 -0.00300649 7.38563e-05 -0.00311606
internal_weight=52323.9 51088.8 7864.51 7437.47 6045.68 479.363 5566.32 2890.41 43224.3 42684.5 33009.9 9674.64 32258.4 4507.84
internal_count=236446 230812 34500 32699 26528 2023 24505 12685 196312 193992 150351 43641 147068 20935
is_linear=0
shrinkage=0.03


Tree=71
num_leaves=15
num_cat=1
split_feature=31 44 39 18 39 1 36 38 35 8 46 30 39 39
split_gain=53.4892 47.2259 44.2051 53.0521 52.318 86.6229 61.2238 68.6506 57.551 52.4371 47.8223 45.1902 43.8292 68.6159
threshold=2.8312508026343428 -0.13749750835241922 2.0637555910113634 4.7351696720704668 1.0767330620930282 0.005307420508664654 -0.56291370398262941 -0.46786180689621598 0.20883752168877021 1.7366500789042771 0 2.5000000000000004 -1.1924373062288918 -0.57872202016650387
decision_type=8 10 10 2 10 10 10 10 10 10 1 2 10 10
left_child=1 -1 4 -4 12 -6 11 -8 9 -9 -10 -7 -3 -14
right_child=-2 2 3 -5 5 6 7 8 10 -11 -12 -13 13 -15
leaf_value=0.012774080461958161 0.010181050637909615 0.002198981728390862 -0.0077844155109642044 0.0098949287677495192 0.015584900341919167 0.0018574999372145619 0.013604978088902714 -0.0060180278710889939 -0.005063421254555312 0.012886125741650777 0.0032918499000924705 0.015684354694535971 -0.0032922162350756965 -0.00016163844776954749
leaf_weight=243.12198622524738 444.76593698561192 4879.2266946434975 1184.8959354460239 166.44112107157707 404.07242281734943 417.67410822212696 326.17899684607983 1759.8096939623356 742.75716580450535 133.40265317261219 3230.3691197037697 430.09785741567612 7965.2406268268824 30023.314397588372
leaf_count=1063 1926 22226 5408 746 1698 1806 1429 7829 3268 587 14221 1817 36571 135964
internal_value=-6.28896e-05 -0.00015261 -0.000215901 -0.0055502 -7.15527e-05 0.00224818 0.00146171 0.000420541 -0.000334442 -0.00462526 0.00171663 0.00897331 -0.000474825 -0.000818735
internal_weight=52351.4 51906.6 51663.5 1351.34 50312.1 7444.36 7040.29 6192.52 5866.34 1893.21 3973.13 847.772 42867.8 37988.6
internal_count=236559 234633 233570 6154 227416 32655 30957 27334 25905 8416 17489 3623 194761 172535
cat_boundaries=0 1
cat_threshold=516
is_linear=0
shrinkage=0.03


Tree=72
num_leaves=15
num_cat=1
split_feature=21 20 46 39 2 19 11 10 17 10 8 38 11 40
split_gain=46.197 60.8916 56.294 53.4443 45.665 47.5154 48.0522 50.4983 39.8068 43.3739 62.6422 55.8159 66.8327 75.9671
threshold=-0.42919864177617328 -0.60086820806948504 0 -1.8876272350736987 0.46625789547253149 1.0000000180025095e-35 -1.3111463781870605 -1.1515213982452204 -2.2370812171164398 -0.8087283638101801 0.86320731367469261 -1.6304694291202 -0.6261492787880627 -1.745031036448901
decision_type=8 10 1 10 10 2 8 10 2 10 10 8 10 8
left_child=1 3 -3 -1 -5 6 7 -6 -2 10 11 -10 13 -13
right_child=8 2 -4 4 5 -7 -8 -9 9 -11 -12 12 -14 -15
leaf_value=0.012033515570468414 -0.0037122201487072687 -0.0026130983471724725 0.0010966083684550824 -0.01478596812395502 0.013398750234872291 0.010270168735476549 -0.00656364802822879 -0.0055189814626562606 -0.0050598056698644162 0.00036012806121772634 -0.01121694271665801 -0.008795560831251702 0.00029362589366025685 0.0085748015732157803
leaf_weight=158.65335975587368 1761.4416354745626 5983.5078545510769 9500.156049862504 396.04876856505871 234.00460962951183 186.17110699415207 2659.3641745299101 256.36529774963856 566.53820715844631 25102.2062754035 250.89656475186348 236.3556382805109 1904.2732328027487 3118.0191570371389
leaf_count=710 8221 27455 42833 1954 1061 843 12388 1191 2622 112341 1132 1087 8655 13935
internal_value=-2.07856e-05 -0.00118286 -0.000338711 -0.00453291 -0.00526746 -0.00409658 -0.00497557 0.00359592 0.00066287 0.000911155 0.00318329 0.00382168 0.00478631 0.00732835
internal_weight=52314 19374.3 15483.7 3890.61 3731.95 3335.91 3149.73 490.37 32939.7 31178.3 6076.08 5825.19 5258.65 3354.37
internal_count=236428 88435 70288 18147 17437 15483 14640 2252 147993 139772 27431 26299 23677 15022
cat_boundaries=0 1
cat_threshold=624
is_linear=0
shrinkage=0.03


Tree=73
num_leaves=15
num_cat=0
split_feature=34 10 37 40 34 40 39 37 39 11 37 32 36 39
split_gain=45.6307 73.0338 69.3079 60.2973 56.2912 73.1832 60.6997 66.4139 58.9798 76.9124 64.5975 61.3198 56.7992 96.4184
threshold=0.57340891085144896 -0.89675443503293817 0.55860208712487414 -0.44591312048374832 -0.44035565091588397 -1.745031036448901 -1.7323926026804164 -1.5285419233601589 -1.1924373062288918 -0.99848326935699672 0.30941397065864179 -0.40088018376916512 -1.2916645236870627 1.3031147672551857
decision_type=8 8 10 8 10 8 10 10 10 10 10 10 10 10
left_child=4 2 -2 -3 12 -6 -7 -8 9 -9 -11 -10 13 -1
right_child=1 3 -4 -5 5 6 7 8 11 10 -12 -13 -14 -15
leaf_value=-0.0033614958438996623 0.010533291981909792 -0.0044249722219214345 -0.0056156347981529972 0.001764502053463539 -0.01322753903058526 0.015893747706985924 -0.0097724009903603342 0.017903254354194972 0.0017649338534328598 -0.002526748564569979 0.020075786801516966 -0.00194277078287877 0.0022847672443925765 0.024057008105727487
leaf_weight=3038.392118409276 1311.1825442612171 1683.5780676156282 285.37661819159985 8655.5660216957331 438.65314224362373 179.9050927311182 766.8273628205061 322.2889913469553 5039.1824660599232 740.65710742771626 124.15779796242714 19605.159127965569 10003.206869199872 110.04957729578018
leaf_count=14003 5816 7616 1286 38247 2116 776 3710 1434 22759 3357 551 89248 45027 459
internal_value=4.9975e-05 0.00167877 0.00762977 0.000753335 -0.000431905 -0.00121051 -0.0010088 -0.00112905 -0.000868784 0.00563498 0.000910594 -0.00118422 0.00117909 -0.00232999
internal_weight=52304.2 11935.7 1596.56 10339.1 40368.5 27216.8 26778.2 26598.3 25831.4 1187.1 864.815 24644.3 13151.6 3148.44
internal_count=236405 52965 7102 45863 183440 123951 121835 121059 117349 5342 3908 112007 59489 14462
is_linear=0
shrinkage=0.03


Tree=74
num_leaves=15
num_cat=0
split_feature=34 36 40 37 40 1 40 37 35 35 41 38 40 16
split_gain=49.0203 54.2729 96.2932 96.6797 72.0632 74.7286 81.4309 73.9971 57.3322 52.8806 127.864 68.1583 61.3994 57.4116
threshold=1.737872041545214 -0.27787662703641075 -1.6300809730482866 -1.117365557156687 1.3745917832793058 0.015609417072637804 -0.0082324014935713109 -1.7842672868464209 -1.2070613263360266 0.3776549698963923 0.8500000000000002 -1.816462911290782 -0.62115575546277624 0.210739390914888
decision_type=8 10 10 10 10 8 10 10 10 10 2 10 10 8
left_child=1 4 3 -3 5 7 -7 -1 -6 11 13 -4 -12 -11
right_child=-2 2 9 -5 8 6 -8 -9 -10 10 12 -13 -14 -15
leaf_value=-0.0078252028047179657 0.0040694698960433697 0.0036817428379488336 -0.023370790412570057 -0.022229990191435324 0.023978244644060034 0.0069042260372402684 -0.0018371779403759912 0.0001282419748836228 0.0053252127043143431 0.0081528680783922065 -0.014195320511105102 -0.0018319442418597961 -0.0022041398508567639 0.0016004092501041007
leaf_weight=1154.0114921927452 2386.2945525795221 194.58234265446663 123.38719618320465 363.48344095051289 177.85607588291168 2845.3711683005095 1438.8973453640938 11016.359719499946 750.96727369725704 1402.6017443835735 404.10150866210461 16413.856413006783 5459.9480432718992 8189.1510385423899
leaf_count=5678 10305 916 601 1825 740 12517 6401 49939 3250 6299 1862 75060 24492 36629
internal_value=-0.000121998 -0.000323076 -0.00104574 -0.0132895 0.00102995 0.000568349 0.00397093 -0.00063172 0.00911436 -0.000828079 0.000433467 -0.00200668 -0.00305323 0.00256607
internal_weight=52320.9 49934.6 32551.1 558.066 17383.5 16454.6 4284.27 12170.4 928.823 31993 15455.8 16537.2 5864.05 9591.75
internal_count=236514 226209 147684 2741 78525 74535 18918 55617 3990 144943 69282 75661 26354 42928
is_linear=0
shrinkage=0.03


Tree=75
num_leaves=15
num_cat=0
split_feature=39 39 11 1 45 11 40 40 40 39 35 40 34 39
split_gain=41.9945 68.8697 83.2777 77.0094 113.198 77.7428 104.071 61.4887 74.328 85.7652 55.9435 96.2477 54.4403 52.467
threshold=2.1324168955337464 1.0767330620930282 1.5412844251171343 0.007724216775439845 0.80853275299251892 -0.13858417479522708 1.2432341287968596 1.6877905140902369 0.48014618003415849 0.78443120026194424 -1.0979416159164725 0.90621062324824175 0.51455736116467732 0.81189204327183961
decision_type=10 8 8 10 10 10 10 10 10 10 10 8 10 10
left_child=1 7 3 4 -3 6 -5 8 9 -1 11 -10 -11 -13
right_child=-2 2 -4 5 -6 -7 -8 -9 10 12 -12 13 -14 -15
leaf_value=-7.3551519176243217e-05 -0.0054515551704172691 0.0035161695038833734 -0.003638117155189839 0.0053467316736887215 0.021024432721150416 0.0043661550209241427 -0.013775991104248706 0.0095195336404078328 -0.0050401518515843947 0.0047270369538854658 -0.0034984445691830525 0.024865456452838976 0.020621924974132826 -0.0017511359955657976
leaf_weight=32464.716751530766 1222.8218079060316 847.77684684097767 1487.6788699328899 470.75284613668919 542.0527918189764 3964.4249355942011 541.2261673361063 554.49540750682354 365.87905365228653 864.17816469073296 8511.7267173230648 222.93608266115189 243.78482952713966 91.615231931209564
leaf_count=148119 5600 3624 6578 2087 2355 17374 2392 2376 1663 3806 38447 993 1059 396
internal_value=1.98584e-05 0.000151641 0.00273448 0.00422701 0.010446 0.00247267 -0.0049152 -0.000317157 -0.000446896 0.000207763 -0.00283555 0.00538741 0.00837756 0.0172981
internal_weight=52396.1 51173.2 7853.91 6366.23 1389.83 4976.4 1011.98 43319.3 42764.8 33572.7 9192.16 680.43 1107.96 314.551
internal_count=236869 231269 34410 27832 5979 21853 4479 196859 194483 152984 41499 3052 4865 1389
is_linear=0
shrinkage=0.03


Tree=76
num_leaves=15
num_cat=0
split_feature=24 36 1 38 40 36 40 39 10 37 39 38 36 41
split_gain=55.6614 63.2863 87.9956 66.3442 53.9478 66.3842 52.8048 50.5639 46.8376 48.0864 46.3784 45.0175 53.1231 58.7364
threshold=-0.012160736227353806 -0.27787662703641075 0.012341897493789328 -0.18898188143061143 1.1070344986724681 -0.59040055625466825 0.11661253216780777 1.0767330620930282 -1.9805394232456008 -0.033162679729265475 -1.7323926026804164 1.4041492577238197 1.138033260898224 0.75000000000000011
decision_type=8 10 10 10 8 10 10 10 8 10 10 10 10 2
left_child=-1 4 3 7 6 -6 -2 10 -5 -10 -3 -11 13 -13
right_child=1 2 -4 8 5 -7 -8 -9 9 11 -12 12 -14 -15
leaf_value=-0.0015997585743545474 0.0031783818916464551 0.017048555363181485 -0.0021278759942537206 -0.017258062314452208 0.016442850929606435 0.0014728235938024617 -0.0017173387700991619 0.010500345256544877 0.0066535277664008614 0.00063059876750941617 -0.0037572061561238729 0.013664765080879786 0.0096050791729810955 -0.0040458642482154835
leaf_weight=13602.530152052641 7333.8858935832977 89.508807197213173 11598.329363778234 98.708729356527328 523.50754004716873 537.22298364341259 2708.8687663674355 252.23997113108635 2101.1126497536898 7962.4852845817804 3362.4704078137875 209.72645504772663 1219.4779436141253 713.33785988390446
leaf_count=61921 33124 398 52803 453 2241 2361 12181 1104 9371 35612 15593 918 5263 3169
internal_value=5.03576e-05 0.000630452 -0.000139012 0.00130232 0.00254203 0.00894562 0.00185745 -0.00221338 0.00236161 0.00253427 -0.00317003 0.00167203 0.00552148 8.14345e-05
internal_weight=52313.4 38710.9 27607.4 16009.1 11103.5 1060.73 10042.8 3704.22 12304.8 12206.1 3451.98 10105 2142.54 923.064
internal_count=236512 174591 124684 71881 49907 4602 45305 17095 54786 54333 15991 44962 9350 4087
is_linear=0
shrinkage=0.03


Tree=77
num_leaves=15
num_cat=1
split_feature=31 44 24 45 12 46 19 19 9 37 10 30 45 30
split_gain=53.7953 48.1636 56.527 52.3436 47.9102 42.9757 60.1464 40.7755 53.3727 38.8221 38.8054 79.1274 41.8721 48.3905
threshold=2.8312508026343428 0.01745998889324438 0.0072219952095138049 0.69160719085360667 0.03294658031181457 0 -0.20135360238900055 -4.6522487812253841 -0.74002999491383259 -2.1746834102327997 0.61340766366760202 2.5000000000000004 1.2361777057227685 4.5000000000000009
decision_type=8 8 10 10 2 1 2 2 10 10 8 2 8 2
left_child=1 2 4 -3 9 -4 -7 8 -6 -1 -11 -12 13 -13
right_child=-2 3 5 -5 7 6 -8 -9 -10 10 11 12 -14 -15
leaf_value=-0.012139014445719855 0.01008736596698875 0.0063495000889862031 0.0025082898825156993 0.00067224626807766352 0.0044190097585236638 -0.003227545224713981 0.0024435724122158498 0.00016776973920385336 0.025607085053438443 -0.0010452361036220117 -0.007867050418770288 0.004508079026707355 -0.0091638942361544733 -0.0030636967983063961
leaf_weight=318.79578290879726 452.29868713021278 1710.6936098486185 7063.1259967386723 9728.9006747603416 518.17969311773777 3955.8522632718086 2914.756887242198 1791.4788605421782 126.93516938388348 17720.943372681737 2526.4527636915445 1384.8009259104729 468.07353021204472 1658.2747410833836
leaf_count=1582 1951 7659 31748 43662 2210 18180 12976 7897 548 81146 11397 6049 2159 7465
internal_value=-0.000101068 -0.000191806 -0.000677911 0.00152604 -0.00149073 0.000868736 -0.000820408 0.00251075 0.00891529 -0.00189655 -0.00175407 -0.00382939 -0.000909996 0.000385442
internal_weight=52339.6 51887.3 40447.7 11439.6 26513.9 13933.7 6870.61 2436.59 645.115 24077.3 23758.5 6037.6 3511.15 3043.08
internal_count=236629 234678 183357 51321 120453 62904 31156 10655 2758 109798 108216 27070 15673 13514
cat_boundaries=0 1
cat_threshold=334
is_linear=0
shrinkage=0.03


Tree=78
num_leaves=15
num_cat=0
split_feature=24 31 43 36 40 1 20 6 30 37 37 14 40 40
split_gain=53.8102 52.034 48.9071 48.3555 88.0616 78.4378 61.5427 89.9365 79.0455 60.6347 57.8008 51.765 51.3116 49.1288
threshold=-0.012687182422005836 2.8312508026343428 0.81666666666666676 -0.27787662703641075 -1.6300809730482866 0.014650843132336095 0.10735726338218522 0.83811859482750561 4.5000000000000009 -1.117365557156687 -1.7324497193990476 0.29143823998178431 1.1842155424113674 0.11661253216780777
decision_type=8 10 10 10 10 10 10 10 2 8 10 8 10 10
left_child=2 3 -1 12 10 11 8 -8 -7 -10 -5 -6 13 -2
right_child=1 -3 -4 4 5 6 7 -9 9 -11 -12 -13 -14 -15
leaf_value=-0.0025774463209419954 0.0028365265527882134 0.012074167073729344 0.0018603102601670075 0.0083756688136721706 -0.0033989662347493808 0.0030184609789741879 -0.0082937911449809613 0.0012904785928031944 -0.029080889235263741 -0.0042319826683429309 -0.017519898379310936 0.0016042662810490797 0.0090381180609980342 -0.0017681586508402694
leaf_weight=10375.421470373869 7435.2681033462286 341.91776159405708 2840.1321271061897 89.406013786792755 2076.6346536576748 2692.2719000279903 2645.2958654761314 1315.2083367854357 87.125990375876427 1057.8118930011988 398.02986769378185 17250.556012570858 885.26008561253548 2888.8590947091579
leaf_count=47361 33542 1474 12859 410 9652 12133 12108 5915 405 4918 1993 77225 3830 12994
internal_value=3.15121e-05 0.000590107 -0.00162305 0.000485879 -0.000188869 4.05029e-05 -0.00249741 -0.0051158 0.000211382 -0.00635833 -0.0126972 0.00106521 0.00214669 0.0015476
internal_weight=52379.2 39163.6 13215.6 38821.7 27612.3 27124.9 7797.71 3960.5 3837.21 1144.94 487.436 19327.2 11209.4 10324.1
internal_count=236819 176599 60220 175125 124759 122356 35479 18023 17456 5323 2403 86877 50366 46536
is_linear=0
shrinkage=0.03


Tree=79
num_leaves=15
num_cat=0
split_feature=36 16 8 20 36 40 37 40 35 40 35 37 35 40
split_gain=45.5004 49.2883 47.5653 38.094 40.327 77.9774 91.8427 66.235 91.0192 76.0677 88.6105 65.9312 61.235 72.736
threshold=1.940289350544969 0.26530612244897972 -0.38500136385444234 -1.4284023069031835 -0.27787662703641075 -1.6300809730482866 -1.615803495231223 1.1264750121892593 -0.92017951371476847 -0.052694671325560848 -1.3730688873722234 0.35555007226404556 -1.2694902601408902 0.68840665545279534
decision_type=8 8 10 8 10 10 10 10 10 10 10 10 10 10
left_child=3 -2 -3 -1 7 6 -6 9 -9 10 -5 -11 -13 -14
right_child=1 2 -4 4 5 -7 -8 8 -10 11 -12 12 13 -15
leaf_value=-0.0078512144646400439 0.019656446637012229 -0.014061027099821653 0.0042760968141584074 -0.0026268042769329292 0.01462313850650037 -0.00056096491946932409 -0.01897148560361514 0.017523187044985084 0.0020648877326666136 -0.0043061202328303159 0.0037845741886673831 0.025334792820980979 0.0053710125492665963 -0.0089606413591189898
leaf_weight=570.21815383434296 164.27597743272781 127.80368228256702 1707.1114976406097 2647.4702713191509 82.279100984334946 32167.832302227616 381.22282038629055 487.14351795613766 1114.7406610995531 4112.5087279677391 7191.2387254834175 91.816567093133926 1110.9597189426422 435.48934030532837
leaf_count=2729 713 551 7359 12229 376 145718 1922 2063 4880 18707 32373 396 4929 1941
internal_value=-3.21538e-05 0.00439506 0.00292961 -0.000208628 -0.000119601 -0.000739042 -0.012825 0.00105592 0.00684541 0.00045702 0.00205844 -0.00228159 0.00279586 0.00130349
internal_weight=52392.1 1999.19 1834.92 50392.9 49822.7 32631.3 463.502 17191.4 1601.88 15589.5 9838.71 5750.77 1638.27 1546.45
internal_count=236886 8623 7910 228263 225534 148016 2298 77518 6943 70575 44602 25973 7266 6870
is_linear=0
shrinkage=0.03


Tree=80
num_leaves=15
num_cat=0
split_feature=30 30 41 35 37 36 13 0 1 11 37 30 40 35
split_gain=48.8384 124.027 132.67 117.181 99.4655 84.3353 103.683 80.9067 79.1594 118.746 76.6078 83.7253 111.924 98.4272
threshold=4.5000000000000009 3.5000000000000004 0.8500000000000002 0.40252751153404415 0.48610286611959747 -0.16646327158425117 44.917349111213639 0.0074479310605302046 0.038316930863740439 -0.6261492787880627 -0.3245627960430994 1.5000000000000002 0.94152741522413541 -0.68870274553211364
decision_type=2 2 2 8 10 10 10 8 8 10 10 2 10 10
left_child=1 2 3 8 -3 -2 -7 -8 10 -10 11 -1 -13 -14
right_child=5 4 -4 -5 -6 6 7 -9 9 -11 -12 12 13 -15
leaf_value=0.0042815878912569978 0.001728882156318495 0.0015070550725120517 -0.0040613270564665606 0.0042388784216122119 0.0087700101496943003 -0.0097280577626100619 0.0015217027132003154 -0.0044542944255410609 0.039110525245141574 -0.00095060434360737689 -0.0028902630642901024 -0.0029409830626907253 0.033400566572374182 -0.00043422467943132677
leaf_weight=4059.721108302474 4857.1140051484108 5064.6069719493389 6688.8036973923445 6251.0078776329756 2546.3324960768223 1736.9960481822491 3807.509364143014 4370.0200853645802 102.4320966899395 162.19551391899586 8209.6462910324335 4183.1204552203417 138.24830858409405 161.34210298955441
leaf_count=18479 22124 22879 30111 27712 11052 8282 17426 19979 437 711 36981 19204 599 720
internal_value=-4.64919e-05 0.000528167 -0.000341033 0.00072973 0.00394528 -0.00150734 -0.00309291 -0.00167337 -0.000561072 0.0154157 -0.000822499 0.00116577 -0.00165929 0.0157536
internal_weight=52339.1 37567.5 29956.5 23267.7 7610.94 14771.6 9914.53 8177.53 17016.7 264.628 16752.1 8542.43 4482.71 299.59
internal_count=236696 168885 134954 104843 33931 67811 45687 37405 77131 1148 75983 39002 20523 1319
is_linear=0
shrinkage=0.03


Tree=81
num_leaves=15
num_cat=0
split_feature=38 40 35 40 9 38 40 38 0 40 35 40 15 41
split_gain=44.8737 44.8857 58.1944 48.7128 65.3248 53.9252 53.8489 68.5923 87.8107 85.2397 66.3917 86.5069 54.3728 49.6085
threshold=2.6300836929250067 2.4337304276749538 -0.18073166155405496 1.6877905140902369 0.69439547738323248 0.36897597742787142 0.54374216055077251 0.49823394192035891 0.0032850460388870952 -0.58212004591178201 -1.0979416159164725 0.90621062324824175 0.22853148044865865 0.8500000000000002
decision_type=10 10 10 10 10 10 8 10 8 10 8 10 10 2
left_child=1 3 -3 6 -5 -6 7 8 12 -9 11 -8 -1 -11
right_child=-2 2 -4 4 5 -7 10 9 -10 13 -12 -13 -14 -15
leaf_value=-0.017401310516387838 0.0077488910411342739 0.0070016825360390417 -0.014042519609109409 0.012369363363438126 0.010226133398363939 -0.002040133724848521 -0.0050650255731528489 -0.0059136843168394087 0.00011460172873432741 0.0077188367513780854 -0.0024632119720796367 0.014918585084621461 -0.00401847252048007 0.0020629154249939404
leaf_weight=359.40119303762913 649.56162217259407 155.62947031855583 423.19705460965633 630.52856090664864 423.28839001059532 1253.4071154743433 330.85618937015533 812.86033795773983 28074.713818326592 2383.8053855746984 11964.591479569674 451.2410599142313 1086.2991428375244 3372.561198964715
leaf_count=1710 2782 686 1906 2720 1824 5508 1499 3695 128026 10628 53731 1947 5013 15179
internal_value=-2.67926e-05 -0.000125923 -0.00836153 -3.1099e-05 0.00421896 0.0010988 -0.000232711 0.000359401 -0.000257868 0.00312942 -0.00190812 0.00650756 -0.00744213 0.00441445
internal_weight=52371.9 51722.4 578.827 51143.6 2307.22 1676.7 48836.3 36089.6 29520.4 6569.23 12746.7 782.097 1445.7 5756.37
internal_count=236854 234072 2592 231480 10052 7332 221428 164251 134749 29502 57177 3446 6723 25807
is_linear=0
shrinkage=0.03


Tree=82
num_leaves=15
num_cat=1
split_feature=21 40 46 30 43 13 16 12 15 34 16 16 40 16
split_gain=44.5552 54.1281 52.713 50.9091 54.3686 50.6915 48.7543 50.5571 47.4143 42.1375 39.5939 36.7783 35.5245 34.4342
threshold=0.15544996472213671 -1.745031036448901 0 4.5000000000000009 0.58571428571428574 47.055402297834227 0.20761229392304489 0.032517041383130059 0.12703142882295951 1.6752315362477856 0.11678418020343724 0.32160554706950689 1.6877905140902369 0.18556817257290309
decision_type=10 10 1 2 8 10 10 2 8 8 10 8 10 10
left_child=1 8 3 6 -5 -6 7 10 -1 -2 -3 -10 -8 -11
right_child=9 2 -4 4 5 -7 12 -9 11 13 -12 -13 -14 -15
leaf_value=0.0017130049476980888 0.00067101229936614246 -0.0040441716205382111 0.00049652661647458358 -0.0077467102720202618 -0.008463095920638217 0.0025492013777483054 -0.0024648781454105358 0.020698336074911203 -0.020186996393607944 0.020897576244323864 0.006194525688989227 0.002006899978093132 0.0067336939717429168 0.0042568187775789811
leaf_weight=218.70341573655605 19777.479482799768 538.98824340105057 18249.64669573307 2348.3903222382069 528.97843493521214 1236.2200273126364 5624.6537880152464 139.28401556611061 309.75969979166985 110.41494999825954 886.1441812813282 82.923690035939217 395.48305185139179 1806.9470579773188
leaf_count=1030 88938 2480 82481 10992 2499 5714 25672 601 1532 470 4054 390 1722 7769
internal_value=4.46067e-05 -0.000693415 -0.000511399 -0.00208154 -0.00476632 -0.000779947 -0.000623792 0.00407828 -0.00945744 0.00108402 0.00232103 -0.0155668 -0.00185043 0.00531856
internal_weight=52254 30559.2 29947.8 11698.1 4113.59 1765.2 7584.55 1564.42 611.387 21694.8 1425.13 392.683 6020.14 1917.36
internal_count=236344 139167 136215 53734 19205 8213 34529 7135 2952 97177 6534 1922 27394 8239
cat_boundaries=0 1
cat_threshold=624
is_linear=0
shrinkage=0.03


Tree=83
num_leaves=15
num_cat=1
split_feature=43 19 12 1 11 46 2 12 8 35 12 33 15 35
split_gain=47.7472 50.0847 38.2611 40.1421 61.6519 62.9638 49.8348 43.4028 57.0462 40.2394 37.4331 35.5166 35.4484 34.3053
threshold=0.41428571428571431 -6.3865716343036825 0.025480121366687574 0.010273068144512072 2.1629152527826032 0 0.33145988891438721 0.013889349246420131 -1.6207041742525732 1.6360139641010767 0.0087855578129051228 0.45288187772342586 0.85495385361712484 1.3525113106954256
decision_type=10 2 2 8 8 1 10 2 10 10 2 10 8 10
left_child=2 -2 3 4 5 9 -5 11 -9 10 -1 -7 -8 -10
right_child=1 -3 -4 6 -6 7 12 8 13 -11 -12 -13 -14 -15
leaf_value=-0.016993144890717109 0.0064400270970428929 0.00047618318105113164 0.001490712827300519 -0.018662774785077652 -0.015416503360222085 -0.001620300144729519 -0.002558556062608641 -0.011966102680006911 0.010249168119325486 0.014246997839490483 -0.0038969910784681185 0.0037942119206896244 -0.012797361135694215 -0.0037562663486909445
leaf_weight=212.53782565891743 1311.4983452111483 31004.539265647531 3959.9226351827383 178.36565841734409 229.15724056959152 3214.7247204333544 6934.1455297768116 131.16212959587574 1067.2453050166368 89.371174916625023 1793.8968440890312 1637.3339830189943 309.22163568437099 179.04497814178467
leaf_count=993 6029 139769 17711 874 1031 14597 31926 636 4780 387 8271 7199 1392 776
internal_value=7.91772e-06 0.000720134 -0.00114635 -0.00180051 -0.000398822 3.25447e-05 -0.00341342 0.00154683 0.0062284 -0.00444069 -0.00536164 0.00021088 -0.00301269 0.00822323
internal_weight=52252.2 32316 19936.1 15976.2 8554.47 8325.32 7421.73 6229.51 1377.45 2095.81 2006.43 4852.06 7243.37 1246.29
internal_count=236371 145798 90573 72862 38670 37639 34192 27988 6192 9651 9264 21796 33318 5556
cat_boundaries=0 1
cat_threshold=672
is_linear=0
shrinkage=0.03


Tree=84
num_leaves=15
num_cat=0
split_feature=39 0 40 40 20 11 24 19 39 15 11 12 15 11
split_gain=52.2766 126.467 71.1013 56.7556 53.6957 72.6727 48.7741 74.5018 59.0335 113.819 63.7308 61.3153 53.9732 48.9598
threshold=-1.800661752700941 0.0091590141598275315 -1.7980471760198522 -2.1675646737775494 -1.3220501681621062 -1.0912646064853977 -0.01296653666052172 -6.0084129638145241 0.85988707139511911 0.53089721291525738 -0.6261492787880627 0.020467697969702828 0.83341718046629387 -0.6826994638239311
decision_type=10 8 10 10 8 8 10 2 10 10 10 2 10 10
left_child=1 -1 -3 -2 5 -5 -6 13 -9 11 -11 -10 -12 -8
right_child=3 2 -4 4 6 -7 7 8 9 10 12 -13 -14 -15
leaf_value=0.024512679495079698 -0.020121168883220488 -0.0056992459307360546 0.011946046685337705 0.0059965414307631059 -0.0016607718987524029 -0.014240256693071229 0.0069873520093831302 -0.00056957079357271452 0.0058746139269706113 -0.007998822675949346 0.0045244067776768222 0.022598004181579874 -0.00053141111105887279 -0.0067634787821018319
leaf_weight=253.61646094918251 118.46765242516994 551.36450597643852 314.27595239877701 222.77576950192451 12503.192668542266 515.34389385581017 2197.4595791399479 26324.91097381711 490.72412461042404 620.81507107615471 3686.1900231093168 331.73708429932594 3907.5110404193401 252.56966128945351
leaf_count=1091 567 2479 1361 1056 56992 2514 9964 119493 2162 2769 16215 1450 17218 1184
internal_value=-6.51388e-05 0.00631956 0.000770249 -0.000205996 -0.000155852 -0.00813397 -3.72205e-05 0.000499933 0.000148706 0.00223938 0.00116669 0.0128104 0.00192554 0.00554807
internal_weight=52291 1119.26 865.64 51171.7 51053.2 738.12 50315.1 37811.9 35361.9 9036.98 8214.52 822.461 7593.7 2450.03
internal_count=236515 4931 3840 231584 231017 3570 227447 170455 159307 39814 36202 3612 33433 11148
is_linear=0
shrinkage=0.03


Tree=85
num_leaves=15
num_cat=1
split_feature=4 39 40 1 40 20 46 12 37 39 1 38 43 40
split_gain=40.8134 39.8111 52.2745 67.7773 70.3607 39.2306 39.103 51.2786 41.1898 55.5593 55.3989 66.6129 46.6936 46.3382
threshold=0.68158125070862308 2.0637555910113634 1.6877905140902369 0.006946261941516237 2.23283889851727 1.1017280211019354 0 0.03209345131266278 -2.1746834102327997 -1.1924373062288918 0.014742010012146279 -0.1808905395500216 0.81666666666666676 1.3297792401362052
decision_type=8 10 8 8 10 10 1 2 10 10 10 10 10 10
left_child=1 2 6 -4 5 -5 -1 8 -8 -10 11 -11 13 -13
right_child=-2 -3 3 4 -6 -7 7 -9 9 10 -12 12 -14 -15
leaf_value=0.00092715887601267286 0.0017687369326955661 -0.0063468222828054702 0.019227122149378807 0.0094031559625949029 -0.0070411677057218621 -0.0033382121245252383 -0.01110023965707806 0.0025770660063992069 0.0034844818711677055 -0.003516740493227092 -0.004952816218834308 0.00017704396659638821 0.0049753650651390381 -0.0079067856678523823
leaf_weight=12996.565655454993 10562.262745738029 953.05999390780926 240.09399507939816 905.19443751871586 487.36317121982574 279.59502670168877 391.6624141484499 3022.308443441987 1904.8882658332586 6220.1595772355795 4147.2296670824289 7800.6107243299484 1680.5973070412874 685.01288503408432
leaf_count=58651 47025 4361 1001 3895 2133 1208 1949 13291 8814 28919 19249 35377 7554 3054
internal_value=0.000103821 -0.000318066 -0.000175582 0.0046537 0.00245933 0.00639358 -0.000414428 -0.00108891 -0.00157561 -0.00140449 -0.00185951 -0.00107408 0.00042244 -0.000484072
internal_weight=52276.6 41714.3 40761.3 1912.25 1672.15 1184.79 38849 25852.5 22830.2 22438.5 20533.6 16386.4 10166.2 8485.62
internal_count=236481 189456 185095 8237 7236 5103 176858 118207 104916 102967 94153 74904 45985 38431
cat_boundaries=0 1
cat_threshold=262
is_linear=0
shrinkage=0.03


Tree=86
num_leaves=15
num_cat=2
split_feature=31 12 24 46 1 12 11 1 39 16 45 46 20 2
split_gain=44.3128 44.1377 54.7067 54.2138 53.6046 57.4577 44.6065 52.2496 51.5482 52.4307 50.4331 58.8061 49.1234 46.9009
threshold=2.8312508026343428 0.032517041383130059 -0.0060386004575959376 0 0.0059077594814355662 0.0079707185467792398 -1.1781096191613798 0.026473228499867992 0.0094001191229778503 0.29936363583771597 1.3146832210403179 1 0.22635438795565513 0.97641596207937054
decision_type=8 2 10 1 10 2 10 8 8 8 10 1 10 10
left_child=1 2 -1 4 -4 -6 7 -3 12 -10 11 -11 -8 -14
right_child=-2 6 3 -5 5 -7 8 -9 9 10 -12 -13 13 -15
leaf_value=-0.0017257471797647703 0.00921662313543096 0.0024221781381003156 0.0058526882849458924 -0.0010191997101107048 -0.010471449125801228 0.0012123457487220538 0.00015584623594245263 0.018207070339009486 0.022061113594248949 -0.0070057669808784124 -0.003422262082559629 0.0083200578826072846 -0.019862036706365663 0.0005147132039605587
leaf_weight=17175.664292529225 456.26840224862099 455.46186183393002 2267.2600033581257 13031.419137939811 380.09661312401295 13151.805634230375 2133.6166269034147 316.72861835360527 132.34256374835968 251.9677567332983 706.47306805849075 1467.605317696929 227.00933422148228 177.15398634970188
leaf_count=78601 1959 1963 9997 59585 1747 59086 9361 1362 581 1104 3137 6460 1023 782
internal_value=9.48011e-06 -7.3263e-05 -0.000385956 0.000412539 0.001593 0.00087667 0.00237464 0.00904665 0.00134794 0.0043451 0.00329208 0.00605445 -0.00167875 -0.0111337
internal_weight=52330.9 51874.6 46006.2 28830.6 15799.2 13531.9 5868.36 772.19 5096.17 2558.39 2426.05 1719.57 2537.78 404.163
internal_count=236748 234789 209016 130415 70830 60833 25773 3325 22448 11282 10701 7564 11166 1805
cat_boundaries=0 1 2
cat_threshold=271 513
is_linear=0
shrinkage=0.03


Tree=87
num_leaves=15
num_cat=0
split_feature=45 40 1 38 43 1 45 16 33 20 8 10 40 37
split_gain=46.4598 55.8447 48.6215 45.0686 42.9655 43.7158 48.1483 40.5887 40.5546 61.012 41.1505 40.2099 92.3738 57.7555
threshold=1.0476671307919865 1.6877905140902369 0.0055266742928376808 0.2459316174710536 0.41428571428571431 0.025955189839492087 1.0230544614042665 0.22953593849071471 0.53675478111990804 0.73495337656021886 2.1392176072673466 -0.87134010415276941 -0.62115575546277624 -0.17709436821641336
decision_type=8 10 8 10 10 10 10 10 8 8 10 8 10 10
left_child=1 4 7 -3 5 6 -1 -2 -4 -10 -11 -6 13 -13
right_child=2 3 8 -5 11 -7 -8 -9 9 10 -12 12 -14 -15
leaf_value=-0.0021493699608463395 0.0033895770706804879 0.015580930089622635 -0.0016018307915430343 0.0035741311305228195 0.0044565834602276295 0.011445449144918603 0.0060297952237881721 -0.01979691776472604 0.0029449611623936071 -0.0061932012762930195 0.0074728231943378487 -0.00087243442626953795 0.0018732870759452904 -0.0094582450196054602
leaf_weight=8456.2986679673195 94.570679023861885 331.42639720439911 16633.773478388786 1662.8339033126831 3027.7704696804285 230.08926856517792 691.81795965135098 209.83244715631008 4632.6581718176603 1243.9520765841007 226.78833281993866 1953.3333147168159 11763.466543495655 1095.5396652519703
leaf_count=38233 442 1402 76378 7200 13743 1020 3151 953 20712 5549 1003 8983 52630 4991
internal_value=1.00051e-05 0.000804345 -0.000996987 0.00563733 0.000448296 -0.00119485 -0.00152492 -0.0127147 -0.00083459 0.00125559 -0.00404966 0.00131225 0.000666949 -0.00397838
internal_weight=52254.2 29212.6 23041.6 1994.26 27218.3 9378.21 9148.12 304.403 22737.2 6103.4 1470.74 17840.1 14812.3 3048.87
internal_count=236390 131353 105037 8602 122751 42404 41384 1395 103642 27264 6552 80347 66604 13974
is_linear=0
shrinkage=0.03


Tree=88
num_leaves=15
num_cat=0
split_feature=39 0 0 36 40 16 34 39 16 40 8 40 40 36
split_gain=43.9069 111.678 67.425 62.9692 48.3945 71.955 74.1761 53.068 67.4042 63.1298 61.389 48.534 46.6066 48.4144
threshold=-1.800661752700941 0.010996838162313515 0.024817733456337792 -2.4533527491768634 -1.6823852431989177 0.4104129412666731 -0.8349330352956067 -1.1924373062288918 0.20465004314719751 -1.2203586521697785 -1.4754985222815058 -0.36829182322256682 -1.0570830586195947 -0.27787662703641075
decision_type=10 8 10 10 10 8 10 10 8 10 10 10 10 10
left_child=1 -1 -3 -2 5 6 -5 8 10 -9 -6 -10 13 -12
right_child=3 2 -4 4 7 -7 -8 9 11 -11 12 -13 -14 -15
leaf_value=0.019441163264067522 -0.0099043535830662423 -0.0070064808863753922 0.011795632258551304 0.003302216554626947 -0.0020412995543180341 0.017407470806858866 -0.017236046759919976 -0.0071523310435993095 -0.0027797940142469824 -0.00014589341664693117 0.023484566495494241 0.017371379241093929 0.0030361638082763995 0.0083718240455837555
leaf_weight=350.65375657379627 598.23821395635605 511.73851929605007 245.85938203334808 229.53267626464367 409.97978577017784 83.850358679890633 480.23202764987946 1177.4392828196287 1264.5203922241926 45769.923699617386 365.1429128497839 107.51927691698074 409.63574232161045 424.21140794456005
leaf_count=1523 2841 2327 1034 1072 1930 390 2401 5408 5744 206729 1600 480 1835 1885
internal_value=-0.000180909 0.00569997 -0.000830549 -0.000308991 -0.000193889 -0.00749734 -0.0106405 -7.63219e-05 0.00379823 -0.000323101 0.00794455 -0.00108639 0.0113477 0.0155691
internal_weight=52428.5 1108.25 757.598 51320.2 50722 793.615 709.765 49928.4 2981.01 46947.4 1608.97 1372.04 1198.99 789.354
internal_count=237199 4884 3361 232315 229474 3863 3473 225611 13474 212137 7250 6224 5320 3485
is_linear=0
shrinkage=0.03


Tree=89
num_leaves=15
num_cat=0
split_feature=36 40 39 37 37 40 35 40 1 39 37 36 39 40
split_gain=44.2305 68.1182 122.329 72.6847 62.416 55.8531 83.4255 72.9559 80.3012 84.0007 72.9784 71.1753 65.5482 63.1034
threshold=-0.28579423544681298 -1.745031036448901 -1.8876272350736987 -1.615803495231223 -1.0660773483132269 1.0700845643146468 -0.60493196807214211 -0.052694671325560848 0.015609417072637804 -0.47301799780625736 0.35555007226404556 -1.2574721057525611 1.6468499092685007 -1.1340373719948871
decision_type=10 10 10 10 10 8 8 10 8 10 10 10 10 10
left_child=5 3 -3 -2 -4 7 -7 8 9 11 -9 13 -12 -1
right_child=1 2 4 -5 -6 6 -8 10 -10 -11 12 -13 -14 -15
leaf_value=-0.0013224495844572088 0.01005515591358392 0.032604262340806767 -0.006134118881629274 -0.020113338369348283 -0.0002501959461205043 0.013187100778565136 1.7546343043908466e-05 -0.0041953844775378347 0.0065669095328679478 0.0047868602348870139 0.0052462326410932306 0.0010181583721244692 -0.017105112332248481 -0.01277802149607611
leaf_weight=931.07712559401989 87.54339012503624 90.506613820791245 1697.0467494428158 291.57965041697025 32814.111885935068 827.08838427066803 896.65590237081051 4003.2110317349434 2765.8328998237848 2671.6946816444397 1437.9547654539347 2857.7763399928808 118.84996177256107 802.87282288074493
leaf_count=4423 404 372 7932 1527 148218 3533 3931 18264 12104 12119 6371 13020 526 3862
internal_value=2.81487e-05 -0.000585631 -0.000445132 -0.0130677 -0.000541224 0.00126791 0.00637619 0.000699347 0.00222666 0.000567177 -0.00205469 -0.00189311 0.0034416 -0.00666959
internal_weight=52293.8 34980.8 34601.7 379.123 34511.2 17313 1723.74 15589.3 10029.3 7263.42 5560.02 4591.73 1556.8 1733.95
internal_count=236606 158453 156522 1931 156150 78153 7464 70689 45528 33424 25161 21305 6897 8285
is_linear=0
shrinkage=0.03


Tree=90
num_leaves=15
num_cat=1
split_feature=39 0 40 11 20 11 45 46 1 10 0 40 16 40
split_gain=51.4667 105.044 63.48 51.6131 47.6502 66.9261 45.1912 114.841 75.4357 44.6871 44.094 42.7372 99.3045 76.2022
threshold=-1.800661752700941 0.011067024874046595 -2.1675646737775494 -0.49003940479481306 -1.3220501681621062 -1.0595297443745721 1.1986765600347253 0 0.032867599984082202 -0.37925021250688518 0.025871538127379919 -0.70711651716964619 0.23261337953476524 -0.19855484225155315
decision_type=8 10 8 10 8 8 10 1 10 8 10 8 8 10
left_child=1 3 -2 -1 5 -4 11 8 9 -8 -3 12 -6 -13
right_child=2 10 4 -5 6 -7 7 -9 -10 -11 -12 13 -14 -15
leaf_value=0.0079155552961376191 -0.021662128675461429 -0.0049915545381680774 0.0055073009266335578 0.030972712326798237 0.0021474439334284042 -0.013699289261553768 -0.0052407360371427231 -0.00040852084850199615 0.011225851250736508 -0.016767635146856454 0.010777478236637212 0.0037045827335714598 -0.004984202271640409 0.00022457686853189908
leaf_weight=185.64217874407768 112.33704110980034 505.81080293655396 233.9026714861393 172.34170557558537 3338.7336642146111 498.28497350215912 533.939980879426 8427.1091429889202 132.13565249741077 729.44554154574871 221.09338703751564 7205.2370904237032 3689.719761505723 26331.055165708065
leaf_count=829 543 2305 1107 723 15273 2453 2517 38514 589 3402 924 32630 16899 118008
internal_value=5.98859e-05 0.00649577 -7.76416e-05 0.0195558 -2.59815e-05 -0.00757207 8.51528e-05 -0.00173958 -0.00964578 -0.0119755 -0.000114118 0.000527326 -0.00159821 0.000973134
internal_weight=52316.8 1084.89 51231.9 357.984 51119.6 732.188 50387.4 9822.63 1395.52 1263.39 726.904 40564.7 7028.45 33536.3
internal_count=236716 4781 231935 1552 231392 3560 227832 45022 6508 5919 3229 182810 32172 150638
cat_boundaries=0 1
cat_threshold=531
is_linear=0
shrinkage=0.03


Tree=91
num_leaves=15
num_cat=0
split_feature=24 36 30 0 30 41 38 38 39 39 36 37 35 39
split_gain=43.646 46.6166 49.4111 100.557 83.931 151.124 80.3099 75.5583 65.8865 85.557 64.5445 63.8248 56.7249 45.5018
threshold=-0.012160736227353806 -0.28579423544681298 4.5000000000000009 0.0093833194502655117 3.5000000000000004 0.8500000000000002 2.2082746140165401 -1.2884195211689851 -0.97113239347895686 0.63125368893246814 1.8634857398669054 0.3273278763078365 0.40252751153404415 -1.4316578930671136
decision_type=8 8 2 8 2 2 10 8 10 10 10 8 8 8
left_child=-1 -2 4 7 5 12 13 -4 11 -10 -7 -9 -3 -6
right_child=1 2 3 -5 6 10 -8 8 9 -11 -12 -13 -14 -15
leaf_value=-0.0014572992441400812 0.0021800259993199774 -0.00037728039418996124 -0.021969419929398569 -0.0059440063368916725 0.022683612789160208 -0.0061782488867484072 0.024808470959283308 0.0056469073140655059 -0.0028334413119461927 0.0061448376428047038 0.0030814450919057698 0.031351425157903838 0.0040177433896643579 0.0031182268571631365
leaf_weight=13572.572466373444 10909.79932948947 5520.8314514011145 118.83926367759705 3485.0761293917894 100.60497672855854 4080.0292585641146 160.22399438917637 393.30190694332123 2905.9268248528242 1410.6288118958473 805.6190297305584 104.06059201061726 5057.49940097332 3621.4501608759165
leaf_count=61986 48962 25105 592 16049 446 18524 671 1871 13526 6298 3504 475 22379 16042
internal_value=5.7409e-06 0.000519438 -0.000133634 -0.00205088 0.000701215 -0.000289692 0.00463883 0.000706139 0.0013103 0.000108036 -0.0046482 0.0115369 0.00172579 0.00370643
internal_weight=52246.5 38673.9 27764.1 8417.83 19346.3 15464 3882.28 4932.76 4813.92 4316.56 4885.65 497.362 10578.3 3722.06
internal_count=236430 174444 125482 38811 86671 69512 17159 22762 22170 19824 22028 2346 47484 16488
is_linear=0
shrinkage=0.03


Tree=92
num_leaves=15
num_cat=0
split_feature=4 12 37 1 11 37 36 44 1 10 33 33 44 11
split_gain=37.7243 38.1922 61.8292 50.7057 58.5936 57.676 46.1065 38.4273 37.1413 47.3287 36.1817 42.9978 36.1225 39.3174
threshold=0.74966047766847488 0.03294658031181457 -2.1746834102327997 0.0194468161753087 2.2461601617586591 -0.24659667312836106 -0.45636257260114482 -0.13749750835241922 0.032867599984082202 -1.2242538766400819 -1.5613471191602326 -2.2246789025637583 0.020582831017610128 2.2461601617586591
decision_type=10 2 10 10 10 10 10 8 10 10 10 10 10 8
left_child=1 2 10 12 5 -5 -3 -8 -9 -10 11 -1 13 -4
right_child=-2 6 3 4 -6 -7 7 8 9 -11 -12 -13 -14 -15
leaf_value=-0.010314842615728594 0.0016259110712695021 0.0057949954972719682 -0.00056722816025309999 0.0024111607201785668 0.017362618066672979 -0.0085756740829145504 0.017974096284662459 0.0012034826006361804 0.01267368330527489 -0.0094157450934822789 -0.016693948679829984 0.013030976080552939 0.0019720210830275003 -0.007943797071673175
leaf_weight=193.69549342989922 9517.6298891752958 1831.7039342671633 29215.198235034943 568.59675672650337 92.876430794596672 1708.0478430092335 89.659355983138084 1941.7878861576319 91.49832247197628 661.93096712231636 331.87498281896114 99.203885078430176 5215.4607630074024 655.20978048443794
leaf_count=949 42318 7797 133193 2644 429 7927 393 8667 396 2997 1659 486 23481 2979
internal_value=-8.1011e-05 -0.000461797 -0.00077433 -0.000616811 -0.00485481 -0.00583314 0.00211226 -0.000322069 -0.000994904 -0.00660228 -0.0100592 -0.00223854 -0.000329296 -0.000731638
internal_weight=52214.4 42696.7 38080.2 37455.4 2369.52 2276.64 4616.58 2784.88 2695.22 753.429 624.774 292.899 35085.9 29870.4
internal_count=236315 193997 173747 170653 11000 10571 20250 12453 12060 3393 3094 1435 159653 136172
is_linear=0
shrinkage=0.03


Tree=93
num_leaves=15
num_cat=1
split_feature=43 19 40 39 8 0 46 16 40 30 38 39 41 15
split_gain=44.266 35.681 61.4066 42.2667 66.8426 48.7922 41.3779 36.6709 78.9787 91.9315 68.3913 71.6335 65.6242 63.4469
threshold=0.41428571428571431 -6.3865716343036825 -1.5774181993146279 -1.800661752700941 -1.4127662430527577 0.011410113049563188 0 0.22339137350761865 -0.59705149268482616 2.5000000000000004 -1.0249792108314402 -0.4485091866943301 0.8500000000000002 0.44054810520019033
decision_type=10 2 10 10 10 10 1 8 10 2 10 10 2 10
left_child=-1 2 -2 5 6 -3 -5 -6 10 12 11 -9 -10 -11
right_child=1 3 -4 4 7 -7 -8 8 9 13 -12 -13 -14 -15
leaf_value=-0.0011214521349478309 -0.0046580685505954005 0.021056508317483454 0.0095881371694911954 0.0080080176833180871 0.0036090407043930304 0.00039364756976329054 -0.010042062200677233 -0.0020489092872872611 0.00019155096087790897 -0.0024234460083330752 -0.0058292713722564978 0.01642724013078644 -0.0053885934093308207 0.003449930272145383
leaf_weight=19875.829546287656 375.30877268314362 182.21072213351727 935.9726650416851 120.15150289237499 3216.1210607141256 222.07066166400909 790.0687100738287 604.30189648270607 7034.0074740201235 1943.0900739729404 3038.1491551697254 263.51441000401974 2586.7802917957306 10928.85721257329
leaf_count=90415 1766 770 4253 576 14669 983 3806 2787 31503 8929 13879 1169 11726 48660
internal_value=-8.2288e-06 0.000678191 0.00550626 0.000471786 0.000342495 0.00998993 -0.00762038 0.000589726 0.000220659 0.00090484 -0.00371149 0.00368464 -0.00131284 0.00256212
internal_weight=52116.4 32240.6 1311.28 30929.3 30525 404.281 910.22 29614.8 26398.7 22492.7 3905.97 867.816 9620.79 12871.9
internal_count=235891 145476 6019 139457 137704 1753 4382 133322 118653 100818 17835 3956 43229 57589
cat_boundaries=0 1
cat_threshold=4
is_linear=0
shrinkage=0.03


Tree=94
num_leaves=15
num_cat=1
split_feature=33 37 40 10 20 12 43 45 46 0 8 1 12 19
split_gain=44.8079 52.3251 105.971 68.7245 67.162 51.2226 68.5402 53.1611 64.7961 54.8217 46.9518 44.2964 48.1431 45.736
threshold=0.45288187772342586 0.27836158822628732 -0.58212004591178201 -0.88392414722112223 -0.70471326719515848 0.024530774454660599 0.81666666666666676 1.2048854646943059 0 0.0066118962281787657 -1.6207041742525732 0.01964875227090029 0.010202807697706416 -3.0163233564781531
decision_type=8 10 10 8 10 2 10 8 1 10 10 10 2 2
left_child=5 3 -3 10 -5 6 7 11 9 -9 -2 12 13 -1
right_child=1 2 -4 4 -6 -7 -8 8 -10 -11 -12 -13 -14 -15
leaf_value=-0.0084009652872198796 -0.0063651095507899534 -0.011573087642193926 0.00074781640685983293 -0.0041302157648776426 0.0037070123062342029 0.0014687530453180904 0.0017973809742855989 0.015368567495316681 -0.0087000533677317471 -0.0025881119122214431 0.011069425577208832 -0.012723736160433898 -0.00032442432731811881 -0.0019023718732671519
leaf_weight=1372.928469851613 149.58069750666618 668.02948696911335 8550.5911728739738 1305.4421727061272 3904.7477552443743 8272.6488325744867 5469.5682402104139 172.58755810558796 2035.1833796054125 934.98539711534977 1260.8219635039568 293.90866641700268 14561.244515672326 3331.4314309805632
leaf_count=6409 689 3089 37793 5946 17329 37145 24835 820 9646 4353 5576 1389 66591 15035
internal_value=-2.65644e-05 0.00130513 -0.000156594 0.00333763 0.0017392 -0.000605535 -0.00121495 -0.00194118 -0.00555699 0.000319608 0.00918861 -0.00135766 -0.00117775 -0.00381273
internal_weight=52283.7 15839.2 9218.62 6620.59 5210.19 36444.5 28171.8 22702.3 3142.76 1107.57 1410.4 19559.5 19265.6 4704.36
internal_count=236645 70422 40882 29540 23275 166223 129078 104243 14819 5173 6265 89424 88035 21444
cat_boundaries=0 1
cat_threshold=388
is_linear=0
shrinkage=0.03


Tree=95
num_leaves=15
num_cat=1
split_feature=45 46 16 16 39 39 40 39 37 45 38 0 11 11
split_gain=40.2688 69.6199 81.1608 65.5559 48.1703 50.2115 85.0751 105.615 85.5735 82.7248 71.6471 65.6984 61.1475 51.5434
threshold=0.77404030145805491 0 0.97077910242263743 1.0000000180025095e-35 2.1324168955337464 0.81189204327183961 0.59064520704891665 1.450990479986296 0.85866273996169662 0.82378130336122879 0.12303769812608745 0.013263605381870817 -0.32694358439533322 -1.1960634667706789
decision_type=10 1 8 10 10 10 8 10 10 10 10 10 8 10
left_child=1 2 -1 -3 5 13 7 8 10 -8 -7 -10 -11 -2
right_child=4 3 -4 -5 -6 6 9 -9 11 12 -12 -13 -14 -15
leaf_value=0.0061146251464666967 0.0020115336885243354 -0.018251709676555684 0.033873652947882964 0.0012185729614830074 -0.00703722736054731 0.010183641204519124 -0.011483519625933306 -0.0079715840005224626 0.028798316052773013 -0.0051944698190116529 -0.0054549618463645639 0.0076703586694772856 0.0025483705243873537 -0.0012306818005587412
leaf_weight=1131.4819749295712 5285.8463042974472 148.3088102042675 94.489003211259842 9282.4049417078495 920.87669521570206 872.8722088187933 494.65710623562336 344.75900520384312 306.43283213675022 1111.1108629852533 368.4588668346405 244.4067757576704 5062.3718645125628 26477.490427300334
leaf_count=5064 24199 646 404 41520 4252 3821 2161 1522 1325 4964 1645 1052 22323 121115
internal_value=0.000132823 0.00177686 0.00844254 0.000892426 -0.000289781 -0.000134922 0.00186839 0.00706241 0.00998268 0.000195783 0.00553521 0.0197278 0.00114866 -0.00069067
internal_weight=52146 10656.7 1225.97 9430.71 41489.3 40568.4 8805.07 2136.93 1792.17 6668.14 1241.33 550.84 6173.48 31763.3
internal_count=236013 47634 5468 42166 188379 184127 38813 9365 7843 29448 5466 2377 27287 145314
cat_boundaries=0 1
cat_threshold=546
is_linear=0
shrinkage=0.03


Tree=96
num_leaves=15
num_cat=0
split_feature=38 39 39 38 41 38 10 12 38 36 30 37 0 45
split_gain=38.2516 39.6742 60.5656 70.078 67.5626 67.3959 68.2015 63.4358 58.349 55.4028 54.5207 113.381 76.4764 64.6762
threshold=-2.9320192544958776 -1.1924373062288918 -0.57872202016650387 -0.82475024927459251 0.95000000000000007 0.53047200646589043 -0.68056523833610216 0.0087855578129051228 0.22856875432631904 -0.1448011785851715 1.5000000000000002 -0.3245627960430994 0.019555511145038607 0.93733799143030294
decision_type=8 8 10 8 2 10 8 2 10 10 2 10 8 10
left_child=-1 8 3 -3 5 7 -7 -5 -2 -10 11 -4 -13 -14
right_child=1 2 10 4 -6 6 -8 -9 9 -11 -12 12 13 -15
leaf_value=-0.01266453720053161 0.0015302538101047076 -0.007292507719783182 0.0042340089809834282 -0.011194245696149492 -0.011003857153121714 0.022453616266102584 0.0019195638873607218 8.5430036761616565e-05 0.027198859199004787 0.0056011298037101443 0.0010036956937441168 -0.0041487215261242615 0.01793489417987432 0.00036007391184212137
leaf_weight=202.61299043893814 4237.9922674000263 2070.3959394544363 2424.7226413339376 491.40887193381786 530.23659065365791 217.71183952689171 409.45733617246151 4269.6119637787342 145.88781845569611 363.90174761414528 28331.41442091763 7551.8802359849215 236.88531520962715 798.0641258507967
leaf_count=937 19423 9767 10945 2258 2455 974 1843 19513 636 1615 127428 34226 1046 3577
internal_value=3.43921e-05 8.62185e-05 -0.000176243 -0.00255602 -0.000889586 0.000124272 0.00928816 -0.00109982 0.00269763 0.0121862 0.000307511 -0.00148297 -0.00310037 0.00451584
internal_weight=52282.2 52079.6 47331.8 7988.82 5918.43 5388.19 627.169 4761.02 4747.78 509.79 39343 11011.6 8586.83 1034.95
internal_count=236643 235706 214032 36810 27043 24588 2817 21771 21674 2251 177222 49794 38849 4623
is_linear=0
shrinkage=0.03


Tree=97
num_leaves=15
num_cat=1
split_feature=43 2 1 10 45 46 10 1 38 38 19 35 10 11
split_gain=53.3274 48.216 45.0693 39.6085 36.4148 84.271 71.6349 63.0212 46.8216 40.3144 79.8833 47.7981 45.998 68.7648
threshold=0.95000000000000007 0.36034622516300313 0.0097177287028538516 -1.1178418651155215 1.1958183029678666 0 -0.17245951191969572 0.018305773219471626 1.0314530475032557 -1.4990529980008322 -0.78914323683074017 -0.49465727753975713 -0.8087283638101801 -0.61532360625239468
decision_type=10 8 10 10 8 1 10 10 10 10 2 10 8 10
left_child=1 2 -1 -2 9 6 7 -6 -7 10 11 -3 13 -11
right_child=3 4 -4 -5 5 8 -8 -9 -10 12 -12 -13 -14 -15
leaf_value=0.0012314852364264932 0.014097308964196956 -0.0024387717299708786 -0.011564689478264101 0.002123476426055709 -0.0088454461400341907 -0.0016955472089274807 -0.017431700715484545 0.0094383986213853483 0.0049638407492382996 0.0048641613306610598 0.012040649131254771 -0.012613067798851222 -7.4700335876628539e-05 -0.0014199057765755102
leaf_weight=397.40108215808868 250.00772131979465 1211.6349738240242 639.99765829741955 5937.9542275965214 524.58755324780941 6238.9390830397606 525.82947663962841 239.14808776974678 1110.7564141452312 4470.8804946988821 242.70069971680641 627.69198924303055 27453.341355338693 2404.4405869096518
leaf_count=1875 1116 5779 3096 26657 2469 28661 2455 1085 4975 20116 1094 2997 123300 10967
internal_value=1.65795e-05 -0.000334702 -0.00669784 0.00262921 -0.00018672 -0.00193654 -0.00894765 -0.00307225 -0.000682812 0.000228883 -0.00381441 -0.0059603 0.000475147 0.00266762
internal_weight=52275.3 46087.3 1037.4 6187.96 45050 8639.26 1289.57 763.736 7349.7 36410.7 2082.03 1839.33 34328.7 6875.32
internal_count=236642 208869 4971 27773 203898 39645 6009 3554 33636 164253 9870 8776 154383 31083
cat_boundaries=0 1
cat_threshold=531
is_linear=0
shrinkage=0.03


Tree=98
num_leaves=15
num_cat=1
split_feature=45 46 44 18 19 45 43 38 32 0 35 31 30 41
split_gain=37.4389 113.306 57.9487 40.5402 39.4436 50.8267 38.8323 38.6083 37.2146 37.1597 34.799 37.1139 39.6767 69.146
threshold=1.1932148017714954 0 -0.055645602553961733 -0.90925498096036417 1.5863378631730145 1.5925947518668477 0.95000000000000007 -2.6119452810248469 -1.3409911855323975 0.015159054722544066 -2.0890591837551153 -0.62098367252596454 5.5000000000000009 0.65000000000000002
decision_type=10 1 10 2 2 10 10 8 10 10 8 10 2 2
left_child=7 2 -2 9 6 -6 -5 8 -1 -3 -9 -12 13 -13
right_child=1 3 -4 4 5 -7 -8 10 -10 -11 11 12 -14 -15
leaf_value=0.003419129789150337 0.0089711531402162925 -0.005917263747474936 -0.011050226335301278 0.0025668091534345209 -0.0025856345056668403 0.0084839939267589703 0.014784315263616418 -0.00513602032864823 -0.018332552256164938 0.0008022826112894124 0.0024263661179278469 0.0017333044955015395 -0.0024202044634256768 -0.0013409679797831821
leaf_weight=107.97884917259216 136.04324206709862 1797.0524451583624 1385.8182899653912 2479.0875916182995 2849.9489256590605 419.49305264651775 249.58276824653149 973.8578881919384 181.41254624724388 1251.5246311575174 7838.2674001902342 17213.658318161964 4695.0207074433565 10650.534365028143
leaf_count=500 608 8537 6536 11352 12848 1894 1135 4568 867 5622 35208 77577 21617 47564
internal_value=-4.3331e-05 -0.00163717 -0.00915383 -0.000353481 0.00107784 -0.00114378 0.00373421 0.000361291 -0.0103734 -0.0031651 0.000438868 0.000574499 0.000128075 0.000558165
internal_weight=52229.3 10568.6 1521.86 9046.69 5998.11 3269.44 2728.67 41660.7 289.391 3048.58 41371.3 40397.5 32559.2 27864.2
internal_count=236433 48532 7144 41388 27229 14742 12487 187901 1367 14159 186534 181966 146758 125141
cat_boundaries=0 1
cat_threshold=531
is_linear=0
shrinkage=0.03


Tree=99
num_leaves=15
num_cat=0
split_feature=39 36 19 1 34 38 12 9 5 41 8 16 16 39
split_gain=38.136 54.5838 54.2096 56.9705 47.2313 59.7449 46.4182 42.6925 40.7689 44.5138 40.2907 47.6668 40.2512 39.3085
threshold=-1.800661752700941 -1.6716285530773658 -5.9243486091155155 0.010373511655423922 -0.76040831065552106 -1.9660167101013237 0.022064883536723503 0.12667522064059278 0.39148054393357323 0.65000000000000002 -0.45721776559282884 0.27425881823403947 0.25350177658660672 -0.57872202016650387
decision_type=10 10 2 8 10 10 2 8 8 2 8 8 10 10
left_child=2 7 -1 -4 6 12 -3 -2 -7 10 11 -10 -6 -11
right_child=1 4 3 -5 5 8 -8 -9 9 13 -12 -13 -14 -15
leaf_value=-0.00037540094393359878 -0.0069091350532257895 0.00074259522877997118 0.024518105155589828 0.0039551237516109016 -0.019433750029661471 -0.00077684144086785829 0.0062287882417944524 0.0038134004657295255 0.0041698801878334302 -0.0074561850349879636 0.0040988373364551581 -0.0041227076157000298 -0.00042043851816660449 0.00016323417362913803
leaf_weight=618.62519779801369 1664.9740983247757 4031.9368200749159 206.38435807824135 286.58588945865631 231.27089162170887 26806.68198402226 2109.2570354342461 410.58446025848389 1105.5144150853157 658.67018589377403 5613.9186968505383 1405.5727986395359 172.16677623987198 6867.8407668918371
leaf_count=2766 7886 18294 877 1241 1137 122367 9357 1803 4972 3023 24875 6351 828 30495
internal_value=9.35232e-05 -2.66297e-05 0.00556563 0.0128802 0.000175634 -0.000177125 0.00263395 -0.0047799 -6.65967e-05 0.00114957 0.00268802 -0.00046981 -0.0115263 -0.000512575
internal_weight=52190 51078.4 1111.6 492.97 49002.8 42861.6 6141.19 2075.56 42458.2 15651.5 8125.01 2511.09 403.438 7526.51
internal_count=236272 231388 4884 2118 221699 194048 27651 9689 192083 69716 36198 11323 1965 33518
is_linear=0
shrinkage=0.03


Tree=100
num_leaves=15
num_cat=0
split_feature=25 40 39 37 10 24 37 39 40 10 38 37 1 40
split_gain=48.1964 53.2216 98.9275 45.4809 43.347 45.6297 39.9322 48.5869 52.5605 54.7805 71.6708 51.1961 49.826 49.6075
threshold=-0.021854085914295662 -1.745031036448901 -1.8876272350736987 -0.22019974548882545 1.2102477647405856 0.0086800140737805249 -1.5285419233601589 -1.2117676422949224 -0.69353555611436823 -0.85832241424167 -0.51294219083910941 0.3273278763078365 0.01171024521406921 -0.19855484225155315
decision_type=8 8 10 10 10 8 8 10 10 10 10 10 10 10
left_child=1 3 -3 -1 5 -2 -4 11 9 -9 -11 -8 -13 -10
right_child=4 2 6 -5 -6 -7 7 8 13 10 -12 12 -14 -15
leaf_value=-0.0045553336675026391 0.00042774071317364359 0.028262360159179059 -0.0077662378885616544 -0.023965725489386001 -0.0022597722362782007 0.0033524764250761068 0.0024421239751764635 0.001223677177149572 0.0023221401573261481 6.2748193078910095e-05 -0.011139931347250756 0.033424530148599071 0.0030756727476748003 -0.0011618518263944188
leaf_weight=383.89464518427849 14106.676007807255 95.66402493417263 715.54508912563324 145.27194362878799 3313.0972886383533 7270.3533162921667 1219.0953487306833 1030.9990196377039 4695.7581726610661 800.91165103018284 1424.0655083209276 92.801009505987167 96.739823564887047 16837.403348967433
leaf_count=1855 63606 395 3518 757 14678 32317 5464 4740 21484 3708 6631 405 426 76470
internal_value=-3.36796e-05 -0.000896445 -0.000709867 -0.0102297 0.00092858 0.00142355 -0.000823309 -0.000630784 -0.000939445 -0.00448584 -0.00712513 0.00476935 0.0188652 -0.000401369
internal_weight=52228.3 27538.1 27009 529.167 24690.1 21377 26913.3 26197.8 24789.1 3255.98 2224.98 1408.64 189.541 21533.2
internal_count=236454 125853 123241 2612 110601 95923 122846 119328 113033 15079 10339 6295 831 97954
is_linear=0
shrinkage=0.03


Tree=101
num_leaves=15
num_cat=0
split_feature=33 36 37 35 33 39 1 37 38 38 1 11 20 38
split_gain=39.9676 43.0754 56.9425 105.089 58.2844 56.5807 55.241 78.7187 62.3098 48.5799 40.1204 64.5376 102.496 60.5736
threshold=2.0264715554168924 -0.28579423544681298 0.40025303896032116 -1.0695225656410641 -1.6856462628913602 1.5512390769961939 0.014563438515912587 -0.24659667312836106 -2.0530656178210114 0.87429724250889185 0.012341897493789328 0.81847878769986671 0.13359198569117267 -0.18898188143061143
decision_type=8 10 10 10 10 10 8 10 10 10 10 8 10 10
left_child=1 2 4 -4 -1 -5 8 -8 -6 -10 13 12 -12 -3
right_child=-2 10 3 5 6 -7 7 -9 9 -11 11 -13 -14 -15
leaf_value=-0.004260277859383009 0.0051645525129463419 -0.0028480187480529524 0.021412356297740149 0.0048793705238007017 -0.011423827495479107 -0.0061660089223048017 0.0074777501956097663 -0.0018500165496576897 5.747029474041597e-05 0.020149491776966934 -0.00088908824948443811 0.0011254547879138135 -0.0071857884424724287 0.0010083064893827529
leaf_weight=2178.1483507305384 1286.0815379470587 4834.0484106093645 296.49764674901962 2300.6964608877897 417.3707337230444 500.43415783345699 2300.9660365581512 1252.0675260275602 7866.5376311987638 99.818653732538223 5940.6058589369059 4098.8628124296665 3817.9629218876362 15062.42063011229
leaf_count=9963 5554 22477 1262 10166 2067 2202 10174 5571 35871 438 27401 18590 17476 67377
internal_value=-3.78952e-05 -0.000170161 0.00105079 0.00472715 0.000241213 0.00289115 0.0010655 0.00419473 -0.000264096 0.00033417 -0.000792904 -0.00203161 -0.00335746 7.04132e-05
internal_weight=52252.5 50966.4 17212.5 3097.63 14114.9 2801.13 11936.8 3553.03 8383.73 7966.36 33753.9 13857.4 9758.57 19896.5
internal_count=236589 231035 77714 13630 64084 12368 54121 15745 38376 36309 153321 63467 44877 89854
is_linear=0
shrinkage=0.03


Tree=102
num_leaves=15
num_cat=0
split_feature=33 2 43 30 34 18 30 39 15 40 39 40 40 39
split_gain=38.9276 35.9601 64.536 53.9236 73.8333 51.6521 50.68 67.777 71.5981 66.2924 104.903 57.4735 63.169 71.3194
threshold=2.0264715554168924 0.63145071910327888 0.95000000000000007 5.5000000000000009 -0.76040831065552106 -2.0714663443162102 3.5000000000000004 1.5794817583170404 0.604642607130494 -1.745031036448901 -1.6001727728724755 1.5312603655106738 0.41208371036096603 0.065077414882613774
decision_type=8 8 10 2 10 2 2 10 8 10 10 10 10 10
left_child=1 2 -1 6 5 -5 7 9 -9 -3 -11 12 13 -12
right_child=-2 3 -4 4 -6 -7 -8 8 -10 10 11 -13 -14 -15
leaf_value=-0.002533022365119094 0.0050410297614570396 -0.0085707677742148641 0.0049315805264462205 -0.0043183390041886026 -0.004574993474164948 0.013619748952573377 0.0022625416202292324 0.015004989805511496 -0.0074473275499030971 0.014485574302040564 -0.0004301885646518882 0.0070286198855953998 -0.0027133538652965171 0.0041057161909144558
leaf_weight=9680.8664739280939 1298.6576300561428 727.83683298528194 1158.7049435675144 228.65885548293591 3650.4573906958103 365.15573614835739 11239.999168112874 129.13207021355629 1668.3498524129391 467.07153649628162 10142.519741535187 1063.8833180963993 5884.3328476250172 4494.6543686389923
leaf_count=45189 5600 3374 5322 1059 16678 1622 50433 566 7465 2061 45962 4594 26382 20048
internal_value=-6.78712e-05 -0.00019918 -0.00173128 0.000215688 -0.00297763 0.00675525 0.00059481 -0.000168493 -0.00576025 0.000275059 0.000570766 0.000263104 -9.08884e-05 0.000964509
internal_weight=52200.3 50901.6 10839.6 40062.1 4244.27 593.815 35817.8 24577.8 1797.48 22780.3 22052.5 21585.4 20521.5 14637.2
internal_count=236355 230755 50511 180244 19359 2681 160885 110452 8031 102421 99047 96986 92392 66010
is_linear=0
shrinkage=0.03


Tree=103
num_leaves=15
num_cat=1
split_feature=21 32 40 16 34 16 1 46 1 11 20 10 11 16
split_gain=39.5938 42.4473 41.9396 46.3061 36.221 34.4768 32.2548 30.4816 35.6712 33.8616 47.6126 32.112 40.2157 44.8632
threshold=0.12181882585239868 -1.1341804828891224 -1.745031036448901 0.10640270610475082 -0.95028676482998986 0.30275897066089763 0.0090099102279041932 0 0.0058328885802394403 -1.9197652119092841 -0.53160691808685268 -1.2051840552947963 -2.078179039323766 0.10256814094187074
decision_type=8 10 10 10 10 10 10 1 10 8 10 10 8 10
left_child=1 -1 3 -3 6 -5 -4 11 -9 10 -10 -6 -13 -14
right_child=-2 2 4 5 7 -7 -8 8 9 -11 -12 12 13 -15
leaf_value=0.0054601692005590988 0.00089800115897363747 0.0031712051399296233 -0.0028046031148096207 -0.020687229891591732 0.0025624350141829561 0.0012913617263117267 0.0065116045941229894 0.0036307027963490084 0.004468032527390065 -0.00053409009225159306 -0.017321303738843715 0.015038919082347623 -0.014263487427884521 -0.002734589111655084
leaf_weight=942.57806816697121 22403.397868022323 174.095005184412 478.16137008368969 263.20331326127052 1065.1964379251003 82.50383435189724 1067.7396779209375 1857.6800490617752 135.80420848727226 14168.850281104445 240.22959072887897 101.19600164890289 305.31078018248081 8884.9652316123247
leaf_count=4233 100334 835 2174 1327 4929 415 4819 8261 620 64293 1100 472 1435 40995
internal_value=-5.4428e-05 -0.000771299 -0.000976891 -0.00934039 -0.000820058 -0.0155531 0.00363051 -0.00107843 -0.000272469 -0.000773323 -0.00954021 -0.00235086 -0.00291881 -0.00313268
internal_weight=52170.9 29767.5 28824.9 519.802 28305.1 345.707 1545.9 26759.2 16402.6 14544.9 376.034 10356.7 9291.47 9190.28
internal_count=236242 135908 131675 2577 129098 1742 6993 122105 74274 66013 1720 47831 42902 42430
cat_boundaries=0 1
cat_threshold=624
is_linear=0
shrinkage=0.03


Tree=104
num_leaves=15
num_cat=0
split_feature=40 35 38 30 36 40 38 39 39 40 39 19 40 38
split_gain=37.6957 75.0573 57.5223 131.571 70.394 68.8606 69.2966 56.8361 58.0626 81.9143 107.152 66.6725 71.1683 58.4347
threshold=1.5956037031214281 -0.54026641078528082 0.21311793323267117 2.5000000000000004 2.0256824557911477 2.1477240328456606 1.0919233012765666 1.9611555039440209 1.1672008633511177 0.54374216055077251 0.85988707139511911 2.2455962419534208 1.3297792401362052 1.1114033660178195
decision_type=8 8 8 2 10 10 10 10 10 10 10 2 10 10
left_child=7 -2 3 -3 5 -4 -7 8 9 10 -1 12 -10 -11
right_child=1 2 4 -5 -6 6 -8 -9 11 13 -12 -13 -14 -15
leaf_value=-0.00010953216584029459 0.013178925683861007 -0.018370741614895339 0.0011062440687830781 0.018375026433440148 0.0087750956254547697 -0.02008383687252838 -0.0027164598926963822 -0.0083943260146057685 0.013995071895029432 -0.0045662827438612118 0.0089564450577635443 0.0011692776654405634 -0.0066673001907411053 0.0011220763244124616
leaf_weight=33607.545415192842 530.09996931254864 103.3375331312418 1584.0530088990927 393.89004366099834 596.71446503698826 325.55862106382847 548.58253234624863 747.33345644176006 786.15010032057762 6237.4348938167095 1205.7546102702618 3180.0712362229824 178.49703416228294 2192.2313072532415
leaf_count=153676 2245 459 6976 1700 2542 1467 2426 3401 3449 28357 5230 13993 791 9761
internal_value=-5.81322e-06 0.00275841 0.00117068 0.0105266 -0.000381506 -0.00263077 -0.00933864 -0.000240765 -0.000110435 -0.000435805 0.000206949 0.00327712 0.0101426 -0.00308738
internal_weight=52217.3 4082.24 3552.14 497.228 3054.91 2458.19 874.141 48135 47387.7 43243 34813.3 4144.72 964.647 8429.67
internal_count=236473 17815 15570 2159 13411 10869 3893 218658 215257 197024 158906 18233 4240 38118
is_linear=0
shrinkage=0.03


Tree=105
num_leaves=15
num_cat=0
split_feature=39 40 37 11 30 40 39 7 10 30 14 8 37 36
split_gain=35.737 64.715 68.341 82.4213 69.905 64.1089 58.3811 67.5615 65.8429 50.2432 66.5171 52.1882 47.9261 44.112
threshold=-1.1924373062288918 -1.745031036448901 -0.17709436821641336 -0.90181331804365417 3.5000000000000004 -1.2203586521697785 -1.9798366764277011 -1.9725090248306951 -0.88392414722112223 1.5000000000000002 0.59337615378228659 -1.3841678147333714 0.34545084116236774 -1.6716285530773658
decision_type=8 10 10 8 2 8 10 8 8 2 10 10 10 8
left_child=1 2 3 4 -1 -2 -3 -8 9 10 -9 -11 -10 -7
right_child=5 6 -4 -5 -6 13 7 8 12 11 -12 -13 -14 -15
leaf_value=-0.017086000250630156 -0.0065434038176685437 0.022610411676723507 -0.020150453444939168 0.0075259750438487249 0.0044311478133099227 -0.005178245249238626 -0.0088162922342175341 0.023067244121291408 -0.00031404472423545479 -0.0054154158645873165 -0.0034075467041901233 0.010033834383217604 0.017911974522104461 0.00024381536681289338
leaf_weight=332.01458087563515 1344.3340532630682 145.61743219196796 173.48519340157509 571.14999778568745 219.81440581381321 1382.6896950155497 336.18189480900764 391.76508766412735 1590.2869383245707 266.60826176404953 105.47149601578712 688.47001886367798 131.36142373085022 44490.334588900208
leaf_count=1534 6244 609 901 2681 1034 6407 1610 1704 7248 1236 454 3040 579 200990
internal_value=0.000143885 0.00256571 -0.00317568 -0.000398595 -0.00858859 -0.000110609 0.00460492 0.00379586 0.00515522 0.00983682 0.0174951 0.00570978 0.00117201 7.92924e-05
internal_weight=52169.6 4952.23 1296.46 1122.98 551.829 47217.4 3655.76 3510.15 3173.96 1452.31 497.237 955.078 1721.65 45873
internal_count=236271 22630 6150 5249 2568 213641 16480 15871 14261 6434 2158 4276 7827 207397
is_linear=0
shrinkage=0.03


Tree=106
num_leaves=15
num_cat=1
split_feature=24 11 9 12 20 46 30 40 12 16 10 40 11 12
split_gain=34.8121 46.5637 84.0726 96.306 38.734 38.1882 37.7609 43.4528 38.8499 37.5402 36.812 42.8127 36.7102 46.886
threshold=-0.0058239831402347999 -1.5994551732879951 0.040712104488861998 0.010032327816844828 -1.505303367635195 0 4.5000000000000009 2.3250604732115079 0.011417356153456381 0.53520828464844006 0.042772646605232965 -1.6300809730482866 1.4295301520449375 0.034321947982413059
decision_type=10 8 10 2 10 1 2 8 2 10 10 10 10 2
left_child=12 2 3 -2 -3 -6 8 -8 9 -7 11 -5 13 -1
right_child=1 4 -4 10 5 6 7 -9 -10 -11 -12 -13 -14 -15
leaf_value=-0.0010024502476758488 -0.0086613484813881994 -0.011750860009532509 -0.006108816188851912 -0.0036441770160257157 0.0014487559014787867 -0.0073954796632016368 -0.0026956629902729133 -0.023206168709428383 0.0009556359585865279 0.0051610351008830437 -0.0047645490637857465 0.016896098954606292 -0.0049759237168717045 0.0045268001078582554
leaf_weight=16214.326603844762 215.0233134329319 224.99395734071732 415.31122252345085 98.459911346435547 16638.214343994856 974.97845220565796 3735.6317689865828 85.586095184087753 9073.3226051479578 266.13034509122372 90.706519454717636 860.78386582434177 1838.256150379777 1498.6844979226589
leaf_count=74384 993 1108 1892 456 74309 4433 17392 388 40948 1180 418 3879 8271 6501
internal_value=4.85738e-05 0.000647581 0.00549649 0.00932472 0.000383059 0.000475561 -0.000670691 -0.00321442 0.000273243 -0.00468326 0.0130551 0.0147719 -0.000952461 -0.000532334
internal_weight=52230.4 32679.1 1680.28 1264.97 30998.9 30773.9 14135.6 3821.22 10314.4 1241.11 1049.95 959.244 19551.3 17713
internal_count=236552 147396 7638 5746 139758 138650 64341 17780 46561 5613 4753 4335 89156 80885
cat_boundaries=0 1
cat_threshold=271
is_linear=0
shrinkage=0.03


Tree=107
num_leaves=15
num_cat=1
split_feature=46 45 0 39 45 39 9 25 1 10 45 39 1 45
split_gain=36.5333 69.0911 39.359 47.8705 32.9297 38.0309 59.0319 32.381 34.2695 36.6724 53.035 68.4926 31.4365 54.4917
threshold=0 0.56908861918624598 0.0038689170089496587 0.59351140997935314 1.0306210168501864 1.5794817583170404 1.2397183263739573 -0.74042722306087339 0.019072376895012767 -0.8087283638101801 0.86845396141269393 0.78443120026194424 0.0059077594814355662 0.85421664071190984
decision_type=1 10 10 10 8 10 10 10 10 10 10 10 8 10
left_child=1 -1 3 -3 7 -6 -7 -4 -9 -10 -11 -12 -2 -14
right_child=12 2 4 -5 5 6 -8 8 9 10 11 -13 13 -15
leaf_value=0.022909651729569765 0.0030364268011917536 -0.011339504328796195 -0.0028457411520611165 0.0079033486362192935 -0.0014906166209775211 0.00074294670556081732 -0.015424563999142951 0.00086686879914989147 0.021843485545166297 0.022348292606553171 -0.0094570624627559694 0.015006170490560055 -0.0015840322837965696 0.0011511136951569737
leaf_weight=97.281051531434059 3982.4992292374372 626.77134919166565 1834.9166334420443 134.84705257415771 10323.66835872829 366.02895379066467 444.6038166731596 4873.7185035198927 129.36299802362919 106.41781042516232 271.05438867211342 152.60591922700405 10064.117606759071 18760.135455861688
leaf_count=422 17676 3020 8455 609 47488 1643 2032 22012 571 469 1211 671 45168 84813
internal_value=-6.84416e-05 -0.00110121 -0.00123486 -0.00787422 -0.000957456 -0.00198633 -0.00820427 0.000597913 0.00174298 0.00810834 0.00441396 -0.000502367 0.000541381 0.000195907
internal_weight=52168 19361.3 19264 761.618 18502.4 11134.3 810.633 7368.08 5533.16 659.441 530.078 423.66 32806.8 28824.3
internal_count=236260 88603 88181 3629 84552 51163 3675 33389 24934 2922 2351 1882 147657 129981
cat_boundaries=0 1
cat_threshold=688
is_linear=0
shrinkage=0.03


Tree=108
num_leaves=15
num_cat=0
split_feature=40 39 37 1 38 37 35 38 37 40 39 39 37 31
split_gain=36.7032 64.9495 88.2076 57.1947 48.6052 79.3397 56.7289 51.3735 59.7231 48.4272 102.463 106.632 90.1175 90.007
threshold=1.6877905140902369 1.2240292086720774 1.4798767117825431 0.0056033301392984227 0.27326000008698709 0.25174472403355236 -0.50626476117741126 2.6300836929250067 1.8884532192127554 0.54374216055077251 0.758767869929445 1.450990479986296 0.85866273996169662 0.91000273967739387
decision_type=8 8 10 8 10 10 10 10 10 10 10 10 10 10
left_child=9 2 -2 -3 5 -5 -6 -8 -9 10 -1 12 13 -12
right_child=1 3 -4 4 6 -7 7 8 -10 -11 11 -13 -14 -15
leaf_value=-0.00019598543654718856 0.014862373898497252 0.016233470898045697 -0.01194755886837276 -0.003664502915977504 0.01155604937900021 0.021445404124753386 -0.0067001008270013204 0.023728726752183755 -0.002499328388922683 -0.001865983548844344 0.0016985255694580328 -0.0074108937437667157 0.016979471401289029 0.021984970469729255
leaf_weight=33068.285660594702 654.3537962436676 186.90909549593925 124.6455759704113 232.05759455263615 219.4809353351593 206.70556077361107 1475.0771466642618 105.84400448203087 235.06048604846001 12849.085554435849 1496.9022915959358 462.7416505664587 724.59594106674194 217.02506451308727
leaf_count=151253 2787 778 521 985 934 893 6615 447 1013 57761 6592 2055 3109 932
internal_value=-7.45636e-05 0.00291586 0.0104755 0.000671964 -0.000564205 0.00837929 -0.0025236 -0.00427924 0.00608811 -0.000285845 0.000278975 0.0056746 0.00817787 0.00437991
internal_weight=52258.8 3440.13 778.999 2661.13 2474.23 438.763 2035.46 1815.98 340.904 48818.6 35969.6 2901.26 2438.52 1713.93
internal_count=236675 14973 3308 11665 10887 1878 9009 8075 1460 221702 163941 12688 10633 7524
is_linear=0
shrinkage=0.03


Tree=109
num_leaves=15
num_cat=0
split_feature=43 45 44 30 15 15 1 30 45 1 1 16 19 40
split_gain=45.0663 43.4286 51.5741 38.0596 90.1668 81.8938 71.2265 44.3581 42.3635 41.1826 44.1278 38.3259 74.6315 45.6569
threshold=0.41428571428571431 1.0522879818176751 0.0073676341718424271 2.5000000000000004 0.35967564513107336 0.44803353554127839 0.012579591888746198 4.5000000000000009 1.1120486362944113 0.02328594170803824 0.0075251006777626939 0.32488557813154589 1.0000000180025095e-35 0.96005195121250153
decision_type=8 10 10 2 10 8 10 2 10 10 10 8 2 10
left_child=-1 2 -2 5 9 -3 -6 -8 -7 10 -5 -10 -13 -14
right_child=1 3 -4 4 6 8 7 -9 11 -11 -12 12 13 -15
leaf_value=-0.0011486971556957956 0.00014845656089677994 0.0033279601620442522 0.0032511525121325883 0.010772627677325616 0.006279178730038552 -0.010155800122186889 0.002875593829465453 -0.0037781417035131284 0.0070994203163112397 0.0087020418383275764 -0.0094960698454346019 -0.017482545547062103 0.00076950551187721344 -0.0077450806722468707
leaf_weight=19776.997453808784 10554.757762297988 1542.2251293957233 8868.3075001984835 97.181387037038803 2434.0510591119528 986.78056064248085 1845.2527707666159 1744.6516751199961 295.06999607384205 143.16145141422749 1156.4345667660236 321.41510806977749 1570.5467568635941 875.44315510988235
leaf_count=90148 47524 7049 39684 452 10930 4453 8198 8068 1342 641 5450 1490 7100 3986
internal_value=-2.02993e-05 0.000667869 0.00156605 -0.000673 0.000735212 -0.00253988 0.00232886 -0.000359557 -0.00477744 -0.00610552 -0.00785201 -0.00301703 -0.00411736 -0.00229707
internal_weight=52212.3 32435.3 19423.1 13012.2 7420.73 5591.48 6023.96 3589.9 4049.26 1396.78 1253.62 3062.48 2767.41 2445.99
internal_count=236515 146367 87208 59159 33739 25420 27196 16266 18371 6543 5902 13918 12576 11086
is_linear=0
shrinkage=0.03


Tree=110
num_leaves=15
num_cat=0
split_feature=39 39 11 30 36 34 11 23 15 45 16 39 30 41
split_gain=47.2163 44.4388 87.1362 72.2029 68.7691 51.2419 45.9197 44.4236 41.8328 52.3844 46.1258 47.7346 38.812 77.2324
threshold=2.1324168955337464 1.0767330620930282 1.5412844251171343 2.5000000000000004 -1.3666773000634782 -0.57802229590284082 -1.0136177915991478 0.00021714445244647165 0.6124313433822387 1.062013928340743 0.66267928369144646 1.5794817583170404 4.5000000000000009 0.65000000000000002
decision_type=10 8 10 2 10 8 10 10 10 8 10 10 2 2
left_child=1 12 3 4 -3 -5 -7 -4 -6 -10 -11 -12 13 -1
right_child=-2 2 7 5 8 6 -8 -9 9 10 11 -13 -14 -15
leaf_value=0.0013178485972021629 -0.0058132187798839606 0.022597345565084991 -0.009686175727189935 0.015746918997583945 0.0076668093047248236 -0.0093827354575681358 0.0059097198783576695 0.00091678013281524216 0.0011553794561633196 -0.017818839731229871 0.0042967060958993674 -0.012712062163677849 -0.0016558422907947165 -0.0019600181904482331
leaf_weight=22152.100215390325 1198.8024400621653 105.26189610362053 712.59905107319355 454.49474759399891 402.12906488776207 178.37099458277225 3163.2359741777182 697.17104803025723 1259.4238726645708 294.94188679754734 323.98097077012062 258.62851683795452 11824.433541223407 9126.5463795214891
leaf_count=100334 5533 434 3180 1920 1772 785 13693 3077 5540 1337 1450 1169 54944 41078
internal_value=4.68146e-05 0.0001858 0.00226029 0.00373885 -6.87625e-05 0.00638445 0.00506787 -0.00447319 -0.00109338 -0.00276987 -0.00835277 -0.00334082 -0.000192458 0.000361105
internal_weight=52152.1 50953.3 7850.24 6440.47 2644.37 3796.1 3341.61 1409.77 2539.1 2136.98 877.551 582.609 43103.1 31278.6
internal_count=236246 230713 34357 28100 11702 16398 14478 6257 11268 9496 3956 2619 196356 141412
is_linear=0
shrinkage=0.03


Tree=111
num_leaves=15
num_cat=0
split_feature=43 39 0 19 35 1 37 32 34 34 10 20 1 33
split_gain=33.5626 37.4562 81.9531 55.7281 43.2241 49.1236 39.5606 36.2143 50.4666 62.0639 76.3936 59.7877 52.1915 46.0362
threshold=0.95000000000000007 -1.800661752700941 0.011067024874046595 -6.3865716343036825 -2.0890591837551153 0.017489477615606264 -2.4122823310216561 -0.43732740661758412 -0.44035565091588397 0.28709031394258899 -0.89675443503293817 0.19229278127073171 0.010320142295238076 -0.86530924057212777
decision_type=10 8 10 2 10 10 10 10 10 10 8 10 10 10
left_child=1 2 3 -1 5 -3 -6 13 -9 -10 11 -11 -12 -8
right_child=-2 4 -4 -5 6 -7 7 8 9 10 12 -13 -14 -15
leaf_value=0.00091529483349264305 0.0021658519084929604 -0.0095766606799745999 -0.00036987677394564818 0.027687500998583997 -0.015626204283927279 0.0082039393952099346 -0.0018409854974038393 0.0020823604999114162 -0.0024907440337868709 0.0071122961765781824 0.001531798356719641 -0.011392257844135948 -0.0024866179358233676 0.0026114648819883938
leaf_weight=108.20531423389912 6188.4445960223675 803.9780355989933 649.88492314517498 191.76803022623062 138.5825479477644 160.81953930854797 2856.0764865875244 5283.6842220723629 14343.27868001163 1913.2642083615065 5436.7133450657129 162.21432101726532 6234.3512956053019 7721.9405381828547
leaf_count=495 27752 3917 2896 802 698 684 12875 23900 65995 8577 24076 741 28160 34881
internal_value=9.35013e-05 -0.000185676 0.00567851 0.0183714 -0.000310539 -0.0065591 -0.000172349 -0.000120078 -0.000604913 -0.00111095 0.000329506 0.00561833 -0.000615017 0.00140869
internal_weight=52193.2 46004.8 949.858 299.973 45054.9 964.798 44090.1 43951.5 33373.5 28089.8 13746.5 2075.48 11671.1 10578
internal_count=236449 208697 4193 1297 204504 4601 199903 199205 151449 127549 61554 9318 52236 47756
is_linear=0
shrinkage=0.03


Tree=112
num_leaves=15
num_cat=0
split_feature=44 39 39 11 1 45 38 37 1 41 37 6 2 39
split_gain=33.8793 32.7956 43.833 84.3502 56.8748 88.1683 80.5585 66.4141 61.6843 60.5642 50.1376 47.4985 44.5124 42.7922
threshold=-0.13749750835241922 2.1324168955337464 1.1672008633511177 1.483218987472857 0.0076782165487988344 0.80853275299251892 0.63604710793692065 0.25174472403355236 0.0056753136967946172 0.35000000000000003 1.5919110444930922 0.90411304458484165 1.5700232573392274 1.3636274023156696
decision_type=8 10 8 10 8 10 10 8 10 2 10 10 10 10
left_child=-1 2 -2 4 5 8 7 9 -4 -6 -9 -5 13 -8
right_child=1 -3 3 11 6 -7 12 10 -10 -11 -12 -13 -14 -15
leaf_value=0.011656580680858172 -0.00027482508252939849 -0.0049862204703169603 0.012089001213789492 -0.0083826395586800769 0.0064391872140712545 0.020031887628585713 0.0034896800201068561 0.012400618902390725 -0.0051972819814076554 -0.0090888526625525438 -0.007282871546800674 0.0035752544977011975 0.010323645403688044 -0.0066888074383847345
leaf_weight=213.61507172882557 44102.580274224281 1171.7527104914188 350.90050762891769 888.58602187037468 536.55057163536549 452.78739082813263 522.57140630483627 1195.4557531327009 374.34922324120998 375.51496464014053 122.41316144168377 441.06571473181248 221.99407912790775 1235.1894790381193
leaf_count=928 200800 5419 1467 3967 2323 1951 2280 5240 1618 1664 532 1937 954 5452
internal_value=4.42541e-06 -4.56814e-05 6.91908e-05 0.00232486 0.00399429 0.00979419 0.00235188 0.00624996 0.00321708 1.67588e-05 0.0105312 -0.00441895 -0.00204814 -0.00366018
internal_weight=52205.3 51991.7 50820 6717.38 5387.73 1178.04 4209.69 2229.93 725.25 912.066 1317.87 1329.65 1979.75 1757.76
internal_count=236532 235604 230185 29385 23481 5036 18445 9759 3085 3987 5772 5904 8686 7732
is_linear=0
shrinkage=0.03


Tree=113
num_leaves=15
num_cat=1
split_feature=44 31 38 11 32 33 34 14 38 1 20 2 11 46
split_gain=31.5185 36.11 46.7538 32.6505 29.829 46.0466 43.57 48.8362 54.6745 53.1329 57.3214 48.9252 45.9451 51.2737
threshold=-0.13749750835241922 2.8312508026343428 0.71279407225706803 1.5121175970145071 -0.43732740661758412 -0.86530924057212777 -0.44035565091588397 0.29143823998178431 -1.5791116202724811 0.013390252347069437 0.6494963388314533 0.57180708112838829 0.28874404964408201 0
decision_type=10 8 8 8 10 10 10 10 10 10 10 10 8 1
left_child=3 4 -3 -1 5 -2 -6 8 -8 -9 -11 -10 -12 -14
right_child=1 2 -4 -5 6 -7 7 9 11 10 12 -13 13 -15
leaf_value=0.017904505112301839 -0.0015080645182144149 -0.0023803567739461469 0.016765307724133795 -0.0034563832418586667 0.0016983281420620778 0.0023155350705028402 -0.01430889867473335 0.00048283387692479602 -0.0086800476046777642 -0.00085354430523667093 -0.012192303392255657 -0.0011887333111038185 0.0051153492522913518 -0.0063863568492358068
leaf_weight=165.89781033992767 4122.4204782247543 202.28826175630093 248.88035167753696 97.158929124474525 6500.317709043622 9024.5912448018789 391.96950100362301 17620.339607909322 984.97330366075039 6628.2778942734003 774.64793391525745 3731.9159186035395 455.05292883515358 1331.2891873270273
leaf_count=716 18704 876 1054 417 29428 40712 1935 79209 4743 30280 3558 17153 2052 6019
internal_value=1.1517e-05 -4.1839e-05 0.00831559 0.0101773 -0.000116559 0.00111636 -0.000538648 -0.000994606 -0.00367978 -0.000481736 -0.0023298 -0.00276811 -0.00613243 -0.00345132
internal_weight=52280 52017 451.169 263.057 51565.8 13147 38418.8 31918.5 5108.86 26809.6 9189.27 4716.89 2560.99 1786.34
internal_count=236856 235723 1930 1133 233793 59416 174377 144949 23831 121118 41909 21896 11629 8071
cat_boundaries=0 1
cat_threshold=82
is_linear=0
shrinkage=0.03


Tree=114
num_leaves=15
num_cat=0
split_feature=43 45 40 16 0 13 16 8 45 39 30 10 44 10
split_gain=35.9096 38.2972 44.3221 56.3367 44.8792 64.045 53.8028 48.9305 56.6357 48.0148 61.3557 44.1248 43.59 43.6482
threshold=0.95000000000000007 1.1932148017714954 0.41208371036096603 0.53979214427781297 0.0056287825264183617 46.828729262039204 0.59607827999570084 0.67648085794726676 0.50059991910859913 0.85988707139511911 1.5000000000000002 0.95915714638032756 -0.047233318454942504 0.30050405343522318
decision_type=10 8 10 8 10 10 10 10 10 10 2 10 10 8
left_child=1 2 4 -4 5 6 -1 8 -6 12 11 -11 -10 -14
right_child=-2 -3 3 -5 7 -7 -8 -9 9 10 -12 -13 13 -15
leaf_value=-0.0070310858301992013 0.0021275074890364969 -0.0020622735356887419 -0.0039744910985577264 0.00013835395642254776 0.01706694771819869 0.0015302445817742202 0.0047720334102169066 -0.0024880250629884383 -0.005046546881757168 0.0077641248344696616 0.015779305892997454 -0.017929905107180726 0.0027591428682310687 -0.0016618790613622022
leaf_weight=2053.5759744644165 6199.7456246614456 8954.7170649319887 4526.7874286323786 8832.1227916181087 217.4077186435461 2868.5334534198046 410.62473544478416 2285.8078091591597 824.18940624594688 135.2356364428997 465.88018696010113 93.070069298148155 11857.400733947754 2412.6314496397972
leaf_count=9685 27791 41308 20526 39068 985 13026 1860 10202 3701 590 1992 412 54193 10899
internal_value=-1.37273e-05 -0.000303106 0.000123281 -0.00125725 0.000904135 -0.00151553 -0.00505292 0.00161001 0.00219644 0.001981 0.00964042 -0.00302305 0.00162259 0.00201104
internal_weight=52137.7 45938 36983.3 13358.9 23624.4 5332.73 2464.2 18291.6 16005.8 15788.4 694.186 228.306 15094.2 14270
internal_count=236238 208447 167139 59594 107545 24571 11545 82974 72772 71787 2994 1002 68793 65092
is_linear=0
shrinkage=0.03


Tree=115
num_leaves=15
num_cat=2
split_feature=43 12 23 10 45 10 19 40 8 46 6 46 31 33
split_gain=42.8415 40.674 40.514 48.4722 42.3718 40.221 38.2028 45.2164 42.6201 50.8092 44.447 40.57 39.4029 36.8876
threshold=0.41428571428571431 0.025289799747857365 0.024058737019505342 -0.19372879497652021 0.70383999789839602 -1.5742758407887056 -6.277558930922158 -1.6823852431989177 -1.4127662430527577 0 -0.63849227715376766 1 2.8312508026343428 0.47986631680807906
decision_type=10 2 10 8 8 8 2 10 10 1 10 1 8 10
left_child=1 13 4 -4 -3 -6 7 11 9 -8 -11 -2 -10 -1
right_child=6 2 3 -5 5 -7 8 -9 12 10 -12 -13 -14 -15
leaf_value=-0.0027666304603106767 -0.010445047302337924 -0.015769930026730408 -0.016672399204990574 0.0064312001996082576 0.013373388453010513 0.0020350459785081552 0.01036736040647513 0.0085656102330879356 0.00051076514401731223 -0.0025379408327063798 -0.016034634102400497 0.010296399674548359 0.012171497649215171 0.00041239952875261773
leaf_weight=11157.983175069094 237.82295744121075 101.62642937898636 212.72094039618969 122.26129606366158 298.65349926054478 3293.6074514836073 140.13833048939705 1044.4187347441912 29625.015441313386 529.81794948875904 370.71391050517559 108.64121127128601 253.15064908564091 4650.5619496107101
leaf_count=51694 1146 452 964 540 1321 14747 662 4728 133385 2534 1787 505 1082 20717
internal_value=-4.9075e-05 -0.00114614 0.00154194 -0.00829809 0.00245428 0.0030122 0.000624645 0.00547034 0.000404963 -0.00553401 -0.00811991 -0.0038389 0.000613603 -0.00183175
internal_weight=52147.1 19837.4 4028.87 334.982 3693.89 3592.26 32309.7 1390.88 30918.8 1040.67 900.532 346.464 29878.2 15808.5
internal_count=236264 90435 18024 1504 16520 16068 145829 6379 139450 4983 4321 1651 134467 72411
cat_boundaries=0 1 2
cat_threshold=4 647
is_linear=0
shrinkage=0.03


Tree=116
num_leaves=15
num_cat=0
split_feature=39 39 36 34 37 39 39 30 20 30 12 2 39 36
split_gain=35.1317 72.3657 98.0358 66.8434 55.7396 55.4186 55.2824 54.9084 98.4345 92.157 89.3955 88.7662 74.8155 62.4041
threshold=-1.1924373062288918 -0.50697222414922305 -1.2574721057525611 -0.8554838098777745 -1.5285419233601589 -1.002637037403715 -0.32371391018397272 2.5000000000000004 0.41892602480262658 4.5000000000000009 0.017048430619678954 0.94555710404101656 0.44878496936625373 1.388860171140528
decision_type=10 10 10 10 10 10 10 2 10 2 2 10 10 10
left_child=-1 2 5 -4 -5 -2 -3 8 10 12 -8 -10 13 -9
right_child=1 6 3 4 -6 -7 7 9 11 -11 -12 -13 -14 -15
leaf_value=0.0024359374345824312 0.00062933236773723836 0.0039451253508255889 0.0061657815635279643 -0.012885299009977555 -0.0017530854306623241 -0.014784256600116966 -0.0020490947397702767 -0.00058534432106303251 -0.0083001725127473946 -0.0010746836611081985 0.0041343529867539095 -0.0010791118487181164 0.0054516632316184985 0.013286300206141613
leaf_weight=4962.2351600825787 278.9483877569437 3506.2794311791658 910.03151267766953 421.19268004596233 6732.9634489864111 828.93889334797859 4712.6328918337822 4533.3786458075047 2728.5082026422024 9649.1009349524975 3785.735259026289 3485.7714567780495 5359.1717206388712 301.92080773413181
leaf_count=22652 1322 16049 4123 2069 30902 3952 21309 20507 12435 44113 17081 15524 23158 1309
internal_value=3.72995e-05 -0.000215152 -0.00260568 -0.0014496 -0.00242555 -0.0109324 0.000361437 -3.22167e-06 -0.0013915 0.00102628 0.000707044 -0.00425791 0.00301395 0.000306448
internal_weight=52196.8 47234.6 9172.07 8064.19 7154.16 1107.89 38062.5 34556.2 14712.6 19843.6 8498.37 6214.28 10194.5 4835.3
internal_count=236505 213853 42368 37094 32971 5274 171485 155436 66349 89087 38390 27959 44974 21816
is_linear=0
shrinkage=0.03


Tree=117
num_leaves=15
num_cat=1
split_feature=39 0 19 0 38 11 45 46 45 45 1 16 19 39
split_gain=31.6237 90.9393 46.8381 45.8546 45.7221 32.0453 31.7251 52.278 87.9578 87.4171 49.3071 47.8098 46.322 40.9654
threshold=-1.800661752700941 0.010996838162313515 -6.0968016975951569 0.022639971750056564 -2.9320192544958776 -1.0284109751387274 0.77404030145805491 0 0.65649355127391462 0.68658831894059391 0.0098496237270509265 1.0000000180025095e-35 -8.4391712556408809 2.2044107238699313
decision_type=10 8 2 10 10 10 10 1 8 10 10 10 2 10
left_child=1 2 -1 5 -2 -3 7 8 10 -10 -6 -9 -8 -14
right_child=4 3 -4 -5 6 -7 12 11 9 -11 -12 -13 13 -15
leaf_value=0.0025267788975607947 -0.01848154137946904 -0.014916378963439218 0.02486807992455552 0.0079328350338610173 -0.0096179908538918963 0.0008252258141028631 0.0069096680609516898 -0.017331454857507422 0.037807770750393349 0.0090445133094501137 0.012404188291768691 0.00090117714166272698 -0.00044456923517963772 -0.0073815185267106318
leaf_weight=133.27935434877872 111.57826668024063 220.67417258024216 232.80177573859692 298.88960053026676 313.06770987808704 232.91539208590984 747.20165672898293 121.31896685063839 103.86967523396015 656.01939061284065 118.12388041615486 9085.4675559550524 39051.518193915486 771.56662476062775
leaf_count=604 546 1019 969 1257 1389 1068 3425 534 446 2941 529 40629 177577 3601
internal_value=3.67922e-06 0.00497098 0.0170177 -0.00103608 -0.000106048 -0.00698972 -6.22034e-05 0.00141544 0.00727531 0.0134162 -0.00344066 0.000641684 -0.000441167 -0.000580791
internal_weight=52198.3 1118.56 366.081 752.479 51079.7 453.59 50968.2 10397.9 1191.08 759.889 431.192 9206.79 40570.3 39823.1
internal_count=236534 4917 1573 3344 231617 2087 231071 46468 5305 3387 1918 41163 184603 181178
cat_boundaries=0 1
cat_threshold=546
is_linear=0
shrinkage=0.03


Tree=118
num_leaves=15
num_cat=0
split_feature=36 12 43 2 40 15 2 16 1 40 38 24 2 37
split_gain=37.8913 53.4207 32.0242 48.1108 33.746 68.7307 31.3001 29.9884 66.882 49.5046 124.825 43.2505 41.0353 51.6906
threshold=-2.4533527491768634 0.049613671118742687 0.95000000000000007 0.36034622516300313 -2.0528654686053511 0.16050617979757995 1.3568341632938925 0.22339137350761865 0.026473228499867992 -0.81428059540922237 -1.2580879426748561 0.010956698462501692 1.3111871533004471 -1.7842672868464209
decision_type=8 2 10 8 10 10 8 10 8 10 10 8 10 10
left_child=1 -1 3 -2 5 6 -5 8 12 10 -9 -10 -6 -14
right_child=2 -3 -4 4 7 -7 -8 9 11 -11 -12 -13 13 -15
leaf_value=-0.0096076545368745277 -0.0065839054293192157 0.01188181871243793 0.002110993532846237 0.0076517074474142062 6.9161789280392411e-06 -0.024798835450735655 -0.01303929766405576 0.0075955326132734809 0.017731763084759065 -1.4064063937412041e-05 -0.0068618291889396242 -0.00010459318993824744 -0.0045367209242554891 0.0084508811745729554
leaf_weight=688.17770010232925 1027.3184012770653 113.59058259427547 6131.726924225688 179.9989056289196 7733.4059308618307 139.93988694250584 90.673647880554199 668.03770923614502 351.52718019485474 30787.138664633036 2599.793178871274 184.77249731123447 354.11221837997437 1156.8945646286011
leaf_count=3329 4963 474 27450 831 35475 679 406 3112 1505 138731 11964 794 1696 5184
internal_value=-2.33445e-05 -0.00645427 7.81943e-05 -0.000197528 -4.77933e-05 -0.00850482 0.00050273 3.3346e-05 0.00149663 -0.000387232 -0.00389218 0.0116971 0.000892868 0.00539735
internal_weight=52207.1 801.768 51405.3 45273.6 44246.3 410.612 270.673 43835.7 9780.71 34055 3267.83 536.3 9244.41 1511.01
internal_count=236593 3803 232790 205340 200377 1916 1237 198461 44654 153807 15076 2299 42355 6880
is_linear=0
shrinkage=0.03


Tree=119
num_leaves=15
num_cat=1
split_feature=43 17 36 1 38 11 16 38 46 1 1 30 37 38
split_gain=33.4468 37.0087 40.8643 43.1764 54.7476 42.678 39.7426 39.6282 38.996 38.8438 37.3426 37.2163 59.7179 58.5109
threshold=0.41428571428571431 2.7400860427174862 -0.27787662703641075 0.013866101543070533 -0.43420302741638689 -1.1431674491659831 0.23261337953476524 1.1695787709312464 0 0.0092442374669263108 0.013589144344513754 1.5000000000000002 -0.024938963766573004 0.29063477531228615
decision_type=10 2 10 10 10 8 8 8 1 10 10 2 10 10
left_child=-1 2 7 4 5 6 9 10 -3 -4 -2 12 13 -6
right_child=1 8 3 -5 11 -7 -8 -9 -10 -11 -12 -13 -14 -15
leaf_value=-0.00108096830127168 8.6562676218397211e-05 -0.00386467273321122 -0.00096697287116996676 -0.0024709035360797535 0.00075968208942109371 -0.0053692159780213888 -0.0098642312637739742 0.011149071725583416 0.008954640804111659 0.023074920146106386 0.0038433707929110914 0.0023807176041633193 -0.0039400109165683228 0.018305172013966482
leaf_weight=19828.741366326809 6639.025090739131 274.98593175411224 106.03490583598614 6686.2947709858418 702.80857898294926 1998.6328281909227 91.201451137661934 382.58143582940102 839.46838577091694 128.43240857124329 3703.4765717834234 8263.556652918458 2342.1887669861317 216.49048686027527
leaf_count=90463 30202 1207 499 30603 3154 9298 426 1655 3640 599 16356 36913 10620 953
internal_value=-0.000110969 0.000483274 0.000290838 -0.00049305 0.000462927 -0.00372743 0.00620802 0.00179083 0.00583057 0.0126075 0.00143423 0.00131051 -0.00140003 0.00504408
internal_weight=52203.9 32375.2 31260.7 20535.6 13849.3 2324.3 325.669 10725.1 1114.45 234.467 10342.5 11525 3261.49 919.299
internal_count=236588 146125 141278 93065 62462 10822 1524 48213 4847 1098 46558 51640 14727 4107
cat_boundaries=0 1
cat_threshold=644
is_linear=0
shrinkage=0.03


Tree=120
num_leaves=15
num_cat=0
split_feature=31 39 39 41 38 40 38 40 40 40 19 19 40 37
split_gain=38.0735 38.2224 70.7929 78.1789 82.8304 77.6992 107.143 189.336 75.1702 69.281 65.3455 64.4777 63.6225 69.3823
threshold=2.8312508026343428 -1.1924373062288918 -0.57872202016650387 0.95000000000000007 -0.1719380628677514 -0.19855484225155315 -0.89447341339668018 -0.69353555611436823 0.083525474325310142 -0.52886194147869103 0.30195724968847415 1.6920711896443714 -1.745031036448901 -0.14960318950031029
decision_type=10 8 8 2 10 8 10 10 10 10 2 2 10 10
left_child=1 12 3 4 8 6 9 -8 -3 -4 -7 -9 13 -1
right_child=-2 2 5 -5 -6 10 7 11 -10 -11 -12 -13 -14 -15
leaf_value=-0.0005354347345862615 0.0088224204465891833 -0.0039305686305275119 0.014832991068931359 -0.013895941932058906 0.0017903877018556663 -0.0022989580788525042 -0.0087552474480961893 0.0057971039411271871 -0.024849502838873671 0.0020552083017758987 0.0005632534035790442 -0.0018028826320155805 0.0045017854727402527 -0.021033556341314062
leaf_weight=1122.1140090376139 427.92637841403484 4246.9635687023401 955.6513610035181 533.7567707747221 2944.4370011687279 11310.605433180928 1371.9773773103952 3734.8608726859093 150.96931971609592 637.77185885608196 19613.97140955925 1367.6062772125006 3602.7915566563606 161.40411919355392
leaf_count=5244 1830 19867 4323 2494 13384 52066 6322 16955 731 2922 87178 6109 16237 851
internal_value=1.39111e-05 -6.06108e-05 -0.000324031 -0.00291635 -0.00210037 0.000200208 0.00282017 0.00109896 -0.00470341 0.00976336 -0.000484 0.00376055 0.00246157 -0.00325578
internal_weight=52182.8 51754.9 46868.6 7876.13 7342.37 38992.4 8067.87 6474.44 4397.93 1593.42 30924.6 5102.47 4886.31 1283.52
internal_count=236513 234683 212351 36476 33982 175875 36631 29386 20598 7245 139244 23064 22332 6095
is_linear=0
shrinkage=0.03


Tree=121
num_leaves=15
num_cat=0
split_feature=32 33 40 12 40 39 37 37 39 10 1 21 40 40
split_gain=30.7978 40.4039 42.5095 38.096 33.9865 95.1367 63.2885 60.0365 49.8933 58.4832 41.5721 41.5422 40.2443 41.7366
threshold=-0.8898488632300442 -0.86530924057212777 0.82280941793215912 0.044726875793469636 -1.7980471760198522 -1.8876272350736987 -0.3245627960430994 -1.7324497193990476 -1.1924373062288918 -0.88392414722112223 0.022934256431168094 -1.0000000180025095e-35 -1.5388585142873519 -1.1775925960796483
decision_type=10 8 10 2 10 10 10 10 10 10 8 8 10 10
left_child=1 2 3 -1 6 -6 -2 10 9 11 -7 12 -9 -14
right_child=4 -3 -4 -5 5 7 -8 8 -10 -11 -12 -13 13 -15
leaf_value=-0.0032582791317570807 -0.001642452228402057 0.0041748869347070627 0.0087391344640306706 0.0092255485834596678 0.019532591724009608 -0.008915101976063473 -0.021499931217353805 -0.011472059120188978 -0.00024265960607851563 -0.00023603438859137515 0.011895742392426486 0.015872754968971111 0.015841936178046377 -0.00074065397196830854
leaf_weight=2243.4296382218599 626.13528652489185 3535.4249702244997 369.05392442643642 234.13288074731827 211.60737153887749 986.41501235961914 178.53370733559132 112.78594601154327 41354.524919509888 1253.259805560112 85.996139511466026 470.83759725093842 263.92318296432495 270.78495010733604
leaf_count=10327 2953 15821 1605 980 887 4968 942 526 187177 5673 365 2041 1142 1186
internal_value=8.68247e-05 0.00203758 -0.000622219 -0.0020462 -0.000185303 -7.53703e-05 -0.0062581 -0.000172328 4.44638e-07 0.00422278 -0.00715181 0.00917737 0.00414133 0.00758481
internal_weight=52196.8 6382.04 2846.62 2477.56 45814.8 45010.1 804.669 44798.5 43726.1 2371.59 1072.41 1118.33 647.494 534.708
internal_count=236593 28733 12912 11307 207860 203965 3895 203078 197745 10568 5333 4895 2854 2328
is_linear=0
shrinkage=0.03


Tree=122
num_leaves=15
num_cat=1
split_feature=25 40 37 1 12 14 37 1 37 15 30 11 16 46
split_gain=28.2095 43.4349 57.8668 43.6868 45.6544 48.5387 43.5306 39.8634 41.4618 39.105 83.6076 78.6879 66.8027 83.1717
threshold=-0.021854085914295662 -1.6823852431989177 -1.1434865799866025 0.032867599984082202 0.034321947982413059 0.38302203765442983 -1.7842672868464209 0.01964875227090029 -0.22872509449459624 0.21176470588235333 2.5000000000000004 -1.6316574510347974 0.39953361658316605 0
decision_type=10 10 8 10 2 10 10 10 10 8 2 8 10 1
left_child=1 2 -1 4 6 -6 -3 9 -9 10 -8 -12 -13 -14
right_child=-2 3 -4 -5 5 -7 7 8 -10 -11 11 12 13 -15
leaf_value=0.0045621809814722055 0.00077633321421316786 -0.011334763455844023 -0.014481257781482394 -0.0071678671771578661 0.011927242998143852 0.00060656833158166234 0.0037971851212923293 0.0032120820158156442 -0.0072384589194736211 0.00049318730786165909 0.012415767633493341 -0.010968032473439358 -0.013101680799250877 0.010664363039624838
leaf_weight=207.48872825503349 24624.731799796224 320.61090186238289 429.40224026143551 830.50520507991314 545.12846797704697 886.12444551289082 1089.6969444006681 448.51220171153545 1361.6394623368979 19184.089364230633 177.61270947754383 1576.7699041217566 198.10102280974388 318.43497440218925
leaf_count=985 110344 1685 2175 3736 2361 3941 5006 2067 6363 87243 825 7440 947 1509
internal_value=3.8502e-05 -0.000620452 -0.0083026 -0.000435805 -0.000218983 0.00497117 -0.000521919 -0.000374984 -0.00464564 -3.01778e-05 -0.00301041 -0.00627935 -0.00791708 0.00142764
internal_weight=52198.8 27574.1 636.891 26937.2 26106.7 1431.25 24675.5 24354.9 1810.15 22544.7 3360.62 2270.92 2093.31 516.536
internal_count=236627 126283 3160 123123 119387 6302 113085 111400 8430 102970 15727 10721 9896 2456
cat_boundaries=0 1
cat_threshold=424
is_linear=0
shrinkage=0.03


Tree=123
num_leaves=15
num_cat=0
split_feature=24 45 43 32 23 40 37 16 11 1 8 40 35 16
split_gain=36.4128 42.4325 40.8441 37.9912 35.6956 35.2313 49.7768 49.0894 55.0145 57.3832 51.0394 47.8496 56.4471 44.0978
threshold=-0.011641570188124532 0.42384743523165019 0.81666666666666676 -0.8898488632300442 0.039578645182583201 -1.7980471760198522 -1.4494537683215323 0.24173156444381808 -0.98397719212591905 0.027042210423424615 -1.4127662430527577 0.14189900311352202 0.53411816370612286 0.4879161069960945
decision_type=10 8 8 10 10 10 10 8 10 10 10 10 10 10
left_child=2 -2 4 -3 -1 6 -5 8 9 11 -10 -7 -13 -9
right_child=1 3 -4 5 -6 7 -8 13 10 -11 -12 12 -14 -15
leaf_value=-0.0020572564932102989 0.011419282414496076 0.0030033364762855732 0.0016478388679872402 0.0032332536774314141 -0.019995383638481874 0.0060085875947220712 -0.014355161706529104 -0.0020931531395473879 -0.010355252501436631 0.021972930725303975 0.0010180924782364677 -0.00862064415769828 0.0097882128118283781 0.00046754998179983451
leaf_weight=10863.152848482132 303.35214877128601 4247.0952206999063 3150.0027843415737 238.82885260879993 90.921282753348351 2592.7834622114897 346.13465349376202 9533.9831956923008 391.8235767185688 162.0905823558569 3045.6627748310566 469.94589711725712 208.52104038000107 16537.700731873512
leaf_count=49903 1340 18997 14217 1107 421 11747 1743 43684 1864 693 13871 2173 929 73856
internal_value=-5.73278e-05 0.000425006 -0.0013589 0.000333717 -0.00222425 -5.25227e-06 -0.00724052 0.000125383 0.00237934 0.00505958 -0.000304581 0.00415712 -0.00290284 -0.0004693
internal_weight=52182 38077.9 14104.1 37774.6 10954.1 33527.5 584.964 32942.5 6870.83 3433.34 3437.49 3271.25 678.467 26071.7
internal_count=236545 172004 64541 170664 50324 151667 2850 148817 31277 15542 15735 14849 3102 117540
is_linear=0
shrinkage=0.03


Tree=124
num_leaves=15
num_cat=1
split_feature=39 39 36 41 8 39 15 46 30 20 30 41 39 34
split_gain=37.1071 67.9646 64.0834 70.8229 57.9356 48.773 47.8838 47.7746 45.6167 133.839 125.718 79.3287 77.065 69.415
threshold=-1.1924373062288918 -0.57872202016650387 -1.2916645236870627 0.95000000000000007 -1.4754985222815058 -1.002637037403715 0.079794192636138031 0 2.5000000000000004 0.21784545591845564 4.5000000000000009 0.95000000000000007 0.44878496936625373 -0.87656651610042335
decision_type=10 10 10 2 8 10 8 1 2 10 2 2 10 10
left_child=7 2 5 4 6 -2 -4 -1 9 -3 12 -11 -10 -12
right_child=1 8 3 -5 -6 -7 -8 -9 10 11 13 -13 -14 -15
leaf_value=0.008830531001814584 0.00060257553308872068 0.0017737287659405495 0.0058330380546026284 -0.012250709061610762 -5.5196646346639504e-05 -0.014410501546666061 -0.015358893772013219 0.0011217491705474048 0.0010647852805905191 -0.0017983413352983047 0.0087204610568051982 -0.008364244809583617 0.0059612850153030915 -0.0017279984885195479
leaf_weight=859.72695548832417 272.57885921001434 8331.9758409261703 119.65297305583954 525.92081753909588 5948.4411039203405 665.33234113454819 397.17371372878551 4155.3714695721865 6273.7205539941788 6041.6097844094038 595.86067119240761 2275.7554796338081 5366.7305510789156 10347.189869701862
leaf_count=3927 1296 37709 568 2472 27288 3204 1940 18977 28337 27086 2664 10395 23153 47533
internal_value=2.72663e-05 -0.000233809 -0.00276522 -0.00176995 -0.000899786 -0.010087 -0.0104351 0.002478 0.000278373 -0.000912706 0.00115649 -0.00360276 0.00332545 -0.00115163
internal_weight=52177 47161.9 7929.1 6991.19 6465.27 937.911 516.827 5015.1 39232.8 16649.3 22583.5 8317.37 11640.5 10943.1
internal_count=236549 213645 36768 32268 29796 4500 2508 22904 176877 75190 101687 37481 51490 50197
cat_boundaries=0 1
cat_threshold=72
is_linear=0
shrinkage=0.03


Tree=125
num_leaves=15
num_cat=1
split_feature=40 35 39 11 11 46 10 19 8 11 2 43 1 1
split_gain=30.3885 58.9802 53.0476 53.8075 47.1464 29.5445 57.7834 41.413 42.2342 37.156 36.8394 54.0969 36.3904 57.0221
threshold=-2.0528654686053511 -0.46154755052033131 -1.9798366764277011 -0.91468067976379774 -0.97020056633039131 0 0.85890253023272656 5.0728980262540029 -1.7603590693115885 0.94254453883156009 0.34682682304505957 0.84523809523809534 0.018690971343422506 0.02125563125452648
decision_type=8 10 8 8 8 1 10 2 10 8 8 10 10 10
left_child=1 4 3 -2 -1 6 7 8 -4 -9 11 -7 -10 -14
right_child=2 -3 5 -5 -6 10 -8 9 12 -11 -12 -13 13 -15
leaf_value=-0.010164203995738384 -0.0013582700016744626 -0.02037016306733682 -0.0076430091470154156 0.022972417084035128 0.009714524607073725 -0.011809221489963249 -0.002073710181954245 0.0048928142756092096 0.0032708078712854792 -0.014832815142604134 -0.00030810696929208122 0.009722778377315909 -0.0094695227957612826 0.0021777403371127926
leaf_weight=204.2200114428997 145.83537003397942 181.75621750950813 362.62694631516933 173.28479300439358 205.29777781665325 512.16138119995594 4004.7858969867229 127.29702699184418 10725.370718538761 231.2434473335743 33377.535396814346 123.34970290958881 533.37795387208462 1236.726102694869
leaf_count=942 655 905 1732 739 934 2520 17735 555 48321 1019 151841 586 2399 5504
internal_value=6.62057e-05 -0.00663918 0.000144383 0.0121501 -0.000204664 6.72479e-05 0.00107896 0.00203591 0.00231851 -0.00788665 -0.000445353 -0.00754408 0.00261348 -0.00136536
internal_weight=52144.9 591.274 51553.6 319.12 409.518 51234.5 17221.4 13216.6 12858.1 358.54 34013 635.511 12495.5 1770.1
internal_count=236387 2781 233606 1394 1876 232212 77265 59530 57956 1574 154947 3106 56224 7903
cat_boundaries=0 1
cat_threshold=262
is_linear=0
shrinkage=0.03


Tree=126
num_leaves=15
num_cat=0
split_feature=44 45 9 30 39 11 15 1 11 12 16 39 11 39
split_gain=31.6254 45.565 38.6313 62.8226 56.9949 79.4994 50.9597 62.3711 49.1124 46.4131 46.1672 46.1461 45.3984 43.3794
threshold=0.020582831017610128 0.74908457070486656 1.2201816615184298 3.5000000000000004 1.1102231388867299 1.3571613783092673 0.53837373842793579 0.010175679988306539 -0.50101099258257586 0.014542480178758995 0.67120587161597312 1.9611555039440209 1.7727799302570186 1.6110225624713537
decision_type=8 8 8 2 8 10 10 10 8 2 8 10 8 8
left_child=2 -2 4 8 -1 6 9 11 -4 -6 -9 -8 -5 -10
right_child=1 -3 3 12 5 -7 7 10 13 -11 -12 -13 -14 -15
leaf_value=-0.00049307641744664708 0.0057527159573853952 0.0005522314612155648 -0.022230622861827445 0.0031148972437609868 0.0016451288074401658 -0.0052373402448056029 0.010103741922935481 -0.0078975574146348988 -0.0010857951993365842 0.0196791491228516 0.0032733906549297738 -0.0060060708424337283 -0.011705589097577098 -0.010785079306306582
leaf_weight=34502.825073629618 1846.8068190217018 8283.5124581158161 167.33853854238987 1321.6262786835432 199.15190142393112 799.09709595143795 1217.7818803489208 521.78736424446106 908.87450563907623 362.01418028771877 881.03180329501629 177.28042587637901 206.29190792143345 757.62473054230213
leaf_count=157849 8249 37108 769 5836 867 3580 5247 2327 4040 1568 3893 785 917 3430
internal_value=1.26525e-06 0.00150504 -0.000361519 -0.0034412 -9.2905e-05 0.00322079 0.00524251 0.00356042 -0.00716926 0.0134199 -0.000908203 0.00802838 0.00105081 -0.00553332
internal_weight=52153 10130.3 42022.7 3361.76 38661 4158.14 3359.05 2797.88 1833.84 561.166 1402.82 1395.06 1527.92 1666.5
internal_count=236465 45357 191108 14992 176116 18267 14687 12252 8239 2435 6220 6032 6753 7470
is_linear=0
shrinkage=0.03


Tree=127
num_leaves=15
num_cat=3
split_feature=43 19 40 31 45 16 46 40 12 46 12 11 16 46
split_gain=30.4972 43.21 59.7478 35.3517 32.3275 44.7193 36.7787 44.73 38.4692 30.9876 30.2705 53.1418 49.2646 40.173
threshold=0.41428571428571431 -6.3865716343036825 -1.6823852431989177 2.8312508026343428 1.2726833085685452 0.17617481963915393 0 0.56831490529919615 0.02368958748072043 1 0.022766782597722659 2.1629152527826032 0.86682896516816044 2
decision_type=10 2 10 8 8 8 1 10 2 1 2 8 8 1
left_child=10 2 -2 4 -3 -6 7 8 -7 -4 11 13 -13 -1
right_child=1 3 9 -5 5 6 -8 -9 -10 -11 -12 12 -14 -15
leaf_value=-0.0032211366667189551 -0.0052308985127124102 0.00056603860771077292 -0.00086616391747056868 0.010929815057103883 -0.019603603173458481 -0.014441728529581008 -0.00063610536866426945 -0.025883480131829562 0.0072660828680632412 0.012115285225378612 0.0010196119921307277 -0.0017613214251768921 -0.02337353948812438 6.7008743513080891e-06
leaf_weight=5961.2557350993156 323.92191357910633 27373.668945163488 213.6844035834074 270.10297901928425 122.85865826904774 137.98311811685562 2884.3792590349913 109.87691816687584 137.0612508058548 782.19043126702309 5188.37902328372 190.59206825494766 182.66791094839573 8275.5549768954515
leaf_count=27507 1559 123359 973 1150 582 668 13089 520 625 3514 23429 882 827 37770
internal_value=-2.03058e-05 0.00054712 0.00584273 0.000320115 0.000223448 -0.00253469 -0.00183542 -0.0103018 -0.00374879 0.00946078 -0.000947432 -0.0016462 -0.0126719 -0.00134843
internal_weight=52154.2 32355.7 1319.8 31035.9 30765.8 3392.16 3269.3 384.921 275.044 995.875 19798.4 14610.1 373.26 14236.8
internal_count=236454 146039 6046 139993 138843 15484 14902 1813 1293 4487 90415 66986 1709 65277
cat_boundaries=0 1 2 3
cat_threshold=529 448 676
is_linear=0
shrinkage=0.03


Tree=128
num_leaves=15
num_cat=0
split_feature=39 0 40 0 15 19 45 19 13 12 40 0 40 38
split_gain=32.1912 81.3987 58.9108 39.9907 45.5335 40.8306 33.0161 53.0953 52.2368 79.5453 78.641 64.6387 55.495 57.8953
threshold=-1.800661752700941 0.0085073086736567344 -2.1675646737775494 0.034476205061590375 0.1639244974533989 -6.0968016975951569 0.77404030145805491 -8.4391712556408809 45.164687942499064 0.027986661552477785 0.56831490529919615 0.0032850460388870952 -0.69353555611436823 -0.80830578570662404
decision_type=10 8 10 10 8 2 8 2 8 2 10 10 10 10
left_child=1 -1 -2 4 5 -3 -4 -8 9 11 12 -9 13 -10
right_child=2 3 6 -5 -6 -7 7 8 10 -11 -12 -13 -14 -15
leaf_value=0.021410423083108664 -0.020520372544105537 -0.0027761738638848615 0.0015724872569655819 0.016698023456355612 -0.013141573834400105 0.013812669924498646 0.0075292326666206201 -0.017210048970437906 0.0062052703626976598 0.0027039310000059017 -0.0017793423046349051 -0.0028208211171738009 0.0023949247294089674 -0.003884304074841049
leaf_weight=212.00471144914627 115.58046674728394 380.38197788596153 10258.490410104394 117.41298694908619 206.80511698126793 193.68564645946026 749.03135259449482 279.60524213314056 623.96789282560349 2526.9829191714525 10416.045712277293 10013.776629447937 13428.414999589324 2657.2422353476286
leaf_count=894 579 1725 45846 485 933 843 3429 1367 2827 11176 46701 46876 60662 12228
internal_value=0.000112145 0.00514266 1.79157e-06 0.00110985 -0.00141551 0.00296143 5.23604e-05 -0.000331128 -0.000480366 -0.00205759 0.000265556 -0.00322801 0.00154056 -0.00195261
internal_weight=52179.4 1110.29 51069.1 898.286 780.873 574.068 50953.6 40695.1 39946 12820.4 27125.7 10293.4 16709.6 3281.21
internal_count=236571 4880 231691 3986 3501 2568 231112 185266 181837 59419 122418 48243 75717 15055
is_linear=0
shrinkage=0.03


Tree=129
num_leaves=15
num_cat=0
split_feature=38 37 29 39 11 12 36 11 1 13 19 36 38 35
split_gain=36.634 49.121 41.6705 36.0135 36.2662 78.2092 34.24 33.6732 44.2466 30.1814 28.6185 28.4522 61.2866 58.0118
threshold=2.4326689520438873 1.9533495851223017 13.000000000000002 2.1324168955337464 3.1959690996984662 0.017551189285290685 1.6187482958596198 2.0889122416477606 0.019850056862785976 59.528884445377365 7.4684236787910816 -0.28579423544681298 1.1913822755029051 -0.8632309886276256
decision_type=8 10 2 10 10 2 10 10 10 8 2 10 10 10
left_child=3 6 -3 4 11 -6 9 8 10 -2 -5 12 -1 -14
right_child=1 2 -4 7 5 -7 -8 -9 -10 -11 -12 -13 13 -15
leaf_value=0.0005596049896138105 0.014301780326697664 -0.0086893954919010571 0.0095414059140126184 -0.0099441444839444039 -0.0049713964298636485 0.031615885845492825 0.020345634729393006 -0.022683602138960281 0.0095410079861169821 -0.0077042198352714041 0.0045874625530839246 -0.00062841103820625212 0.026868204071751091 0.0045749786817136364
leaf_weight=16439.9447247684 104.11822107434273 261.57429002225399 183.16397231817245 602.13803724944592 106.32624031603336 89.727792486548424 239.49383254349232 86.440149813890457 168.70726591348648 101.30448004603386 146.00083278119564 33100.064681887627 138.66765758395195 377.26860637962818
leaf_count=74332 451 1120 789 2828 486 400 1006 408 786 440 679 150475 586 1647
internal_value=-7.24874e-05 0.00592886 -0.00113639 -0.000177791 -6.48681e-05 0.0124952 0.012861 -0.00577734 -0.00395588 0.00359563 -0.00708517 -0.000116548 0.000882456 0.0109636
internal_weight=52144.9 889.655 444.738 51255.3 50252 196.054 444.917 1003.29 916.846 205.423 748.139 50055.9 16955.9 515.936
internal_count=236433 3806 1909 232627 227926 886 1897 4701 4293 891 3507 227040 76565 2233
is_linear=0
shrinkage=0.03


Tree=130
num_leaves=15
num_cat=0
split_feature=20 30 39 0 19 20 12 43 21 1 19 15 1 19
split_gain=30.2497 33.3274 31.3135 71.7511 43.2861 33.413 33.9559 31.8564 31.2825 55.3136 38.301 35.3977 62.4379 43.656
threshold=-1.4284023069031835 4.5000000000000009 -1.800661752700941 0.010996838162313515 -6.3865716343036825 -0.76830325621526241 0.041494004614875089 0.95000000000000007 -0.53596405615498222 0.032867599984082202 -9.1473513046541175 0.21176470588235333 0.01702567561104194 -6.8199786683309824
decision_type=8 2 8 10 2 10 2 10 8 10 2 10 10 2
left_child=1 -1 3 4 -2 6 -5 8 9 11 -10 12 13 -4
right_child=2 -3 7 5 -6 -7 -8 -9 10 -11 -12 -13 -14 -15
leaf_value=-0.000821776993617231 -0.00028801066173273133 -0.015639778643868611 0.0055129109102253823 -0.002225527623769704 0.024287579788854138 -0.013216332858886772 0.014092239573740258 0.0020726649877490944 0.011164459519380459 -0.01227776334910652 0.00021094707514223541 -0.00043186289151544895 0.0074414812465587211 -0.0082500652940466403
leaf_weight=339.09102736413479 90.177223458886147 220.11048305034637 229.25381097197533 334.83696030080318 214.53169056773186 131.07854975759983 162.92450797557831 6021.269393786788 280.17047213017941 396.457907512784 29189.065056890249 12480.54031214118 326.80028815567493 1687.7618712931871
leaf_count=1622 415 1130 1078 1530 892 579 677 26962 1260 1807 131576 57163 1513 8073
internal_value=5.13782e-05 -0.00682667 0.000127307 0.00554225 0.0172365 -0.000305384 0.00328786 2.63504e-05 -0.000250379 -0.00135921 0.000318836 -0.00105709 -0.00451739 -0.0065841
internal_weight=52104.1 559.202 51544.9 933.549 304.709 628.84 497.761 50611.3 44590 15120.8 29469.2 14724.4 2243.82 1917.02
internal_count=236277 2752 233525 4093 1307 2786 2207 229432 202470 69634 132836 67827 10664 9151
is_linear=0
shrinkage=0.03


Tree=131
num_leaves=15
num_cat=0
split_feature=39 40 38 40 36 15 7 40 38 38 40 38 39 35
split_gain=40.2947 65.2966 52.6486 53.4445 52.6229 49.1572 48.2194 59.7863 44.6429 43.5044 46.2702 47.5563 39.8737 71.1525
threshold=-1.1924373062288918 -1.2203586521697785 0.22856875432631904 -0.67855162785403966 -0.1448011785851715 0.44054810520019033 -0.15601960167436438 -1.6823852431989177 0.18135288024196225 -2.6119452810248469 -0.9308505836297204 -0.84013620336489458 -0.57872202016650387 -1.6475202427365476
decision_type=10 10 10 10 10 10 8 8 10 8 8 8 10 10
left_child=2 8 5 4 -4 6 9 -8 -2 -1 -11 -12 13 -3
right_child=1 12 3 -5 -6 -7 7 -9 -10 10 11 -13 -14 -15
leaf_value=-0.0084892160831188702 -0.0085574916715981091 -0.012262373811531682 0.022372116151750002 0.03040237242790407 -0.00021603463366070413 0.01752381890608468 -0.01733132145317811 -0.00056488875852421939 0.0093095941943826515 0.0053788747778674957 -0.013564319065579979 0.0048816591813589209 0.00034240517896258927 -0.0012135807740527426
leaf_weight=277.48487795889378 1203.9143563807011 562.24423788487911 122.60240384936333 98.236395254731178 308.79388976097107 156.64228391647339 246.34684138000011 758.44112153351307 132.17604476213455 2506.7691928893328 249.29201024770737 236.68853498995304 38942.614158183336 6340.3190357089043
leaf_count=1306 5632 2730 531 421 1368 706 1248 3365 622 11423 1217 1057 175602 29258
internal_value=4.91841e-05 -0.000221452 0.00261816 0.0114677 0.00656491 0.0015371 0.0009118 -0.00480584 -0.00673392 0.00267786 0.00373808 -0.00466323 -3.02282e-05 -0.00212999
internal_weight=52142.6 47181.3 4961.3 529.633 431.396 4431.66 4275.02 1004.79 1336.09 3270.23 2992.75 485.981 45845.2 6902.56
internal_count=236486 213844 22642 2320 1899 20322 19616 4613 6254 15003 13697 2274 207590 31988
is_linear=0
shrinkage=0.03


Tree=132
num_leaves=15
num_cat=2
split_feature=11 12 20 30 11 1 20 38 1 2 46 16 46 39
split_gain=32.536 76.8041 34.9995 119.735 63.9861 77.3784 63.429 53.2075 63.6035 48.4826 53.7913 56.3055 42.4104 41.5732
threshold=3.1959690996984662 0.019392389400833369 0.73495337656021886 2.5000000000000004 1.8657376744546386 0.013259214923021038 1.8315396132392847 1.4041492577238197 0.019072376895012767 1.0860160991476 0 0.54850478065241837 1 1.0767330620930282
decision_type=10 2 10 2 8 10 10 8 8 10 1 8 1 10
left_child=2 -2 7 9 5 6 12 13 -9 10 -4 -12 -5 -1
right_child=1 -3 3 4 -6 -7 -8 8 -10 -11 11 -13 -14 -15
leaf_value=-0.00023690539658171748 -0.0046160127176456999 0.030267904400723009 -0.020392465077061182 0.0078102690487802957 -0.0086819670994913809 -0.0027765225401498658 0.017474866031544675 0.0075001473679793939 -0.0082054036342573602 -0.0022450300859576922 -0.017495669224208858 -0.0040384887390837306 0.00059307451909086141 0.0031527678775025263
leaf_weight=36615.134952917695 120.1152309179306 94.066019609570503 297.16344487667084 1192.690614849329 540.37989802658558 1894.4274800121784 311.4531361758709 1594.2262364178896 262.8360625654459 1932.5077162235975 340.98484793305397 1432.4742082059383 1875.4934218227863 3564.2131657451391
leaf_count=167693 548 419 1381 5189 2400 8472 1347 7005 1176 8604 1574 6488 8154 15684
internal_value=-3.29034e-05 0.0113714 -8.21918e-05 -0.00169401 0.00105536 0.00206759 0.0047831 0.00029456 0.00524525 -0.00568007 -0.00885979 -0.0066721 0.00344216 6.4494e-05
internal_weight=52068.2 214.181 51854 9817.57 5814.44 5274.06 3379.64 42036.4 1857.06 4003.13 2070.62 1773.46 3068.18 40179.3
internal_count=236134 967 235167 43609 25562 23162 14690 191558 8181 18047 9443 8062 13343 183377
cat_boundaries=0 1 2
cat_threshold=640 169
is_linear=0
shrinkage=0.03


Tree=133
num_leaves=15
num_cat=0
split_feature=27 37 38 34 34 39 39 29 39 32 32 34 37 38
split_gain=29.8559 50.5527 39.8077 38.6677 56.6234 48.7378 48.4719 40.7087 42.49 38.8228 32.8534 30.2231 40.5566 56.3159
threshold=0.096681254117309531 0.40025303896032116 0.92159327893269705 -0.56352823351881021 -1.8671218978972182 1.8222334440802765 1.0767330620930282 13.000000000000002 -1.1130031324095946 -0.43732740661758412 -1.7150608978837971 0.47370354575243201 0.27836158822628732 -0.16339987913102602
decision_type=10 8 10 10 8 10 8 2 10 10 10 10 10 10
left_child=1 2 -1 4 7 6 -6 8 -2 -5 -9 -11 13 -13
right_child=3 -3 -4 9 5 -7 -8 10 -10 11 -12 12 -14 -15
leaf_value=-0.0030883037277721894 0.012816545084145167 0.0014452153455243668 0.0096821653521728442 0.0022639040382001572 0.002940482281603683 -0.010902871954242327 0.011570061310802385 0.00342604808380226 -0.0041814086584592482 -0.0012875357065961668 -0.012657307924437066 -0.00069340075747526648 -0.00095548514055932086 0.0060816356874126339
leaf_weight=7705.4453022181988 201.27753596007824 3889.4822902977467 216.60372814536095 5281.3866011351347 5635.642236366868 198.90999382734299 646.09523053467274 144.31183688342571 345.48202946782112 17573.151844054461 479.93309473991394 2069.7035122960806 5394.9598936289549 2352.5263529866934
leaf_count=35223 919 17374 959 23796 25539 893 2773 662 1581 80775 2214 9376 23978 10397
internal_value=-2.7482e-05 -0.0013533 -0.00272737 0.000361115 0.00227929 0.00337628 0.00384504 -0.00376893 0.00219382 -8.86779e-05 -0.00894379 -0.000542962 0.000789808 0.00291636
internal_weight=52134.9 11811.5 7922.05 40323.4 7651.65 6480.65 6281.74 1171 546.76 32671.7 624.245 27390.3 9817.19 4422.23
internal_count=236459 53556 36182 182903 34581 29205 28312 5376 2500 148322 2876 124526 43751 19773
is_linear=0
shrinkage=0.03


Tree=134
num_leaves=15
num_cat=0
split_feature=44 24 16 11 39 9 11 43 8 38 10 37 11 39
split_gain=31.5529 39.9713 49.0677 62.2981 48.1369 44.2695 39.3588 40.1198 31.1857 40.1476 38.7582 38.5196 34.2873 33.1723
threshold=0.01966217613558241 0.007635078541261082 0.90448780506452986 1.8657376744546386 1.1672008633511177 1.0378172039847036 2.8135121707842776 0.29285714285714287 0.71473367289871559 -0.1719380628677514 0.68768999569324474 -0.14960318950031029 0.86381745033209056 -1.800661752700941
decision_type=10 10 10 10 10 10 10 8 10 10 8 10 8 10
left_child=1 2 -1 -4 8 -6 7 -2 9 12 11 -11 13 -3
right_child=6 4 3 -5 5 -7 -8 -9 -10 10 -12 -13 -14 -15
leaf_value=-0.00078673055981365108 -0.0077832988122065166 0.010649099659957662 -0.0028031429320612526 -0.018152051285314594 0.0097432597311642027 0.00089102227130998413 0.01802837185127729 0.0016240933305012215 -0.0033852872146652537 0.0087904025412474506 -0.0035641033874551213 0.0021412353826919255 0.0059889373562721313 -0.002948154598271047
leaf_weight=26305.790945380926 415.58258877694607 159.30729866027832 891.94798071682453 317.05714178085327 974.43840093910694 1056.1370595544577 117.30199851095676 9969.6953325271606 1853.8684675991535 961.19015485048294 825.90638917684555 4132.9739471226931 492.92007414996624 3627.0654025971889
leaf_count=120176 1886 705 3959 1452 4238 4672 517 44634 8264 4283 3706 18722 2220 16870
internal_value=-2.35032e-05 -0.000394518 -0.00105972 -0.00694423 0.000904875 0.00516599 0.00144499 0.00124052 0.000183329 0.000834653 0.00243319 0.00341059 -0.00137731 -0.00234952
internal_weight=52101.2 41598.6 27514.8 1209.01 14083.8 2030.58 10502.6 10385.3 12053.2 10199.4 5920.07 5094.16 4279.29 3786.37
internal_count=236304 189267 125587 5411 63680 8910 47037 46520 54770 46506 26711 23005 19795 17575
is_linear=0
shrinkage=0.03


Tree=135
num_leaves=15
num_cat=0
split_feature=19 39 39 11 40 11 40 40 38 35 39 37 39 37
split_gain=32.8162 39.1318 39.7259 92.4155 89.1617 105.548 51.2155 80.0887 75.7721 76.9566 69.6314 66.9731 66.6218 59.8592
threshold=7.4684236787910816 1.9611555039440209 1.1672008633511177 1.483218987472857 1.3064938115168161 0.5336134681514344 1.6877905140902369 0.51990211827113264 1.0314530475032557 -1.0979416159164725 0.78443120026194424 1.4156521236051713 0.77145826165893305 0.25174472403355236
decision_type=2 10 8 10 10 10 10 10 10 10 10 10 10 10
left_child=1 2 6 4 -4 -6 7 10 -9 -10 -1 12 -8 -11
right_child=-2 -3 3 -5 5 -7 11 8 9 13 -12 -13 -14 -15
leaf_value=-4.1462220803693862e-05 0.0043882936925536678 -0.0049926633897248891 0.0079090092040758099 -0.0065554230570125651 -0.0056505449685860703 0.0074202071802997082 2.763725653202651e-05 -0.0047412028554919515 0.024929666057499199 0.015431297251819943 0.006648706962493132 -0.012519396043238887 0.021368475096070091 -0.0012102805234147907
leaf_weight=32839.54773761332 1486.0433795452118 1431.1548822671175 2510.3347409069538 870.52960649132729 1342.9835298657417 933.96285565197468 226.12530617415905 6235.4130443632603 109.38736782968044 203.26496267318726 1452.4967460334301 109.17201106250286 305.21531726419926 2204.5682515054941
leaf_count=150448 6595 6548 10913 3886 5866 4030 963 28478 472 904 6311 457 1295 9852
internal_value=9.15328e-06 -0.000119853 2.2462e-05 0.00238547 0.00402158 -0.000280153 -0.000284055 -0.000410224 -0.00296986 0.00141934 0.000243767 0.00807092 0.0124546 0.000252584
internal_weight=52260.2 50774.2 49343 5657.81 4787.28 2276.95 43685.2 43044.7 8752.63 2517.22 34292 640.513 531.341 2407.83
internal_count=237018 230423 223875 24695 20809 9896 199180 196465 39706 11228 156759 2715 2258 10756
is_linear=0
shrinkage=0.03


Tree=136
num_leaves=15
num_cat=0
split_feature=38 30 30 37 29 33 36 1 38 33 45 1 11 38
split_gain=36.2519 59.085 45.9125 41.8242 37.377 50.562 28.6548 58.5674 63.7326 59.4062 45.8976 43.8142 79.5455 76.6172
threshold=2.4326689520438873 4.5000000000000009 3.5000000000000004 1.2515648197586415 17.000000000000004 0.3763472673644977 -0.27787662703641075 0.0143156993551146 1.1913822755029051 -0.86530924057212777 1.2227003229789559 0.013390252347069437 2.8135121707842776 -0.18898188143061143
decision_type=10 2 2 10 2 10 10 8 8 8 10 10 10 10
left_child=6 2 3 -2 5 -5 7 8 -1 -10 -9 13 -13 -8
right_child=1 -3 -4 4 -6 -7 11 10 9 -11 -12 12 -14 -15
leaf_value=-0.00079982243744841099 0.021321029703577292 -0.011804831418447881 0.024210898288614596 0.013251562738797528 0.013934340466085842 -0.011243067968155438 -0.0029769522946284559 0.0051562330646962489 0.028975273562233929 0.0040984623485312522 -0.00075332320785214584 -0.0024446743844283524 0.01896143772374051 0.00111785279030977
leaf_weight=11460.271305650473 110.07488036155701 132.69306233525276 140.21779857575893 99.225612759590149 141.15238451957703 240.8599554002285 5439.4158474653959 3879.3597485870123 108.18217012286186 337.42476168274879 1696.4331136494875 11525.673591598868 148.48581086099148 16752.534770742059
leaf_count=52450 464 579 580 434 608 1034 25399 17041 459 1463 7558 52987 669 75094
internal_value=-5.72875e-05 0.00600046 0.00934582 0.00547686 0.00149252 -0.00392197 -0.000160393 0.000825709 -0.000363038 0.0106413 0.00336012 -0.000669512 -0.00215641 0.000113296
internal_weight=52212 864.224 731.531 591.313 481.238 340.086 51347.8 17481.7 11905.9 445.607 5575.79 33866.1 11674.2 22192
internal_count=236819 3699 3120 2540 2076 1468 233120 78971 54372 1922 24599 154149 53656 100493
is_linear=0
shrinkage=0.03


Tree=137
num_leaves=15
num_cat=0
split_feature=38 30 44 30 29 38 0 20 30 41 1 15 2 10
split_gain=28.5102 40.4136 38.095 34.6436 44.0585 58.534 33.4638 32.3895 138.261 98.8566 70.7374 44.3465 49.7957 41.8542
threshold=2.4326689520438873 4.5000000000000009 -0.13749750835241922 3.5000000000000004 17.000000000000004 3.2424842173161688 0.010417031352545595 0.72260559789066392 2.5000000000000004 0.95000000000000007 0.0056753136967946172 0.77912511322463784 0.46625789547253149 -0.8087283638101801
decision_type=8 2 10 2 2 10 10 10 2 2 10 10 10 8
left_child=2 3 -1 4 5 6 -2 11 9 -9 -10 12 -4 -14
right_child=1 -3 7 -5 -6 -7 -8 8 10 -11 -12 -13 13 -15
leaf_value=0.011043832424981481 -0.0049078145743861592 -0.0093394233072231925 -0.0039638961077820929 0.020843191866372283 0.01682681449286702 -0.019489281552728808 0.01386058203637305 -0.0030721106028099091 0.013515353459174239 -0.013590133100223662 0.00020628746294233278 0.0033350923583811932 0.0017785473150892001 -0.00053877891306472188
leaf_weight=258.67815564572811 146.82490988075733 136.72869475185871 2935.5959547162056 140.71414852142334 176.31853286921978 101.2765142172575 182.20286837220192 2651.1744202673435 375.85932289063931 1149.8542658239603 5249.3986243605614 3439.4618276953697 9653.5483054369688 25581.00701533258
leaf_count=1113 626 597 14141 580 750 432 788 11885 1580 5323 23207 15289 43962 116462
internal_value=-0.000130518 0.00518063 -0.000223048 0.00792539 0.0046395 -0.000623031 0.00558767 -0.000282307 -0.00186917 -0.00628124 0.00111796 7.75457e-05 -0.000216784 9.64456e-05
internal_weight=52178.6 884.066 51294.6 747.337 606.623 430.304 329.028 51035.9 9426.29 3801.03 5625.26 41609.6 38170.2 35234.6
internal_count=236735 3773 232962 3176 2596 1846 1414 231849 41995 17208 24787 189854 174565 160424
is_linear=0
shrinkage=0.03


Tree=138
num_leaves=15
num_cat=0
split_feature=19 9 15 30 0 38 8 30 11 35 1 41 36 2
split_gain=37.3098 77.3466 70.4605 64.1397 58.9861 60.0478 75.244 73.8281 69.2986 65.6003 65.5537 56.2507 53.0996 52.0466
threshold=0.30195724968847415 0.58053204041549133 0.27147142688818221 1.5000000000000002 0.0032850460388870952 -0.46786180689621598 0.68930924419224981 1.5000000000000002 -1.270839640926068 -1.3730688873722234 0.012993002554125698 0.95000000000000007 -1.2574721057525611 0.63542447702693627
decision_type=2 10 8 2 8 8 10 2 10 10 8 2 8 10
left_child=1 4 13 -4 11 7 12 -6 9 -9 -11 -1 -7 -2
right_child=2 -3 3 -5 5 6 -8 8 -10 10 -12 -13 -14 -15
leaf_value=-0.0086392607503793413 -0.0012782303356208195 -0.007276140137178054 -0.0019576090413946519 0.0015237778632833467 0.00232076796007637 -0.0082513696371025388 -0.0052790604128718803 -0.0093616681890265757 -0.0048227781821164866 -0.00035064233602831159 0.014997954256310939 0.01215347655845295 0.0021057399821207893 0.01893965024970393
leaf_weight=1186.4859892129898 174.30483612418175 1571.9561413228512 6628.9124465882778 16847.261895313859 2693.2628752738237 451.25777722895145 1507.9075017571449 298.24323052167892 6066.5241552442312 564.27052733302116 439.65342262387276 121.04415310919285 13290.23112256825 317.91882112622261
leaf_count=5641 814 7290 29889 74490 12363 2073 6906 1418 28603 2649 1964 565 60563 1425
internal_value=-9.15631e-05 -0.000831259 0.000778426 0.000540332 -0.000448072 -0.000125884 0.00106083 -0.00192368 -0.00347607 0.00278688 0.00645267 -0.00663675 0.00175987 0.0118973
internal_weight=52159.2 28190.8 23968.4 23476.2 26618.9 25311.4 15249.4 10062 7368.69 1302.17 1003.92 1307.53 13741.5 492.224
internal_count=236653 130035 106618 104379 122745 116539 69542 46997 34634 6031 4613 6206 62636 2239
is_linear=0
shrinkage=0.03


Tree=139
num_leaves=15
num_cat=0
split_feature=27 39 40 45 39 38 2 40 1 19 10 7 30 0
split_gain=30.491 34.569 70.5293 65.8775 61.0255 58.8849 55.3305 50.5315 56.2328 68.5178 51.7678 50.4023 65.8636 67.9378
threshold=0.076476781446960393 -1.0357267802456829 -0.39930634142084814 1.3801405940462932 -0.57872202016650387 -0.82475024927459251 1.5526465700299801 -0.19855484225155315 0.013866101543070533 -1.4059079374353913 -0.16190879713495562 -0.19805346818828731 3.5000000000000004 0.010933522255844723
decision_type=10 10 8 10 10 10 10 10 10 2 8 10 2 10
left_child=-1 2 3 6 5 -3 11 -6 9 10 -9 -2 -13 -14
right_child=1 4 -4 -5 7 -7 -8 8 -10 -11 -12 12 13 -15
leaf_value=-0.0014365421802404149 0.0049704406598264726 -0.0085992343236555337 0.015586033765789426 0.016407387885330204 0.002937800873060694 -0.0010962304205607929 -0.0069221368074779506 -0.00066317490290949228 -0.0021544919925432521 0.0019159243980934558 -0.0087429484453343496 -0.0079404863333262556 0.010901489140402124 -0.0075275361860650848
leaf_weight=9515.8352027982473 2449.5724972635508 1235.1980368942022 347.21501561999321 252.24895678460598 6614.9478022456169 3874.2299316078424 676.27046608924866 3088.1571529656649 7644.8062244057655 13873.805931404233 918.94401703774929 791.049102216959 492.4382489323616 271.88965675234795
leaf_count=43177 11261 5930 1563 1151 30019 17813 3087 14261 34796 61666 4305 3577 2309 1250
internal_value=9.76684e-05 0.00044119 0.00271038 0.0017745 0.000118862 -0.00292333 0.00095271 0.00060324 -2.67178e-06 0.000918008 -0.00253325 0.00229638 -0.00191988 0.00433329
internal_weight=52046.6 42530.8 5280.68 4933.47 37250.1 5109.43 4681.22 32140.7 25525.7 17880.9 4007.1 4004.95 1555.38 764.328
internal_count=236165 192988 24198 22635 168790 23743 21484 145047 115028 80232 18566 18397 7136 3559
is_linear=0
shrinkage=0.03


Tree=140
num_leaves=15
num_cat=0
split_feature=20 30 12 38 37 2 41 11 45 12 30 20 36 35
split_gain=28.6344 107.225 55.9127 53.2718 59.8975 50.2744 66.408 45.047 50.6433 54.2566 42.9995 69.3753 49.294 84.0703
threshold=0.72260559789066392 2.5000000000000004 0.0068145888219466972 1.4041492577238197 0.3273278763078365 0.95705735837089323 0.8500000000000002 1.8657376744546386 0.94611838887807231 0.030638867971002254 5.5000000000000009 -0.94968048813978034 -0.63231858497068016 -0.60493196807214211
decision_type=10 2 2 8 8 10 2 8 10 2 2 8 10 10
left_child=3 5 -3 10 -5 6 -2 -4 -9 -10 -1 -12 13 -13
right_child=1 2 7 4 -6 -7 -8 8 9 -11 11 12 -14 -15
leaf_value=0.00046870907205205203 -0.0034478733320216005 0.017342396308253228 0.0014425575153671408 0.02176644344902192 0.0034768173071568296 -0.0025091094670104544 -0.015618747216677354 -0.016048558049683109 -0.0074682188641616879 0.018510569190099677 -0.011597349565295166 0.00092939994503326727 -0.0023162360078142212 0.026851275428047348
leaf_weight=34508.482272565365 848.38305261731148 174.24893479049206 5260.4145512878895 168.89926408231258 1701.5307379066944 2476.0361050665379 772.30570177733898 286.66320334374905 204.54074092209339 99.229003891348839 636.20980459451675 541.74990047514439 4409.1872633248568 132.40841840207577
leaf_count=156914 3832 740 23106 731 7489 11077 3626 1270 914 444 3085 2469 20639 593
internal_value=-4.45888e-05 -0.00147645 0.00106988 0.000299946 0.00523533 -0.00521485 -0.00930787 0.000556492 -0.00723039 0.00133746 6.92272e-05 -0.00233763 -0.00115822 0.00633866
internal_weight=52220.3 10121.8 6025.1 42098.5 1870.43 4096.72 1620.69 5850.85 590.433 303.77 40228 5719.56 5083.35 674.158
internal_count=236929 45009 26474 191920 8220 18535 7458 25734 2628 1358 183700 26786 23701 3062
is_linear=0
shrinkage=0.03


Tree=141
num_leaves=15
num_cat=2
split_feature=43 24 42 16 45 16 10 46 46 12 11 19 39 10
split_gain=29.0983 31.1495 41.8726 46.5878 36.8785 53.9746 38.0738 31.1637 30.384 41.7946 38.1365 58.6242 39.0702 34.2919
threshold=0.41428571428571431 0.007428141510990611 0.81666666666666676 0.88573297651830984 0.67726937021661815 0.38882490948076381 -1.0870527142168613 0 1 0.016961828225413283 0.81847878769986671 2.8287276867042466 0.63125368893246814 0.69989552160954183
decision_type=8 8 10 10 10 8 10 1 1 2 8 2 10 8
left_child=8 2 3 -2 5 6 -4 -5 9 -1 11 12 -11 -10
right_child=1 -3 4 7 -6 -7 -8 -9 13 10 -12 -13 -14 -15
leaf_value=-0.0041104987194338291 -0.000389332495435109 0.0019152511609891096 0.014112951030641412 -0.011799417893451354 0.0010748490993571793 0.01330945009899695 -0.007603539388433468 -0.002114997521434668 0.00083410274519615986 -0.0017459259054710562 0.0071182514192973103 -0.020763155612260203 0.0083181961270804277 -0.0037883316406394528
leaf_weight=4559.5392206311226 13538.563351795077 11432.392220050097 90.201933443546295 530.6188874989748 5307.3798693716526 556.4964719414711 255.11986261606216 700.45434737205505 10015.703529790044 2295.3125721812248 594.17490641772747 121.26831555366516 398.72285410761833 1677.5638242959976
leaf_count=20754 61685 51271 411 2382 23872 2451 1180 3127 45972 10598 2683 550 1769 7594
internal_value=0.000103857 0.00065614 -3.05974e-05 -0.000899592 0.00203458 0.00760903 -0.00169341 -0.00646275 -0.000806394 -0.00223219 0.000277837 -0.00118593 -0.000231161 0.000168135
internal_weight=52073.5 32411.2 20978.8 14769.6 6209.2 901.818 345.322 1231.07 19662.3 7969.02 3409.48 2815.3 2694.04 11693.3
internal_count=236299 146379 95108 67194 27914 4042 1591 5509 89920 36354 15600 12917 12367 53566
cat_boundaries=0 1 2
cat_threshold=778 165
is_linear=0
shrinkage=0.03


Tree=142
num_leaves=15
num_cat=0
split_feature=14 8 12 16 1 11 7 9 15 39 30 41 8 5
split_gain=31.2871 60.4309 55.3952 53.4629 54.3076 51.6496 49.4549 49.2366 40.4987 39.4062 39.0481 143.876 78.0075 61.1308
threshold=0.24238088221048312 -1.5420378328674134 0.027986661552477785 0.19195967124068666 0.027042210423424615 -0.58202236876135471 -0.18951188999500004 0.33055046890480294 0.59685863874345624 0.5570626339436896 2.5000000000000004 0.8500000000000002 -0.2962846150946245 0.12877130911515064
decision_type=8 8 2 8 10 10 10 10 8 10 2 2 10 8
left_child=2 -2 -1 4 5 7 -7 -3 9 -4 11 13 -12 -5
right_child=1 3 8 10 -6 6 -8 -9 -10 -11 12 -13 -14 -15
leaf_value=-0.0024788934391102488 -0.0083782271343375431 0.0050714723563840391 0.0029685172552591597 -0.0015336373528134621 0.019026139395768523 0.0035033201131167511 -0.0098605791396834137 -0.012178939189661661 -0.010480015840343013 0.017188285651031098 -0.0024336967242879737 -0.0055171824120748897 0.001946248132700498 0.0030075409004976491
leaf_weight=8651.1583371162415 691.10307322442532 3636.000206977129 1460.4902070313692 5072.0289694964886 183.31565992534161 481.2006308734417 498.43771636486053 145.95133192837238 165.30377449095249 190.55421209335327 4731.1661157310009 4542.6831664443016 16042.593651980162 5607.6976116746664
leaf_count=40554 3290 16515 6445 22934 781 2207 2301 668 732 816 21730 20883 71594 24946
internal_value=-1.35292e-05 0.000355167 -0.00147887 0.0005046 0.00342623 0.00278704 -0.00332713 0.00437539 0.00327165 0.00470328 0.000102406 -0.00105148 0.000948037 0.000851422
internal_weight=52099.7 41632.2 10467.5 40941.1 4944.91 4761.59 979.638 3781.95 1816.35 1651.04 35996.2 15222.4 20773.8 10679.7
internal_count=236396 187849 48547 184559 22472 21691 4508 17183 7993 7261 162087 68763 93324 47880
is_linear=0
shrinkage=0.03


Tree=143
num_leaves=15
num_cat=0
split_feature=19 9 2 35 30 43 11 39 30 11 0 30 36 38
split_gain=31.4651 37.8722 41.0865 38.8877 45.8003 37.6197 37.2418 44.3802 34.3499 33.2673 29.1089 27.892 27.6032 38.1639
threshold=7.4684236787910816 1.7463013869021586 0.36034622516300313 -0.56618836732267563 3.5000000000000004 0.95000000000000007 1.6325446842502045 1.40863914065403 1.5000000000000002 0.44406334137843778 0.011483329504113828 5.5000000000000009 -2.4533527491768634 -1.9660167101013237
decision_type=2 10 8 10 2 10 8 10 2 10 10 2 8 10
left_child=1 2 5 -3 9 -1 8 -8 -2 -5 -11 -6 13 -4
right_child=6 3 12 4 11 -7 7 -9 -10 10 -12 -13 -14 -15
leaf_value=-0.0075242270727004278 -0.0024234471192977306 0.011038234824433706 0.00084661021605997029 -0.022571699241160547 0.0057396058066942575 0.010605744140995061 0.0062130018194910186 -0.0078585720133354103 0.013180596162789885 0.0025613553804944515 -0.013205336301660129 -0.0091531740358957014 0.00035073964395890858 -0.012326446140557454
leaf_weight=967.52760423719883 163.02110235393047 110.47689743340015 422.7594918012619 186.62944328784943 292.79867069423199 106.34166789054871 446.49983006715775 351.4271819293499 522.91572433710098 162.90906409919262 274.49731089174747 170.73913437128067 47621.48813714087 360.2264900803566
leaf_count=4741 738 479 2009 848 1283 498 1983 1590 2276 737 1253 772 215782 1722
internal_value=0.000127463 9.66768e-07 0.000129077 -0.00524713 -0.00698691 -0.00564759 0.00441859 -5.03419e-06 0.00949057 -0.0122269 -0.00740714 0.000176561 0.000258374 -0.0052929
internal_weight=52160.3 50676.4 49478.3 1198.05 1087.57 1073.87 1483.86 797.927 685.937 624.036 437.406 463.538 48404.5 782.986
internal_count=236711 230124 224752 5372 4893 5239 6587 3573 3014 2838 1990 2055 219513 3731
is_linear=0
shrinkage=0.03


Tree=144
num_leaves=15
num_cat=0
split_feature=4 16 31 38 44 40 38 39 39 1 11 20 32 1
split_gain=32.062 34.3691 32.677 45.4885 29.66 28.4996 35.1815 27.424 28.8959 58.7552 39.9553 38.4335 34.4769 31.5897
threshold=0.68158125070862308 0.26530612244897972 -0.54411996583370237 0.49823394192035891 -0.13749750835241922 0.53186611505036818 1.1114033660178195 2.0637555910113634 0.95219857194658142 0.005307420508664654 -1.0136177915991478 -0.033309607026807027 -0.018134973545100675 0.0083631725597977605
decision_type=8 8 10 8 10 10 10 10 10 10 8 10 10 10
left_child=2 -2 3 -1 -4 -5 -7 8 -6 -10 -11 13 -13 -12
right_child=1 -3 4 5 7 6 -8 -9 9 10 11 12 -14 -15
leaf_value=7.1028406830403931e-05 0.004947203716800473 0.00070242174467403441 0.012355743644535211 0.0087255624669337253 -0.0011482952299063333 -0.0029945172137976141 0.0059906593084075258 -0.0067261459563988501 0.014641250738283004 -0.012410637017186121 -0.0053240935030731571 0.003965440358997617 -0.0018271671461536766 0.013175828411067635
leaf_weight=8782.9191634505987 2147.265899643302 8429.297387689352 143.58276478946209 945.54737840592861 24393.935862645507 678.42826168239117 904.50918571650982 691.40471531450748 272.66481301188469 194.62229779362679 100.44892612099648 1409.622127443552 2642.8665350526571 368.18955367803574
leaf_count=40012 9646 37407 622 4215 112317 3030 3985 3233 1140 888 441 6208 11670 1611
internal_value=9.42672e-05 0.00156806 -0.000281367 0.00109344 -0.000796195 0.00463059 0.0021451 -0.000863073 -0.000722866 0.00135567 0.000558139 0.00114257 0.000192541 0.00918213
internal_weight=52105.3 10576.6 41528.7 11311.4 30217.3 2528.48 1582.94 30073.8 29382.4 4988.41 4715.75 4521.13 4052.49 468.638
internal_count=236425 47053 189372 51242 138130 11230 7015 137508 134275 21958 20818 19930 17878 2052
is_linear=0
shrinkage=0.03


Tree=145
num_leaves=15
num_cat=2
split_feature=4 20 46 46 12 10 38 16 1 1 11 16 39 37
split_gain=33.1954 28.669 41.0907 27.4016 38.4607 42.1218 52.3343 69.3293 44.6734 43.519 42.5228 34.8164 47.6421 41.3948
threshold=0.70773654416877163 0.88918566563204149 0 1 0.030988825258948857 -1.2833014741697513 -1.2884195211689851 0.33453833324588528 0.027042210423424615 0.020319553485487214 -0.95643677627493395 0.89699649987845309 -0.50697222414922305 0.30941397065864179
decision_type=10 10 1 1 2 8 10 10 10 10 10 10 10 10
left_child=3 -2 -3 11 -5 9 7 -7 -8 -6 -10 12 13 -1
right_child=1 2 -4 4 5 6 8 -9 10 -11 -12 -13 -14 -15
leaf_value=-0.0022871815514348497 0.0023927276220889189 0.002395890843870885 -0.0065163855891785076 -0.0016393267682172296 -0.0021414311173056167 -0.0012399792130211569 0.002591288367340387 0.023594840319879372 0.011872022713167566 0.023469030469690125 -0.0084183478262988276 -0.0033913783537813003 0.0017703705866099209 0.0050818568855294059
leaf_weight=5479.9069318473339 8337.6174015104771 992.85894651710987 845.56477142870426 16638.624415412545 93.56649161875248 204.7631774097681 1361.0022917985916 188.14999538660049 96.5659049898386 147.80120907723904 775.83619798719883 1929.5857412964106 14267.575206816196 774.49928668141365
leaf_count=25190 37125 4346 3749 77325 412 896 6036 812 421 623 3481 8559 64051 3522
internal_value=0.000109111 0.00164538 -0.00173859 -0.000263784 -0.00108569 0.00211734 0.000990544 0.0109428 -0.000801294 0.0138509 -0.00606332 0.000450749 0.000813701 -0.001368
internal_weight=52133.9 10176 1838.42 41957.9 19506.3 2867.69 2626.32 392.913 2233.4 241.368 872.402 22451.6 20522 6254.41
internal_count=236548 45220 8095 191328 90006 12681 11646 1708 9938 1035 3902 101322 92763 28712
cat_boundaries=0 1 2
cat_threshold=115 271
is_linear=0
shrinkage=0.03


Tree=146
num_leaves=15
num_cat=3
split_feature=43 19 40 20 35 24 44 46 46 39 46 36 30 35
split_gain=33.2794 32.2234 67.5118 32.701 34.3389 31.77 36.3509 38.8473 29.5156 33.2074 52.1788 41.4219 32.4043 35.1052
threshold=0.41428571428571431 -6.8199786683309824 -1.6823852431989177 -0.30655183303228789 -1.3730688873722234 0.015106023974854584 0.0070920335997881256 0 1 -1.0357267802456829 2 -1.2916645236870627 4.5000000000000009 0.20883752168877021
decision_type=10 2 10 10 10 8 10 1 1 8 1 10 2 10
left_child=8 2 -2 4 -4 6 -3 -8 -1 10 -10 -11 13 -13
right_child=1 5 3 -5 -6 -7 7 -9 9 11 -12 12 -14 -15
leaf_value=0.0023454262348406637 -0.0068520030151880077 -0.0011846083859988951 -0.00059014745394506617 -0.0035978315163753944 0.017071269071559755 0.0021800941118909462 -0.0018517226867134282 0.0021759509360796759 0.0097074990919457354 -0.0081137057178785263 -0.00075558336716678221 -0.0023344316111660137 -0.0037194723658159649 0.0011424642059178868
leaf_weight=2107.5452019423246 265.00977267324924 13140.442649900913 123.79357376694679 116.92714609205723 473.463274076581 6981.4341574758291 2888.5752959251404 8336.9680634588003 569.01787650585175 894.32022549211979 1574.786631077528 5223.0510064661503 4191.0763846039772 5212.3379232287407
leaf_count=9563 1280 59781 575 525 2112 31247 13065 37431 2600 4186 7262 23915 19598 23289
internal_value=-2.71445e-05 0.000565788 0.00589707 0.0106571 0.0134611 0.000397429 -0.000114032 0.00113911 -0.000996361 -0.0013967 0.00209531 -0.00188098 -0.0014946 -0.000598337
internal_weight=52098.7 32326.6 979.194 714.184 597.257 31347.4 24366 11225.5 19772.1 17664.6 2143.8 15520.8 14626.5 10435.4
internal_count=236429 146016 4492 3212 2687 141524 110277 50496 90413 80850 9862 70988 66802 47204
cat_boundaries=0 1 2 3
cat_threshold=784 256 72
is_linear=0
shrinkage=0.03


Tree=147
num_leaves=15
num_cat=0
split_feature=19 11 40 39 10 35 40 39 11 30 30 40 31 30
split_gain=35.7907 35.7704 33.7827 61.8689 68.517 61.723 89.3752 50.8823 54.9491 51.4254 58.2964 51.7728 44.2438 44.1571
threshold=7.4684236787910816 1.3571613783092673 0.46665899233000291 0.45834371885149988 0.4438720002408264 -1.0979416159164725 0.90621062324824175 1.450990479986296 -1.2131608725928353 1.0000000180025095e-35 5.5000000000000009 -0.17205933906238643 -1.3524165525088538 2.5000000000000004
decision_type=2 8 10 10 10 10 10 10 8 2 2 10 10 2
left_child=2 -2 3 4 -1 6 -4 8 -5 -10 11 -11 -7 -14
right_child=1 -3 5 7 -6 12 -8 -9 9 10 -12 -13 13 -15
leaf_value=0.00059390329696321314 0.011796123812440329 0.001580463690015692 -0.0043927961209337821 -0.0075276981053077584 -0.0032744992782149664 0.0051445414764160306 0.013470624653997556 -0.0068962001679437742 -0.0029804594035895754 0.016691289613586537 -0.0019768922003292311 0.0066204381879525782 -0.0040154820605619937 -0.00066829028769309655
leaf_weight=24856.021631076932 431.95984973013401 1034.3607402294874 430.90824922919273 298.48384383320808 4929.2938874661922 800.72074384987354 584.53983174264431 363.22958633303642 527.76863479614258 585.16019895672798 534.07027950882912 2160.066825017333 6057.5876277685165 8551.3020240813494
leaf_count=114369 1886 4621 1965 1365 22347 3553 2479 1608 2363 2533 2415 9476 27566 38130
internal_value=4.4899e-05 0.00464939 -8.92155e-05 0.000447135 -4.71786e-05 -0.00120735 0.00592132 0.00373458 0.00468959 0.00566467 0.00706084 0.00881988 -0.00168065 -0.002058
internal_weight=52145.5 1466.32 50679.2 34254.1 29785.3 16425.1 1015.45 4468.78 4105.55 3807.07 3279.3 2745.23 15409.6 14608.9
internal_count=236676 6507 230169 156476 136716 73693 4444 19760 18152 16787 14424 12009 69249 65696
is_linear=0
shrinkage=0.03


Tree=148
num_leaves=15
num_cat=0
split_feature=27 31 40 30 37 34 34 10 6 8 2 37 30 1
split_gain=35.2554 39.5496 41.1392 45.1421 62.0215 58.4587 68.1822 44.5319 39.7545 39.0382 37.7158 37.3366 37.5672 41.5637
threshold=0.13953488372092424 -0.70932384623387701 0.46665899233000291 5.5000000000000009 0.34545084116236774 0.48350105818470579 -0.26398156273601686 -0.94836705441038749 1.6046821927598813 -0.20069742503649288 0.58475078924769919 0.20857327179113616 2.5000000000000004 0.022637958638046341
decision_type=10 8 8 2 10 10 10 8 10 10 10 10 2 8
left_child=11 -2 3 -3 5 6 -5 -7 -4 -9 -6 -1 -13 -14
right_child=1 2 8 4 10 7 -8 9 -10 -11 -12 12 13 -15
leaf_value=-0.0024027687353980758 0.0031507702745502781 0.0014651270649330775 -0.0020410980864562518 0.00027099083992539072 0.010711827933538436 0.020912160232693953 -0.012604694291978953 -0.012160064289694902 0.0036908397595411943 0.010278327672249565 -0.0012857065592128116 -0.0022064325825036412 0.0033555573230716939 -0.0068536201435594815
leaf_weight=9616.6518399864435 4361.1487918794155 17639.676543176174 9596.2527738809586 573.04221697151661 391.99120783805847 102.92890550196171 1033.2787922173738 137.50937375426292 1218.9812248796225 122.60922528803349 565.97644874453545 2723.1768399626017 3624.1415385901928 388.88173106312752
leaf_count=43995 19630 80219 43284 2691 1848 466 4996 643 5318 563 2582 12345 16105 1742
internal_value=-5.05899e-05 0.000477279 0.000104862 0.000892413 -0.00255191 -0.00558832 -0.00803814 0.00517592 -0.00139224 -0.00159457 0.00368352 -0.00120397 0.000508466 0.00235166
internal_weight=52096.2 35743.4 31382.2 20567 2927.34 1969.37 1606.32 363.048 10815.2 260.119 957.968 16352.9 6736.2 4013.02
internal_count=236427 162240 142610 94008 13789 9359 7687 1672 48602 1206 4430 74187 30192 17847
is_linear=0
shrinkage=0.03


Tree=149
num_leaves=15
num_cat=1
split_feature=38 39 0 40 40 45 46 1 1 18 1 0 12 10
split_gain=32.5137 28.6013 93.5298 40.0437 34.8806 29.6888 72.3044 60.1093 53.3562 46.0212 65.1332 46.6173 40.204 40.0055
threshold=-2.9320192544958776 -1.800661752700941 0.0088324298315891562 -2.1675646737775494 -1.7980471760198522 1.1986765600347253 0 0.031588984334311669 0.0074659736502280015 -0.66403682718314494 0.014650843132336095 0.020018974881204465 0.022618699530480089 -0.22579076442549453
decision_type=8 10 8 10 10 8 1 8 10 2 10 10 2 8
left_child=-1 2 -2 -3 -4 -5 7 13 -8 11 12 -10 -11 -7
right_child=1 3 4 5 -6 6 8 -9 9 10 -12 -13 -14 -15
leaf_value=-0.01134960738354073 0.02144484486730688 -0.018213858056675462 -0.0050398857926798879 0.00053945337997294044 0.0075818686588721871 -0.0042543021993187331 0.012659011061441058 0.008563286900070256 -0.0056261057537140653 0.0032930757704817903 -0.001809846696260316 0.0031719606759380184 0.014992030240976961 -0.015114120184709834
leaf_weight=208.67115925252438 233.37257592380047 96.733818307518959 466.65726971626282 40842.934678032994 325.93812327086926 600.71728785336018 269.1700201779604 173.879060536623 2344.8015039563179 1908.3451840132475 3060.2041848003864 696.9116795361042 299.0200422257185 634.39647245407104
leaf_count=989 983 481 2127 184671 1397 2885 1219 773 11167 8673 13952 3074 1330 3020
internal_value=0.000194255 0.000242796 0.0051776 0.000142384 0.000180341 0.000180893 -0.00128449 -0.00753192 -0.000241736 -0.000674646 0.00102197 -0.00360652 0.00493834 -0.00990886
internal_weight=52161.8 51953.1 1025.97 50927.1 792.595 50830.4 9987.45 1408.99 8578.45 8309.28 5267.57 3041.71 2207.37 1235.11
internal_count=236741 235752 4507 231245 3524 230764 46093 6678 39415 38196 23955 14241 10003 5905
cat_boundaries=0 1
cat_threshold=531
is_linear=0
shrinkage=0.03


Tree=150
num_leaves=15
num_cat=2
split_feature=44 43 11 19 12 46 46 1 43 45 45 25 1 0
split_gain=36.6042 31.3403 32.8533 31.3984 60.7969 66.1639 52.647 50.454 45.0476 39.2934 36.4927 42.8403 36.1989 35.08
threshold=-0.13749750835241922 0.41428571428571431 3.1959690996984662 -4.8422421075023214 0.0099457573335997359 0 1 0.005460192887295102 0.64583333333333337 0.84251929224782018 0.82378130336122879 -0.021854085914295662 0.014390918741863538 0.0092710877769643305
decision_type=8 10 10 2 2 1 1 10 10 10 10 10 10 10
left_child=-1 -2 3 4 -3 8 7 -5 -6 10 -9 -12 -10 -11
right_child=1 2 -4 6 5 -7 -8 9 12 13 11 -13 -14 -15
leaf_value=0.011852126904613906 -0.00095297996228837687 -0.0074281072731367127 0.015441983877930075 -0.013590291429909184 0.0041500774342362236 0.00054857660714541961 0.0010860750276132226 0.00094083787094773313 0.0095965586368986066 0.00077500097130142501 0.024392769696570261 0.00083254149533200058 0.02451105589166138 -0.0035724368863206441
leaf_weight=225.30887049436569 19600.595928072929 403.53957830369473 123.09828409552574 297.65608727931976 641.46611322462559 1489.3716683536768 19499.689165368676 1360.3097893446684 410.00007835030556 2481.4925880432129 132.20169217884541 137.2186057716608 240.62901890277863 5081.6009949147701
leaf_count=969 89699 1915 546 1365 2946 6804 87482 6156 1904 11445 608 614 1072 23027
internal_value=4.66098e-05 -6.91494e-06 0.000567333 0.000505644 0.00332818 0.00490974 0.000194506 -0.001636 0.00981436 -0.00123636 0.0029764 0.0128525 0.0154001 -0.00214688
internal_weight=52124.2 51898.9 32298.3 32175.2 3185.01 2781.47 28990.2 9490.48 1292.1 9192.82 1629.73 269.42 650.629 7563.09
internal_count=236552 235583 145884 145338 14641 12726 130697 43215 5922 41850 7378 1222 2976 34472
cat_boundaries=0 1 2
cat_threshold=604 600
is_linear=0
shrinkage=0.03


Tree=151
num_leaves=15
num_cat=0
split_feature=43 16 39 19 40 24 23 19 39 15 12 12 39 9
split_gain=31.1141 40.7417 59.7181 65.4016 59.4046 38.3401 43.7602 36.9475 45.755 95.2029 52.3316 44.2441 43.6675 42
threshold=0.81666666666666676 0.32821285503312686 -0.47301799780625736 -3.2186520944058641 -0.130010295756914 -0.0094670075172099393 0.021669873395724574 -6.0084129638145241 0.85988707139511911 0.53089721291525738 0.0066410604447747637 0.020467697969702828 -1.800661752700941 1.1996568007825295
decision_type=10 8 10 2 10 10 10 2 10 10 2 2 10 10
left_child=5 2 3 -2 -4 6 -1 -7 12 11 -11 -10 -9 -12
right_child=1 -3 4 -5 -6 7 -8 8 9 10 13 -13 -14 -15
leaf_value=-0.0015419736236568517 0.006501702912896215 0.00052095837445654191 0.024771936903007268 -0.0069900668732644031 0.0054316677141933046 0.0034841180408010826 -0.014042832875366141 0.01259669613715857 0.0063360925483026626 0.016549880597940384 0.0021407067104874519 0.021889819554784917 -0.0010642560852386737 -0.0032615971861311259
leaf_weight=12307.703276112676 913.34598092734814 9434.9227631539106 228.31300307810307 488.05794937908649 376.33814147114754 2758.8104601800442 247.50434516370296 203.03054374456406 449.63547594845295 172.11363404989243 3611.8386009335518 261.67460398375988 18721.152701810002 2006.2308091372252
leaf_count=56620 4162 42234 1028 2227 1712 12607 1130 870 1971 722 15864 1124 85624 8928
internal_value=-3.29471e-05 0.00134872 0.00522 0.00178678 0.0130187 -0.000421199 -0.00179939 0.000193156 -0.000165159 0.0020042 0.000722584 0.0122821 -0.000911117 0.000209159
internal_weight=52180.7 11441 2006.06 1401.4 604.651 40739.7 12555.2 28184.5 25425.7 6501.49 5790.18 711.31 18924.2 5618.07
internal_count=236823 51363 9129 6389 2740 185460 57750 127710 115103 28609 25514 3095 86494 24792
is_linear=0
shrinkage=0.03


Tree=152
num_leaves=15
num_cat=0
split_feature=2 10 27 40 35 40 38 1 1 30 40 10 10 1
split_gain=27.1716 36.4834 26.4397 33.3614 56.6692 53.6689 52.7825 67.4595 58.5053 67.0173 66.7128 97.8198 73.7963 65.1194
threshold=0.31221105790683362 1.0049729283109134 0.076476781446960393 0.44398076907361228 -1.1768542058331051 0.90621062324824175 -0.18898188143061143 0.013390252347069437 0.019265435083251254 1.0000000180025095e-35 -0.58212004591178201 -0.35700281894481639 -1.8099195294700907 0.0098947040931791717
decision_type=8 8 10 10 10 10 8 8 8 2 10 8 8 10
left_child=1 -1 -2 6 5 -5 7 -4 9 -8 11 13 -12 -11
right_child=2 -3 3 4 -6 -7 8 -9 -10 10 12 -13 -14 -15
leaf_value=-0.0096382997617481866 -0.0013597864915717676 0.011080220708884972 -0.0020137840557746364 -0.00255491866664358 -0.0011619150344484369 0.01490972264148384 -0.0021416341633107515 0.0023451555688989325 -0.002171135117441941 0.011525373425611723 -0.015899003792620072 -0.009238955646986631 0.0058043682410574473 -0.0013620174798902344
leaf_weight=482.33645942807198 9464.9199603646994 81.918380156159401 8259.8642054349184 261.53875268995762 14025.418715417385 381.68245267868042 1820.2640448361635 5197.6733877956867 2208.8911973834038 598.86299884319305 134.29392310976982 749.15484270453453 7636.6790873706341 834.92278616130352
leaf_count=2392 42979 381 38607 1196 63000 1613 8246 23435 10002 2692 614 3452 34228 3828
internal_value=-1.51929e-07 -0.00648982 7.20936e-05 0.000394185 -0.000760414 0.00787806 0.00101144 -0.00032975 0.00230153 0.00314176 0.00410911 -0.000523144 0.00540935 0.00406333
internal_weight=52138.4 564.255 51574.2 42109.2 14668.6 643.221 27440.6 13457.5 13983.1 11774.2 9953.91 2182.94 7770.97 1433.79
internal_count=236665 2773 233892 190913 65809 2809 125104 62042 63062 53060 44814 9972 34842 6520
is_linear=0
shrinkage=0.03


Tree=153
num_leaves=15
num_cat=0
split_feature=33 41 39 40 1 40 21 8 2 2 14 15 19 40
split_gain=31.4821 53.3618 59.1729 59.8016 52.2977 43.6178 42.4782 40.925 35.3549 30.8568 29.6683 29.4509 28.6579 28.5293
threshold=0.45288187772342586 0.75000000000000011 -0.57872202016650387 -0.15466922134522257 0.0046452997040043889 -0.55530016670209148 0.4667111891416646 0.43332489323445522 1.3111871533004471 0.90520572280154787 0.7939378367435922 0.25162655141468676 7.4684236787910816 -1.6300809730482866
decision_type=10 2 10 10 8 10 10 10 8 10 10 8 2 10
left_child=12 4 10 5 -2 -4 -5 -7 13 -8 -3 -10 -1 -6
right_child=1 2 3 6 8 7 9 -9 11 -11 -12 -13 -14 -15
leaf_value=-0.00061321339109376711 0.014420608242364276 -0.0027353457349905044 -0.0051853433812840124 -0.0038170985847477594 -0.0093786665937070322 0.02159887886879602 -0.0033289134029585348 0.0043079051142173577 0.0055968460978331313 0.0037731220369714041 -0.01738447553562476 -0.0034503536083248464 0.0056955384362280268 0.0033776725275414241
leaf_weight=35611.723947554827 312.95221437513828 232.30783192813396 157.1319437623024 2721.8063484281301 152.04876017570496 231.43467754125595 790.90823739767075 264.43490636348724 403.15557727217674 1756.5955252200365 269.2871595621109 1493.6735903322697 650.11033172905445 6981.7413217276335
leaf_count=163102 1352 1087 735 12235 764 1022 3530 1176 1814 7675 1255 6534 2892 30998
internal_value=-1.19636e-05 0.00110673 -0.000997199 -0.000151345 0.00255275 0.00834134 -0.00121761 0.0126455 0.00212598 0.0015638 -0.010786 -0.00150818 -0.00049857 0.00309304
internal_weight=52029.3 15767.5 6423.91 5922.31 9343.57 653.002 5269.31 495.87 9030.62 2547.5 501.595 1896.83 36261.8 7133.79
internal_count=236171 70177 28715 26373 41462 2933 23440 2198 40110 11205 2342 8348 165994 31762
is_linear=0
shrinkage=0.03


Tree=154
num_leaves=15
num_cat=0
split_feature=19 9 31 30 11 37 40 16 9 36 40 40 35 37
split_gain=24.5051 50.0864 34.4522 33.1541 30.9406 29.1315 30.1184 38.0641 28.7005 27.6454 44.1339 52.2341 71.7084 52.5753
threshold=7.4684236787910816 1.7463013869021586 1.0020692075055784 3.5000000000000004 0.1526589931156408 -0.168120860542564 1.5956037031214281 0.90448780506452986 1.8419319429031507 -0.27787662703641075 1.3745917832793058 -0.052694671325560848 -1.3730688873722234 0.39208276394391356
decision_type=2 10 8 2 10 10 10 10 10 10 10 10 10 10
left_child=1 2 9 4 -3 -2 -7 -8 -9 10 11 12 -1 -13
right_child=5 3 -4 -5 -6 6 7 8 -10 -11 -12 13 -14 -15
leaf_value=-0.0025173159624860045 0.019194679883446943 -0.022396932765636316 0.0022448665746213283 -0.00019100707687492145 -0.0068633143644513334 -0.00081705440271367827 0.023633940587439402 0.012972145263760865 -0.0025414781356837843 -0.00078084706558873571 0.0080477104354744877 -0.0035415706283277873 0.0034693032589845877 0.0029786116588560265
leaf_weight=2460.2689640372992 93.509152680635452 141.93087160587311 5769.1253310143948 498.34117120504379 555.11630257964134 860.81093560159206 104.15664651989937 174.47228761017323 250.35204774141312 28115.141170561314 710.41534024477005 4178.6267143934965 6646.8658605366945 1507.245373904705
leaf_count=11517 410 653 25632 2205 2523 3834 454 762 1101 128525 3019 19104 29953 6657
internal_value=3.25867e-05 -7.92128e-05 6.82387e-05 -0.00612122 -0.0102983 0.00382014 0.00265596 0.0082179 0.00398166 -0.000220097 0.000796659 0.000443235 0.00185105 -0.00181097
internal_weight=52066.4 50583.1 49387.7 1195.39 697.047 1483.3 1389.79 528.981 424.824 43618.6 15503.4 14793 9107.13 5685.87
internal_count=236349 229788 224407 5381 3176 6561 6151 2317 1863 198775 70250 67231 41470 25761
is_linear=0
shrinkage=0.03


Tree=155
num_leaves=15
num_cat=1
split_feature=19 9 35 16 46 40 16 31 38 40 32 38 39 5
split_gain=28.3642 39.3115 60.154 34.0872 52.5089 28.7033 37.179 28.702 30.2092 28.6911 26.3366 42.5278 54.9327 37.8269
threshold=7.4684236787910816 1.7463013869021586 -0.70140567679028298 0.71283274032140131 0 1.5956037031214281 0.90448780506452986 2.8312508026343428 0.38650487327025912 0.62753322492170771 -0.43732740661758412 -2.6119452810248469 -1.8876272350736987 -0.19253501118359265
decision_type=2 8 8 10 1 10 10 8 8 10 10 10 10 10
left_child=1 7 -3 4 -4 -2 -7 10 -9 -10 13 -12 -13 -1
right_child=5 2 3 -5 -6 6 -8 8 9 -11 11 12 -14 -15
leaf_value=-0.00026071725510347718 0.00076869057272256028 0.015916666480069067 0.0025757327528818418 -0.0041698603166557121 -0.023483874454003611 0.023821666627805882 0.0050801821046108165 -0.0022438927271404298 0.024926782881190272 0.0041271096310480518 -0.016034068331315203 0.011145109951601333 -0.00059938367407806256 0.0031028323459415864
leaf_weight=7785.6877831369638 946.38253003358841 100.56228986382484 102.49558044970036 881.07064287364483 206.7570692896843 114.98803612589836 437.54542909562588 158.26330068707466 110.67815157771111 127.61529193818569 148.94663091003895 352.09065440297127 35610.943147048354 4893.5056770592928
leaf_count=35393 4212 430 457 3972 930 497 1914 685 465 537 736 1561 162187 21960
internal_value=-8.58305e-05 -0.000206944 -0.00535441 -0.00726909 -0.0156917 0.00396722 0.00933462 -7.07927e-05 0.00786731 0.0144026 -0.00013691 -0.000549904 -0.000481335 0.00103886
internal_weight=51977.5 50478.6 1290.89 1190.32 309.253 1498.92 552.533 49187.7 396.557 238.293 48791.2 36112 35963 12679.2
internal_count=235936 229313 5789 5359 1387 6623 2411 223524 1687 1002 221837 164484 163748 57353
cat_boundaries=0 1
cat_threshold=802
is_linear=0
shrinkage=0.03


Tree=156
num_leaves=15
num_cat=0
split_feature=43 2 11 37 5 39 15 1 45 39 11 36 38 20
split_gain=33.1131 37.311 32.7736 74.1051 46.8954 44.3888 48.995 57.9351 88.2923 86.6454 63.8266 44.1672 41.9507 43.057
threshold=0.95000000000000007 0.37238506754558781 1.4050412973142163 1.4156521236051713 -0.28160445560335307 1.0767330620930282 0.53089721291525738 0.0074659736502280015 0.80853275299251892 1.8222334440802765 0.54778063134138877 -0.80196654257491262 0.61246793043915859 1.7501839897859917
decision_type=8 8 10 10 10 8 10 10 10 10 8 10 8 10
left_child=2 -2 5 4 -4 -1 -7 8 -8 -10 11 -9 -12 -14
right_child=1 -3 3 -5 -6 6 7 10 9 -11 12 -13 13 -15
leaf_value=-0.00052007291150045455 0.016688227160679973 0.0015857822443165225 -0.0059805474852207673 -0.011906422893744877 0.0012547128462364731 0.010352294449101821 0.0010026164976446319 0.01350630602788596 0.024793997553703411 -0.0053428133171262229 0.0074982710728243784 -0.0047626858364728988 -0.0032240661913019012 0.014294926117963853
leaf_weight=35205.864132121205 140.97684751451015 6197.8814195394516 1194.9896208047867 674.78742392361164 2428.6673493981361 592.70771673321724 803.09188969433308 116.51753696799278 340.44581876695156 109.58511014282703 1099.2326444834471 2152.2985867708921 918.94967725872993 136.15224474668503
leaf_count=161387 655 27683 5406 3040 10913 2554 3433 489 1453 486 4839 9577 4089 592
internal_value=-8.29649e-05 0.00194742 -0.000364504 -0.00285487 -0.00114118 -0.000105777 0.00221798 0.0013519 0.00701852 0.0174989 -0.000265725 -0.00376931 0.00342441 -0.000850397
internal_weight=52112.1 6338.86 45773.3 4298.44 3623.66 41474.8 6268.98 5676.27 1253.12 450.031 4423.15 2268.82 2154.33 1055.1
internal_count=236596 28338 208258 19359 16319 188899 27512 24958 5372 1939 19586 10066 9520 4681
is_linear=0
shrinkage=0.03


Tree=157
num_leaves=15
num_cat=1
split_feature=14 8 0 1 11 40 39 15 10 8 36 46 45 15
split_gain=27.3103 62.8418 58.5715 40.257 67.4442 53.7816 65.2865 51.0558 51.6416 67.0446 44.712 42.9228 38.8704 54.1911
threshold=0.29143823998178431 -1.3566785220173123 0.0036267228002142119 0.019265435083251254 2.8135121707842776 -1.6300809730482866 -1.2579651861372816 0.27480254842269197 0.30050405343522318 0.90820533720654806 -0.74003928904801242 0 0.71679232630698098 0.61627906976744251
decision_type=8 8 10 10 10 10 10 10 10 10 8 1 8 8
left_child=2 -2 -1 5 7 10 -7 -5 9 11 -3 -9 -4 -14
right_child=1 3 12 4 -6 6 -8 8 -10 -11 -12 -13 13 -15
leaf_value=-0.010135744274615201 -0.0077106134810839113 0.0072782187342302638 0.0037688353060377966 0.0055269002743407432 0.019182771948399947 0.0086324175139778896 0.00090705914447091265 0.0023106779349688356 -0.00023086769868345072 -0.018782564418365896 -0.014280795964638332 -0.0070204904186546308 -0.00062454611005995845 -0.007499465256731285
leaf_weight=613.9786659181118 828.46318562328815 107.41968168318272 1517.9586182534695 667.0375882089138 125.86811649799347 1007.4046211391687 30674.087623402476 616.37090949714184 2515.9011792689562 327.45657221972942 346.62456184625626 1517.6581896841526 10021.520230531693 1140.6790169328451
leaf_count=2944 3889 503 6955 2957 557 4413 137925 2802 11317 1526 1761 6927 46596 5164
internal_value=1.06315e-05 0.000413319 -0.00116208 0.000592861 -0.00171235 0.00100719 0.00115536 -0.0022114 -0.00325744 -0.00633747 -0.00913335 -0.00434913 -0.000719928 -0.00133319
internal_weight=52028.4 38734.3 13294.1 37905.8 5770.29 32135.5 31681.5 5644.42 4977.39 2461.49 454.044 2134.03 12680.2 11162.2
internal_count=236236 174577 61659 170688 26086 144602 142338 25529 22572 11255 2264 9729 58715 51760
cat_boundaries=0 1
cat_threshold=524
is_linear=0
shrinkage=0.03


Tree=158
num_leaves=15
num_cat=1
split_feature=4 16 45 46 0 45 43 9 19 24 2 38 24 40
split_gain=26.6076 36.0347 27.0594 45.3059 49.8956 43.1237 33.3845 32.4603 41.5877 38.1233 32.1064 34.5188 31.3428 30.5801
threshold=0.77927066443876913 0.12040597074634585 1.1958183029678666 0 0.0063143575233793109 1.5925947518668477 0.95000000000000007 1.0543837933454137 1.3350570003751618 0.0038700499096809009 1.6922632510377882 0.75277259429168508 0.028492304493903473 -0.52886194147869103
decision_type=10 8 8 1 10 10 10 10 2 8 10 10 10 8
left_child=2 -2 -1 4 -4 12 10 8 -8 -10 11 13 -6 -5
right_child=1 -3 3 6 5 -7 7 -9 9 -11 -12 -13 -14 -15
leaf_value=-3.1777142732014031e-05 0.010600165783877407 0.00098743881063861785 0.014015292355836076 -0.002380021543294347 -0.0021102339464154313 0.011772486501040201 -0.0034913105290621106 -0.0044915620889758607 0.024747276045447238 1.9461297531808631e-05 0.0085906045237748724 0.00058311204316185148 0.0093900157956829499 -0.0083790131666145479
leaf_weight=34350.030410408974 355.76896713674068 8790.8985568732023 227.95231829583645 1146.1222842186689 2746.8706689029932 238.98537699878216 165.83803540468216 346.49270875751972 145.3504343777895 87.865526527166367 149.64080205559731 769.52742023766041 221.30504006147385 2352.0112408995628
leaf_count=156054 1602 38963 1075 5461 12605 1080 769 1576 661 401 674 3544 1005 11068
internal_value=-9.57593e-05 0.0013725 -0.000408703 -0.00191279 0.000758431 -0.000222092 -0.00368247 0.00215909 0.00790238 0.0158148 -0.00467936 -0.00516366 -0.00122413 -0.0064259
internal_weight=52094.7 9146.67 42948 8597.96 3435.11 3207.16 5162.85 745.547 399.054 233.216 4417.3 4267.66 2968.18 3498.13
internal_count=236538 40565 195973 39919 15765 14690 24154 3407 1831 1062 20747 20073 13610 16529
cat_boundaries=0 1
cat_threshold=388
is_linear=0
shrinkage=0.03


Tree=159
num_leaves=15
num_cat=0
split_feature=31 40 40 39 11 1 38 40 39 39 35 44 39 40
split_gain=25.1496 35.2553 48.9326 56.701 50.863 44.0899 43.3937 41.7044 47.2429 82.1738 50.3505 40.187 36.3122 56.5767
threshold=-0.53163430831851366 2.5463137433785379 1.6877905140902369 1.1672008633511177 0.37287268585941474 0.0087628330241641406 0.3419394006608753 0.46665899233000291 0.78443120026194424 1.450990479986296 0.45589069245063457 -0.042398014003322812 -1.7323926026804164 -1.5774181993146279
decision_type=10 10 10 10 10 10 10 10 10 10 10 8 10 10
left_child=-1 2 7 -4 5 -5 -6 8 11 10 -10 -2 13 -13
right_child=1 -3 3 4 6 -7 -8 -9 9 -11 -12 12 -14 -15
leaf_value=0.0012862402776013097 -0.0048768637679336962 -0.0082206801167512313 0.012772601684735443 0.0058253994055580448 0.015234572243278517 -0.012659365570603614 0.0016706107448624147 -0.0019625517637494776 0.0027260722864521853 -0.0090539192164088012 0.013569660610949018 0.0010385392521760045 -1.7247124771285114e-05 0.020244663348277948
leaf_weight=12124.105959117413 1494.8182151466608 486.09040535986423 515.56743729114532 168.42700119316578 268.43063780665398 332.63213510811329 906.48652018606663 11174.359391331673 863.90182067453861 311.64300940930843 695.27614164352417 427.42778831720352 22177.736645758152 194.71304360032082
leaf_count=54888 6809 2163 2178 718 1152 1476 4023 50568 3762 1391 2972 1952 101894 828
internal_value=8.98272e-05 -0.000272881 -0.000173098 0.00417327 0.00146785 -0.00645345 0.00487196 -0.000429243 0.000226078 0.0048067 0.00761716 -0.000128487 0.00018483 0.0072747
internal_weight=52141.6 40017.5 39531.4 2191.54 1675.98 501.059 1174.92 37339.9 26165.5 1870.82 1559.18 24294.7 22799.9 622.141
internal_count=236774 181886 179723 9547 7369 2194 5175 170176 119608 8125 6734 111483 104674 2780
is_linear=0
shrinkage=0.03


Tree=160
num_leaves=15
num_cat=0
split_feature=43 20 20 1 11 38 37 39 45 0 15 30 30 30
split_gain=29.7838 33.0441 43.029 59.1123 86.1819 50.3249 65.861 48.7588 46.6208 46.0305 62.1326 52.5987 45.6234 45.1493
threshold=0.95000000000000007 1.8315396132392847 0.73495337656021886 0.0089165439758801084 1.7727799302570186 1.4041492577238197 0.26108099626433223 2.1324168955337464 1.1958183029678666 0.006161470484344434 0.2152777777777779 5.5000000000000009 2.5000000000000004 3.5000000000000004
decision_type=10 10 10 8 10 10 10 10 8 10 10 2 2 2
left_child=1 2 5 4 7 8 -7 12 9 10 -1 -11 -4 -8
right_child=-2 -3 3 -5 -6 6 13 -9 -10 11 -12 -13 -14 -15
leaf_value=-0.00700338454563875 0.0018671063773300161 0.0077969451336556538 -0.0012317155023208962 -0.0046646199455926468 -0.017672277423071259 0.023805384394181322 -0.0004840852034208793 -0.011746571464269103 -0.0024313278044686007 0.0015150744311759033 -0.00038515221551139631 -0.0033000044497223067 0.0079256337984763836 0.0098965860845421621
leaf_weight=1563.0589416474104 6229.7184160500765 434.61936004459858 817.48798680305481 4429.4118007570505 190.1424935311079 141.46139378845692 1089.7828095108271 178.18595308065414 7228.0323624461889 18949.201540455222 6782.8813819140196 2278.7512284368277 1202.193407446146 565.90254257619381
leaf_count=7452 27845 1907 3644 19973 850 607 4815 815 33682 85757 30995 10560 5130 2480
internal_value=-7.75048e-05 -0.000342066 -0.000421652 -0.00261702 0.00118459 -3.33256e-05 0.00485444 0.00288859 -0.000273263 0.000254824 -0.00163154 0.000996881 0.00423129 0.00310207
internal_weight=52080.8 45851.1 45416.5 6817.42 2388.01 38599.1 1797.15 2197.87 36801.9 29573.9 8345.94 21228 2019.68 1655.69
internal_count=236512 208667 206760 30412 10439 176348 7902 9589 168446 134764 38447 96317 8774 7295
is_linear=0
shrinkage=0.03


Tree=161
num_leaves=15
num_cat=0
split_feature=38 1 39 38 37 17 38 20 30 16 12 39 37 35
split_gain=26.7112 54.0571 28.9239 23.1037 41.7506 31.3499 29.5088 27.5061 87.93 61.1782 60.7351 41.0121 78.6987 64.322
threshold=-2.6119452810248469 0.016035504000379994 -2.3116034332004776 2.4326689520438873 1.9533495851223017 2.2886141924938328 2.6300836929250067 0.72260559789066392 2.5000000000000004 0.55707204930872012 0.0066410604447747637 0.61976591398728387 -0.90145835592487433 0.20168715335899035
decision_type=8 10 8 10 10 2 10 10 2 8 2 8 8 8
left_child=1 -1 -2 7 6 -6 -5 11 9 -9 -10 -4 -13 -14
right_child=2 -3 3 4 5 -7 -8 8 10 -11 -12 12 13 -15
leaf_value=-0.015331260509116651 0.01299553176471413 0.007379502039246897 -0.00023138107270818757 -0.00064874147241121853 -0.0091631805382492108 0.0063608048033175534 0.016487836235822301 -0.012757083488726119 0.018609406619785201 -0.0031797990333480805 0.00027160338279857472 0.016845417616141996 -0.0013640465215199135 0.0040292000761320002
leaf_weight=265.41082018613815 144.41450294852257 136.03354561328888 32930.191253975034 127.25558476150036 228.71180893480778 220.15653397142887 296.44602958858013 740.97730994224548 157.47648474574089 3052.4135508686304 5538.7486020326614 304.6896533370018 3682.5677582621574 4310.8651153445244
leaf_count=1347 642 580 151293 552 996 930 1255 3442 664 13858 24400 1337 16446 19021
internal_value=-2.95349e-05 -0.00764317 3.10099e-05 -7.79247e-06 0.00480439 -0.00157644 0.0114447 -9.15138e-05 -0.00154685 -0.00507919 0.00081029 0.000243757 0.0021273 0.00154594
internal_weight=52136.4 401.444 51734.9 51590.5 872.57 448.868 423.702 50717.9 9489.62 3793.39 5696.23 41228.3 8298.12 7993.43
internal_count=236763 1927 234836 234194 3733 1926 1807 230461 42364 17300 25064 188097 36804 35467
is_linear=0
shrinkage=0.03


Tree=162
num_leaves=15
num_cat=0
split_feature=32 33 40 15 11 8 19 11 1 2 18 11 24 40
split_gain=29.7369 43.6337 30.6934 54.487 29.3188 28.7343 28.6601 46.8383 51.9733 57.8766 58.2572 47.9189 53.2888 46.5361
threshold=-0.8898488632300442 -0.86530924057212777 -1.7980471760198522 0.12703142882295951 -0.24965966906724998 0.16519911259184064 -5.3122206964208063 -0.72852134492467036 0.041395102500690492 0.61611602898655349 -2.0714663443162102 -1.5658932208570508 -0.0083659938679224981 -0.88039029480771347
decision_type=10 8 10 8 8 8 2 10 10 10 2 10 10 10
left_child=1 5 3 -2 -5 -1 7 8 9 -4 11 12 -11 -9
right_child=2 -3 6 4 -6 -7 -8 13 -10 10 -12 -13 -14 -15
leaf_value=-0.0023940160889356801 0.0032399139797250516 0.0041566132721999969 -0.0032514853160856608 -0.016293824484895345 0.0022947085059342731 0.0050180216805057751 -0.00039880980705490091 0.0025742331684348104 0.023589679423548372 -0.0025058600062638279 0.0097860054080330296 -0.0027340359083596298 0.017834473855469542 -0.011469465333472434
leaf_weight=2232.3260925859213 327.87021873891354 3539.6300703883171 1005.9922004491091 369.69921673834324 92.743083506822586 586.00522513687611 40244.204356148839 427.50015966594219 102.56315664947033 203.18470324575901 1275.947351321578 984.49895669519901 253.30461820960045 406.20979104936123
leaf_count=10251 1535 15801 4785 1879 449 2567 182535 1985 431 944 5613 4540 1131 1960
internal_value=2.3017e-05 0.00194364 -0.000244591 -0.00606803 -0.0125962 -0.000840565 -0.000140769 0.00208416 0.00348816 0.00287268 0.00514386 0.000994283 0.00892129 -0.00432314
internal_weight=52051.7 6357.96 45693.7 790.313 462.442 2818.33 44903.4 4659.2 3825.49 3722.93 2716.94 1440.99 456.489 833.71
internal_count=236406 28619 207787 3863 2328 12818 203924 21389 17444 17013 12228 6615 2075 3945
is_linear=0
shrinkage=0.03


Tree=163
num_leaves=15
num_cat=0
split_feature=20 1 10 40 36 35 29 40 39 7 19 10 45 45
split_gain=28.5178 36.8375 30.6334 75.8613 54.5898 46.1585 58.1347 54.1833 82.2238 56.4022 43.2469 45.5616 58.783 39.9352
threshold=-1.3220501681621062 0.015721027171989182 -0.87134010415276941 0.19446467483171756 0.48460447351285157 -1.3730688873722234 13.000000000000002 -1.6823852431989177 -1.2359969244346105 -0.36264970934073754 -1.4059079374353913 -0.065032664640040358 0.91996986486662979 0.69160719085360667
decision_type=8 10 8 10 10 10 2 10 10 10 2 8 10 8
left_child=1 -1 3 5 -5 6 -2 9 -9 -7 11 12 -4 -13
right_child=2 -3 10 4 -6 7 -8 8 -10 -11 -12 13 -14 -15
leaf_value=-0.0075876278704022533 0.0034083706597413999 0.008435813617601139 -0.0038686804605037465 -0.0076213985703568465 0.0042876024121449906 0.0028372046839727832 -0.010536007777212451 0.012499443346399219 0.0031273199803598379 -0.017139155583954496 0.00036959868184442804 0.006330743526237889 0.0011259364446396236 -0.0066403284501205155
leaf_weight=807.16816526651382 600.94691468775272 144.77228444814682 3440.0486297607422 1163.299767151475 483.94965033233166 305.25058041512966 472.11371040344238 1009.7120678573847 4923.3362705558538 205.2553773894906 30605.789214268327 228.35373105108738 5495.9113142639399 2221.9106913506985
leaf_count=4003 2781 656 15890 5437 2173 1429 2202 4363 22386 1024 137109 1062 25639 10471
internal_value=2.9143e-05 -0.0050884 0.000125349 0.00169585 -0.00411786 0.0029737 -0.00276736 0.00393258 0.00474066 -0.00536952 -0.000217702 -0.00179529 -0.000799001 -0.00541066
internal_weight=52107.8 951.94 51155.9 9163.86 1647.25 7516.61 1073.06 6443.55 5933.05 510.506 41992 11386.2 8935.96 2450.26
internal_count=236625 4659 231966 41795 7610 34185 4983 29202 26749 2453 190171 53062 41529 11533
is_linear=0
shrinkage=0.03


Tree=164
num_leaves=15
num_cat=0
split_feature=44 12 30 44 30 33 44 38 37 1 16 12 35 38
split_gain=24.9649 22.946 69.1328 54.9338 44.9576 93.6046 59.486 56.6455 50.5281 44.6805 59.6097 43.5571 41.5883 41.3824
threshold=-0.13749750835241922 0.0099457573335997359 2.5000000000000004 0.0076377958510158274 4.5000000000000009 -0.32567940669116741 -0.019457885044218193 2.4326689520438873 0.53844112920633458 0.0061147370691443685 0.20158861170337544 0.0062589244738169318 0.0071075775141159177 -1.225176856508009
decision_type=10 2 2 10 2 10 10 8 8 10 10 2 10 10
left_child=-1 2 3 11 7 8 -7 -3 -6 -4 -11 -2 -10 -8
right_child=1 4 9 -5 5 6 13 -9 12 10 -12 -13 -14 -15
leaf_value=0.0090259463704089136 0.0019542142949055693 0.00052490917415597995 0.0030333590914463091 0.0014649358791147631 0.00088318405625936313 -0.007468752488418948 -0.01153538143259825 0.0092142667945407063 0.015466524608635597 -0.015519660216395656 -0.00062442678230491071 -0.0094730920989738263 0.00041437011533119572 -0.0010577989220762294
leaf_weight=259.77328824996948 354.61381134390831 31901.950402408838 2801.0944293290377 816.35230639576912 2488.0928054600954 2112.071790844202 350.01917745172977 679.86465322971344 441.08432406187057 278.60189528763294 1497.0788319334388 1841.9944326728582 261.55537760257721 5950.5868929922581
leaf_count=1109 1594 144123 12519 3654 11543 9896 1720 2891 1952 1349 6935 8367 1181 27530
internal_value=-7.65377e-05 -0.000123942 -0.00164664 -0.00516746 0.000137926 -0.00146484 -0.00312339 0.000708996 0.00290418 0.000677381 -0.00303529 -0.00762781 0.00994785 -0.00165722
internal_weight=52034.7 51775 7589.74 3012.96 44185.2 11603.4 8412.68 32581.8 3190.73 4576.78 1775.68 2196.61 702.64 6300.61
internal_count=236363 235254 34418 13615 200836 53822 39146 147014 14676 20803 8284 9961 3133 29250
is_linear=0
shrinkage=0.03


Tree=165
num_leaves=15
num_cat=0
split_feature=44 32 11 32 33 34 30 41 33 19 33 0 38 33
split_gain=27.7793 29.3631 27.5644 25.5046 57.8913 35.4579 38.9507 81.9459 58.1069 58.4742 41.5923 41.4912 38.4989 39.8597
threshold=-0.13749750835241922 2.7662880644773415 1.5412844251171343 -0.43732740661758412 -0.86530924057212777 -0.44035565091588397 5.5000000000000009 0.65000000000000002 0.069053033592180083 2.0488723629547678 0.38379002849716809 0.0051157759415886546 -1.816462911290782 0.038827280837432372
decision_type=10 8 8 10 10 10 2 2 10 2 10 10 10 10
left_child=2 3 -1 4 -2 -5 12 10 9 -9 -8 -12 -7 -14
right_child=1 -3 -4 5 -6 6 7 8 -10 -11 11 -13 13 -15
leaf_value=0.016655150920737646 -0.0018984042585963451 0.0062279519716829631 -0.0030659908714942676 0.0015381102379892285 0.0023985175494620164 -0.0092183800500546063 -0.0092294406634980328 0.01535281352692356 -0.0024336328208969631 -0.0019349975863608739 0.0099191282051103256 -0.0049077191310007351 -0.0020246764477289468 0.00050140045214765649
leaf_weight=166.52271014451981 4089.84493714571 663.24017156660557 95.61272044479847 6530.2168978899717 9049.3062978535891 431.7774220854044 1883.0858111083508 407.35298123955727 1376.0608676373959 301.10858772695065 211.6608313024044 718.69158607721329 8164.9765890538692 17992.802472919226
leaf_count=706 18609 2842 409 29634 40782 2131 9033 1936 6362 1377 976 3312 37608 80851
internal_value=5.37434e-05 3.53873e-06 0.00961361 -7.83611e-05 0.00106058 -0.000472162 -0.000889429 -0.00334503 0.00116131 0.00808053 -0.00667613 -0.00146491 -0.000436005 -0.00028757
internal_weight=52082.3 51820.1 262.135 51156.9 13139.2 38017.7 31487.5 4897.96 2084.52 708.462 2813.44 930.352 26589.6 26157.8
internal_count=236568 235453 1115 232611 59391 173220 143586 22996 9675 3313 13321 4288 120590 118459
is_linear=0
shrinkage=0.03


Tree=166
num_leaves=15
num_cat=1
split_feature=40 40 1 20 39 46 43 11 7 39 11 44 40 39
split_gain=26.9248 42.4429 57.6879 54.6693 38.7566 38.1036 37.5877 35.65 29.9041 33.3159 30.0085 29.6006 27.7987 71.2326
threshold=2.5463137433785379 1.6877905140902369 0.006946261941516237 1.1017280211019354 2.1324168955337464 0 0.81666666666666676 0.5336134681514344 0.36991108242876053 1.2065052835903745 0.44406334137843778 -0.015824430486399248 0.48014618003415849 1.1672008633511177
decision_type=10 8 8 8 10 1 10 10 10 10 8 10 10 10
left_child=1 4 11 5 12 6 -4 -5 9 -7 -11 -3 -1 -14
right_child=-2 2 3 7 -6 8 -8 -9 -10 10 -12 -13 13 -15
leaf_value=0.00046156733199370024 -0.0061715832967915892 0.0047376145996017886 0.0073862916132617388 -0.015417069680222479 -0.0084969682276629065 0.0071774445858623073 0.026702394027993685 -0.0007758458244890616 0.0079413594637987618 -0.016626194054530075 -0.00070118479642619798 0.021858742914238609 -0.0025076503814889226 0.0023213333403074164
leaf_weight=34698.585563205183 606.79740545153618 168.27456548810005 514.31818722188473 190.53479818999767 476.64381310343742 206.07731345295906 104.33946122229099 594.76290802657604 385.67176313698292 170.40870399773121 262.1985982209444 207.03538724780083 9701.7672339528799 3825.8644262850285
leaf_count=158559 2698 710 2212 838 2260 878 442 2637 1682 752 1146 860 44168 16874
internal_value=5.92016e-05 0.00013379 0.00371636 0.00199635 -7.31643e-05 0.00509892 0.0108445 -0.00447739 0.00143886 -0.0025274 -0.00720813 0.0145045 1.18366e-05 -0.00114122
internal_weight=52113.3 51506.5 2803.62 2428.31 48702.9 1643.01 618.658 785.298 1024.36 638.685 432.607 375.31 48226.2 13527.6
internal_count=236716 234018 12157 10587 221861 7112 2654 3475 4458 2776 1898 1570 219601 61042
cat_boundaries=0 1
cat_threshold=27
is_linear=0
shrinkage=0.03


Tree=167
num_leaves=15
num_cat=1
split_feature=44 39 40 39 46 24 38 10 25 44 44 20 30 2
split_gain=28.9337 30.6907 52.096 71.8237 44.5808 41.2744 50.6686 38.0965 33.8011 33.6704 32.2016 29.074 68.301 56.3154
threshold=-0.0062941246477756212 0.85988707139511911 0.54374216055077251 1.450990479986296 0 0.00036492732729426219 0.66086032672156958 1.0526125124765247 -0.021854085914295662 -0.096910635670647546 -0.044673116679955667 0.71049969511778943 2.5000000000000004 1.4196378586820166
decision_type=8 8 10 10 1 10 10 10 10 10 10 8 2 8
left_child=1 8 3 5 9 6 10 -5 -1 -4 -3 -2 13 -13
right_child=11 2 4 7 -6 -7 -8 -9 -10 -11 -12 12 -14 -15
leaf_value=-0.0024839475956815052 0.0013023040314253435 0.011554102076855973 0.018548385270861383 0.0019574292499237637 -0.0030327543142481973 0.016880068601243838 0.022171469258244664 -0.02044706246648546 0.00026216921653565576 0.0019456945267876972 -0.0050573894931560575 -0.0063265656566933535 0.0015476783886136034 0.0030912060209423728
leaf_weight=9727.4145023971796 21784.883546948433 143.61891031265259 106.49870577454567 166.64988528192043 2496.8821959346533 444.62743599712849 108.57516492903233 103.94892862439156 6884.2281223684549 2037.9537616372108 322.05290478467941 2480.9992442280054 4493.1586288362741 734.85727635025978
leaf_count=45297 99290 611 471 731 11070 1896 461 473 31274 9073 1406 11320 19726 3248
internal_value=0.0001238 -0.00068519 0.00116601 0.00647539 -0.000319807 0.0101069 0.00466343 -0.0070711 -0.00134642 0.00283931 0.000200995 0.000742141 -0.00084046 -0.00417159
internal_weight=52036.3 22542.5 5930.81 1289.47 4641.33 1018.87 574.247 270.599 16611.6 2144.45 465.672 29493.9 7709.02 3215.86
internal_count=236347 102763 26192 5578 20614 4374 2478 1204 76571 9544 2017 133584 34294 14568
cat_boundaries=0 1
cat_threshold=410
is_linear=0
shrinkage=0.03


Tree=168
num_leaves=15
num_cat=1
split_feature=31 43 2 0 46 39 1 16 27 13 9 12 6 39
split_gain=27.0489 24.5462 35.6927 34.9194 53.2159 38.8297 33.3769 32.6873 28.1131 36.4652 51.521 44.1836 46.847 41.4843
threshold=2.8312508026343428 0.95000000000000007 0.28852613050602888 0.0074479310605302046 0 0.61976591398728387 0.010037752098188335 0.31526408100130682 0.096681254117309531 57.299249459712165 -0.43274413032988418 0.0066410604447747637 0.93919485207039644 0.65745435516152717
decision_type=10 10 8 10 1 8 10 8 10 10 10 2 10 10
left_child=1 2 6 4 -3 7 -1 -6 -4 -10 -11 13 -13 -12
right_child=-2 3 8 -5 5 -7 -8 -9 9 10 11 12 -14 -15
leaf_value=0.00075161226570088851 0.0073528948247265314 0.02008861738220943 -0.001680409669985586 0.00050142513560958455 0.010925536586946545 0.018943285920272654 -0.018127154897346617 -0.0018920174801604667 0.00067848658346719986 -0.0097480372676977921 0.00050806945272393949 -0.0035213814518582757 0.0010809881004552396 0.0217545736787771
leaf_weight=146.68819065392017 428.90121138095856 185.99645851552486 10183.258580684662 4921.0405008345842 226.48115275800228 116.307656660676 185.70697256922722 729.06514102220535 25994.423580542207 629.52547800540924 191.54842136800289 4222.8097616285086 3750.5569321960211 136.22072060406208
leaf_count=722 1824 846 46424 21978 1025 511 945 3266 119060 2855 843 19046 16527 574
internal_value=-6.31989e-05 -0.000126231 -0.000367563 0.0016463 0.00608607 0.00327703 -0.0100172 0.00122766 -0.000294252 0.000110281 -0.0015425 -0.000909244 -0.00135785 0.00972075
internal_weight=52048.5 51619.6 45440.7 6178.89 1257.85 1071.85 332.395 955.546 45108.3 34925.1 8930.66 8301.14 7973.37 327.769
internal_count=236446 234622 206996 27626 5648 4802 1667 4291 205329 158905 39845 36990 35573 1417
cat_boundaries=0 1
cat_threshold=448
is_linear=0
shrinkage=0.03


Tree=169
num_leaves=15
num_cat=1
split_feature=20 11 35 46 38 2 1 6 45 41 11 11 45 1
split_gain=32.0127 58.238 50.0013 48.6612 45.8838 58.0667 54.1602 40.6905 40.6228 59.2905 86.2127 75.4844 50.8331 40.1527
threshold=0.73495337656021886 -0.45482395311662471 -0.6452092450693262 0 1.4041492577238197 0.91576885340057557 0.012341897493789328 1.8160491712868141 1.0476671307919865 0.55000000000000016 1.7372009670774367 0.67193959042990337 1.1148190245697525 0.0061848154606596482
decision_type=10 8 8 1 10 10 8 10 8 2 10 8 10 10
left_child=4 -2 -3 -4 -1 6 -6 8 9 11 13 -5 -10 -11
right_child=1 2 3 7 5 -7 -8 -9 12 10 -12 -13 -14 -15
leaf_value=6.3107399070914393e-05 -0.0079967244625964284 0.0059715665076771358 -0.0045727932614185382 -0.0048718172487451673 0.0058954475642676472 0.0097057377836048276 -0.0090359771113495812 0.0067776154448536364 -0.013936011491193718 0.011204646905680269 -0.014923850487200366 0.015665198070112664 -0.0014474136869698981 -0.00069922640197709002
leaf_weight=40380.813243128359 1130.2335057705641 875.95043379068375 2956.5074250549078 237.6272194236517 473.91726860404015 1008.8618197590113 388.9352695941925 729.12852630019188 393.20230086147785 302.83099074661732 336.67837600409985 465.81454616785049 1086.829918012023 1374.7493831217289
leaf_count=184576 5172 3770 13253 1044 2087 4359 1770 3163 1773 1298 1533 2035 4956 6088
internal_value=-8.32042e-05 -0.00161878 -0.000787638 -0.00154529 0.000276507 0.00485565 -0.000861384 0.000285716 -0.000854649 0.00132363 -0.00130263 0.00875661 -0.00483654 0.00150328
internal_weight=52142.1 9889.55 8759.32 7883.37 42252.5 1871.71 862.853 4926.86 4197.73 2717.7 2014.26 703.442 1480.03 1677.58
internal_count=236877 44085 38913 35143 192792 8216 3857 21890 18727 11998 8919 3079 6729 7386
cat_boundaries=0 1
cat_threshold=900
is_linear=0
shrinkage=0.03


Tree=170
num_leaves=15
num_cat=1
split_feature=36 40 11 27 37 31 13 40 37 33 40 15 46 37
split_gain=27.3069 41.5095 26.9053 25.5795 34.0617 32.4101 30.0827 37.216 47.756 37.2313 34.6034 33.4382 39.9221 33.9975
threshold=-2.4533527491768634 -0.79859734425339701 0.14115311550085072 0.090909090909091134 0.40025303896032116 -1.998650575875869 57.599330783481527 -0.69353555611436823 -0.14960318950031029 1.6513551228752836 0.54374216055077251 0.6782893201304282 0 0.27836158822628732
decision_type=8 10 8 10 10 10 8 10 8 10 10 8 1 10
left_child=1 2 -1 4 -2 -6 -5 8 -8 10 11 12 -9 -14
right_child=3 -3 -4 6 5 -7 7 9 -10 -11 -12 -13 13 -15
leaf_value=-0.0039240825967310818 -0.0024621397932270829 -0.016014425329454528 0.013601997859752048 0.00086519430115406535 0.014663008779078368 0.00049303728924687915 0.0080358728471813402 0.0054949048303293115 -0.012355254431430488 0.0041845774336229033 -0.002922830268817957 0.002908556993445752 0.0026896297137080625 -0.0082074512981993031
leaf_weight=468.89661218225956 7271.8072224408388 230.10320003330708 84.418777018785477 29278.866063214839 141.53038527071476 3541.9344974905252 123.37004575133324 405.79464673995972 482.19753934442997 1300.3301661014557 4947.3939741551876 2571.9239255338907 352.02640733122826 911.44315683841705
leaf_count=2247 33284 1121 392 133839 615 15858 547 1853 2230 5611 22105 11416 1557 4113
internal_value=-7.31118e-05 -0.00559611 -0.00105615 1.22584e-05 -0.00127272 0.00107572 0.000361164 -0.000968576 -0.00813799 -0.0005473 -0.00122076 0.000766936 -0.00253044 -0.00513373
internal_weight=52112 783.419 553.315 51328.6 10955.3 3683.46 40373.3 11094.5 605.568 10488.9 9188.58 4241.19 1669.26 1263.47
internal_count=236788 3760 2639 233028 49757 16473 183271 49432 2777 46655 41044 18939 7523 5670
cat_boundaries=0 1
cat_threshold=896
is_linear=0
shrinkage=0.03


Tree=171
num_leaves=15
num_cat=0
split_feature=38 1 36 36 36 35 41 30 30 38 41 38 1 29
split_gain=24.6499 33.8238 32.1616 40.4605 25.0619 39.7959 72.5689 101.301 87.8087 64.9088 58.2882 57.9308 84.7903 55.8468
threshold=2.4326689520438873 0.0063756222391230331 3.4496238056225925 2.0256824557911477 -0.27787662703641075 0.20168715335899035 0.8500000000000002 2.5000000000000004 4.5000000000000009 -0.18898188143061143 0.35000000000000003 0.3419394006608753 0.014835113485502044 13.000000000000002
decision_type=8 10 10 8 10 10 2 2 2 10 2 10 8 2
left_child=4 -2 3 -3 -1 11 8 -8 9 -7 -11 -6 -13 -10
right_child=1 2 -4 -5 5 6 7 -9 13 10 -12 12 -14 -15
leaf_value=0.000752183448235838 -0.00948503625881204 0.0031107349583862835 -0.0059639141496468243 0.0182146890423668 -0.0034410135070394162 -0.00053758116953647229 -0.0062491012687191554 0.00084581727110663715 0.00065576562537505957 0.0094468167705839372 0.0029991486311902703 0.0031978771193619314 -0.0060797107585885421 -0.0066233387367484525
leaf_weight=17294.480873584747 119.90010462701321 365.58013714849949 133.56714478135109 280.51417401432991 8362.0943612828851 3119.5111540108919 3190.8721119463444 4166.947653695941 2321.5394712090492 1719.8491957783699 4728.8159500360489 3363.5590237528086 1192.7615783959627 1592.1556885093451
leaf_count=78237 502 1596 562 1174 39132 14100 14757 18617 10773 7536 20865 15221 5582 7372
internal_value=-8.90193e-05 0.0048063 0.00709637 0.00984608 -0.000176201 -0.000651899 0.000159201 -0.00223535 0.00146673 0.00301431 0.0047307 -0.00195946 0.000761178 -0.00231483
internal_weight=51952.1 899.562 779.661 646.094 51052.6 33758.1 20839.7 7357.82 13481.9 9568.18 6448.67 12918.4 4556.32 3913.7
internal_count=236026 3834 3332 2770 232192 153955 94020 33374 60646 42501 28401 59935 20803 18145
is_linear=0
shrinkage=0.03


Tree=172
num_leaves=15
num_cat=0
split_feature=40 38 0 19 39 41 39 11 45 39 11 40 36 11
split_gain=23.4043 42.3983 43.2295 38.0084 32.107 51.5976 27.6755 38.5214 41.1011 32.211 80.7198 90.9891 124.351 99.2645
threshold=2.8855249337096849 2.4326689520438873 0.0076971239072775753 1.5863378631730145 1.1469683337248899 0.8500000000000002 2.1324168955337464 2.0273698035533445 0.91588384925486122 1.1672008633511177 1.483218987472857 1.2872264462450465 -0.82380687642880013 0.52070618809845692
decision_type=10 10 10 2 10 2 10 10 8 10 8 10 10 10
left_child=1 6 -3 -4 -5 -6 9 8 -8 -1 11 -11 -13 -14
right_child=-2 2 3 4 5 -7 7 -9 -10 10 -12 12 13 -15
leaf_value=-0.00029594326586216714 -0.0099272915203473273 -0.0065702157591728139 0.026057567477507058 -0.0044042531876353902 -0.0032667832698142119 0.020620945932359937 0.004784636987885468 -0.022121619191723046 -0.0082252858929343711 0.0076213284986748984 -0.004588161038015846 0.025152080587298054 -0.0079083038806866766 0.0045250667957498743
leaf_weight=43828.666516408324 204.59429369866848 159.27668815851212 108.1363190561533 152.34391443431377 124.99077191948891 210.91743020713329 358.71247053146362 96.596228986978531 529.75400213897228 2592.836514800787 1322.8207475244999 150.03591559827328 1245.3015969246626 1062.0035971552134
leaf_count=200263 894 680 459 645 534 903 1649 466 2547 11268 5923 610 5516 4611
internal_value=-4.02873e-05 5.59673e-07 0.00700789 0.0106827 0.00682293 0.0118949 -0.000104238 -0.00505853 -0.00297782 -6.03574e-06 0.00198507 0.0037125 -0.000426039 -0.00219066
internal_weight=52147 51942.4 755.665 596.388 488.252 335.908 51186.7 985.063 888.466 50201.7 6373 5050.18 2457.34 2307.31
internal_count=236968 236074 3221 2541 2082 1437 232853 4662 4196 228191 27928 22005 10737 10127
is_linear=0
shrinkage=0.03


Tree=173
num_leaves=15
num_cat=1
split_feature=31 20 12 14 16 11 46 33 12 45 40 6 9 41
split_gain=25.4191 25.4607 47.1134 48.5685 41.1757 39.4757 35.5233 34.6578 54.1504 43.8649 42.7855 43.2481 41.0114 56.0382
threshold=2.8312508026343428 0.88918566563204149 0.0062589244738169318 0.47603040927217832 0.3472763500910811 -0.50101099258257586 0 0.48953017232900031 0.010202807697706416 1.2048854646943059 -1.6300809730482866 0.22033333145610881 0.06898614307185702 0.75000000000000011
decision_type=10 10 2 8 8 8 1 8 2 8 10 8 10 2
left_child=1 7 -3 -4 6 -6 -5 8 -1 -10 -11 -12 13 -9
right_child=-2 2 3 4 5 -7 -8 12 9 10 11 -13 -14 -15
leaf_value=-0.0029278350577378667 0.0072882729997030306 0.01767717255052139 0.0073237410889351179 0.022743439167395376 -0.011078766720164527 -0.0022596760455566348 -0.0020262872861444153 0.0017338718010926186 0.00099946937148565149 0.0096534805177439405 -0.0039909573050724905 0.0020759766087229577 0.0035510497759301432 -0.0046419359683347169
leaf_weight=5439.5635042786598 428.62840050458908 102.68055215477943 473.46622249484062 86.888856872916222 484.20560865104198 6220.7532212287188 102.94267305731773 4632.2981097400188 20853.821618668735 264.28454227745533 4244.4394329935312 1400.2309967875481 5622.3294377326965 1683.1760923415422
leaf_count=25088 1819 436 2092 393 2214 27684 480 20695 95466 1240 19936 6493 24806 7647
internal_value=9.68381e-05 3.57131e-05 -0.0015827 -0.0018747 -0.00251605 -0.00291211 0.0109187 0.000309935 -0.000201989 0.000352928 -0.00192667 -0.00248497 0.00168987 2.99637e-05
internal_weight=52039.7 51611.1 7470.94 7368.26 6894.79 6704.96 189.832 44140.1 32202.3 26762.8 5908.95 5644.67 11937.8 6315.47
internal_count=236489 234670 33299 32863 30771 29898 873 201371 148223 123135 27669 26429 53148 28342
cat_boundaries=0 1
cat_threshold=293
is_linear=0
shrinkage=0.03


Tree=174
num_leaves=15
num_cat=1
split_feature=39 39 8 39 36 35 1 46 10 8 1 16 12 45
split_gain=21.5478 68.8378 57.038 52.2827 102.847 45.0994 41.8036 113.545 54.366 61.5291 68.3626 50.2626 52.6041 50.425
threshold=-0.50697222414922305 -0.32371391018397272 0.84876860908101248 -1.0357267802456829 -1.1025581251758489 1.1093975275270738 0.015609417072637804 0 -0.56816268474184917 -1.0926361414405517 0.0098496237270509265 0.34388747450343721 0.038092955660133605 1.086344737351512
decision_type=8 10 8 10 10 10 8 1 8 10 10 8 2 10
left_child=3 2 -2 5 -5 6 8 -8 9 -1 -11 12 13 -9
right_child=1 -3 -4 4 -6 -7 7 11 -10 10 -12 -13 -14 -15
leaf_value=-0.0022045197137347083 0.0055828466717020046 -6.0098307558051177e-05 -0.0074130092889706581 -0.011469631305618679 -0.0013218134039303211 -0.010130003110050412 -0.0065141401731019536 0.0032033003205622665 -0.0050557856906264737 0.01322796506893238 0.00066415840466963047 0.021028176625094572 -0.00067251238958319763 0.021418002349832415
leaf_weight=1505.1527145057917 3173.0158138126135 34465.819607764482 327.40036506950855 1035.8534396141768 6422.0400188714266 306.20302505791187 511.82590742409229 260.09339764714241 1361.1605784595013 693.29274353384972 876.88986922800541 284.10681328177452 462.41071218252182 288.46760007739067
leaf_count=7184 14537 155397 1469 5001 29712 1388 2249 1172 6377 3117 4039 1262 1976 1296
internal_value=-2.35372e-05 0.000347512 0.00434967 -0.00102877 -0.00274475 0.000926392 0.00148398 0.00531685 -8.55305e-05 0.00212359 0.00626014 0.00998009 0.00679751 0.0129937
internal_weight=51973.7 37966.2 3500.42 14007.5 7457.89 6549.6 6243.4 1806.9 4436.5 3075.34 1570.18 1295.08 1010.97 548.561
internal_count=236176 171403 16006 64773 34713 30060 28672 7955 20717 14340 7156 5706 4444 2468
cat_boundaries=0 1
cat_threshold=35
is_linear=0
shrinkage=0.03


Tree=175
num_leaves=15
num_cat=0
split_feature=40 40 9 45 6 30 40 38 37 30 37 0 40 0
split_gain=29.5653 39.5037 49.9478 50.8401 44.8497 43.8234 39.8134 39.4107 58.9657 54.0712 61.6555 59.504 57.3419 64.2716
threshold=2.5463137433785379 1.6877905140902369 0.69439547738323248 1.0453941960936761 0.081504231167135482 2.5000000000000004 0.41208371036096603 0.18135288024196225 1.3549083781642293 1.0000000180025095e-35 1.0000000180025095e-35 0.018892674349423801 1.0000000180025095e-35 0.017906608038196683
decision_type=10 8 8 8 10 2 10 10 10 2 10 8 10 10
left_child=1 6 4 -4 -3 -5 7 8 -1 10 -9 -11 13 -12
right_child=-2 2 3 5 -6 -7 -8 9 -10 11 12 -13 -14 -15
leaf_value=-0.00014495592908086717 -0.0065767749676726621 0.0031793200948288663 0.0049235730134986984 -0.012599559779242131 0.018061177209480823 0.0012545946004258019 -0.001434379968705849 0.011065084876417036 -0.022004442065377623 0.0038334069617779617 -0.014363320189079813 -0.0041071196183456726 0.0024107735807385928 0.0096154873400746115
leaf_weight=23476.723360590637 605.10538333654404 395.31488302350044 1240.2804213911295 346.6260721385479 336.73507514595985 481.06119714677334 15172.223557963967 218.18613921105862 101.59003400802612 7462.0901585519314 664.44043432176113 950.02010588347912 463.45881201326847 111.0420259386301
leaf_count=107951 2695 1684 5340 1592 1428 2106 68650 960 445 33646 3051 4228 2128 505
internal_value=-3.86128e-05 3.95917e-05 0.00349808 0.00109655 0.010176 -0.00462852 -0.000160261 0.000417951 -0.000248429 0.00200862 -0.00331057 0.00293283 -0.00591055 -0.0108511
internal_weight=52024.9 51419.8 2800.02 2067.97 732.05 827.687 48619.8 33447.6 23578.3 9869.24 1457.13 8412.11 1238.94 775.482
internal_count=236409 233714 12150 9038 3112 3698 221564 152914 108396 44518 6644 37874 5684 3556
is_linear=0
shrinkage=0.03


Tree=176
num_leaves=15
num_cat=0
split_feature=40 39 39 40 38 35 10 40 38 38 16 39 30 38
split_gain=22.5674 43.2872 42.3299 66.1714 54.7477 51.4029 47.6413 49.6283 57.0803 61.1642 51.6516 44.9357 62.2351 73.3585
threshold=1.6877905140902369 1.9611555039440209 1.1672008633511177 0.51990211827113264 1.0314530475032557 -1.0979416159164725 1.7042116362742468 1.3064938115168161 1.8830224903366182 0.81098033207336517 0.46697801650008725 0.45834371885149988 4.5000000000000009 -0.84013620336489458
decision_type=10 10 10 8 10 10 8 10 10 10 10 10 2 10
left_child=1 2 3 11 -5 -6 7 10 9 -9 -4 -1 13 -13
right_child=-2 -3 6 4 5 -7 -8 8 -10 -11 -12 12 -14 -15
leaf_value=-0.00011922969509570547 0.0023697362431760738 -0.0069406247365718047 0.015231102903181856 -0.0041099768371178607 0.020318846213338407 0.00012238438297438301 -0.0055090612940569923 0.0019402715753049874 0.018108045022028344 -0.013910347762709208 0.00417248474349626 0.016809173125142185 -0.0029689755419888635 0.0034945037114542422
leaf_weight=30380.19221816957 3404.62046661973 821.21789968013763 444.63187557458878 6371.3493954837322 108.77424587309361 2517.5807946920395 541.05798216164112 555.07905973494053 105.59767466783524 349.77803294360638 2420.5748130828142 426.98952347040176 1069.5168106555939 2588.3071332573891
leaf_count=139617 14853 3815 1940 29270 464 11275 2410 2456 455 1569 10568 1852 4860 11419
internal_value=1.20907e-05 -0.000153183 -3.53411e-05 -0.000319919 -0.00260938 0.00103275 0.00275944 0.00392497 -0.0017786 -0.00427196 0.0059356 0.000278368 0.00322852 0.00542929
internal_weight=52105.3 48700.6 47879.4 43462.7 8997.7 2626.36 4416.72 3875.66 1010.45 904.857 2865.21 34465 4084.81 3015.3
internal_count=236823 221970 218155 198757 41009 11739 19398 16988 4480 4025 12508 157748 18131 13271
is_linear=0
shrinkage=0.03


Tree=177
num_leaves=15
num_cat=0
split_feature=40 38 0 37 39 39 30 40 37 41 0 11 39 40
split_gain=25.7828 28.626 46.4297 39.3864 25.0306 54.96 55.8768 79.1509 46.8167 44.9806 39.8888 39.4157 38.5513 59.3746
threshold=2.8855249337096849 2.6300836929250067 0.007592319117198606 1.9533495851223017 1.6110225624713537 1.0767330620930282 2.5000000000000004 0.76471202846467523 1.001011405099981 0.95000000000000007 0.0088858667902320561 1.5721907998205833 1.4263679688409081 0.69982111892200261
decision_type=10 10 10 10 10 8 2 8 8 2 8 10 10 10
left_child=1 4 -3 -4 5 -1 8 -8 12 -6 11 -9 -7 -14
right_child=-2 2 3 -5 9 6 7 10 -10 -11 -12 -13 13 -15
leaf_value=-0.00020607531532181625 -0.010569930571959995 -0.009417354864137582 0.02132630081969843 0.0028555826413421597 -0.0002906608937940109 -0.0060709129382144761 0.012579812035342336 0.0094048703055680596 0.0066424050065015628 -0.0079223089083096457 -0.001267039098765777 -0.010361230682341228 -0.013012848002233327 0.011870791868006788
leaf_weight=42754.319027639925 196.75960502028465 114.27211911976337 188.14555352926254 226.05192843079567 2366.414175093174 1168.6846757233143 991.4320133626461 770.44835568964481 568.19524702429771 974.61721937358379 1196.0938453525305 94.41202475130558 112.8047810792923 284.23149485886097
leaf_count=195564 865 486 790 963 10615 5183 4233 3312 2551 4463 5166 418 502 1259
internal_value=2.83865e-06 4.50229e-05 0.00692604 0.0115507 -2.72241e-05 0.000147961 0.00306131 0.00565828 -0.000662509 -0.0025339 0.00228398 0.00715335 -0.00333877 0.00465492
internal_weight=52006.9 51810.1 528.47 414.197 51281.7 47940.6 5186.3 3052.39 2133.92 3341.03 2060.95 864.86 1565.72 397.036
internal_count=236370 235505 2239 1753 233266 218188 22624 13129 9495 15078 8896 3730 6944 1761
is_linear=0
shrinkage=0.03


Tree=178
num_leaves=15
num_cat=0
split_feature=19 39 40 39 11 1 40 40 38 37 38 39 36 38
split_gain=23.8526 28.4388 33.9218 43.5197 74.3857 66.9426 46.1501 50.4007 45.8344 68.7229 66.6061 59.573 59.4576 49.759
threshold=7.4684236787910816 1.9611555039440209 2.5463137433785379 1.0767330620930282 1.5121175970145071 0.0082658305179008525 1.8102025032914217 0.51990211827113264 0.99365367973791685 0.26108099626433223 0.22856875432631904 -0.16735066398555573 -0.6926889290061885 -0.97923464289673878
decision_type=2 10 10 8 10 8 10 10 10 10 10 10 10 10
left_child=1 2 3 6 5 -5 7 -1 10 -10 11 -9 -11 -13
right_child=-2 -3 -4 4 -6 -7 -8 8 9 12 -12 13 -14 -15
leaf_value=0.00016960223209963707 0.0037564742592121644 -0.0042672504798091501 -0.0099867170676988665 0.009337556051718222 -0.0052390440871057714 0.0017676525029383305 0.010828741554236351 -0.0199817761555393 0.014293095323294125 0.020409767862329183 -0.0074413681793164006 -0.014424177897653968 -0.0019697204457133966 0.0010269120636082945
leaf_weight=33860.441892884672 1481.8529334366322 1417.0879002660513 292.48257191479206 1420.4262011498213 964.44972379505634 3993.2519382238388 325.36167360842228 131.06035134196281 292.86718519032001 102.24819967150688 2626.1054531186819 191.26754339039326 2216.0998756289482 2749.1715545654297
leaf_count=155085 6555 6556 1282 6055 4328 17454 1366 630 1288 441 12086 894 9942 12658
internal_value=1.78203e-05 -9.24276e-05 2.87464e-05 9.07154e-05 0.00239943 0.00376738 -0.000256288 -0.000344363 -0.00243658 0.000852686 -0.00394291 -0.000937313 -0.000899279 -2.3621e-05
internal_weight=52064.2 50582.3 49165.2 48872.8 6378.13 5413.68 42494.6 42169.3 8308.82 2611.22 5697.6 3071.5 2318.35 2940.44
internal_count=236620 230065 223509 222227 27837 23509 194390 193024 37939 11671 26268 14182 10383 13552
is_linear=0
shrinkage=0.03


Tree=179
num_leaves=15
num_cat=2
split_feature=40 24 1 8 46 11 30 16 38 30 38 46 9 40
split_gain=28.0182 26.9034 40.7657 46.835 50.8914 50.2545 53.337 38.7439 32.4651 32.2053 38.7045 32.3808 40.523 31.6221
threshold=2.8855249337096849 0.007635078541261082 0.012107709151872519 -1.4456360069150376 0 0.80287545072106525 1.0000000180025095e-35 0.082186143973751902 -2.4248572191417286 4.5000000000000009 -1.092440800460867 1 0.5687279406853859 1.7258651639187355
decision_type=10 8 10 8 1 8 2 10 10 2 10 1 8 10
left_child=1 -1 3 7 5 6 -5 -3 -4 11 -11 12 -10 -6
right_child=-2 2 8 4 13 -7 -8 -9 9 10 -12 -13 -14 -15
leaf_value=-0.00037866678379082429 -0.010929374726555141 0.0080786087957604447 0.015241175853831094 -0.0034760880191422286 0.00082443400257540829 -0.00074784915467607119 0.010459084766395104 -0.012733756895136011 0.013389616069978894 -0.018216462369570599 -0.0027959717082679182 -0.00038588718711165523 -0.0040981554479411555 0.0085673928612886151
leaf_weight=33757.686568632722 197.28800025582314 99.967502757906914 104.32578277587891 282.3421733379364 6916.8058904185891 704.86923152208328 1761.1028400212526 309.29829049110413 342.55878418684006 148.52822022140026 2037.0830562859774 4765.4830406010151 174.39323285222054 499.97854502499104
leaf_count=154121 871 483 466 1269 31064 3096 7833 1533 1516 710 9494 21481 768 2137
internal_value=7.81554e-05 0.000122092 0.00105333 0.00225575 0.00265876 0.00613127 0.00852611 -0.00757868 -0.000626539 -0.00086829 -0.0039221 0.00040025 0.00738419 0.00135541
internal_weight=52101.7 51904.4 18146.7 10574.4 10165.1 2748.31 2043.45 409.266 7572.37 7468.05 2185.61 5282.44 516.952 7416.78
internal_count=236842 235971 81850 47415 45399 12198 9102 2016 34435 33969 10204 23765 2284 33201
cat_boundaries=0 1 2
cat_threshold=266 4
is_linear=0
shrinkage=0.03


Tree=180
num_leaves=15
num_cat=0
split_feature=40 25 40 13 39 11 30 31 37 1 39 16 10 39
split_gain=23.5044 22.2498 21.9041 74.5373 65.4828 61.4624 82.518 53.4564 47.3157 57.3346 51.34 52.3944 50.4803 42.5961
threshold=2.8855249337096849 0.67688443998409775 -1.745031036448901 40.184328464959009 -1.8876272350736987 -0.90181331804365417 3.5000000000000004 -0.20010093448675942 -1.7842672868464209 0.02328594170803824 -1.1924373062288918 0.20465004314719751 -0.53521074812281644 -1.6370688608182868
decision_type=10 10 8 10 8 8 2 10 8 10 8 10 10 10
left_child=2 -2 3 5 7 6 -1 -4 9 -6 11 12 -10 -7
right_child=1 -3 4 -5 8 13 -8 -9 10 -11 -12 -13 -14 -15
leaf_value=-0.015950374308239645 -0.019119104665972966 0.00056529298136249388 0.0029009964529661328 -0.013734520265800349 -0.0074597144751400593 0.0023634089796154382 0.0088296162048489037 0.030377384335832369 0.010003316864809557 0.014936840936000549 2.1900515650553625e-05 -0.00030862135701743479 -0.0067324876518912282 0.021740275616893116
leaf_weight=293.60890080034733 101.80785673856735 95.061475113034248 146.92229834198952 435.90807222574949 1179.8459597676992 298.53814795613289 192.69981780648232 105.84708452224731 1323.5058056265116 103.33956250548363 46240.334640607238 1249.8223059922457 177.61273998022079 147.48634248971939
leaf_count=1373 458 414 615 2238 6033 1353 903 436 5752 432 209657 5599 811 722
internal_value=4.58586e-05 -0.0100463 8.60722e-05 -0.00364541 0.000187819 0.0011674 -0.00615124 0.0151249 0.000109726 -0.00555448 0.000259187 0.00423318 0.00799168 0.00910696
internal_weight=52092.3 196.869 51895.5 1368.24 50527.2 932.333 486.309 252.769 50274.5 1283.19 48991.3 2750.94 1501.12 446.024
internal_count=236796 872 235924 6589 229335 4351 2276 1051 228284 6465 221819 12162 6563 2075
is_linear=0
shrinkage=0.03


Tree=181
num_leaves=15
num_cat=0
split_feature=31 38 40 16 33 11 40 40 14 38 1 10 1 40
split_gain=26.492 52.7413 37.3452 34.1373 33.6199 32.334 30.4958 49.2594 67.1 64.7073 83.3722 76.3442 64.7324 71.4165
threshold=-0.75512917588387285 0.2995866601470602 -0.0082324014935713109 0.10256814094187074 0.17278604028571662 -0.60421965819180012 0.45552310205796376 -0.58212004591178201 0.78000774593338662 -0.41316363298179298 0.014472376032620726 -1.88150926158445 0.016771030651519879 -0.24790343390848499
decision_type=10 8 10 8 8 8 10 10 10 8 8 10 10 10
left_child=1 2 3 -1 5 -4 7 8 -2 10 -9 -11 -13 -14
right_child=6 -3 4 -5 -6 -7 -8 9 -10 11 -12 12 13 -15
leaf_value=-0.0029764934922930338 -0.0004096886445616314 0.0053205809485793367 -0.011851331100776923 0.0033486281407353728 0.0068025378877601675 -0.0023587125232832455 -0.0012913889335041001 -0.0041266450439068824 -0.007941328351568213 -0.012182786799019293 0.0044669629017611576 0.0037385735832874195 0.0067562839794273752 -0.0042148949236354809
leaf_weight=1004.8353286385536 8304.8666935116053 2461.3358606696129 403.25751928985119 3160.7038869559765 266.15090756118298 1513.7501380294561 15055.565984338522 3532.8538212925196 1211.3573914021254 308.83622626960278 1415.337158665061 10655.542181774974 708.98424990475178 2067.8376730084419
leaf_count=4647 38502 10877 1879 14413 1178 6828 67887 16478 5587 1408 6364 47995 3208 9477
internal_value=0.00010383 0.00160233 0.000154693 0.00181937 -0.00301538 -0.0044067 -0.000201635 0.000380304 -0.00137575 0.00127471 -0.00166455 0.00233357 0.00267614 -0.00139952
internal_weight=52071.2 8810.03 6348.7 4165.54 2183.16 1917.01 43261.2 28205.6 9516.22 18689.4 4948.19 13741.2 13432.4 2776.82
internal_count=236728 39822 28945 19060 9885 8707 196906 129019 44089 84930 22842 62088 60680 12685
is_linear=0
shrinkage=0.03


Tree=182
num_leaves=15
num_cat=0
split_feature=36 30 38 10 39 39 38 19 38 19 19 19 38 37
split_gain=20.9782 39.7333 47.6839 41.9999 29.3451 27.7214 62.9326 33.5048 34.7374 38.5198 25.9077 25.5553 24.2388 22.9134
threshold=1.349987203337774 1.5000000000000002 -0.49089043654240366 -0.45685615250669714 -0.49455938032327246 0.77145826165893305 1.0702728278830875 5.9867627917413131 0.85774051887632652 1.7931598749194813 4.9963398024592527 -3.2689142158702 0.76633138922313682 -0.059419382142214143
decision_type=10 2 10 10 10 10 10 2 10 2 2 2 10 10
left_child=-1 11 -3 -4 -5 6 12 8 -7 -10 -8 -2 13 -6
right_child=1 2 3 4 5 7 10 -9 9 -11 -12 -13 -14 -15
leaf_value=-0.00019946979615665113 0.0099113045840328907 -0.014845305046334972 0.013256615573545695 -0.010398868995984753 -0.0066522617936587234 0.0090343760520162266 0.019412959044861296 0.0085179567528201605 0.009025318878344896 -0.008974456274366608 0.0015542203662955083 -0.0029797383781719373 -0.011680242665184578 0.011325457325074957
leaf_weight=47670.522809699178 143.14669801294804 104.02057841420174 449.68749204277992 124.09536074101925 96.548203766345978 184.24716699123383 353.58925898373127 377.05427420139313 125.26366449892521 523.19784192740917 93.809698581695557 1448.0311665832996 115.79041714966297 152.64414471387863
leaf_count=217467 626 468 1953 543 421 786 1518 1604 532 2232 401 6488 505 659
internal_value=-1.84638e-05 0.00198814 0.00419857 0.00501571 0.00323557 0.00411935 0.00837039 0.00121946 -0.0021472 -0.00541317 0.0157842 -0.00176537 -0.000896121 0.00437217
internal_weight=51961.6 4291.13 2699.95 2595.93 2146.24 2022.14 812.382 1209.76 832.709 648.462 447.399 1591.18 364.983 249.192
internal_count=236203 18736 11622 11154 9201 8658 3504 5154 3550 2764 1919 7114 1585 1080
is_linear=0
shrinkage=0.03


Tree=183
num_leaves=15
num_cat=0
split_feature=11 12 24 1 44 34 12 10 45 11 38 20 10 1
split_gain=25.4636 61.8747 25.9377 44.474 40.4187 37.9763 37.1312 43.5364 34.4781 36.5307 33.9828 42.9654 38.3633 34.0805
threshold=3.1959690996984662 0.019392389400833369 0.007635078541261082 0.010373511655423922 0.017902225684108184 -0.7125265218737401 0.031713322298611374 0.60200999757410811 1.2931294630742507 -0.63800335937296881 -0.1808905395500216 0.67373188100621118 -1.4205159856614269 0.0097632353180863319
decision_type=10 2 10 10 8 10 2 10 10 8 10 10 8 10
left_child=2 -2 4 -4 6 -5 7 10 9 -9 12 -12 13 -1
right_child=1 -3 3 5 -6 -7 -8 8 -10 -11 11 -13 -14 -15
leaf_value=-0.0041951084705470062 -0.0040701987330750622 0.027431994502108158 0.0024466393765118525 0.0046981899124281488 0.0014253311418904386 -0.0012159894458826368 0.0021496397407047936 -0.012856177321604562 -0.011062382141428573 -0.0023906684851286611 0.0011174603023114237 -0.0047633832634642291 -0.0030370637721881576 0.0075928335776793551
leaf_weight=335.71314898133278 121.16356691718102 91.10087651014328 8212.580133870244 1091.5665404498577 7089.6220365017653 8649.108278542757 2791.3150868862867 309.19553093612194 513.43936650454998 5268.6532387435436 8929.5572485476732 1267.9957471489906 6809.8835036605597 606.91946701705456
leaf_count=1595 554 398 36735 4876 31913 39385 12235 1432 2421 23711 40755 5725 32228 2855
internal_value=-5.65443e-05 0.010076 -9.99386e-05 0.000821882 -0.000587907 -0.000549092 -0.00112017 -0.00150055 -0.00368998 -0.00299277 -0.000755929 0.000382268 -0.00225166 0.00339466
internal_weight=52087.8 212.264 51875.5 17953.3 33922.3 9740.67 26832.7 24041.4 6091.29 5577.85 17950.1 10197.6 7752.52 942.633
internal_count=236818 952 235866 80996 154870 44261 122957 110722 27564 25143 83158 46480 36678 4450
is_linear=0
shrinkage=0.03


Tree=184
num_leaves=15
num_cat=2
split_feature=45 46 10 1 36 1 11 10 11 14 40 1 41 46
split_gain=23.5746 61.6645 101.745 63.5662 48.3427 45.6864 44.1935 65.0153 59.8566 42.6702 45.134 39.297 56.356 52.4883
threshold=0.77404030145805491 0 -1.0166569648988821 0.015403002544016289 -1.0768158669421735 0.0056753136967946172 -0.6826994638239311 -0.43443703553140228 0.22080430261434672 0.44955115519890859 0.96005195121250153 0.005460192887295102 0.95000000000000007 1
decision_type=8 1 8 10 10 10 8 10 10 10 10 8 2 1
left_child=1 2 -1 4 -4 -3 7 -6 -8 10 -7 12 13 -2
right_child=11 5 3 -5 6 9 8 -9 -10 -11 -12 -13 -14 -15
leaf_value=0.021400077593883769 -0.0013695945337862051 0.0034190242573145947 -0.012101099319240324 0.021683319912107035 0.0237711964925559 0.00017521485768176535 -0.0051451714096768207 0.00014744819178401651 0.0060512838796491367 -0.00382363309929812 0.014602145315297627 -0.00016508057575961429 0.0092294172792976598 -0.014095969137449189
leaf_weight=296.89432406425476 596.30825589597225 2285.2972398251295 195.4348925948143 144.74533724784851 198.16515518724918 1981.6916138380766 773.75072625279427 211.50322343409061 941.73874866962433 3219.1038693636656 206.51493157446384 40102.609721705317 196.23991452157497 574.87767507135868
leaf_count=1338 2706 10065 909 644 902 9099 3502 966 4141 14300 901 183070 857 2677
internal_value=-1.52462e-05 0.00125716 0.00508393 0.00306104 0.00181143 -0.000128189 0.00314155 0.0118689 0.00100071 -0.00163113 0.00159701 -0.000336254 -0.00531861 -0.00781373
internal_weight=51924.9 10454.8 2762.23 2465.34 2320.59 7692.61 2125.16 409.668 1715.49 5407.31 2188.21 41470 1367.43 1171.19
internal_count=236077 46767 12402 11064 10420 34365 9511 1868 7643 24300 10000 189310 6240 5383
cat_boundaries=0 1 2
cat_threshold=82 75
is_linear=0
shrinkage=0.03


Tree=185
num_leaves=15
num_cat=0
split_feature=14 40 39 15 32 20 11 39 38 30 15 40 11 8
split_gain=21.2832 28.7689 66.1745 49.2471 46.9415 28.3599 50.6328 29.5712 44.0804 42.4207 54.8598 45.3785 62.0953 58.9079
threshold=0.035386631716906543 -2.0528654686053511 -2.1024491126318048 0.13074367537593168 -0.10772464744103766 -1.4284023069031835 -1.270839640926068 -1.1924373062288918 0.22856875432631904 1.5000000000000002 0.4257174532784293 -1.2203586521697785 -0.90181331804365417 -0.83635564339991642
decision_type=10 8 10 8 10 10 10 10 10 2 10 10 8 10
left_child=-1 3 -3 4 -2 6 -4 8 9 11 -11 12 -7 -13
right_child=1 2 5 -5 -6 7 -8 -9 -10 10 -12 13 -14 -15
leaf_value=0.0051172113294550283 -0.007158042002501537 0.017851215897145348 0.010198856459572123 -0.016171794716131879 0.017441640204641375 -0.0012881545187826986 -0.013157799360506275 -0.00035744742959868447 0.010451959747384911 -0.0023938286867119189 0.017819931121475063 0.0084409729210577124 0.017523430225988106 -0.013598508713294547
leaf_weight=670.31140302121639 186.49305573105812 173.13654480874538 101.46785262227058 260.94269318878651 98.392113447189331 245.91079588234425 340.87225648760796 46382.657198145986 515.47276163101196 2130.0825399756432 118.1124006062746 226.04708354175091 424.97958537936211 193.25085683166981
leaf_count=3098 869 743 489 1284 457 1117 1736 210603 2238 9824 533 1021 1891 839
internal_value=-0.000154316 -0.000224047 -0.00014982 -0.00701224 0.00164142 -0.000214828 -0.00769302 -0.000147463 0.00237416 0.0010994 -0.00125766 0.00592739 0.0107105 -0.00179698
internal_weight=52068.1 51397.8 50852 545.828 284.885 50678.9 442.34 50236.5 3853.86 3338.38 2248.19 1090.19 670.89 419.298
internal_count=236742 233644 231034 2610 1326 230291 2225 228066 17463 15225 10357 4868 3008 1860
is_linear=0
shrinkage=0.03


Tree=186
num_leaves=15
num_cat=0
split_feature=32 38 30 20 0 1 20 30 40 11 6 41 38 34
split_gain=28.145 42.4105 32.5946 65.9087 52.4644 44.6515 39.762 84.9085 50.9971 42.4874 39.9935 43.6613 46.3982 39.4993
threshold=-0.8898488632300442 -2.6119452810248469 5.5000000000000009 -0.45705841242213152 0.0067540412082641695 0.024088512339601794 0.71049969511778943 2.5000000000000004 1.7258651639187355 -0.47860175956748802 1.6510891855520844 0.95000000000000007 2.4326689520438873 -0.7125265218737401
decision_type=10 10 2 10 10 10 10 2 10 10 10 2 10 10
left_child=-1 -2 6 5 -5 -4 8 10 -3 -9 11 -8 -13 -6
right_child=1 2 3 4 13 -7 7 9 -10 -11 -12 12 -14 -15
leaf_value=0.0019126447080218053 -0.013676148412701436 0.00042817362130745509 -0.0088638447822926604 0.0031827933755089357 0.0077407492390761945 0.0081587368556766612 -0.0041499447175712542 -0.0073944921824098822 0.0071770729992049493 0.0022507800167248081 0.0014371305603303366 -0.014652623767573756 0.0055764748296409719 -0.0042588564105565723
leaf_weight=6364.8932545036077 199.69384054839611 30101.837941899896 1488.5127939283848 2114.8334798961878 264.69316667318344 145.05827665328979 2021.0200932323933 452.61339275538921 1032.6693441420794 3688.3186726868153 677.51865716278553 787.1472569257021 111.70718185603619 2494.7198032140732
leaf_count=28653 992 137067 7293 9776 1180 665 9205 2024 4443 16075 3023 3777 498 11550
internal_value=4.55612e-05 -0.000215523 -0.000153291 -0.00211658 -0.000364029 -0.00731183 0.00017585 -0.00174733 0.000654254 0.00118126 -0.00511233 -0.00663176 -0.0121049 -0.00308401
internal_weight=51945.2 45580.3 45380.7 6507.82 4874.25 1633.57 38872.8 7738.33 31134.5 4140.93 3597.39 2919.87 898.854 2759.41
internal_count=236221 207568 206576 30464 22506 7958 176112 34602 141510 18099 16503 13480 4275 12730
is_linear=0
shrinkage=0.03


Tree=187
num_leaves=15
num_cat=0
split_feature=40 11 36 16 36 9 40 38 37 13 38 37 19 10
split_gain=22.2054 52.0403 62.3625 33.2296 26.915 38.6577 48.9937 30.5139 98.246 37.7466 29.3174 34.1097 28.8768 51.1963
threshold=-1.7980471760198522 -0.92843953508476507 -0.39240558294352001 0.10256814094187074 -1.6716285530773658 0.031189098343251519 -0.96393091836905342 -1.8869247473184332 -1.9889334303771642 24.529360429681464 -0.31001448468379028 -1.0660773483132269 -5.4597118634474802 -1.6983471001573582
decision_type=8 8 10 10 10 10 8 10 10 10 8 10 2 8
left_child=1 3 -3 -1 5 6 7 8 9 -2 11 -7 -6 -14
right_child=4 2 -4 -5 12 10 -8 -9 -10 -11 -12 -13 13 -15
leaf_value=-0.0053602039833795922 0.008877370907652336 0.008297016775200278 -0.011800474624432551 -0.021144451182070312 0.0025423991626447044 0.011417058603644488 -0.010246676703180519 -0.0050344552224605363 0.032792559084946077 -0.014582002333477733 0.016476010468231689 -0.0069873205289563891 -0.012361754634527917 0.00013507958972186243
leaf_weight=373.72115130722523 110.29766760766506 426.71362926065922 194.00184214115143 174.3565973713994 4615.6331419944763 134.09744800627232 862.2165789604187 409.05666936933994 85.496177971363068 117.60729071497917 118.48123721778393 234.26780422031879 287.03268899023533 43969.808960556984
leaf_count=1759 532 1952 1063 874 21066 612 4182 1894 411 559 504 1033 1329 199177
internal_value=5.05963e-05 -0.00402008 0.00192813 -0.0106705 0.000144759 -0.00319626 -0.00546088 0.000312645 0.00723164 -0.0033326 0.00413659 -0.000162828 0.000286997 5.12557e-05
internal_weight=52112.8 1168.79 620.715 548.078 50944 2071.52 1584.67 722.458 313.401 227.905 486.846 368.365 48872.5 44256.8
internal_count=236947 5648 3015 2633 231299 9727 7578 3396 1502 1091 2149 1645 221572 200506
is_linear=0
shrinkage=0.03


Tree=188
num_leaves=15
num_cat=2
split_feature=44 12 37 15 1 11 11 37 37 12 46 46 45 45
split_gain=28.2776 34.0915 53.0192 67.7318 36.4578 58.7572 50.0894 45.1479 41.3727 41.0188 36.8874 34.3843 54.3864 72.4895
threshold=0.020582831017610128 0.030988825258948857 -1.6711359168606357 0.069058771112458214 0.018690971343422506 2.3492812919527837 2.2461601617586591 1.0337359598246065 -0.12190529548880893 0.017894606853736169 0 1 0.99095832491556901 1.0596936467446436
decision_type=8 2 8 8 10 8 8 10 10 2 1 1 10 10
left_child=1 2 3 -1 6 8 11 9 -6 -8 -11 12 -4 -14
right_child=-2 -3 4 -5 5 -7 7 -9 -10 10 -12 -13 13 -15
leaf_value=0.0059732987446935231 0.0014770488681833084 0.0022569835528001877 -0.00040683141409630257 -0.011266523529000426 0.00097958995934289408 0.01840064371313712 -0.0084927182826467201 -0.019979618211681368 -0.007898822762867963 -0.0050236982430639891 0.020063172336829291 -0.00064884407298602953 0.0095720130248672271 0.0014535882275144179
leaf_weight=264.72482559084892 10102.418183028698 4238.9685695320368 6515.8268763124943 825.85979688167572 688.96519790589809 90.612466722726822 421.66226387023926 188.41701696813107 1478.6517796069384 95.018782109022141 87.315412580966949 22163.577088877559 1381.3514440059662 3446.6062626168132
leaf_count=1336 45281 18681 29140 4307 3219 419 1936 869 6995 439 396 101583 6195 15643
internal_value=5.32022e-05 -0.000290471 -0.00057782 -0.00706554 -0.000382401 -0.00406597 -0.000138768 -0.007546 -0.00508533 -0.0034051 0.00819026 3.86045e-05 0.00138049 0.00379138
internal_weight=51990 41887.6 37648.6 1090.58 36558 2258.23 34299.8 792.413 2167.62 603.996 182.334 33507.4 11343.8 4827.96
internal_count=236439 191158 172477 5643 166834 10633 156201 3640 10214 2771 835 152561 50978 21838
cat_boundaries=0 1 2
cat_threshold=121 262
is_linear=0
shrinkage=0.03


Tree=189
num_leaves=15
num_cat=0
split_feature=31 9 44 31 38 0 33 40 36 33 40 33 16 9
split_gain=27.9359 33.6532 29.072 27.186 32.8802 34.1202 31.6597 42.5091 38.6177 42.2724 32.4706 31.5347 31.6441 42.3064
threshold=1.0652528518357289 1.1615773354172136 0.031568270288179955 -0.54411996583370237 1.2166716009893908 0.044676222094108514 -1.7531626693369096 0.99386453485444071 -0.31063366253488506 -0.83018185798645472 -0.016297238413190765 -1.5613471191602326 0.08648452231301039 -0.44308933338158901
decision_type=8 8 10 10 10 8 10 10 10 10 10 10 8 10
left_child=3 -2 -3 4 5 6 7 -1 9 11 -11 -8 -13 -14
right_child=1 2 -4 -5 -6 -7 8 -9 -10 10 -12 12 13 -15
leaf_value=-0.0055208264213653189 0.0030771197821178519 -0.0061218037054360016 0.0040588254221856218 -0.00071129061117380238 0.0060044191932364056 0.013139179288988835 0.0084811364824530795 0.015004283191752919 -0.0009844190301684856 0.0085178381802086152 0.0014094065923990118 -0.012008075357638282 0.0060765674398642429 -0.0042500498214662697
leaf_weight=1248.6299415379763 4576.1146975755692 742.16029372811317 371.58171157538891 34507.184002563357 1047.0313485562801 177.67600980401039 301.32751822471619 88.328283950686455 4859.7037407457829 1395.3278046697378 990.6802209764719 229.67481552064419 572.14358472824097 913.47228595614433
leaf_count=5798 20342 3289 1632 157760 4592 748 1363 383 22154 6284 4448 1073 2628 4077
internal_value=-4.21708e-05 0.00193974 -0.00271931 -0.000285932 0.000954989 0.000459302 0.000234565 -0.00406348 0.000858673 0.00289073 0.00558459 -0.000308391 -0.00189267 -0.000259003
internal_weight=52021 5689.86 1113.74 46331.2 11824 10777 10599.3 1336.96 9262.33 4402.63 2386.01 2016.62 1715.29 1485.62
internal_count=236571 25263 4921 211308 53548 48956 48208 6181 42027 19873 10732 9141 7778 6705
is_linear=0
shrinkage=0.03


Tree=190
num_leaves=15
num_cat=1
split_feature=32 38 39 0 7 33 20 30 39 35 36 46 44 6
split_gain=19.8 40.8023 46.9724 57.9069 61.1042 36.7096 27.54 57.5984 38.4433 67.6277 87.6837 40.592 39.0807 37.1205
threshold=-0.8898488632300442 -2.6119452810248469 -1.8876272350736987 0.011133603559652485 -1.2001860985223629 -1.8374939095318934 0.88918566563204149 2.5000000000000004 1.1672008633511177 0.20883752168877021 -0.78779529569158768 0 -0.0067755151758365486 2.3491316300273666
decision_type=10 10 10 10 10 8 10 2 10 10 10 1 8 10
left_child=5 -2 3 -3 -5 -1 8 13 12 10 -10 -11 -4 -8
right_child=1 2 6 4 -6 -7 7 -9 9 11 -12 -13 -14 -15
leaf_value=-0.0034983099662858714 -0.013475207828209166 0.020350433611601479 -0.0013462409625024196 0.012418873417994894 -0.014447632066743991 0.0026421990466228588 -0.0065917466608289765 0.00024441629940512489 0.014040452701084696 8.0300370691372766e-05 -0.0056898525368188346 0.0086236497324769217 0.00069137373882014884 0.0054908745764256691
leaf_weight=1039.4848858565092 195.87873692810535 214.78521738946438 14980.225515156984 154.94822943210602 131.58739838004112 5323.4906219989061 2364.8124871850014 4142.8550705909729 235.79680423438549 725.76292319595814 1150.9296350628138 1648.8898151963949 19471.222221754491 245.71777734160423
leaf_count=4801 982 922 69027 675 612 23802 10906 18223 990 3180 5126 7270 88947 1088
internal_value=6.86927e-05 -0.000149895 -8.95374e-05 0.008952 9.67352e-06 0.00163514 -0.000192308 -0.00195686 0.000119974 0.00299556 -0.00225844 0.00606034 -0.000194758 -0.00543785
internal_weight=52026.4 45663.4 45467.5 501.321 286.536 6362.98 44966.2 6753.39 38212.8 3761.38 1386.73 2374.65 34451.4 2610.53
internal_count=236551 207948 206966 2209 1287 28603 204757 30217 174540 16566 6116 10450 157974 11994
cat_boundaries=0 1
cat_threshold=517
is_linear=0
shrinkage=0.03


Tree=191
num_leaves=15
num_cat=0
split_feature=43 1 45 10 16 1 40 15 12 1 10 16 40 38
split_gain=25.8439 33.1312 33.638 39.7173 38.2921 36.2207 46.4818 43.9813 35.4906 34.2285 62.9309 31.4236 51.3013 52.9564
threshold=0.41428571428571431 0.052275228279775869 1.2726833085685452 0.68768999569324474 0.30909750826568749 0.013795762309406835 0.51990211827113264 0.53837373842793579 0.031349322778555434 0.017641045015478512 1.5959971552160215 0.22339137350761865 -0.78124404346271881 -0.87658177120503133
decision_type=10 10 10 10 8 10 10 10 2 10 10 8 8 10
left_child=-1 2 11 4 8 7 -7 -6 -4 10 -5 -2 13 -13
right_child=1 -3 3 9 5 6 -8 -9 -10 -11 -12 12 -14 -15
leaf_value=-0.00078973079077696311 0.0030935952883858206 0.016409391760379404 -0.012077936634733872 -0.0056067399843620826 -0.0023893220540783496 0.0040139612026683378 -0.010332101796449923 0.014790222210371351 0.0083360976715542642 -0.010074797730411904 0.017155441353064932 0.0021024265848977532 0.00093299265755772268 -0.0063353629743887977
leaf_weight=19733.545602850616 4725.4183377102017 108.70785294473171 318.42273385822773 504.95907661318779 204.78665855526924 577.27168707549572 300.96009755134583 365.49005590379238 92.179855957627296 813.25488717854023 128.79219344258308 1036.6409070789814 21137.713662743568 1859.3493068739772
leaf_count=90510 21635 480 1529 2312 972 2650 1392 1642 404 3702 591 4808 94873 8576
internal_value=6.47765e-05 0.000588962 0.000530228 -0.00233116 0.000572418 0.00286923 -0.000963246 0.00868618 -0.00740577 -0.00604001 -0.000786329 0.000859867 0.000419575 -0.00331815
internal_weight=51907.5 32173.9 32065.2 3306.12 1859.11 1448.51 878.232 570.277 410.603 1447.01 633.751 28759.1 24033.7 2895.99
internal_count=236076 145566 145086 15194 8589 6656 4042 2614 1933 6605 2903 129892 108257 13384
is_linear=0
shrinkage=0.03


Tree=192
num_leaves=15
num_cat=0
split_feature=32 38 5 32 39 20 38 36 34 40 38 38 40 39
split_gain=23.7481 45.1285 43.7204 37.11 35.7024 34.864 36.1381 25.5218 29.229 51.6497 46.6588 42.6639 55.1289 60.9167
threshold=-0.43732740661758412 -2.6119452810248469 -0.18452485447330197 -0.4869486356101646 -1.8876272350736987 -0.89658075607712384 -1.2884195211689851 -2.4533527491768634 -0.56352823351881021 -1.5774181993146279 -1.4630942816202703 -1.4990529980008322 -0.70711651716964619 -0.51775402689854289
decision_type=10 10 10 8 10 10 10 10 10 10 10 10 10 10
left_child=2 -2 -1 -4 5 6 -3 -6 -9 10 -10 12 13 -11
right_child=1 4 3 -5 7 -7 -8 8 9 11 -12 -13 -14 -15
leaf_value=-0.00020137237767192835 -0.016050223476764127 0.0031656263423149814 0.002411988062482111 0.010370701323190564 -0.010501172116602397 -0.0054640776037782534 0.025509641260225337 0.0019466601757926981 0.0051971422332820205 -0.006719055415000061 -0.015296173451590581 -0.00023949750284347942 -0.017319811940318404 0.019260521426881366
leaf_weight=8003.3522815853357 152.44431568682194 129.75798709690571 4700.2813488095999 585.94789995253086 209.206477612257 101.01899585127831 127.73139232397079 4817.7322254478931 129.70600433647633 336.41603802144527 372.44574385136366 32115.553613990545 294.47021973133087 96.121391028165817
leaf_count=36403 776 581 21015 2625 1031 447 561 21780 630 1642 1926 145950 1449 436
internal_value=0.000103312 -0.000270921 0.00119762 0.00331208 -0.000204686 0.00908876 0.014789 -0.00029386 -0.000235168 -0.000550893 -0.0100046 -0.000403347 -0.00753995 -0.000640929
internal_weight=52172.2 38882.6 13289.6 5286.23 38730.2 358.508 257.489 38371.7 38162.4 33344.7 502.152 32842.6 727.008 432.537
internal_count=237252 177209 60043 23640 176433 1589 1142 174844 173813 152033 2556 149477 3527 2078
is_linear=0
shrinkage=0.03


Tree=193
num_leaves=15
num_cat=1
split_feature=4 39 36 40 20 9 11 46 8 20 11 12 12 15
split_gain=25.2452 43.7955 41.0875 33.7315 27.7377 35.6402 41.3117 35.5872 33.6207 29.7166 27.6584 27.4609 26.4406 33.5267
threshold=0.21094353512004668 -1.7323926026804164 -1.7322961800661791 -1.5774181993146279 0.88918566563204149 0.059335653292844369 -1.2899203719992964 0 1.0593033875570239 -1.1900127529579247 -1.803521712062264 0.0095888411514360537 0.022766782597722659 0.65460368746313835
decision_type=10 10 10 8 10 10 8 1 10 10 8 2 2 10
left_child=12 3 -3 -2 5 6 11 -6 9 -8 -7 -4 -1 -14
right_child=1 2 4 -5 7 10 8 -9 -10 -11 -12 -13 13 -15
leaf_value=-0.0011232238665687009 0.0040221458676064012 -0.0089382230814770373 -0.0064435995338555721 0.02311878172123049 0.0016685897391160872 -0.0089479047594664303 -0.0084065938795549536 -0.0046039853574316569 -0.01321462783935764 -6.7484392707913937e-05 0.0030438897318600167 0.006855322385177668 0.0019921673972845885 -0.0021325342790167348
leaf_weight=22845.420529976487 237.25688320398331 390.42278102040291 152.96513868868351 122.97464267909527 1480.6246328949928 167.76238904893398 396.71657564491034 1770.4032618999481 182.67341259121895 7073.79109595716 7466.5856135040522 1047.9348053336143 6226.169552385807 2469.2085409760475
leaf_count=105085 1077 1846 705 518 6541 762 1928 7937 829 32155 33236 4704 28143 11170
internal_value=-5.49226e-05 0.000764729 0.000576385 0.0109897 0.000769003 0.00126839 -2.71717e-05 -0.00175989 -0.000840807 -0.000520974 0.00276901 0.00512214 -0.000587473 0.00081978
internal_weight=52030.9 20490.1 20129.9 360.232 19739.5 16488.4 8854.08 3251.03 7653.18 7470.51 7634.35 1200.9 31540.8 8695.38
internal_count=236636 92238 90643 1595 88797 74319 40321 14478 34912 34083 33998 5409 144398 39313
cat_boundaries=0 1
cat_threshold=99
is_linear=0
shrinkage=0.03


Tree=194
num_leaves=15
num_cat=1
split_feature=27 30 41 16 32 40 39 46 35 40 43 15 10 35
split_gain=23.9636 26.8957 50.9165 40.7934 37.1112 23.8487 37.7448 39.1184 37.6699 68.9802 33.4467 33.2993 30.5497 30.5402
threshold=0.14159292035398216 3.5000000000000004 0.8500000000000002 0.54421575912747955 -0.61499879084473674 0.41208371036096603 0.45834371885149988 0 -1.0695225656410641 0.88803868846941614 0.29285714285714287 0.34198109710419061 0.4438720002408264 0.21602660703098855
decision_type=10 2 2 8 8 8 10 1 8 10 10 8 10 8
left_child=1 -1 4 -4 -3 6 12 -8 9 -7 11 -9 -2 -10
right_child=5 2 3 -5 -6 8 7 10 13 -11 -12 -13 -14 -15
leaf_value=-0.0019684047279141677 0.0010901780798446134 0.0030280234471781863 0.010676857651166509 0.0010919442802206001 -0.0024945751370142656 -0.0050679039595190687 0.0077644805568629132 0.0081864383713005327 -0.0027639884137713872 0.014055303548339513 0.0033773588345073786 -0.012107232361459263 -0.0020710632210576667 0.00029049613932080343
leaf_weight=9561.5971393436193 16538.72646227479 1516.8877045363188 676.41659444570541 962.69741263985634 3866.2825649753213 281.84048026800156 1409.0299696475267 89.960093855857849 5021.8685522377491 401.8409543633461 1093.8794517219067 273.92224898934364 3290.3579959571362 7102.9887087792158
leaf_count=43318 76180 6919 3067 4253 17897 1296 6234 402 22955 1705 4791 1201 14932 31769
internal_value=7.33585e-06 -0.000933844 0.000475617 0.00508813 -0.00093567 0.000447094 0.00103103 0.00424246 -0.000587602 0.00621255 0.00075046 -0.0070054 0.000564835 -0.000975844
internal_weight=52088.3 16583.9 7022.28 1639.11 5383.17 35504.4 22695.9 2866.79 12808.5 683.681 1457.76 363.882 19829.1 12124.9
internal_count=236919 75454 32136 7320 24816 161465 103740 12628 57725 3001 6394 1603 91112 54724
cat_boundaries=0 1
cat_threshold=496
is_linear=0
shrinkage=0.03


Tree=195
num_leaves=15
num_cat=2
split_feature=44 0 46 45 0 46 16 8 45 45 16 19 38 16
split_gain=20.4177 38.1413 33.9888 39.672 40.0998 32.5765 47.9368 44.2181 31.1294 44.8568 44.3034 30.6215 25.9953 25.1055
threshold=-0.0079422871691201252 0.002237087773179 0 1.4772138093594223 0.0039444121717997866 1 0.68420622705268308 0.27184875622188504 1.3925682664984527 1.3281836377479435 0.46293839712815515 -8.4391712556408809 0.76633138922313682 0.31854692082111419
decision_type=8 10 1 10 10 1 8 8 8 10 10 2 10 8
left_child=1 -1 3 4 13 6 11 12 9 -6 -10 -3 -8 -2
right_child=2 5 -4 -5 8 -7 7 -9 10 -11 -12 -13 -14 -15
leaf_value=0.012503080966288349 -0.016613945428757007 0.014013593523793628 0.0010580470893317864 -0.011368772941049078 -0.00017893488918565347 -0.0016271631258321035 -0.011536952147958243 0.0018984859885283524 0.02254772240226547 -0.014719664936458951 -0.0049462357516576764 0.0018675991246552886 0.0014524003474208089 -0.0015406272145016898
leaf_weight=184.4551474750042 215.78881926089525 184.86457247287035 23257.252051502466 323.10943664610386 6591.4421032518148 14563.811321862042 605.90450146794319 651.46918860077858 114.94588361680508 186.64602619409561 86.049361050128937 4739.8929267823696 176.277120038867 181.72418148815632
leaf_count=848 1059 836 105008 1520 30182 66386 2746 2933 522 866 403 21809 787 880
internal_value=-4.13817e-06 -0.000723439 0.000486361 -0.00123933 -0.000782532 -0.000845964 0.000944174 -0.00386473 -0.000248048 -0.000600433 0.0111005 0.00235101 -0.00862821 -0.00993004
internal_weight=52063.6 21106.7 30957 7699.71 7376.6 20922.2 6358.41 1433.65 6979.08 6778.09 200.995 4924.76 782.182 397.513
internal_count=236785 96345 140440 35432 33912 95497 29111 6466 31973 31048 925 22645 3533 1939
cat_boundaries=0 1 2
cat_threshold=656 400
is_linear=0
shrinkage=0.03


Tree=196
num_leaves=15
num_cat=1
split_feature=46 10 16 39 16 41 2 45 16 23 45 39 11 40
split_gain=30.7782 41.701 46.1871 42.9447 81.1346 53.7804 35.5938 33.6832 60.0803 45.3616 40.5814 38.2854 64.8953 50.5335
threshold=0 0.88686990630220708 0.64602364225737363 0.56764800424328044 0.84422996214386814 0.45000000000000007 1.6922632510377882 1.0476671307919865 0.53979214427781297 0.056136300074672137 1.1094915477352481 1.0767330620930282 -0.74013407510113105 -0.19855484225155315
decision_type=1 10 10 10 10 2 10 8 10 10 8 10 8 10
left_child=1 6 -3 -4 -5 -6 -1 8 9 11 -9 12 13 -2
right_child=7 2 3 4 5 -7 -8 10 -10 -11 -12 -13 -14 -15
leaf_value=0.001881294128044151 0.0045894416564988038 -0.0097431539380515193 -0.0049294686261771156 0.008893510299435305 0.0081817026739082182 -0.0042604966624891346 -0.0050297282807370558 -0.0048983025079702485 0.0024288916666154819 -0.011798008277795265 -0.00085544803899146237 0.006842158828529921 -0.0034809441982612509 -0.0021112773650297919
leaf_weight=16119.308319978416 2236.8987879082561 541.70770609378815 1342.776642113924 912.66651663184166 377.83993318676949 1608.9296441376209 690.38596677780151 2841.5092411786318 6975.7591632306576 340.0125922113657 10357.332166291773 546.06691381335258 5200.2512864917517 1836.2327222675085
leaf_count=72912 10222 2455 6014 4015 1653 7180 3110 13115 30880 1558 48172 2370 24062 8495
internal_value=2.58581e-05 0.000891053 -0.00157749 -0.000514316 0.00154033 -0.00186514 0.00159463 -0.000590229 0.000286984 -0.00118465 -0.00172886 -0.000805518 -0.00126274 0.00157088
internal_weight=51927.7 21593.6 4783.92 4242.21 2899.44 1986.77 16809.7 30334.1 17135.2 10159.5 13198.8 9819.45 9273.38 4073.13
internal_count=236213 97339 21317 18862 12848 8833 76022 138874 77587 46707 61287 45149 42779 18717
cat_boundaries=0 1
cat_threshold=270
is_linear=0
shrinkage=0.03


Tree=197
num_leaves=15
num_cat=0
split_feature=43 20 30 11 12 33 30 12 38 11 12 35 45 6
split_gain=22.4047 28.8115 55.9369 67.6179 50.7075 46.2552 54.0181 44.2249 42.1203 66.2718 40.2436 37.3941 35.8411 39.0285
threshold=0.95000000000000007 0.73495337656021886 2.5000000000000004 1.8657376744546386 0.0079707185467792398 -0.30787360318981594 4.5000000000000009 0.041494004614875089 2.2082746140165401 0.57382182677246052 0.01418122988413556 0.52547077307532741 0.91996986486662979 1.6510891855520844
decision_type=10 10 2 10 2 10 2 2 10 10 2 10 8 10
left_child=1 -1 7 4 -4 -6 8 12 -7 -10 -5 -8 -3 -14
right_child=-2 2 3 10 5 6 11 -9 9 -11 -12 -13 13 -15
leaf_value=0.0001331840110291103 0.0017202645832523396 -0.0022629932555470744 0.01365205537652058 -0.027310132938487674 0.0060823140523674586 0.00029753398818894175 -0.00074914442672283587 0.012153068040201265 -0.0042049108620225168 0.027641751233330739 -0.0054868198980983973 -0.01057905368377258 -0.011219072523866168 0.0020418155330486111
leaf_weight=38532.6403465271 6247.650213137269 1292.5894897282124 271.42843660712242 98.701147615909576 959.56120815873146 1148.2600787132978 695.37635937333107 118.07452277839184 98.425537258386612 127.99402092397213 277.5931767821312 691.12119300663471 1242.734056994319 234.31054793298244
leaf_count=176207 27953 5854 1142 446 4187 4941 3153 534 411 528 1258 3126 5866 1063
internal_value=3.653e-05 -0.000193532 -0.0019263 0.000216996 0.00137344 0.000443517 -0.00153095 -0.00515819 0.00267434 0.0142056 -0.0117698 -0.00568968 -0.00593727 -0.00911585
internal_weight=52036.5 45788.8 7256.17 4368.46 3992.17 3720.74 2761.18 2887.71 1374.68 226.42 376.294 1386.5 2769.63 1477.04
internal_count=236669 208716 32509 19192 17488 16346 12159 13317 5880 939 1704 6279 12783 6929
is_linear=0
shrinkage=0.03


Tree=198
num_leaves=15
num_cat=1
split_feature=30 8 10 0 36 11 46 30 41 33 15 11 34 45
split_gain=22.3602 72.4917 67.584 63.0298 44.5161 30.9701 31.6388 30.7293 74.3592 97.957 65.7962 137.779 64.9418 61.0765
threshold=5.5000000000000009 -0.14535262193831724 -1.8099195294700907 0.0082047544089013658 -0.33722360085736142 -1.0912646064853977 0 3.5000000000000004 0.8500000000000002 -0.0071839436083923841 0.42932649834321251 -1.5994551732879951 -1.1214197531155563 0.77404030145805491
decision_type=2 10 8 10 10 10 1 2 2 8 10 8 10 8
left_child=7 2 -2 5 -5 -3 -7 8 9 -1 11 -9 -10 -13
right_child=1 3 -4 4 -6 6 -8 10 12 -11 -12 13 -14 -15
leaf_value=-0.0013972223726132118 0.017514340424083577 -0.0045570416260307728 -0.006267653154734828 0.004994775612839516 -0.0053705019885660257 0.016260543805971615 0.0041452699994163371 0.015416692952700088 0.013181440894548424 0.0024999196828357361 0.0029979140092874458 0.0040340322600750525 -0.0036964774658026019 -0.0037402704633347256
leaf_weight=12292.779769435525 102.50461457669735 307.44150474667549 2717.6945934742689 476.68223637342453 1600.2390605807304 204.8428675532341 1807.4443360194564 416.80024790763855 202.32433222234249 10980.737431079149 8680.8209495842457 1118.3060043156147 6410.3582646250725 4701.6529648452997
leaf_count=56059 485 1455 12990 2097 7450 953 8263 1900 901 48992 38507 5159 29341 22050
internal_value=-5.07927e-05 -0.00159931 -0.00534443 0.00080964 -0.00297899 0.00419994 0.00555377 0.000198939 -0.000356157 0.000441782 0.00131052 -0.00103916 -0.00316095 -0.00224208
internal_weight=52020.6 7216.85 2820.2 4396.65 2076.92 2319.73 2012.29 44803.8 29886.2 23273.5 14917.6 6236.76 6612.68 5819.96
internal_count=236602 33693 13475 20218 9547 10671 9216 202909 135293 105051 67616 29109 30242 27209
cat_boundaries=0 1
cat_threshold=136
is_linear=0
shrinkage=0.03


Tree=199
num_leaves=15
num_cat=0
split_feature=38 12 35 38 37 37 37 30 38 10 2 36 35 37
split_gain=25.3843 26.6358 21.1341 28.8499 34.2418 29.7233 25.2213 76.6105 58.5436 60.7624 58.4831 54.8414 55.8605 46.2071
threshold=-2.9320192544958776 0.039672023551927178 -2.1816367502439262 -1.9660167101013237 -2.0827692911768261 -1.4068528174949546 -0.14960318950031029 1.5000000000000002 -0.1808905395500216 0.46531485231744107 0.8191978287861833 0.93695094615502861 -1.0695225656410641 -0.15898025767855956
decision_type=8 2 8 10 10 10 10 2 10 8 8 10 10 10
left_child=1 -1 3 4 -2 -5 8 10 -4 13 -8 12 -9 -10
right_child=2 -3 6 5 -6 -7 7 11 9 -11 -12 -13 -14 -15
leaf_value=-0.019088610500916748 -0.0030132651578810309 0.0025152582905908064 0.00010147228517453398 -0.012082779395907102 0.018161291766567975 -0.00011934904332574543 -0.0057157467077328461 0.0087104883608738123 0.0054442288387040686 -0.0015533469366885589 -0.00071017393955225211 0.0037147919022124404 -0.00043853275526084756 0.026179454412230144
leaf_weight=116.08857321739197 212.19129413366318 83.134590357542038 14923.376428663731 444.42758494615555 90.133991956710815 317.83761921525002 3527.5252634510398 611.69213777780533 3263.4788096994162 1296.6627795100212 5180.261592105031 4076.7761204689741 17709.601554594934 90.579486683011055
leaf_count=612 1027 354 68976 2163 434 1472 16421 2641 14631 5770 23472 17687 80252 403
internal_value=4.44131e-05 -0.0103841 8.65629e-05 -0.00407675 0.00367899 -0.00716059 0.000174805 -0.000356071 0.00101819 0.00395325 -0.00274216 0.000572389 -0.00012849 0.00608036
internal_weight=51943.8 199.223 51744.5 1064.59 302.325 762.265 50680 31105.9 19574.1 4650.72 8707.79 22398.1 18321.3 3354.06
internal_count=236315 966 235349 5096 1461 3635 230253 140473 89780 20804 39893 100580 82893 15034
is_linear=0
shrinkage=0.03


Tree=200
num_leaves=15
num_cat=1
split_feature=44 24 19 18 38 8 11 45 38 10 30 46 38 0
split_gain=23.7238 33.088 37.1144 33.5415 32.6405 52.2008 32.301 28.5134 27.1144 26.6944 37.2302 44.4722 23.8536 22.7615
threshold=0.01745998889324438 0.010719603391306317 -0.55068308508719699 2.1924604089203457 -0.037429087992958382 0.26261620051004037 2.8135121707842776 0.72177420148979743 -0.54816887260986025 -0.39066754009530386 1.0000000180025095e-35 0 0.85774051887632652 0.044676222094108514
decision_type=8 10 2 2 10 10 10 8 10 8 2 1 10 10
left_child=1 3 4 13 -3 9 7 -2 -4 10 -6 -12 -5 -1
right_child=6 2 8 12 5 -7 -8 -9 -10 -11 11 -13 -14 -15
leaf_value=-0.00073398315475802693 0.0042963873050012747 -0.0028117512516999715 0.0093073047890857782 -0.00026071853036694324 -0.0050193075178199898 -0.0038703625830052418 0.015823660855729317 0.00030615609475788283 0.0020665954861107979 -0.0008666683030133243 0.015583061621170118 0.0035265442292255265 -0.0070735811125003795 0.0081422991557500955
leaf_weight=26642.861601702869 1930.8711804747581 3082.8830683454871 504.57972450554371 718.11168327927589 198.53024413436651 1021.5431259870529 123.58331902325153 9515.4372765421867 5027.8433750271797 584.97736440598965 483.80696725845337 669.33338332176208 1293.5676689743996 252.62047055363655
leaf_count=122439 8606 14406 2249 3226 903 4665 538 42750 22306 2675 2157 3045 5788 1066
internal_value=-4.29345e-05 -0.000385372 0.000969583 -0.000928001 -0.000655978 0.00159257 0.00115448 0.000982429 0.00274258 0.00447924 0.00678221 0.00883971 -0.0046549 -0.000647616
internal_weight=52050.6 40480.7 11573.5 28907.2 6041.07 2958.19 11569.9 11446.3 5532.42 1936.65 1351.67 1153.14 2011.68 26895.5
internal_count=236819 184925 52406 132519 27851 13445 51894 51356 24555 8780 6105 5202 9014 123505
cat_boundaries=0 1
cat_threshold=326
is_linear=0
shrinkage=0.03


Tree=201
num_leaves=15
num_cat=0
split_feature=44 30 6 30 10 12 39 9 20 16 37 13 1 45
split_gain=23.7857 57.1741 64.8844 39.1771 42.4092 53.7084 39.8129 50.9354 37.7709 53.3416 37.1818 34.2954 33.6636 26.305
threshold=-0.018754757449284339 4.5000000000000009 -0.37020375939426314 3.5000000000000004 0.84431487550210582 0.03294658031181457 1.0209580655004571 1.1808314961369422 -0.18397107071934196 0.64602364225737363 0.26962193554358999 49.604740447448158 0.0060441390742691989 0.77404030145805491
decision_type=8 2 10 2 10 2 8 8 10 10 8 10 10 10
left_child=1 3 -3 4 6 8 12 10 -6 -10 -8 -5 -1 -11
right_child=-2 2 -4 11 5 -7 7 -9 9 13 -12 -13 -14 -15
leaf_value=-0.011225576150456013 0.00039761089758317907 0.0012973052160915959 -0.0072430039533297064 0.00058498746825039823 0.0042437008154142886 0.0064866614055151808 -0.0025863422342563024 -0.011249255124686674 -0.026468610924961788 0.00014244177377110165 0.011846327608684912 0.0084780433125452512 -0.0002398099372146748 -0.010687904496476063
leaf_weight=255.19173218309879 38917.814290545881 1212.1319160312414 2333.1188790053129 1219.5864820927382 189.30514144897461 276.91378147900105 207.78610503673553 128.99184164404869 145.14763739705086 294.38145726919174 653.71053850650787 826.26444049179554 4713.9832097142935 630.21387735009193
leaf_count=1151 177010 5621 10912 5536 866 1220 905 582 669 1314 2849 3547 21516 2891
internal_value=2.55439e-05 -0.00108038 -0.00432761 0.000129433 -0.000875731 -0.00530338 0.000272364 0.00573291 -0.00792715 -0.0101003 0.00837555 0.00379851 -0.000825395 -0.00727501
internal_weight=52004.5 13086.7 3545.25 9541.48 7495.63 1535.96 5959.66 990.488 1259.05 1069.74 861.497 2045.85 4969.17 924.595
internal_count=236589 59579 16533 43046 33963 6960 27003 4336 5740 4874 3754 9083 22667 4205
is_linear=0
shrinkage=0.03


Tree=202
num_leaves=15
num_cat=0
split_feature=9 8 10 16 15 25 38 40 16 10 12 45 40 39
split_gain=21.2263 62.27 48.8051 51.8604 54.0945 50.5787 47.5279 48.8892 47.5096 46.5962 43.4204 55.3368 52.2632 47.8257
threshold=0.050225439566731887 0.80593343218979119 -0.46753961235496916 0.3816829325208389 0.29787234042553229 -0.14077695747450511 -0.46786180689621598 -1.745031036448901 0.12719429493477402 -1.4474350964946432 0.022344379308159818 0.9403176908879215 -0.07703023766982009 0.24996824465874593
decision_type=10 10 8 10 10 8 10 10 10 10 2 10 10 10
left_child=1 2 6 5 10 -4 9 8 -8 -1 11 -5 -12 -13
right_child=-2 -3 3 4 -6 -7 7 -9 -10 -11 12 13 -14 -15
leaf_value=0.0041382330299568997 0.00059757678165266008 -0.007594436613327993 -0.0070986733558822705 0.0069246935276682962 -0.0018449964349967153 -0.00088569940670208205 0.0047236227337115917 0.0029741797051126275 -0.022258279120134769 -0.0024027081486617061 0.016107357636370469 -0.0062784112752745065 -0.002613756169031446 0.013289045424211096
leaf_weight=1225.3190419822931 25140.155437603593 1093.3451676219702 2470.0784246176481 805.36639633774757 5241.2166355401278 2254.5147315710783 96.969988822937012 7200.7636339813471 128.25184260308743 4742.2311266958714 426.52234576642513 832.66097140312195 190.16398145258427 120.19500780105591
leaf_count=5684 112710 4987 11747 3738 23785 10355 477 32591 707 22256 1961 3988 868 565
internal_value=-2.86238e-05 -0.000615441 -0.000316096 -0.00167647 -0.000143543 -0.00414206 0.00093766 0.00253822 -0.0109342 -0.00105498 0.00360341 0.00117958 0.0103848 -0.00369775
internal_weight=51967.8 26827.6 25734.3 12340.7 7616.13 4724.59 13393.5 7425.99 225.222 5967.55 2374.91 1758.22 616.686 952.856
internal_count=236419 123709 118722 57007 34905 22102 61715 33775 1184 27940 11120 8291 2829 4553
is_linear=0
shrinkage=0.03


Tree=203
num_leaves=15
num_cat=0
split_feature=40 38 30 12 39 41 39 11 40 11 11 34 40 40
split_gain=23.3828 25.5327 35.5215 25.6234 20.1897 39.6631 31.5458 77.7441 68.9301 92.3295 58.6593 49.0023 45.5139 58.764
threshold=2.8855249337096849 2.4326689520438873 4.5000000000000009 0.01118587502920048 1.8222334440802765 0.95000000000000007 1.1672008633511177 1.5121175970145071 1.3064938115168161 -0.23790395433225867 0.1868643324820104 -0.77794064976017985 1.7258651639187355 0.53186611505036818
decision_type=10 10 2 2 8 2 10 8 10 10 10 10 10 10
left_child=1 4 3 -3 6 -6 12 8 10 -10 -8 -11 13 -1
right_child=-2 2 -4 -5 5 -7 7 -9 9 11 -12 -13 -14 -15
leaf_value=0.00017837754194829867 -0.0099714523884628717 -0.0056800319239007071 -0.0089695662850405884 0.010813924280912116 -0.00028931299177308148 -0.0091482904732854212 0.01370311560146086 -0.005281986053147311 -0.014112150687753957 0.018654045224566245 0.0038068473415186232 0.0010361510098189873 0.0088556825723714871 -0.0025846629841065065
leaf_weight=34458.06550001353 204.87654608488083 93.999114096164703 120.58886040747166 531.83808346092701 1499.5990727394819 643.29512290656567 839.32256802916527 1001.9381151199341 344.95457898080349 148.72152890264988 1507.9841409772635 1370.0800324827433 475.95962117612362 8660.391011506319
leaf_count=157845 911 396 527 2254 6824 3007 3635 4503 1542 620 6516 5966 2008 39609
internal_value=-9.5607e-05 -5.45476e-05 0.00541673 0.00828621 -0.000135749 -0.00297891 -1.03355e-05 0.00219293 0.00397973 -0.000330034 0.00738856 0.00287203 -0.000274243 -0.000377053
internal_weight=51901.6 51696.7 746.426 625.837 50950.3 2142.89 48807.4 5213 4211.06 1863.76 2347.31 1518.8 43594.4 43118.5
internal_count=236163 235252 3177 2650 232075 9831 222244 22782 18279 8128 10151 6586 199462 197454
is_linear=0
shrinkage=0.03


Tree=204
num_leaves=15
num_cat=0
split_feature=40 40 1 15 11 15 8 40 39 37 0 6 40 1
split_gain=24.5179 25.0735 48.7942 51.6548 53.1556 30.7153 38.6901 44.576 30.0391 26.6119 28.0237 24.4551 24.1092 38.2453
threshold=2.8855249337096849 1.6877905140902369 0.0072987108575695153 0.76090046447067883 0.91129481837490212 0.33188898517234716 1.0407446629559514 2.1477240328456606 2.2044107238699313 0.8868524450535229 0.0089403559643957478 1.8160491712868141 1.0507194867471463 0.014650843132336095
decision_type=10 10 10 10 10 8 10 10 10 10 10 10 10 10
left_child=1 8 3 -3 -5 -4 7 -7 -1 10 -9 -8 -10 -14
right_child=-2 2 5 4 -6 6 11 9 12 -11 -12 -13 13 -15
leaf_value=-0.00011512246431304933 -0.010429613615448563 0.024126381645761422 -0.015309766981582297 -0.0066240235786294149 0.016083035330082308 0.0082725134700154246 -0.0054684836455974007 0.0038158806590112182 -0.021395339785638089 0.0055700170057020005 -0.013962058153828057 0.00528463027712064 -0.014751996024270591 0.0066592216708755928
leaf_weight=48132.575767360628 194.11252152919769 166.9377116560936 91.25431127846241 188.79701901972294 165.11791101098061 999.21808534860611 794.20784178376198 119.43235260248184 88.590546786785126 222.93517638742924 210.6503349840641 240.64171838760376 137.74802260100842 144.0316457003355
leaf_count=219535 864 694 391 794 700 4306 3535 536 425 997 950 1047 674 681
internal_value=-5.25932e-05 -1.16239e-05 0.00255654 0.0108664 0.00412072 0.000906121 0.00153485 0.00451877 -0.000181509 -0.00229013 -0.00760649 -0.00294133 -0.00857908 -0.00395452
internal_weight=51896.3 51702.1 3199.19 520.853 353.915 2678.34 2587.09 1552.24 48502.9 553.018 330.083 1034.85 370.37 281.78
internal_count=236129 235265 13950 2188 1494 11762 11371 6789 221315 2483 1486 4582 1780 1355
is_linear=0
shrinkage=0.03


Tree=205
num_leaves=15
num_cat=0
split_feature=39 39 35 45 11 30 13 11 35 14 11 7 30 11
split_gain=21.9032 67.1014 57.9694 47.5312 44.6071 52.655 64.9321 64.8324 43.3852 42.3812 42.3735 41.1769 68.5 65.628
threshold=-1.0357267802456829 -0.65366303929414526 -1.4119398864618893 1.3801405940462932 -1.8578645077259504 2.5000000000000004 44.285350007598161 -0.74013407510113105 1.290943564139728 0.445544554455446 0.37287268585941474 -0.18951188999500004 3.5000000000000004 -0.97020056633039131
decision_type=8 10 8 8 8 2 10 8 10 8 8 10 2 8
left_child=3 2 -2 11 -4 8 -7 -8 10 -5 -6 -1 -13 -14
right_child=1 -3 4 9 5 6 7 -9 -10 -11 -12 12 13 -15
leaf_value=0.002800584816186408 -0.012418434024733716 0.00025043323236508225 0.012079267929166956 0.0037839943974928062 -5.2316093483235467e-06 -0.011539457293152595 0.008450100673195066 -0.0055767841860743968 -0.016562905881413272 0.024120370782707533 0.012312236242755219 -0.007571749608619522 0.017089961566939097 -0.00092636027985743528
leaf_weight=4082.4289961457253 561.82285179197788 40374.984530106187 177.37035799026489 242.22655291855335 1429.6790292561054 1010.8359955400229 402.61824941635132 1046.0779725760221 109.05680195987225 143.688128054142 294.97586411237717 1083.7581138983369 226.54204715043306 784.788171030581
leaf_count=18814 2761 182802 801 1106 6564 4862 1851 4856 488 658 1342 4887 1039 3684
internal_value=7.72559e-05 -0.000157019 -0.00342 0.0016958 -0.00226397 -0.00288324 -0.00574309 -0.00164726 0.00096299 0.0117738 0.00216032 0.0010482 -0.00236352 0.00323718
internal_weight=51970.9 45407.4 5032.44 6563.43 4470.61 4293.24 2459.53 1448.7 1833.71 385.915 1724.65 6177.52 2095.09 1011.33
internal_count=236515 206327 23525 30188 20764 19963 11569 6707 8394 1764 7906 28424 9610 4723
is_linear=0
shrinkage=0.03


Tree=206
num_leaves=15
num_cat=0
split_feature=25 40 37 39 37 12 2 9 11 12 2 37 19 45
split_gain=23.1188 45.6011 69.1475 47.8746 80.3877 36.0489 30.2535 28.8009 31.8258 32.0042 31.7079 31.4893 32.237 28.0778
threshold=0.054652197082247805 -1.5774181993146279 -1.1727790044981357 -1.4934641290618751 -1.4494537683215323 0.020358183900445716 1.2301761693146127 1.1615773354172136 0.032934099055872891 0.013458852404069863 1.9396402663217933 1.8316295133415332 1.5339142229910416 1.2015253308011105
decision_type=10 10 8 10 8 2 10 8 10 2 10 8 2 10
left_child=1 2 5 4 -3 -1 -7 11 9 -9 -10 -2 -13 -5
right_child=7 3 -4 13 -6 6 -8 8 10 -11 -12 12 -14 -15
leaf_value=-0.0083321015962027449 0.00090837841657842296 -0.011202714100941966 -0.013258586755675568 -9.6052948574793632e-05 0.015422551841582709 0.02404188839114842 -1.5519137303674684e-05 0.0019531664243782739 -0.0011243564451117549 -0.012214700044616913 0.013242545627113259 0.018143111416797048 0.0033524535298676363 -0.0025349010954278596
leaf_weight=113.03475274145603 18664.978669062257 129.7230576723814 578.34470996260643 22198.174424931407 383.07467918097973 88.945498526096344 89.667117714881897 206.91199269890785 2975.3356098234653 440.60809087753296 134.98113818466663 176.7134395390749 479.88332395255566 5244.3434019833803
leaf_count=568 84117 618 2913 101288 1649 414 417 920 13191 1989 582 757 2073 24690
internal_value=-3.71215e-05 -0.000603563 -0.00732787 -0.000391752 0.00860168 0.00448256 0.0126041 0.000670298 -0.00172965 -0.00772657 -0.000460422 0.00113771 0.0075456 -0.000562877
internal_weight=51904.7 28825.3 869.992 27955.3 512.798 291.647 178.613 23079.4 3757.84 647.52 3110.32 19321.6 656.597 27442.5
internal_count=236186 132557 4312 128245 2267 1399 831 103629 16682 2909 13773 86947 2830 125978
is_linear=0
shrinkage=0.03


Tree=207
num_leaves=15
num_cat=0
split_feature=31 38 35 32 38 38 39 40 11 35 40 35 19 39
split_gain=21.9053 30.0096 23.8019 21.6823 40.4359 37.495 47.8546 51.3241 44.7872 35.6516 42.7039 64.3435 55.229 50.0336
threshold=2.8312508026343428 0.73948419223108386 1.8854604724311572 -0.79813382356053075 0.2995866601470602 -2.6119452810248469 -1.8876272350736987 -1.9542331522320981 -0.91468067976379774 -1.9084944295622479 -1.6300809730482866 -0.36690986691511485 -5.3875071455078549 -1.6001727728724755
decision_type=10 10 10 8 10 8 8 10 8 8 8 8 2 10
left_child=3 -2 -3 4 -1 -5 7 -7 -9 -8 11 13 -12 -11
right_child=1 2 -4 5 -6 6 9 8 -10 10 12 -13 -14 -15
leaf_value=0.00024180974606553062 -0.001387984118193546 0.022818812410407667 0.0030040650325251707 -0.013396640615196697 0.0052433959758488458 -0.0029616487549147647 -0.0064360587135422268 0.0010034020886949722 0.025244971670445274 -0.012057664677538337 0.0034223633835275399 -0.016271724475114425 -0.00033033141265450785 0.011839811418774058
leaf_weight=5453.3188909888268 207.31892392039299 119.36705926060677 100.334352850914 182.17449796199799 1974.5739136487246 188.89083354175091 805.2752675563097 106.26697140932083 187.96686315536499 121.68490235507488 3879.0883266329765 348.95048995316029 38172.680110350251 187.10156923532486
leaf_count=24767 889 504 416 926 8690 870 3880 471 787 569 17756 1888 173488 897
internal_value=0.000134777 0.00682307 0.0142944 7.81249e-05 0.00157665 -0.000174119 -0.000116339 0.00917676 0.0168105 -0.000221601 -0.00010295 -0.00763012 1.65693e-05 0.0023396
internal_weight=52035 427.02 219.701 51608 7427.89 44180.1 43997.9 483.125 294.234 43514.8 42709.5 657.737 42051.8 308.786
internal_count=236798 1809 920 234989 33457 201532 200606 2128 1258 198478 194598 3354 191244 1466
is_linear=0
shrinkage=0.03


Tree=208
num_leaves=15
num_cat=1
split_feature=19 9 11 39 10 12 37 37 39 30 46 1 45 24
split_gain=20.8153 66.2288 60.0931 87.8204 67.4237 49.0454 57.7819 48.3036 60.9546 49.792 47.3229 65.0224 58.9395 46.7363
threshold=-0.64504910750418953 0.59304727102833721 -0.34944371413167374 -1.800661752700941 -0.054117687752037937 0.010202807697706416 -0.77249107356743785 -0.91978443267836818 0.5570626339436896 1.5000000000000002 0 0.032867599984082202 1.7084269253283491 0.0070207771511059123
decision_type=2 8 10 10 8 2 10 10 10 2 1 8 10 8
left_child=1 2 4 -4 5 -1 -7 8 -2 13 -11 12 -12 -9
right_child=7 -3 3 -5 -6 6 -8 9 -10 10 11 -13 -14 -15
leaf_value=-0.0027717865310963796 0.0028747401167350858 -0.008370225652220965 0.013678625358976215 -0.003291306051253219 -0.0042596076622555224 -0.00089689943727698528 0.003629129238116337 -0.0037119551375785925 0.018493948278173678 -0.002278048791184087 0.0018407744022478623 -0.0094743081085512278 0.018807646915339329 0.001192399498500835
leaf_weight=2104.152515642345 1263.0276912301779 958.6002422273159 275.95160476863384 6970.2993666529655 2153.7334377765656 3713.162896618247 7992.5324675887823 4624.2460589855909 265.05816280841827 3200.9791947603226 15021.695922508836 443.99191649258137 176.70257583260536 2802.3451973497868
leaf_count=9826 5720 4489 1173 32688 10117 17437 36405 21145 1144 14396 66494 1992 794 12677
internal_value=-4.0471e-05 -0.000684246 -0.000363336 -0.0026271 0.000665241 0.00143583 0.00219389 0.00051929 0.00568664 0.000216664 0.00103656 0.00171622 0.00205027 -0.00186223
internal_weight=51966.5 24168.4 23209.8 7246.25 15963.6 13809.8 11705.7 27798 1528.09 26270 18843.4 15642.4 15198.4 7426.59
internal_count=236497 112135 107646 33861 73785 63668 53842 124362 6864 117498 83676 69280 67288 33822
cat_boundaries=0 1
cat_threshold=528
is_linear=0
shrinkage=0.03


Tree=209
num_leaves=15
num_cat=0
split_feature=19 20 30 1 45 12 43 30 31 44 40 0 12 10
split_gain=25.777 27.6445 34.0836 51.4293 49.3109 28.6655 26.039 23.3603 22.7202 22.7507 34.9569 33.5202 34.7661 34.2767
threshold=7.4684236787910816 1.1683926617689442 2.5000000000000004 0.013259214923021038 1.1398961367677334 0.042554229513740223 0.86607142857142871 4.5000000000000009 1.0020692075055784 -0.0084305060229168654 1.4741246670191961 0.002237087773179 0.03294658031181457 0.76363384297210068
decision_type=2 10 2 10 10 2 8 2 8 8 10 10 2 8
left_child=1 8 5 4 -4 -3 -5 -6 9 11 -11 -1 13 -13
right_child=-2 2 3 6 7 -7 -8 -9 -10 10 -12 12 -14 -15
leaf_value=0.012476112580225469 0.0038456726650705664 -0.0079828560559208062 8.5982618521926755e-05 -0.013582783615822536 0.02180024165886206 0.0068178351816859471 -0.0023063717288488066 0.0047156425564941493 0.0018251181897824852 0.00012011035716574544 0.0055521355084804875 -0.0010161346691088609 0.0024172453844590784 -0.0047452127110323332
leaf_weight=153.26670463383198 1471.2181921452284 1186.989340275526 987.38419403135777 275.93985320627689 150.73797824978828 123.01936769485474 533.40702241659164 143.21607530117035 5524.5073384046555 23161.607846923172 1107.7117697447538 12237.151331186295 2104.6563525646925 2702.183375492692
leaf_count=705 6517 5461 4261 1251 638 554 2377 648 24558 105983 4848 56718 9191 12324
internal_value=-5.5001e-05 -0.000169624 -0.00277751 -0.000392615 0.00333948 -0.00655184 -0.00626982 0.0139055 1.9657e-05 -0.000221263 0.000370226 -0.00105572 -0.00118465 -0.00169336
internal_weight=51863 50391.8 3400.69 2090.69 1281.34 1310.01 809.347 293.954 46991.1 41466.6 24269.3 17197.3 17044 14939.3
internal_count=236034 229517 15190 9175 5547 6015 3628 1286 214327 189769 110831 78938 78233 69042
is_linear=0
shrinkage=0.03


Tree=210
num_leaves=15
num_cat=2
split_feature=19 10 8 8 46 1 16 46 45 37 1 16 0 36
split_gain=26.4703 74.9075 47.1119 49.987 57.1989 46.2575 42.4314 96.22 59.2555 40.5119 42.1296 39.5381 39.3357 38.4923
threshold=-1.1144323949740704 -0.46753961235496916 0.61517548781865383 -1.3313896454253846 0 0.022349980839472112 0.34388747450343721 1 2.0469136601558473 -0.91978443267836818 0.045729998685652619 0.63772094833131254 0.0039444121717997866 0.25631591288248534
decision_type=2 8 10 10 1 10 8 1 10 10 10 8 10 10
left_child=1 2 3 5 12 -1 7 -2 9 13 -11 -3 -5 -8
right_child=6 11 -4 4 -6 -7 8 -9 -10 10 -12 -13 -14 -15
leaf_value=-0.0040154055480087882 0.017790964453420835 -0.0029787163138356196 -0.0058935476120657287 -0.0088571797290907927 0.0035615863752415564 0.010746455055565741 0.0065903689761100063 0.00046755875283406454 -0.019643024970380851 0.00023969350968896586 -0.014288244501561888 -0.017459742585344253 0.00016021290412641302 -0.0061263679520712072
leaf_weight=2432.8589829355478 395.74174265563488 6839.8814102858305 987.29969882965088 471.74302145093679 6484.0950968712568 197.70009277760983 1520.8415442109108 958.83657172322273 122.93103456497192 26429.617948532104 170.87781627476215 164.56165197491646 4520.474527195096 241.01569321751595
leaf_count=11685 1764 32247 4576 2282 29552 824 6871 4340 560 118401 769 765 20687 1091
internal_value=5.09065e-06 -0.000781707 0.000408443 0.000853363 0.00170846 -0.00286948 0.000587839 0.0057557 0.000340155 0.000433661 0.000141034 -0.00334334 -0.000706483 0.00482601
internal_weight=51938.5 22098.6 15094.2 14106.9 11476.3 2630.56 29839.9 1354.58 28485.3 28362.4 26600.5 7004.44 4992.22 1761.86
internal_count=236414 102618 69606 65030 52521 12509 133796 6104 127692 127132 119170 33012 22969 7962
cat_boundaries=0 1 2
cat_threshold=177 396
is_linear=0
shrinkage=0.03


Tree=211
num_leaves=15
num_cat=0
split_feature=40 19 40 16 9 38 19 39 39 37 30 40 30 39
split_gain=21.5897 24.83 32.4977 31.448 26.1332 40.9192 40.5969 35.6129 27.7524 96.0789 72.0348 67.3234 66.7104 53.7988
threshold=2.8855249337096849 7.4684236787910816 1.5956037031214281 0.90448780506452986 1.7923971361947462 0.64778096714867384 4.851410028091979 0.52305822510268463 0.59351140997935314 -0.91978443267836818 2.5000000000000004 0.60395559058806259 4.5000000000000009 1.1102231388867299
decision_type=10 2 10 10 8 8 2 10 8 10 2 10 2 10
left_child=1 4 -3 -4 8 7 -7 -6 -1 -10 -11 12 -12 -14
right_child=-2 2 3 -5 5 6 -8 -9 9 10 11 -13 13 -15
leaf_value=-0.00036423944803310571 -0.0094609747787373858 0.00053435357797311229 0.023588260469458045 0.0057792569883362123 0.016675566744310838 -0.022566392901102624 -0.0048366689025440713 -0.0024481049940806871 0.016853965727668799 -0.0017968554682224538 0.011944181372317779 0.00088497299471739085 -0.0031297260290975805 0.010903738618111971
leaf_weight=35564.217300780118 204.15623545646667 896.60680623352528 109.05413314700127 400.98305758833885 98.956887036561966 159.23892620205879 396.62238055467606 439.18059845268726 335.25582484900951 5509.3573746681213 1177.5689789950848 5463.3387889862061 718.48981130123138 361.40454606711864
leaf_count=163627 910 4002 470 1752 436 722 1810 1990 1456 24925 4989 24005 3270 1575
internal_value=4.46562e-05 8.40681e-05 0.00400094 0.00996747 -2.64087e-05 -0.00459107 -0.0102248 0.00130857 7.61489e-05 0.00123013 0.000821783 0.00269028 0.00703617 0.00162376
internal_weight=51834.4 51630.3 1406.64 510.037 50223.6 1094 555.861 538.137 49129.6 13565.4 13230.2 7720.8 2257.46 1079.89
internal_count=235939 235029 6224 2222 228805 4958 2532 2426 223847 60220 58764 33839 9834 4845
is_linear=0
shrinkage=0.03


Tree=212
num_leaves=15
num_cat=0
split_feature=23 44 45 45 11 45 45 20 15 9 16 9 11 25
split_gain=19.2318 20.0175 36.0895 53.1403 39.841 48.3594 39.8977 36.1856 35.5754 35.0622 31.6865 34.9122 29.4301 27.8509
threshold=0.11521820429976444 -0.0079422871691201252 0.90254982871647826 0.78446133816212116 -1.6316574510347974 1.5599918731128752 1.2227003229789559 -1.1407985822193376 0.81906162181945785 0.06898614307185702 0.11332983560685526 -1.1180468727278206 3.1959690996984662 -0.5161353889979764
decision_type=10 8 10 8 10 10 10 10 10 10 8 10 10 10
left_child=1 2 3 10 5 9 7 -6 -9 -4 -1 -12 -3 -8
right_child=-2 12 4 -5 6 -7 13 8 -10 -11 11 -13 -14 -15
leaf_value=0.011586721776829524 -0.0091297767501321257 0.00043257216748741645 0.0066263219594360776 -0.0054073092595919555 -0.006166870671379672 0.025777403710000424 -0.005984906912226258 0.0019376035335882098 -0.0047358485754104371 -0.0090284071972374438 -0.01214145872962495 -8.7021442222270107e-05 0.015200550055488232 -0.00069691540262610617
leaf_weight=185.4860877096653 198.31430259346962 30655.61694201082 681.7170846760273 3075.8885244131088 612.8485359698534 91.322319269180298 1512.92312066257 7780.5125686526299 782.50471304357052 149.06840731203556 219.5516409277916 3730.0836689919233 111.94236616790295 2186.3546787202358
leaf_count=849 896 139143 3109 13950 2965 411 7232 35594 3557 690 1029 16583 496 10101
internal_value=-3.27471e-05 3.85308e-06 -0.000709818 -0.00242817 0.000189373 0.00617872 -0.000244042 0.00081655 0.00132296 0.00374341 -0.000204461 -0.000786072 0.000491224 -0.00286989
internal_weight=51974.1 51775.8 21008.3 7211.01 13797.3 922.108 12875.1 9175.87 8563.02 830.785 4135.12 3949.64 30767.6 3699.28
internal_count=236605 235709 96070 32411 63659 4210 59449 42116 39151 3799 18461 17612 139639 17333
is_linear=0
shrinkage=0.03


Tree=213
num_leaves=15
num_cat=0
split_feature=32 38 33 8 39 39 37 38 39 40 39 40 38 40
split_gain=22.4169 36.9243 34.3722 28.5453 27.1331 30.2657 28.0689 41.2836 26.7302 74.5391 41.3626 61.9513 61.2236 86.6757
threshold=-0.8898488632300442 -2.6119452810248469 -0.86530924057212777 0.5661632885956529 -1.0199487753842738 -0.50697222414922305 -1.0413363186295836 -0.6506851654062471 -1.0357267802456829 -1.2203586521697785 -0.57872202016650387 -0.19855484225155315 -0.89447341339668018 -0.63477151805630216
decision_type=10 10 8 8 10 10 10 10 10 10 10 10 10 10
left_child=2 -2 3 4 -1 -6 -7 -8 -3 -10 -11 12 -12 -14
right_child=1 8 -4 -5 5 6 7 -9 9 10 11 -13 13 -15
leaf_value=0.0023949124726781209 -0.01272856286280237 0.00194167576953907 0.0037051563516083547 0.0074321806079288601 -0.010363697811639214 0.0068121474328555059 -0.013707270956461163 0.00025569244188695754 -0.0098454726157774404 -0.0027891333121227509 0.0089938153754517049 -0.00045224968500622129 -0.0053353492196359263 0.0034832927748184206
leaf_weight=887.04357972741127 199.620943531394 5073.3542192429304 3530.3403150737286 331.17190606892109 477.98280413448811 272.91403843462467 264.99223810434341 619.64438004791737 723.10307013988495 4832.1244669258595 1157.9365267008543 28019.789183869958 1296.3950656056404 4315.3054371923208
leaf_count=4073 1018 23325 15710 1432 2274 1255 1195 2766 3429 22573 5272 126909 6015 19468
internal_value=6.66389e-05 -0.000166501 0.0017302 -0.000717402 -0.00181243 -0.004095 -0.00143989 -0.00403337 -0.000108499 -0.000366726 -0.000191296 0.000170232 0.00274357 0.00144017
internal_weight=52001.7 45617.6 6384.09 2853.75 2522.58 1635.53 1157.55 884.637 45418 40344.7 39621.6 34789.4 6769.64 5611.7
internal_count=236714 208009 28705 12995 11563 7490 5216 3961 206991 183666 180237 157664 30755 25483
is_linear=0
shrinkage=0.03


Tree=214
num_leaves=15
num_cat=0
split_feature=32 40 39 37 37 30 12 11 30 39 40 12 10 40
split_gain=25.419 40.6143 76.3371 48.6827 39.2104 38.8959 42.0129 34.4757 48.444 34.2468 46.0298 58.098 49.1013 35.0762
threshold=-0.8898488632300442 -1.7980471760198522 -1.9798366764277011 -2.2839785964369712 -0.3245627960430994 3.5000000000000004 0.015856374578089544 -0.46695595467128387 3.5000000000000004 -1.1924373062288918 -1.2203586521697785 0.021041327349223902 -0.87134010415276941 -0.39930634142084814
decision_type=10 10 10 10 10 2 2 8 2 10 10 2 10 10
left_child=5 4 -3 -4 7 6 -1 8 -2 13 11 12 -11 -5
right_child=1 2 3 9 -6 -7 -8 -9 -10 10 -12 -13 -14 -15
leaf_value=-0.0034877315787245787 -0.016643855236369267 0.022912758541436165 -0.012114336163722561 0.0024039124604293247 -0.019327613478001951 0.0052021334854988662 0.0026354660712067332 0.0079746285155519944 0.0027249269365098912 0.010673004430731669 2.049378763693252e-06 -0.014160749097807967 -0.0079328855551870723 0.016394877436452387
leaf_weight=1633.3691489845514 235.04681007564068 121.06116610765457 287.36823390424252 2635.4488884657621 165.34271140396595 2171.7332242429256 2600.5436824411154 170.94083617627621 216.43653206527233 224.30496479570866 40601.801531270146 461.37873777747154 270.48787894845009 162.36005553603172
leaf_count=7389 1122 503 1472 11852 927 9736 11673 810 1054 1058 184748 2155 1315 714
internal_value=0.000180115 -6.88711e-05 5.06903e-05 -1.64234e-05 -0.00677832 0.00194806 0.000270592 -0.00319179 -0.00750081 6.46684e-05 -0.000151948 -0.00662348 0.000546085 0.00327132
internal_weight=51957.6 45552 44764.2 44643.2 787.767 6405.65 4233.91 622.424 451.483 44355.8 41558 956.172 494.793 2797.81
internal_count=236528 207730 203817 203314 3913 28798 19062 2986 2176 201842 189276 4528 2373 12566
is_linear=0
shrinkage=0.03


Tree=215
num_leaves=15
num_cat=0
split_feature=39 40 45 7 30 1 11 40 40 1 1 7 1 1
split_gain=23.6521 70.6363 77.1225 57.8704 81.1388 114.995 112.882 54.8513 48.119 43.7688 40.497 40.2235 39.2231 69.5662
threshold=-1.0357267802456829 -0.33772784196784383 1.3801405940462932 -0.29481565670566312 3.5000000000000004 0.0057485803004642382 -1.0752865146850363 -1.4006831705472742 0.18564548181314022 0.0098049071736063861 0.01112116689123868 -2.0602038472666302 0.015302303556337585 0.01964875227090029
decision_type=8 10 8 10 2 10 8 8 10 10 10 10 10 10
left_child=1 2 3 11 -5 -6 -7 -2 10 -8 -3 -1 -11 -14
right_child=7 8 -4 4 5 6 9 -9 -10 12 -12 -13 13 -15
leaf_value=-0.0050258252735814156 -0.011258139057566528 0.0081165455060727525 0.01454848802127599 -0.0091356711195618046 0.033255195221135646 0.020226431722122604 0.0044574482152430024 -0.00028582825932490765 -0.0039410216331620326 -0.017550201896761368 0.032425036626832812 0.0036767688059004349 0.016675689638851094 -0.014007073470660304
leaf_weight=556.73931695520878 403.82722102105618 128.21724911034107 336.50314697623253 1189.2730008736253 87.645963087677956 176.31148342788219 257.64921304583549 45025.581687882543 90.649266496300697 297.86617792397738 127.25101271271706 3072.0588504821062 102.13832990825176 153.58121272921562
leaf_count=2665 1914 585 1525 5373 385 798 1202 204579 414 1458 561 14072 476 706
internal_value=-0.000142322 0.0015379 0.00079376 -1.49439e-05 -0.00376876 0.00219709 -0.000865097 -0.000385819 0.0145333 -0.00563954 0.0209901 0.00233145 -0.0103346 -0.00158554
internal_weight=52005.3 6575.88 6229.77 5893.26 2264.47 1075.19 987.546 45429.4 346.118 811.235 255.468 3628.8 553.586 255.72
internal_count=236713 30220 28660 27135 10398 5025 4640 206493 1560 3842 1146 16737 2640 1182
is_linear=0
shrinkage=0.03


Tree=216
num_leaves=15
num_cat=0
split_feature=27 37 30 20 39 10 39 11 10 12 44 30 40 16
split_gain=22.9877 39.7577 24.6467 51.8906 56.2763 57.1409 41.8996 42.3524 33.9207 32.2667 49.9508 62.062 61.0401 41.9017
threshold=0.068965517241372384 0.20857327179113616 5.5000000000000009 -0.45705841242213152 0.057199370696881628 -0.021705684776570148 0.63125368893246814 2.1629152527826032 -1.8099195294700907 0.011493981860791088 0.010939227814618875 2.5000000000000004 -0.96393091836905342 0.22953593849071471
decision_type=10 10 2 10 10 10 10 10 10 2 10 2 10 10
left_child=1 -1 9 8 5 -5 -6 -8 -4 10 11 -2 13 -13
right_child=2 -3 3 4 6 -7 7 -9 -10 -11 -12 12 -14 -15
leaf_value=-0.0030330930250447941 -0.0053530874445301638 0.0010993761750545128 0.010687455733153677 0.0098562932659975559 -0.0070176998330479176 -0.0018051913060919387 0.0015748159457766888 -0.017436911596405348 -0.0073380833549773032 0.0010565069717766802 0.0035844842914590225 0.027944266695911199 -0.00045028060548443923 0.00042255959622442766
leaf_weight=5187.7586130425334 3075.5283448025584 3503.4511534944177 91.791047409176826 865.94449964165688 1051.5297590792179 660.75669634342194 1762.8941213786602 102.13340990245342 1444.2687953710556 29672.471000850201 1595.142185240984 109.80687418580055 2804.1216903924942 85.722767129540443
leaf_count=23901 14025 15731 432 4055 4930 3074 7950 469 7056 134556 7119 497 12589 401
internal_value=3.92337e-05 -0.00136793 0.000321788 -0.00146489 0.000181877 0.0048303 -0.00225957 0.000446245 -0.00619876 0.000608186 -0.00112525 -0.00236573 0.000704806 0.016486
internal_weight=52013.3 8691.21 43322.1 5979.32 4443.26 1526.7 2916.56 1865.03 1536.06 37342.8 7670.32 6075.18 2999.65 195.53
internal_count=236785 39632 197153 27966 20478 7129 13349 8419 7488 169187 34631 27512 13487 898
is_linear=0
shrinkage=0.03


Tree=217
num_leaves=15
num_cat=0
split_feature=34 40 39 38 40 39 32 38 36 31 16 32 40 36
split_gain=21.4414 46.1346 49.8603 42.1736 74.2249 70.8672 39.3968 35.8552 30.1816 28.0502 34.9673 27.8679 34.188 27.4865
threshold=-0.47110251772563655 -1.745031036448901 -1.8876272350736987 -1.5791116202724811 -0.70711651716964619 -0.64069244413460302 -0.43732740661758412 -0.1719380628677514 -0.41262907110994124 0.81417461880231523 0.30601375415461068 -0.4869486356101646 0.4349154091292417 -1.2916645236870627
decision_type=8 8 8 8 10 10 8 10 10 10 8 10 10 10
left_child=13 7 -3 4 5 -4 8 -2 -5 -8 -11 -10 -13 -1
right_child=1 2 3 6 -6 -7 9 -9 11 10 -12 12 -14 -15
leaf_value=-0.0014886366884720014 -0.0051856866923103758 0.01777376354425142 -0.0065530327533288432 0.0061136825767087325 -0.019474863991286544 0.017443209331727907 -0.0011666135833640812 -0.024550195576786716 0.00010287134447667822 0.0048817131624410088 -0.00016932871186679625 0.013155290620781773 -0.0013231582775478869 0.0017735031073264839
leaf_weight=3085.1182580292225 486.49535599350929 126.31669919192791 451.87257449328899 1218.6904977560043 275.35979644954205 135.72718165814877 24527.588952720165 97.06276411563158 4648.5102890282869 1590.6815764009953 5374.7684009671211 333.59941822290421 253.31418791413307 9342.5169111117721
leaf_count=14410 2443 523 2232 5412 1380 622 112387 561 20896 7099 23900 1508 1145 42010
internal_value=-0.000123252 -0.000465042 -0.000338414 -0.000401928 -0.00692135 -0.000811105 -0.000251884 -0.00876592 0.00188159 -0.000689572 0.000989509 0.000886672 0.00698886 0.000963142
internal_weight=51947.6 39520 38936.4 38810.1 862.96 587.6 37947.2 583.558 6454.11 31493 6965.45 5235.42 586.914 12427.6
internal_count=236528 180108 177104 176581 4234 2854 172347 3004 28961 143386 30999 23549 2653 56420
is_linear=0
shrinkage=0.03


Tree=218
num_leaves=15
num_cat=3
split_feature=43 13 11 2 10 11 46 46 2 7 20 11 46 11
split_gain=22.6365 26.2851 47.2221 30.614 24.8373 40.2421 46.3357 28.0677 24.7812 31.773 25.9767 43.5786 54.6463 62.6993
threshold=0.95000000000000007 43.898791654650402 -0.98397719212591905 0.36034622516300313 1.1025166979279979 0.95959521542110016 0 1 0.36034622516300313 0.041532606798916932 0.71049969511778943 1.8657376744546386 2 -0.76226547254124799
decision_type=10 10 8 10 10 10 1 1 8 10 10 10 1 8
left_child=8 2 -2 -3 -5 7 -7 -6 9 -1 -10 12 13 -12
right_child=1 3 -4 4 5 6 -8 -9 10 -11 11 -13 -14 -15
leaf_value=-0.0096240613802974998 0.012092724791386934 0.018198367341764912 -0.0051745986615232319 0.0038594592786491879 0.0010310321487384541 0.01288187000567209 -0.00069050594232203583 -0.012304028939600987 0.00027228801353566096 0.00095472097446569742 -0.0118738523216307 -0.0088824369076295189 -0.0038313619523856171 0.0026587924528224047
leaf_weight=545.92737437784672 159.09196153283119 101.72376409173012 906.30285152792931 3265.8463104069233 239.75421373546124 276.74184964597225 953.32902686297894 334.65624177455902 37178.245676249266 469.80964163690805 279.82907143235207 673.65141530334949 3147.4286870211363 3428.4635438174009
leaf_count=2738 721 466 4137 14571 1068 1236 4202 1494 169889 2295 1304 3101 14139 15234
internal_value=7.23583e-05 0.00176617 -0.00250765 0.00264968 0.00230253 -0.000521022 0.00254058 -0.00700858 -0.000159043 -0.00476944 -5.32535e-05 -0.00165893 -0.000937235 0.00152906
internal_weight=51960.8 6237.45 1065.39 5172.05 5070.33 1804.48 1230.07 574.41 45723.4 1015.74 44707.6 7529.37 6855.72 3708.29
internal_count=236595 27895 4858 23037 22571 8000 5438 2562 208700 5033 203667 33778 30677 16538
cat_boundaries=0 1 2 3
cat_threshold=560 322 171
is_linear=0
shrinkage=0.03


Tree=219
num_leaves=15
num_cat=1
split_feature=32 39 37 39 12 15 11 8 11 16 25 16 46 8
split_gain=18.615 25.5992 24.1019 26.7795 22.499 19.517 40.3095 37.4923 39.3895 27.5585 59.338 43.5957 81.3336 42.7735
threshold=-0.8898488632300442 -2.3116034332004776 -2.4122823310216561 -1.5585904611181951 0.016719088350117355 0.063267903519152804 -0.83744331209344025 -1.5420378328674134 0.52070618809845692 0.26815415019463501 -0.59332131714314162 0.45128148430735571 0 -0.56420370238799633
decision_type=10 10 10 10 2 8 8 8 8 8 10 8 1 10
left_child=4 -2 3 -3 -1 6 -4 8 -7 10 -9 12 13 -11
right_child=1 2 5 -5 -6 7 -8 9 -10 11 -12 -13 -14 -15
leaf_value=-0.00069740221210813451 0.013379162565894007 -0.0010228547707876521 -0.0032256509633998057 -0.01981716973364913 0.0029102853666773424 -0.0075683904267543501 0.011022716617351555 -0.0016984776887755124 0.0098962189133319431 -0.0046847744815297085 0.0030046433959862329 3.3357178735931931e-05 -0.0047524990115304592 0.0027451009856522693
leaf_weight=2644.6420878916979 112.70748795568943 160.53733991086483 318.72997409105301 110.18116930127144 3757.534486502409 1038.864299505949 386.57027257978916 3979.9784687012434 122.0310497879982 907.24690893292427 6107.8213395029306 23992.01279219985 5402.1145515888929 2901.8773783743382
leaf_count=11956 504 747 1477 599 16797 5121 1835 18625 588 4269 27683 107918 25066 13321
internal_value=-9.21697e-05 -0.000305193 -0.000342081 -0.00910551 0.00142124 -0.000287539 0.0046287 -0.000366567 -0.00566371 -0.000223243 0.00114926 -0.000640457 -0.00239364 0.000965313
internal_weight=51942.8 45540.7 45428 270.719 6402.18 45157.2 705.3 44451.9 1160.9 43291.1 10087.8 33203.3 9211.24 3809.12
internal_count=236506 207753 207249 1346 28753 205903 3312 202591 5709 196882 46308 150574 42656 17590
cat_boundaries=0 1
cat_threshold=908
is_linear=0
shrinkage=0.03


Tree=220
num_leaves=15
num_cat=0
split_feature=2 38 45 38 40 40 13 16 39 1 45 40 1 16
split_gain=23.7699 22.0628 20.9704 45.835 42.8875 34.1329 44.1607 49.6492 40.4118 90.6197 47.8153 35.3044 32.0224 33.0236
threshold=2.2222458024288096 -2.9320192544958776 1.3038259658910809 0.85774051887632652 0.53186611505036818 -0.16295365402006259 50.993485794414148 0.62891860782692832 0.60711833479442934 0.01492646890441276 1.405255839448555 -1.6300809730482866 0.016035504000379994 0.61639411719178139
decision_type=8 8 8 8 10 10 10 10 10 10 8 10 10 10
left_child=1 -1 -3 5 -5 6 11 -8 -7 -10 -11 -4 -13 -14
right_child=-2 2 3 4 -6 8 7 -9 9 10 -12 12 13 -15
leaf_value=-0.010228353548468188 0.0089587243937132299 0.00013424346698631963 0.011555568228939663 0.013304483851248002 -9.9520652663582016e-05 -0.009344330432350504 0.013986283808185956 -0.005287768831710362 0.011987754369427473 -0.016696918039399954 -0.00093221212920238726 -0.0094639684149582012 0.004282614408692851 -0.012931406474245368
leaf_weight=183.02987657487392 251.73226182162762 46447.283398896456 122.51319889724255 289.09203162789345 762.08342269062996 1253.8936904221773 327.78946021199226 180.10896402597427 310.39789693057537 276.81531482934952 440.16555228829384 614.44302539527416 436.91093529760838 119.33484521508217
leaf_count=900 1104 211137 572 1308 3434 5941 1498 822 1406 1277 1989 2991 1947 542
internal_value=-5.93239e-05 -0.000104901 -6.70035e-05 -0.00188457 0.00367746 -0.00332222 -0.000230695 0.00718127 -0.00575138 -0.00131845 -0.00716467 -0.00317447 -0.00480079 0.000426433
internal_weight=52015.6 51763.9 51580.8 5133.55 1051.18 4082.37 1801.1 507.898 2281.27 1027.38 716.981 1293.2 1170.69 556.246
internal_count=236868 235764 234864 23727 4742 18985 8372 2320 10613 4672 3266 6052 5480 2489
is_linear=0
shrinkage=0.03


Tree=221
num_leaves=15
num_cat=0
split_feature=11 8 11 37 17 30 30 17 38 11 16 16 45 7
split_gain=25.0184 37.4877 17.906 57.9474 31.4047 26.8863 64.1248 41.6577 36.4908 32.7688 37.3671 44.9669 35.8494 27.6313
threshold=3.1959690996984662 0.61517548781865383 1.3804719884130487 1.4156521236051713 2.1041236608916871 1.5000000000000002 4.5000000000000009 -0.021209009652680542 -0.76085290113272264 1.8657376744546386 0.87439881702472599 0.68825019492872574 0.91208154551435372 -0.90854039158725497
decision_type=10 10 10 10 2 2 2 2 10 10 10 10 10 10
left_child=2 -2 -1 5 -5 7 9 8 -4 13 11 -11 -12 -7
right_child=1 -3 3 4 -6 6 -8 -9 -10 10 12 -13 -14 -15
leaf_value=5.8465926096196871e-05 -0.001373805578105235 0.023469847987871748 0.0053190020605004698 -0.013268799104133122 -0.0010055794127694945 0.014519848345024166 -0.0040506566119154408 0.00046636426472458512 -0.013328459880669529 -0.0017974654018767886 -0.0083232252386901337 0.021286612529117736 0.01157826751692463 -0.00026231233867868189
leaf_weight=46367.423103444278 117.1387972086668 90.820192098617554 111.06965439021587 536.06297639012337 289.23799292743206 119.11899745464325 1232.630333557725 862.02136436104774 482.16801299154758 98.421129018068314 151.24900753796101 302.10277457535267 154.95527157187462 956.90483298897743
leaf_count=211434 535 398 490 2470 1280 537 5640 3954 2204 454 666 1345 680 4180
internal_value=-8.76699e-05 0.010055 -0.000130435 -0.0017813 -0.00903448 -0.000425161 0.00119132 -0.00375988 -0.00980687 0.00481811 0.00978964 0.0157085 0.00179563 0.00149275
internal_weight=51871.3 207.959 51663.4 5295.94 825.301 4470.64 3015.38 1455.26 593.238 1782.75 706.728 400.524 306.204 1076.02
internal_count=236267 933 235334 23900 3750 20150 13502 6648 2694 7862 3145 1799 1346 4717
is_linear=0
shrinkage=0.03


Tree=222
num_leaves=15
num_cat=0
split_feature=43 2 10 20 30 11 12 38 37 2 30 11 39 40
split_gain=22.9321 34.9347 32.4007 32.1439 51.4207 62.8655 50.1167 42.2924 51.261 42.926 44.1475 59.7969 50.7013 39.9803
threshold=0.81666666666666676 0.28852613050602888 -1.1346604490023466 0.74800682142608987 2.5000000000000004 1.7727799302570186 0.0068145888219466972 1.4041492577238197 0.25174472403355236 1.2229693444942689 2.5000000000000004 0.38453093055829562 0.84568263970102764 0.76471202846467523
decision_type=10 8 10 10 2 10 2 10 10 10 2 10 10 10
left_child=1 -1 -2 7 -5 6 -6 -3 -9 10 12 -12 -10 -8
right_child=2 3 -4 4 5 -7 13 8 9 -11 11 -13 -14 -15
leaf_value=-0.010535993066066528 0.0083801209579348092 -0.00018748233916365532 0.00080624632669441039 -0.0060514046663879047 0.018956878071127448 -0.012512513508624453 0.0052509562938086556 0.022717747165842635 -0.011808835480954918 0.011907260207364267 0.012505166509110745 -0.0058872263169409758 0.0067965702580753753 -0.0021477045298812498
leaf_weight=291.3976978585124 523.33652423322201 32980.522327661514 10946.804163821042 2128.8383603841066 127.64167486131191 320.3807870298624 997.47496201097965 120.4742538779974 383.77664455771446 372.48650324344635 414.07027088105679 246.99510735273361 190.1984442025423 1881.6022523343563
leaf_count=1493 2341 151346 49215 9900 529 1459 4392 511 1734 1591 1819 1080 840 8243
internal_value=-2.46114e-05 -0.000360341 0.00115881 -0.000283912 -0.00242228 -8.90094e-05 0.00127187 5.2825e-05 0.00461401 0.00312518 0.000402156 0.00564786 -0.00563274 0.000424912
internal_weight=51926 40455.9 11470.1 40164.5 5455.94 3327.1 3006.72 34708.5 1728 1607.53 1235.04 661.065 573.975 2879.08
internal_count=236493 184937 51556 183444 24523 14623 13164 158921 7575 7064 5473 2899 2574 12635
is_linear=0
shrinkage=0.03


Tree=223
num_leaves=15
num_cat=2
split_feature=20 30 2 41 45 36 46 46 14 12 45 45 39 14
split_gain=18.7467 47.7896 38.6795 39.1509 35.4928 34.7394 35.0297 32.1556 45.7174 57.8586 45.3927 57.0589 50.2028 71.5668
threshold=0.73495337656021886 2.5000000000000004 1.4196378586820166 0.95000000000000007 0.46705152079833828 1.7895456262497773 0 1 0.27405235125274102 0.027737405706859918 0.89884902223015117 0.78084893469765004 -0.57872202016650387 0.76616915422885634
decision_type=8 2 8 2 8 10 1 1 8 2 8 10 8 10
left_child=7 2 3 -2 -3 -5 -7 -1 9 -9 11 -10 13 -12
right_child=1 4 -4 5 -6 6 -8 8 10 -11 12 -13 -14 -15
leaf_value=-0.00071636024139505583 -0.002938219955223731 0.017029150354259129 0.0018769656356351281 -0.012838308420830495 0.00015536468272128615 0.012746250600561669 -0.010067455989743443 -0.00247007652215813 0.0022302160415596075 0.0043018990652446487 0.0015955376379313668 -0.0043525507980140387 0.0039452440567004955 -0.010371232420136886
leaf_weight=18344.633308298886 2072.4156348407269 104.41124650835991 848.50656808912754 818.70814257860184 5793.2057836353779 96.215354517102242 106.72394435107708 5543.1313577443361 2688.8851144984365 1417.742158845067 2588.2159024551511 2103.1475279256701 8844.1668704003096 533.9656975492835
leaf_count=84229 9484 437 3775 3975 25482 433 494 26114 11954 6254 11873 9477 39932 2454
internal_value=-4.9389e-05 -0.00122749 -0.00378005 -0.00533246 0.000482418 -0.0101136 0.000965168 0.000226434 0.000955492 -0.00108662 0.00180443 -0.000661904 0.00279182 -0.000477636
internal_weight=51904.1 9840.19 3942.57 3094.06 5897.62 1021.65 202.939 42063.9 23719.3 6960.87 16758.4 4792.03 11966.3 3122.18
internal_count=236367 44080 18161 14386 25919 4902 927 192287 108058 32368 75690 21431 54259 14327
cat_boundaries=0 1 2
cat_threshold=115 113
is_linear=0
shrinkage=0.03


Tree=224
num_leaves=15
num_cat=0
split_feature=33 38 12 2 35 39 19 20 1 45 12 20 2 1
split_gain=26.971 27.9964 36.5625 26.8788 22.1824 22.333 22.136 27.2349 30.2398 37.2886 34.0865 26.4128 23.5587 23.3193
threshold=2.0264715554168924 1.3758804914878735 0.018443350950702767 0.97641596207937054 1.5398128176337733 1.2065052835903745 7.4684236787910816 1.1683926617689442 0.013390252347069437 1.1703361425729282 0.042554229513740223 1.3780392484048476 0.28852613050602888 0.032867599984082202
decision_type=10 10 2 8 10 10 2 10 10 10 2 10 8 10
left_child=6 3 -3 -2 -5 -6 7 12 9 -9 -10 -11 -1 -14
right_child=1 2 -4 4 5 -7 -8 8 10 11 -12 -13 13 -15
leaf_value=-0.0077726019269775811 0.010259436679439042 0.015844362366240105 -0.00075119110226687001 0.0043939980841741473 -0.013299775533989124 0.00175931198414255 0.0036565913608837377 -0.0024319511951583321 -0.0094329212420634773 -0.0018957762252173932 0.0022951589023763488 0.015395360806672045 9.6346447029257079e-05 -0.0040289522603859443
leaf_weight=345.3430707231164 187.44299156963825 311.5980781763792 188.72134672105312 242.52303528785706 207.3912328183651 146.09432029724121 1320.0389785170555 1720.014187708497 923.88947366178036 128.43650563061237 288.53430008888245 190.55140021443367 44452.816238358617 1258.4184586405754
leaf_count=1757 820 1313 817 1049 890 635 5861 7618 4225 586 1290 853 203112 5596
internal_value=-5.32833e-05 0.00422396 0.00969244 0.000653605 -0.00248685 -0.00719873 -0.000162554 -0.000265518 -0.00291477 -0.000674569 -0.00664591 0.0085873 -7.78982e-05 -1.80783e-05
internal_weight=51911.8 1283.77 500.319 783.452 596.009 353.486 50628 49308 3251.43 2039 1212.42 318.988 46056.6 45711.2
internal_count=236422 5524 2130 3394 2574 1525 230898 225037 14572 9057 5515 1439 210465 208708
is_linear=0
shrinkage=0.03


Tree=225
num_leaves=15
num_cat=0
split_feature=44 30 41 35 15 1 30 41 40 2 35 8 1 16
split_gain=18.6464 19.9838 88.0988 79.8743 83.4844 70.6522 64.4765 70.1833 75.0671 61.5578 59.6556 57.0089 61.0869 51.7293
threshold=-0.13749750835241922 3.5000000000000004 0.8500000000000002 0.3860650771882464 0.45900065381259986 0.041395102500690492 4.5000000000000009 0.8500000000000002 -1.6823852431989177 0.83580074746084365 1.5398128176337733 -0.19106829802108272 0.0046452997040043889 0.4879161069960945
decision_type=10 2 2 8 8 10 2 2 8 10 10 10 10 10
left_child=-1 2 3 4 5 -2 7 8 -3 -4 11 -8 -13 -10
right_child=1 6 9 -5 -6 -7 10 -9 13 -11 -12 12 -14 -15
leaf_value=0.0080215924079264662 0.00082277679447480549 0.01734132116524844 -0.0073180638531236894 0.0032159215126224086 -0.0032135554063545562 0.026348156041174037 -0.0024461888249307558 0.0079711265422511262 -0.0019627167866360247 -0.001305011345999887 -0.010337123058891111 0.013837751563565676 0.00093179427494117118 0.0039282704053944335
leaf_weight=252.85344295203686 9590.9446817263961 240.40945835411549 2452.8688470050693 6408.8110937923193 7006.6166113168001 88.614806279540062 5590.7578077018261 1865.3568935394287 3145.9352685809135 4070.0241241008043 522.15440978109837 334.33115193247795 8036.7137008160353 2323.7103445976973
leaf_count=1076 44175 1140 11525 28329 31528 375 26687 8023 14368 18421 2339 1463 36902 10150
internal_value=5.15598e-05 1.10186e-05 -0.000498046 0.000371862 -0.000721754 0.00108341 0.000694427 0.00293516 0.00127895 -0.0035739 -0.000478738 -0.000102912 0.00146314 0.000542597
internal_weight=51930.1 51677.2 29617.9 23095 16686.2 9679.56 22059.4 7575.41 5710.06 6522.89 14484 13961.8 8371.04 5469.65
internal_count=236501 235425 134353 104407 76078 44550 101072 33681 25658 29946 67391 65052 38365 24518
is_linear=0
shrinkage=0.03


Tree=226
num_leaves=15
num_cat=1
split_feature=19 10 19 10 11 40 9 12 19 15 11 46 24 43
split_gain=17.6047 26.9793 47.744 51.4332 64.4595 64.3502 58.3779 51.8817 43.1332 42.5697 41.9556 57.4733 100.942 58.702
threshold=7.4684236787910816 0.68768999569324474 -0.64504910750418953 -0.16190879713495562 -0.61532360625239468 -1.7980471760198522 0.5687279406853859 0.020244803156781174 -1.5924179546957813 0.22169880667728145 0.32476939719987769 0 -0.093279453499533135 0.89444444444444449
decision_type=2 8 2 10 10 10 10 2 2 10 10 1 10 8
left_child=1 2 3 4 5 -1 8 -5 -7 -4 11 12 -3 -13
right_child=-2 10 9 7 -6 6 -8 -9 -10 -11 -12 13 -14 -15
leaf_value=-0.0067026755704379113 0.0031529087678742623 0.028708261943694233 0.01103118724519222 -0.0054435741443666615 -0.0019275945732754138 0.0023455663477403581 -0.0075102241240232572 0.0020463666613281359 0.013472055586157237 0.0013231362662993371 -0.00030066566887125719 -0.0045882171425233841 -0.0021546163631785977 -0.017143889558086531
leaf_weight=777.34508433192968 1493.0166110992432 91.550471022725105 408.84541998803616 3233.3564751893282 8243.0657262951136 9537.2978567928076 520.06107120215893 1113.680550545454 314.85709108412266 14122.655424430966 8923.670174524188 1167.237846583128 1559.0278110653162 466.94990006089211
leaf_count=3807 6615 394 1885 15294 38495 43586 2452 5208 1425 63139 40003 5251 7087 2089
internal_value=-4.66182e-05 -0.000141855 0.000249923 -0.000579058 8.26462e-05 0.00156925 0.00219505 -0.00352441 0.00271445 0.00160367 -0.00136921 -0.00426237 -0.000278536 -0.00820838
internal_weight=51972.6 50479.6 38271.2 23739.7 19392.6 11149.6 10372.2 4347.04 9852.15 14531.5 12208.4 3284.77 1650.58 1634.19
internal_count=236730 230115 175291 110267 89765 51270 47463 20502 45011 65024 54824 14821 7481 7340
cat_boundaries=0 1
cat_threshold=930
is_linear=0
shrinkage=0.03


Tree=227
num_leaves=15
num_cat=0
split_feature=27 37 40 35 40 30 2 36 16 38 8 37 38 9
split_gain=20.1782 38.5552 31.0413 42.7597 48.6387 37.7295 57.7455 50.8299 32.4822 35.7769 34.5401 33.4137 33.2449 32.5131
threshold=0.096681254117309531 0.40025303896032116 0.44398076907361228 -1.0695225656410641 0.82280941793215912 5.5000000000000009 0.87333589400389822 0.88052866225623327 0.57011501039722856 -0.87658177120503133 0.39097988324560584 1.51233416962769 1.5798726616026506 0.06898614307185702
decision_type=10 10 10 10 10 2 8 10 8 10 10 10 10 10
left_child=1 -1 5 4 -4 -2 7 -7 9 -5 12 -12 -11 -10
right_child=2 -3 3 8 -6 6 -8 -9 13 10 11 -13 -14 -15
leaf_value=-0.0023558666188357824 0.0013283604981545578 0.0013073877864272826 -0.0040279882236359948 -0.020792288238201125 0.011699758030013578 -0.00071289660480573227 -0.0083862241540370967 0.017580258219572868 -0.0055916709020046472 -0.0014993970573734833 -0.0077403857567091795 0.0021337207382353326 0.011978124156123605 0.00043249087134334421
leaf_weight=7830.3758807405829 22639.286901935935 3850.4167528450489 270.79257795214653 93.399134486913681 479.41209189593792 2511.3633015677333 926.77344627678394 134.54454384744167 889.73956362903118 2305.5290098488331 1600.2609858214855 376.8902537971735 167.35448165237904 7756.819594591856
leaf_count=36051 102952 17240 1253 455 2040 12009 4297 612 4059 10715 7353 1651 730 34709
internal_value=-5.13605e-05 -0.00114824 0.000267942 -0.000875468 0.00604439 0.000876139 -0.0019852 0.000280002 -0.00127333 -0.00332407 -0.00291165 -0.00585689 -0.000542725 -0.000193145
internal_weight=51833 11680.8 40152.2 13940.2 750.205 26212 3572.68 2645.91 13190 4543.43 4450.03 1977.15 2472.88 8646.56
internal_count=236126 53291 182835 62965 3293 119870 16918 12621 59672 20904 20449 9004 11445 38768
is_linear=0
shrinkage=0.03


Tree=228
num_leaves=15
num_cat=0
split_feature=39 11 45 13 15 35 36 30 30 41 39 8 39 39
split_gain=23.5016 32.7769 27.0694 33.9048 26.7598 20.3367 49.4555 46.5845 65.818 121.07 57.2621 53.0635 59.8995 46.4114
threshold=2.1324168955337464 2.1629152527826032 0.91996986486662979 72.577550090572245 0.80473880953963761 0.3776549698963923 -0.27787662703641075 4.5000000000000009 2.5000000000000004 0.8500000000000002 -0.069595878407742201 0.17450408172143092 -0.57872202016650387 0.42669289308347552
decision_type=10 8 10 10 10 10 8 2 2 2 10 10 10 10
left_child=5 2 4 -4 -2 6 -1 8 9 -7 -9 -11 -13 -10
right_child=1 -3 3 -5 -6 7 -8 10 13 11 -12 12 -14 -15
leaf_value=0.0007883618067589704 0.013362763649976392 -0.021080183517997956 -0.010520163975797444 0.0055366225079263561 -0.0020371849107276782 0.0029650027035357982 -0.0015221113580810616 0.0030915284857244581 0.0014726471675987611 0.0040590085694016042 -0.0041397395245382955 -0.023640201709788172 -0.0053278999377054884 0.0070841746098025318
leaf_weight=16644.068911388516 138.30609211325645 85.597484067082405 480.30535803735256 149.00016959011555 315.50313630700111 4724.5075332522392 16688.498076975346 1463.5140172466636 2581.4874613285065 492.60823930799961 2971.4746870100498 164.86065542697906 2209.5775844156742 2732.9627783447504
leaf_count=75571 631 420 2348 683 1448 20899 77542 6887 11470 2276 13463 788 10183 11582
internal_value=-3.24481e-05 -0.00422012 -0.00270703 -0.00669127 0.00284313 6.49482e-05 -0.000368524 0.000897894 0.00180911 1.55876e-05 -0.00175189 -0.00483806 -0.00669316 0.00436627
internal_weight=51842.3 1168.71 1083.11 629.306 453.809 50673.6 33332.6 17341 12906 7591.55 4434.99 2867.05 2374.44 5314.45
internal_count=236191 5530 5110 3031 2079 230661 153113 77548 57198 34146 20350 13247 10971 23052
is_linear=0
shrinkage=0.03


Tree=229
num_leaves=15
num_cat=1
split_feature=38 32 43 10 46 15 24 7 40 40 38 39 38 36
split_gain=26.4735 26.5883 18.6046 30.4442 32.94 49.5698 28.3264 26.7582 46.7787 36.7065 42.6657 31.4984 32.7498 30.4711
threshold=-2.9320192544958776 -1.3409911855323975 0.81666666666666676 -1.1346604490023466 0 0.40317515108678387 -0.01296653666052172 -0.16433579444947768 -1.4675979161089472 -0.052694671325560848 -0.97923464289673878 0.56764800424328044 -0.62420888844426703 0.82695963616494395
decision_type=8 10 10 8 1 10 10 10 10 8 10 10 10 10
left_child=1 -1 6 4 -4 -6 -2 9 -9 11 -11 -8 -13 -10
right_child=2 -3 3 -5 5 -7 7 8 13 10 -12 12 -14 -15
leaf_value=0.0022093282301665282 -0.0016973725168560447 -0.019168304470517684 0.018161056756503209 0.00071858590708965143 0.010262379566983351 -0.014502592390138739 0.0022766125491758701 -0.010650875966699192 -0.0011331193938629936 -0.00875454812080146 0.00023883566322280031 0.023656444944694797 0.0010560319057243473 0.0016111050958016249
leaf_weight=84.855517074465752 10125.877738974988 119.25360685586929 170.00867700576782 10977.047859206796 206.32276587188244 99.736717954277992 6669.3654734790325 396.29639358818531 12852.650391355157 520.56580473482609 4509.3717067539692 118.57762280106544 106.46206316351891 5070.0663610547781
leaf_count=403 46940 603 761 49359 919 449 30757 1956 58508 2467 20582 507 464 22389
internal_value=-6.55355e-05 -0.0105928 -2.2037e-05 0.0010446 0.0083924 0.00192762 -0.000324836 0.000135116 -0.000584746 0.00124058 -0.000707445 0.00266077 0.0134644 -0.000356354
internal_weight=52026.5 204.109 51822.3 11453.1 476.068 306.059 40369.2 30243.4 18319 11924.3 5029.94 6894.41 225.04 17922.7
internal_count=237064 1006 236058 51488 2129 1368 184570 137630 82853 54777 23049 31728 971 80897
cat_boundaries=0 1
cat_threshold=156
is_linear=0
shrinkage=0.03


Tree=230
num_leaves=15
num_cat=0
split_feature=38 39 44 36 40 37 39 37 39 40 35 40 39 35
split_gain=18.2279 20.3141 17.7405 19.1893 48.0111 61.191 48.5339 41.7888 39.1191 67.4305 48.7535 45.5485 53.6186 46.8971
threshold=-2.9320192544958776 -1.7323926026804164 -0.13749750835241922 -0.2038565316918983 -1.6300809730482866 -1.615803495231223 -1.800661752700941 -1.0029783077129588 1.7459370174669557 1.3745917832793058 -0.78077996897700075 -0.052694671325560848 1.3031147672551857 -1.3730688873722234
decision_type=8 10 8 8 8 10 8 8 10 10 10 10 10 10
left_child=1 -1 -2 8 5 -5 -6 -8 9 11 -11 13 -13 -4
right_child=2 -3 3 4 6 -7 7 -9 -10 10 -12 12 -14 -15
leaf_value=0.00063261211647632409 0.008353486308504578 -0.018209398006037887 -0.0016706463443919854 0.0098587737204818005 0.018907562389726098 -0.015835876862418587 -0.0049334421311203669 -8.3463411696956146e-05 -0.0069958080360312674 0.018138761959696065 0.0030541669663666634 -0.0020084710902741297 0.0077813834216129149 0.0029980430026995586
leaf_weight=100.83747506141663 221.75543992221355 93.881808176636696 2538.7987094819546 100.99362117052078 108.35790053009987 351.13184159249067 1677.7820658534765 30371.043979644775 552.9565255343914 331.96773092448711 453.66688860952854 6407.8648842722178 536.56115071475506 8077.7156086266041
leaf_count=464 947 497 11965 474 448 1938 7982 137954 2474 1377 1958 29319 2322 36469
internal_value=3.65492e-05 -0.00889759 7.18914e-05 3.4623e-05 -0.00040617 -0.0100072 -0.000268112 -0.000338823 0.000794982 0.00103348 0.00957599 0.000646071 -0.00124196 0.00188107
internal_weight=51925.3 194.719 51730.6 51508.8 32609.3 452.125 32157.2 32048.8 18899.5 18346.6 785.635 17560.9 6944.43 10616.5
internal_count=236588 961 235627 234680 148796 2412 146384 145936 85884 83410 3335 80075 31641 48434
is_linear=0
shrinkage=0.03


Tree=231
num_leaves=15
num_cat=0
split_feature=4 30 37 35 37 38 2 35 30 38 40 40 1 1
split_gain=19.4046 25.2279 78.406 86.3887 52.4115 66.3086 57.5969 51.271 46.4155 44.6347 44.2227 77.8259 43.5545 39.7547
threshold=0.22688872393979406 3.5000000000000004 0.40025303896032116 -0.17154866424158075 -0.3245627960430994 -0.42269215662604515 1.1384166124915196 0.71657017255100752 4.5000000000000009 0.1078798557856117 0.10099449496215113 0.85411075923727409 0.005307420508664654 0.045729998685652619
decision_type=10 2 10 10 10 8 8 10 2 10 10 10 8 8
left_child=1 4 13 -4 5 10 7 -6 9 -5 -1 -12 -10 -3
right_child=-2 2 3 8 6 -7 -8 -9 12 -11 11 -13 -14 -15
leaf_value=0.00049746035503842403 0.00085351721191763853 -0.00075003012254473039 0.011251404031187589 -0.009961033343143624 -0.0046761719591721356 0.0055834923441763417 0.0015085063965691718 0.0013365452131555938 0.014050017308241668 0.0087030920868159459 -0.010293792381431919 0.012842269613126615 -0.0019760306514436106 -0.01966594518234319
leaf_weight=4017.8482004106045 20049.996406167746 9105.4419310390949 1073.8023722916842 122.04593639075756 6882.0378692373633 1986.1513978540897 2638.9432400316 1561.7446066737175 154.06790529191494 982.95213125646114 810.15286029875278 146.85321293771267 2184.0843875929713 91.129814118146896
leaf_count=18608 90324 42678 4734 530 31605 8940 11747 7071 665 4240 3793 643 10070 404
internal_value=0.000123039 -0.000338273 0.000631372 0.0038636 -0.00107516 0.000964145 -0.00235575 -0.00356381 0.00153368 0.00657081 -0.000887576 -0.00664746 -0.000864689 -0.000958627
internal_weight=51807.3 31757.3 13713.5 4516.95 18043.7 6961.01 11082.7 8443.78 3443.15 1105 4974.85 957.006 2338.15 9196.57
internal_count=236052 145728 63321 20239 82407 31984 50423 38676 15505 4770 23044 4436 10735 43082
is_linear=0
shrinkage=0.03


Tree=232
num_leaves=15
num_cat=0
split_feature=31 39 40 40 36 40 16 34 40 39 30 31 35 32
split_gain=23.0708 35.2852 39.9755 35.6225 33.5799 40.647 47.3371 41.0218 34.2443 44.2589 40.1377 31.6206 37.3351 34.8485
threshold=-0.66563570630578661 -1.800661752700941 -1.9542331522320981 -2.1675646737775494 -1.6716285530773658 -1.5774181993146279 0.42132392917840189 -0.79634917510933778 -0.98181171742601669 -0.51775402689854289 1.5000000000000002 -0.92618158102380976 -0.65843726168272998 -0.56506506637587828
decision_type=8 8 10 10 10 10 8 10 10 10 2 10 10 10
left_child=11 2 3 -2 8 6 7 -6 -3 -10 -11 -1 -13 -14
right_child=1 4 -4 -5 5 -7 -8 -9 9 10 -12 12 13 -15
leaf_value=0.00015568411287068086 0.0068962428239543495 0.00089466386878853208 0.013057480689809421 -0.015462305897444253 0.0055767392704402143 -0.00013480330182377839 0.013016707518424658 -0.014046191709425389 -0.020008743043314479 0.0067787851548200811 -0.010586886220203741 0.0089990461990428292 0.0050583903956405614 -0.0023894614214816446
leaf_weight=6876.1182488054037 144.6600417047739 478.68534906208515 359.99184900522232 99.914486676454544 112.75697275996208 39381.556265473366 80.666605949401855 491.56054776906967 229.55313928425312 182.20387837290764 311.96104669570923 878.22480043768883 1254.6320391967893 1014.3845446258783
leaf_count=31076 668 2291 1554 465 527 179194 383 2615 1169 822 1439 4007 5643 4645
internal_value=5.02335e-06 -0.000304506 0.00683116 -0.00248634 -0.000410669 -0.000261758 -0.00745377 -0.0103537 -0.00532958 -0.00940254 -0.00417652 0.00129712 0.00378256 0.00173289
internal_weight=51896.9 41873.5 604.566 244.575 41268.9 40066.5 684.984 604.318 1202.4 723.718 494.165 10023.4 3147.24 2269.02
internal_count=236498 191127 2687 1133 188440 182719 3525 3142 5721 3430 2261 45371 14295 10288
is_linear=0
shrinkage=0.03


Tree=233
num_leaves=15
num_cat=0
split_feature=27 30 0 36 8 35 40 41 30 35 11 38 33 38
split_gain=23.178 25.2463 47.3539 58.8653 56.5835 38.0757 47.0007 34.1128 70.5443 77.8549 56.4537 45.3403 42.2328 42.9952
threshold=0.098549401501315456 5.5000000000000009 0.0074479310605302046 -0.57654543273285908 -0.28674419464820261 -0.60493196807214211 0.20397681079543831 0.65000000000000002 3.5000000000000004 -1.1768542058331051 -0.70555146672162794 1.347126926575686 0.16645425961709276 -0.1808905395500216
decision_type=10 2 10 8 10 10 10 2 2 10 8 10 10 10
left_child=-1 7 4 5 -3 6 -4 11 9 -9 -10 12 -2 -14
right_child=1 2 3 -5 -6 -7 -8 8 10 -11 -12 -13 13 -15
leaf_value=-0.0011991464005560448 1.3193044297516932e-05 -0.0053416323593411322 -0.0066826393771770125 -0.0063135904461298579 0.0041618803409997629 0.017774002662416084 0.01499492566610762 0.023199228261523371 0.010313616852579767 -0.0026638397238853374 0.00093655677776646349 0.0090772145324610042 0.00067211759145161215 0.004963167513213176
leaf_weight=11886.928699716926 13174.755637280643 796.74490897357464 286.86488687992096 2323.5665572136641 1864.8457551449537 135.44087979197502 119.1920989304781 96.244512021541595 679.5277646034956 7886.4787252023816 3583.2710752487183 646.74325452744961 4381.6416701003909 4034.9283749461174
leaf_count=54278 60471 3943 1328 10910 8628 596 525 412 3056 36051 15839 2786 19933 17746
internal_value=-3.65648e-05 0.000309048 -0.00157156 -0.00424155 0.00130767 0.00460283 -0.00011204 0.00061082 -0.000660383 -0.00232338 0.00245198 0.0013108 0.00107407 0.00273271
internal_weight=51897.2 40010.2 5526.66 2865.06 2661.59 541.498 406.057 34483.6 12245.5 7982.72 4262.8 22238.1 21591.3 8416.57
internal_count=236502 182224 25930 13359 12571 2449 1853 156294 55358 36463 18895 100936 98150 37679
is_linear=0
shrinkage=0.03


Tree=234
num_leaves=15
num_cat=1
split_feature=24 11 11 46 19 11 40 38 19 40 39 15 44 12
split_gain=21.9421 34.9338 49.8686 38.4588 33.9564 61.6132 31.3205 30.0849 29.8778 38.2214 34.796 63.3596 46.9371 43.6091
threshold=-0.01296653666052172 -0.97020056633039131 1.1135632705179543 0 -3.7417787786014531 -0.33876104170541654 -1.4006831705472742 -0.40225348232770225 -6.0084129638145241 -1.6823852431989177 0.85988707139511911 0.53089721291525738 -0.0079422871691201252 0.0066410604447747637
decision_type=10 8 10 1 2 10 10 10 2 10 10 10 10 2
left_child=1 6 3 4 -3 7 -1 -6 9 -2 12 -12 -10 -13
right_child=8 2 -4 -5 5 -7 -8 -9 10 -11 11 13 -14 -15
leaf_value=-0.013837299770132306 -0.0037329061626627121 -0.0044495901253229367 -0.0046200605482043045 -0.00019802058301310256 0.003625540446180092 0.0032304268843229805 -0.002970990224371159 0.024009137831647345 -0.0019909548725866931 0.0047678234423925792 0.009750709706158012 0.01504778400775998 0.00063208952695393444 0.00070799054040103081
leaf_weight=261.16110272705555 571.86446040868759 280.01879943907261 1874.8735573142767 7072.4279824197292 95.902214795351028 1020.310505181551 2096.5613199621439 223.91142745316029 9517.0696748569608 2651.9727376028895 820.50797881186008 185.59121799468994 17259.13743454963 7988.0282222777605
leaf_count=1263 2785 1333 8531 32657 443 4654 9797 1027 43932 11972 3546 771 78484 35417
internal_value=0.000136449 -0.000934317 -0.000196156 0.000762234 0.0049007 0.00690922 -0.00422799 0.018192 0.000491517 0.00325303 0.000241794 0.00185513 -0.000300615 0.00105158
internal_weight=51919.3 12925.2 10567.4 8692.57 1620.14 1340.12 2357.72 319.814 38994.2 3223.84 35770.3 8994.13 26776.2 8173.62
internal_count=236612 59705 48645 40114 7457 6124 11060 1470 176907 14757 162150 39734 122416 36188
cat_boundaries=0 1
cat_threshold=130
is_linear=0
shrinkage=0.03


Tree=235
num_leaves=15
num_cat=0
split_feature=27 30 38 35 31 31 37 33 40 40 14 37 35 39
split_gain=24.6927 31.0135 36.6579 27.3735 35.3807 22.7061 22.0075 37.434 21.685 38.9915 65.3024 45.5638 42.7057 66.5747
threshold=0.13953488372092424 3.5000000000000004 -2.4248572191417286 0.3776549698963923 -1.3929143722796897 0.81417461880231523 0.40025303896032116 0.18895771984250473 0.41208371036096603 -0.58212004591178201 0.7237806950083161 -0.18397545766888704 -2.1816367502439262 -1.0199487753842738
decision_type=10 2 10 10 10 10 10 10 8 10 10 10 10 10
left_child=1 3 -3 -1 -5 -6 -4 -8 9 10 -2 -12 -11 -14
right_child=8 2 6 4 5 -7 7 -9 -10 12 11 -13 13 -15
leaf_value=-0.0032071157312947999 0.00047428570702495628 0.018731042336211635 -0.0010101210192392028 0.015768802263565546 -0.0024720742988793513 0.003053190494617121 0.0065165364036245026 -0.00086462986612847006 -0.00056500056080195996 -0.0136068970327671 0.0037985958183691642 -0.0098498367730525359 0.013652899118875867 0.0017146296302519425
leaf_weight=6433.8970052301884 6898.0693696737289 88.238575860857964 4355.6292316615582 117.01497076451778 1785.5617364048958 1057.4096805751324 1133.1169974505901 1342.6889600455761 12834.678600892425 148.16657555103302 275.7119083404541 999.13396792858839 423.71841675043106 14014.736803911626
leaf_count=29480 31997 426 20296 515 8045 4673 5039 5953 58004 731 1233 4659 1916 63600
internal_value=-2.21906e-05 -0.000988346 0.000535362 -0.00211011 0.000277145 -0.000413519 0.000273301 0.00252618 0.000420771 0.000976677 -0.000681677 -0.00689149 0.00190569 0.00207418
internal_weight=51907.8 16313.6 6919.67 9393.88 2959.99 2842.97 6831.44 2475.81 35594.2 22759.5 8172.92 1274.85 14586.6 14438.5
internal_count=236567 74427 31714 42713 13233 12718 31288 10992 162140 104136 37889 5892 66247 65516
is_linear=0
shrinkage=0.03


Tree=236
num_leaves=15
num_cat=2
split_feature=38 12 21 1 43 46 19 30 19 36 10 1 46 8
split_gain=18.0673 25.985 18.2498 29.2807 44.7418 60.4727 42.4028 31.1976 29.5205 52.7814 52.2398 49.9804 44.9289 41.511
threshold=-2.9320192544958776 0.039672023551927178 -0.021323084661658536 0.032867599984082202 0.81666666666666676 0 -1.7826723309740842 2.5000000000000004 -1.1144323949740704 -0.13179166294944261 -0.47964427753880584 0.016035504000379994 1 -1.4754985222815058
decision_type=8 2 10 10 10 1 2 2 2 8 8 10 1 10
left_child=1 -1 3 8 6 -6 7 -5 10 -10 13 -12 -13 -2
right_child=2 -3 -4 4 5 -7 -8 -9 9 -11 11 12 -14 -15
leaf_value=-0.017658147019564804 -0.0081659881393012553 0.0035776584850084167 0.00053612569181541478 0.0092335292115756883 0.014047818088588371 -0.010503775643396064 -0.020824598425695822 -0.010783523098826877 0.0029238915437733337 -0.00084338869683617235 -0.0058837975262919298 0.01737006843565839 -0.0010107686107071708 0.00053656162608752131
leaf_weight=114.1004663258791 520.95628149807453 84.156713992357254 24802.411201767623 101.56504707038403 170.84809608757496 152.48451921343803 229.54950185120106 180.5927896052599 5140.075202062726 9551.9878562986851 3264.745756611228 132.9264907091856 547.38249419629574 6945.9982053562999
leaf_count=623 2594 360 111553 453 769 694 1062 820 23064 43532 15669 625 2605 32316
internal_value=-8.64508e-05 -0.00890497 -5.09468e-05 -0.000591453 -0.00608774 0.00260779 -0.0115269 -0.0035088 -0.00041337 0.000475701 -0.00155739 -0.0043451 0.00301727 -8.07095e-05
internal_weight=51939.8 198.257 51741.5 26939.1 835.04 323.333 511.707 282.158 26104.1 14692.1 11412 3945.05 680.309 7466.95
internal_count=236739 983 235756 124203 3798 1463 2335 1273 120405 66596 53809 18899 3230 34910
cat_boundaries=0 1 2
cat_threshold=464 20
is_linear=0
shrinkage=0.03


Tree=237
num_leaves=15
num_cat=0
split_feature=38 37 7 40 33 37 40 0 40 37 20 11 40 30
split_gain=27.0042 70.4641 32.073 28.6434 26.9742 26.2727 23.6089 34.0122 35.0625 29.6455 28.9715 51.0818 37.2514 43.3331
threshold=2.6300836929250067 1.9533495851223017 1.5277164869005584 2.5463137433785379 0.15888565399779225 2.7218414264222903 1.6264041444603283 0.0077987508376458981 2.23283889851727 0.48610286611959747 0.76145686772507981 -0.53624175115628259 0.53186611505036818 4.5000000000000009
decision_type=10 10 10 10 10 10 10 10 10 10 8 8 10 2
left_child=3 4 -3 6 -2 -4 10 -8 -9 -10 -1 12 -12 -14
right_child=1 2 5 -5 -6 -7 7 8 9 -11 11 -13 13 -15
leaf_value=0.00015398818722903333 0.028234669991866145 -0.013574503228609602 -0.0055887631230859373 -0.0081088556752944487 0.0091197082119386635 0.014752143731194057 0.0077599391534261082 0.0024420086672710586 -0.018569345618930751 -0.0012975973586506814 -0.0022032478142577985 -0.00099840637835965987 -0.021396534047209294 -0.00084142126379380957
leaf_weight=40713.911664657295 104.47759884595871 142.49930676817894 110.20889310538769 385.01509968936443 196.28417457640171 100.53638105094433 820.62508191168308 1670.9186840504408 130.43467459082603 250.88608284294605 395.89568461477757 6444.0875843316317 287.70428647100925 135.00760202109814
leaf_count=186685 442 620 470 1781 821 423 3537 7340 584 1137 1827 28864 1369 624
internal_value=1.62676e-05 0.00602738 -0.0030593 -6.16252e-05 0.0164547 0.0043436 8.88152e-07 0.00263769 0.000561774 -0.00752913 -0.000157522 -0.00190163 -0.00891392 -0.0150027
internal_weight=51888.5 654.006 353.245 51234.5 300.762 210.745 50849.5 2872.86 2052.24 381.321 47976.6 7262.7 818.608 422.712
internal_count=236524 2776 1513 233748 1263 893 231967 12598 9061 1721 219369 32684 3820 1993
is_linear=0
shrinkage=0.03


Tree=238
num_leaves=15
num_cat=0
split_feature=20 15 12 11 16 39 35 39 2 30 30 35 2 29
split_gain=23.4714 42.5551 42.4819 38.6424 43.7743 38.8864 37.4868 43.5899 36.7075 28.5563 40.0607 40.103 38.6119 37.2964
threshold=0.72260559789066392 0.83341718046629387 0.0062589244738169318 -0.51277043651713961 0.3643943922086415 0.094836313118445689 -0.65843726168272998 0.16108947597581888 0.49616065998420877 2.5000000000000004 4.5000000000000009 1.8854604724311572 1.4196378586820166 13.000000000000002
decision_type=8 10 2 10 8 8 10 10 10 2 2 10 10 2
left_child=1 -1 -2 5 -5 -4 7 -6 -3 12 13 -12 -8 -11
right_child=2 8 3 4 6 -7 9 -9 -10 10 11 -13 -14 -15
leaf_value=6.9122578585289815e-06 0.01290217533658361 0.020015486939531667 0.0059981120546883553 0.018249220558497811 -0.0094796749745077787 -0.0094549456007934109 -0.0058434791746093508 0.0077771590497721903 0.0033939675405605259 -0.00082195247357846185 -0.0020227046968857619 -0.017004561589835848 0.002328834690573474 0.006886381703213899
leaf_weight=39855.722140111029 173.84942211210728 118.39500440657139 167.43440248072147 95.128795355558395 152.19735880196095 904.27938677370548 2446.0471078455448 712.45605127513409 1897.309975117445 1343.2095833271742 2272.2517380863428 163.48064857721329 654.26400582492352 962.64651709794998
leaf_count=182692 739 544 768 429 669 4208 11427 3053 8329 5748 10267 738 2924 4106
internal_value=-9.00308e-05 0.000222504 -0.00139143 -0.00165591 -0.000997068 -0.00700757 -0.00122805 0.00466594 0.00446424 -0.00188304 -0.000416817 -0.00309367 -0.00411692 0.00241196
internal_weight=51918.7 41871.4 10047.2 9873.4 8801.68 1071.71 8706.55 864.653 2015.7 7841.9 4741.59 2435.73 3100.31 2305.86
internal_count=236641 191565 45076 44337 39361 4976 38932 3722 8873 35210 20859 11005 14351 9854
is_linear=0
shrinkage=0.03


Tree=239
num_leaves=15
num_cat=1
split_feature=25 46 16 32 38 34 36 32 32 1 38 41 39 39
split_gain=20.7536 27.8094 19.83 17.1635 33.7614 25.0609 41.4491 34.5148 37.0936 30.7242 39.0309 57.2302 52.8233 46.6518
threshold=-1.8447323830579065 0 0.5174687655047131 -0.2235382534620465 -2.6119452810248469 -0.44035565091588397 1.1097986753497275 0.72563243439446545 0.80060948687968458 0.013390252347069437 -0.1719380628677514 0.35000000000000003 -1.7323926026804164 -0.49455938032327246
decision_type=8 1 10 8 8 8 8 8 8 10 10 2 10 10
left_child=1 2 -1 -2 -5 6 -6 9 -9 10 12 -12 -7 -14
right_child=3 -3 -4 4 5 7 -8 8 -10 -11 11 -13 13 -15
leaf_value=0.0041723371173774549 0.00073966162649428306 0.0012125870940948851 0.019655459531389662 -0.015508165056395132 0.0019318578313926983 0.017090925632382889 -0.017799254186107206 0.0068324293723709363 0.00024891310374961255 -0.0030511259230559121 0.005570690460437705 -0.00057967759510278835 -0.0079775757715829284 -0.0011172715458330758
leaf_weight=158.43220636248589 18281.035676047206 909.00269398093224 143.04078866541386 122.74452318996191 5088.751669421792 104.62536779046059 87.719906866550446 859.30016477406025 6766.9062529504299 6562.4438813403249 1661.4573491737247 7338.7164430245757 1387.1995836049318 2478.938609406352
leaf_count=737 83094 4280 634 648 23104 471 386 3900 30185 30436 7493 33212 6749 11514
internal_value=9.7667e-05 0.00396349 0.0115432 4.67917e-06 -0.000409369 -0.000347278 0.00156382 -0.000711965 0.000998702 -0.00138001 -0.000532839 0.00056062 -0.00300647 -0.00359303
internal_weight=51950.3 1210.48 301.473 50739.8 32458.8 32336.1 5176.47 27159.6 7626.21 19533.4 12970.9 9000.17 3970.76 3866.14
internal_count=236843 5651 1371 231192 148098 147450 23490 123960 34085 89875 59439 40705 18734 18263
cat_boundaries=0 1
cat_threshold=3
is_linear=0
shrinkage=0.03


Tree=240
num_leaves=15
num_cat=0
split_feature=17 16 41 39 11 43 1 11 12 45 2 30 45 39
split_gain=24.1177 25.361 33.8392 64.6597 31.2849 40.9126 32.1862 29.9715 43.0931 31.7011 34.1754 30.6186 30.0404 42.7994
threshold=2.7400860427174862 0.88573297651830984 0.35000000000000003 0.38278905919565837 2.2461601617586591 0.89444444444444449 0.0056753136967946172 2.8135121707842776 0.017551189285290685 1.3038259658910809 1.2575431256860641 2.5000000000000004 1.3925682664984527 1.5512390769961939
decision_type=2 8 2 10 10 10 10 10 2 10 10 2 10 10
left_child=1 7 3 -3 6 -6 -4 9 -9 -1 12 -12 -11 -14
right_child=-2 2 4 -5 5 -7 -8 8 -10 10 11 -13 13 -15
leaf_value=0.00027252529469539078 0.0039758933057381903 -0.0054414077773319042 0.0078507635469295834 0.009890312504595565 -0.017035480241007643 0.0039119934588280553 -0.0033827449576412372 -0.0037976900911545959 0.021802861745651669 -0.0065528065429111227 0.0099498779019745378 -0.00228573181525801 -0.0021774068205551835 0.016506311989820631
leaf_weight=41303.380232557654 1301.4983145445585 457.27217870950699 238.47129701077938 517.94325831532478 293.4020868986845 111.50876109302044 3096.5144709795713 100.53681492805481 125.43844099342823 1665.6376885771751 338.64552541077137 383.59155134856701 1858.7721929103136 107.30709125101566
leaf_count=188606 5628 2019 1023 2270 1371 502 13908 465 559 7833 1515 1729 8685 482
internal_value=-4.06337e-05 -0.000144713 -0.00223745 0.00271911 -0.00353373 -0.0113115 -0.00255841 7.07846e-05 0.0107349 1.5665e-05 -0.00241606 0.00350888 -0.00360075 -0.00107929
internal_weight=51899.9 50598.4 4715.11 975.215 3739.9 404.911 3334.99 45883.3 225.975 45657.3 4353.95 722.237 3631.72 1966.08
internal_count=236595 230967 21093 4289 16804 1873 14931 209874 1024 208850 20244 3244 17000 9167
is_linear=0
shrinkage=0.03


Tree=241
num_leaves=15
num_cat=0
split_feature=24 16 8 19 9 13 16 2 45 17 23 15 18 39
split_gain=17.9244 33.5217 36.6241 35.8767 35.1989 57.278 36.6585 30.7224 30.2068 34.9428 28.285 27.345 50.6624 46.4015
threshold=-0.0097083080522744874 0.20761229392304489 -1.2569967044595571 -6.277558930922158 -0.47446954769211575 57.299249459712165 0.45128148430735571 1.2229693444942689 0.80853275299251892 -0.67787734298269564 0.024058737019505342 0.20194554574858289 -0.4066679483316753 -0.95627574842858531
decision_type=10 8 10 2 10 10 10 10 10 2 10 10 2 10
left_child=10 2 3 -2 5 6 -3 11 9 -8 -1 13 -13 -4
right_child=1 4 7 -5 -6 -7 8 -9 -10 -11 -12 12 -14 -15
leaf_value=-0.00067034626268126015 0.0026016625431149855 -0.0030278603121924688 0.0042666994829236096 -0.0065730115543953822 0.00045144171873895053 -0.011671776710935871 0.020367206316415341 0.0085631760890786546 2.9952192182914321e-05 0.0027377726430845768 -0.0098322412111628062 0.0074003530713046238 -0.0012169604427096563 -0.0060585296407510425
leaf_weight=15326.408797077835 795.67508677393198 3533.3683548718691 800.03414825350046 723.5830639526248 23640.852819040418 506.9959744811058 146.58858960866928 886.2744505405426 1471.043728441 296.79110018908978 299.4772954583168 1684.1451580375433 959.14005544781685 748.72169990837574
leaf_count=70699 3701 16561 3635 3455 106254 2337 667 3953 6840 1331 1377 7632 4307 3457
internal_value=-3.27239e-06 0.000363337 0.00229532 -0.0017824 -6.79785e-05 -0.00212741 -0.00121941 0.00351634 0.00211677 0.00888702 -0.000852114 0.00243151 0.00428068 -0.000731715
internal_weight=51819.1 36193.2 6597.57 1519.26 29595.6 5954.79 5447.79 5078.32 1914.42 443.38 15625.9 4192.04 2643.29 1548.76
internal_count=236206 164130 30140 7156 133990 27736 25399 22984 8838 1998 72076 19031 11939 7092
is_linear=0
shrinkage=0.03


Tree=242
num_leaves=15
num_cat=0
split_feature=11 1 7 44 44 37 40 1 34 40 11 7 30 30
split_gain=19.7404 45.2051 31.049 18.0738 21.3642 26.4874 54.8314 42.1134 28.6511 26.067 57.7809 70.774 49.6075 33.9931
threshold=2.8135121707842776 0.010037752098188335 0.049854448515456749 -0.13749750835241922 -0.042398014003322812 -1.9153160777630476 -0.72275713693377475 0.013125409478723302 -0.63350805315122383 -1.6823852431989177 -0.98397719212591905 -0.36264970934073754 3.5000000000000004 4.5000000000000009
decision_type=10 10 10 8 8 8 10 10 10 8 8 10 2 2
left_child=3 -2 -3 -1 -5 6 7 -6 -8 10 12 13 -7 -12
right_child=1 2 -4 4 5 9 8 -9 -10 -11 11 -13 -14 -15
leaf_value=0.0085648637915755124 -0.0051769789409380415 0.00024706862261538408 0.022201927556378492 -0.0020663901824477158 -0.0056240299830960334 -0.022453180209875152 -0.0059242820836235112 0.0066009726800012819 -0.025307386496787859 0.00041564204086115986 0.015559817060204496 -0.010785572618793234 0.00026201812477307608 -0.0041988020200874401
leaf_weight=213.1367471665144 170.40319450199604 89.359941929578781 156.25719594955444 4099.190053075552 625.89306320250034 220.04731316864491 149.94653335213661 411.95944774150848 130.58689545094967 44835.881885185838 248.12184534966946 252.26833075284958 138.32945679873228 107.36783710122108
leaf_count=905 779 406 690 18515 3196 1092 810 1852 731 203655 1163 1348 678 534
internal_value=9.86064e-05 0.00652982 0.0145365 4.53274e-05 8.21071e-06 0.000189089 -0.00398709 -0.000754819 -0.0155075 0.000310142 -0.00453997 0.00112473 -0.0139163 0.00964056
internal_weight=51848.7 416.02 245.617 51432.7 51219.6 47120.4 1318.39 1037.85 280.533 45802 966.135 607.758 358.377 355.49
internal_count=236354 1875 1096 234479 233574 215059 6589 5048 1541 208470 4815 3045 1770 1697
is_linear=0
shrinkage=0.03


Tree=243
num_leaves=15
num_cat=1
split_feature=20 12 30 39 40 46 38 12 10 16 19 12 16 38
split_gain=20.2953 30.7656 25.6144 25.0445 43.1456 37.5643 34.4532 27.219 30.6146 33.5212 26.8989 25.6317 57.0696 49.0223
threshold=-1.4284023069031835 0.014694179996799351 1.5000000000000002 -1.1924373062288918 -1.2203586521697785 0 0.22856875432631904 0.021160848407252325 -0.93567127549885709 0.16404525580806947 -5.3122206964208063 0.03294658031181457 0.27754738493479819 -1.4990529980008322
decision_type=8 2 2 8 10 1 10 2 8 10 2 2 8 10
left_child=1 -1 -3 5 7 6 -2 8 10 -10 -5 13 -13 -6
right_child=3 2 -4 4 11 -7 -8 -9 9 -11 -12 12 -14 -15
leaf_value=-0.015252741260942608 -0.0024133068681264649 0.012755408629640403 -0.005045190732566057 0.015123229357434591 -0.0070310255694470041 0.0045301787942709053 0.0094921020695059935 -0.009703281198707156 -0.021916759126533233 -0.0013136952532738905 -0.0040841583062640715 0.010249789012281418 0.00070647981257886377 -8.329262374558688e-05
leaf_weight=186.83810073882341 1755.4452346488833 87.790061861276627 274.29535141587257 141.99851535260677 925.25311927497387 2580.9183183684945 239.7921434789896 669.06788049638271 84.357906430959702 293.85545207560062 109.40972976386547 658.51059909164906 3617.7960306107998 40250.471591204405
leaf_count=980 8049 420 1391 674 4627 11774 1040 3121 412 1426 519 2837 16014 183204
internal_value=-2.0346e-05 -0.00570613 -0.000502498 4.15613e-05 -0.00016594 0.00215717 -0.000937611 -0.00553635 -0.00102588 -0.00635525 0.00692794 -1.1309e-05 0.00219654 -0.000241083
internal_weight=51875.8 548.924 362.085 51326.9 46750.7 4576.16 1995.24 1298.69 629.622 378.213 251.408 45452 4276.31 41175.7
internal_count=236488 2791 1811 233697 212834 20863 9089 6152 3031 1838 1193 206682 18851 187831
cat_boundaries=0 1
cat_threshold=291
is_linear=0
shrinkage=0.03


Tree=244
num_leaves=15
num_cat=2
split_feature=44 0 15 46 46 39 16 15 11 30 11 25 0 15
split_gain=19.6416 30.3062 79.796 29.0768 25.6984 28.0112 53.804 43.8846 45.352 33.3448 30.4575 28.25 26.8947 26.6398
threshold=-0.0081939217287266258 0.0030751061260331962 0.25162655141468676 0 1 1.2454100522136751 0.64996206515640875 0.38468558921993556 -1.3329086597079962 1.5000000000000002 -1.6316574510347974 -0.64883483162162958 0.002237087773179 0.6352610580099266
decision_type=8 10 8 1 1 10 8 8 10 2 10 10 10 8
left_child=4 2 -2 -4 5 6 7 10 -9 -8 -1 -12 -6 -7
right_child=1 -3 3 -5 12 13 9 8 -10 -11 11 -13 -14 -15
leaf_value=0.0078246112514933491 -0.018421927748875466 0.0006396426112039227 -0.013746728569373656 0.0018199831769082123 0.010210016255466128 0.011826356615288556 -0.013445253478052314 -0.007554391400314003 0.0065974064215615661 -0.002671779087497086 -0.0056973712444643261 0.00027643093451386796 -0.0017335697928267319 0.0019498767520257771
leaf_weight=325.13420115411282 264.42506980895996 29941.662604495883 103.05677381902933 862.25403801351786 162.17141216993332 337.25356175005436 343.97998160123825 223.8665531873703 1649.925554022193 986.26092800498009 1048.5248686596751 2176.5890316739678 12627.562085293233 859.42722499370575
leaf_count=1475 1316 135876 500 3959 735 1465 1586 1036 7553 4459 5036 10060 57725 3880
internal_value=-2.64233e-05 0.00044953 -0.00414716 -8.81161e-05 -0.00074161 0.00059733 -0.000153857 0.00117416 0.00487553 -0.00553717 -0.000787606 -0.00167733 -0.00157304 0.00480825
internal_weight=51912.1 31171.4 1229.74 965.311 20740.7 7950.96 6754.28 5424.04 1873.79 1330.24 3550.25 3225.11 12789.7 1196.68
internal_count=236661 141651 5775 4459 95010 36550 31205 25160 8589 6045 16571 15096 58460 5345
cat_boundaries=0 1 2
cat_threshold=608 408
is_linear=0
shrinkage=0.03


Tree=245
num_leaves=15
num_cat=0
split_feature=31 38 40 36 40 37 39 37 10 11 37 40 10 10
split_gain=19.1159 28.9682 21.4577 20.7413 51.9547 57.1942 38.4189 37.7426 41.9552 44.3685 32.8356 57.4515 61.3724 59.9439
threshold=2.8312508026343428 0.71279407225706803 0.7952034051746345 -0.28579423544681298 -1.6300809730482866 -1.615803495231223 -1.800661752700941 -1.0660773483132269 -0.16190879713495562 -1.2899203719992964 -0.14960318950031029 -0.63477151805630216 -1.88150926158445 -0.78561830848140002
decision_type=10 10 10 10 10 10 10 10 10 10 10 10 8 8
left_child=3 -2 -3 -1 5 -5 -6 8 9 -8 -9 13 -13 -12
right_child=1 2 -4 4 6 -7 7 10 -10 -11 11 12 -14 -15
leaf_value=0.0009089272723027934 -0.0020830830955468099 0.023396144927523437 0.0049137987749930624 0.0080370712382586626 0.016689439135704184 -0.015161663875936789 0.0045539187033213097 0.0015930084128365025 0.0016679061612837856 -0.011416913221502348 0.0011375211748339679 -0.01798230354826582 1.7562071431647336e-05 -0.0086095544754254613
leaf_weight=17137.081403017044 197.4342380464077 97.167542353272438 134.42320941388607 118.28589501976967 110.45173478126526 394.22928956896067 187.01242409646511 8082.0376732051373 574.52215559780598 822.77360709756613 900.28406500816345 161.84405468404293 21498.46230109036 1518.1436774581671
leaf_count=77727 849 405 564 561 458 2207 877 37005 2713 4007 4097 750 97378 7197
internal_value=0.000109817 0.00634331 0.0133158 5.66722e-05 -0.000368432 -0.00975617 -0.000223479 -0.000283765 -0.00478929 -0.00844346 -6.03934e-05 -0.000615789 -0.000125168 -0.00499136
internal_weight=51934.2 429.025 231.591 51505.1 34368 512.515 33855.5 33745.1 1584.31 1009.79 32160.8 24078.7 21660.3 2418.43
internal_count=236795 1818 969 234977 157250 2768 154482 154024 7597 4884 146427 109422 98128 11294
is_linear=0
shrinkage=0.03


Tree=246
num_leaves=15
num_cat=1
split_feature=14 8 12 16 45 12 18 1 16 43 29 0 46 16
split_gain=21.5 47.4792 37.6448 36.3427 31.7121 33.0022 33.2761 30.744 31.7667 32.0416 31.2898 29.6353 29.1354 28.6659
threshold=0.25311203319502013 -1.5420378328674134 0.027737405706859918 0.53520828464844006 1.2188667377421136 0.013813642541581033 -2.3901987879456921 0.025388152101589317 0.13085399719644045 0.31666666666666671 15.000000000000002 0.0040172599885251459 0 0.20465004314719751
decision_type=8 8 2 10 8 2 2 8 10 10 2 10 1 8
left_child=2 -2 4 7 11 12 -7 8 10 -10 -4 -1 -6 -3
right_child=1 13 3 -5 5 6 -8 -9 9 -11 -12 -13 -14 -15
leaf_value=-0.0073118949191012207 -0.0078226501345684367 0.0025316741206356584 0.0023072136596290304 -0.0044381925701247335 0.014025183393675483 -0.001575809609470627 -0.012152689069161371 0.01183083180396682 0.016691708072883712 0.0015679668146917666 -0.012554382783906597 -0.00063147173612112997 -0.0076471307728747245 0.00018600226575103758
leaf_weight=643.01598250865936 616.25387196987867 5408.6995926052332 367.13363273441792 484.97218559682369 109.37740334868431 435.37486741691828 699.27534833550453 410.76636479794979 197.09514005482197 328.30112507939339 183.4088486880064 7083.1235637813807 82.752125576138496 34831.535133913159
leaf_count=3110 3005 24550 1624 2136 541 2175 3396 1754 888 1482 818 33237 414 157414
internal_value=5.71184e-05 0.00037439 -0.00111795 0.00262931 -0.00193608 -0.00620345 -0.00814347 0.00494903 0.00223697 0.00744723 -0.00277945 -0.00119619 0.00508972 0.000501835
internal_weight=51881.1 40856.5 11024.6 1971.68 9052.92 1326.78 1134.65 1486.71 1075.94 525.396 550.542 7726.14 192.13 40240.2
internal_count=236544 184969 51575 8702 42873 6526 5571 6566 4812 2370 2442 36347 955 181964
cat_boundaries=0 1
cat_threshold=464
is_linear=0
shrinkage=0.03


Tree=247
num_leaves=15
num_cat=0
split_feature=20 14 9 8 11 10 8 11 45 39 0 39 45 1
split_gain=23.017 29.6085 27.0449 54.5275 54.3464 45.7452 41.2041 50.479 54.3502 53.715 48.3661 45.763 44.2258 44.9818
threshold=1.1683926617689442 0.51345940873677665 0.050225439566731887 0.79271119616527097 -1.803521712062264 -0.8087283638101801 -1.3841678147333714 -0.61532360625239468 1.4995954124146522 -1.800661752700941 0.0042393994762124935 -0.47301799780625736 0.86845396141269393 0.013524550090079383
decision_type=8 8 10 10 8 8 10 10 10 10 10 10 10 10
left_child=2 -2 3 5 -4 6 11 8 10 -9 -8 -1 13 -12
right_child=1 -3 4 -5 -6 -7 7 9 -10 -11 12 -13 -14 -15
leaf_value=-0.0041388813730105136 0.0089778623306260939 -0.0025456362742633208 -0.0093769405907182905 -0.0068020219576088751 0.0013088957561873072 -0.0010001223157507352 -0.0051742703382972374 0.019099458030381388 -0.015278705823355256 -0.0015866631883205561 0.015761885706781831 0.010181739164870798 0.0042493464147707917 0.0020841311439259991
leaf_weight=1598.1800238415599 201.10370460152626 4177.9278000891209 427.65456201136112 1121.6964483708143 20362.009317830205 16682.792439103127 367.70594352483749 108.35727892816067 111.11607159674168 2478.7579818367958 689.76102362573147 219.84443598985672 3031.0382624790072 318.18010647594929
leaf_count=7659 889 18682 1975 5141 91463 77500 1770 468 498 11480 3062 1032 13611 1411
internal_value=8.1486e-05 -0.00199718 0.000273429 -0.000357763 0.00108468 -7.29179e-05 0.00165981 0.00269052 0.00460071 -0.000650052 0.00513543 -0.00236094 0.00608448 0.0115071
internal_weight=51896.1 4379.03 47517.1 26727.4 20789.7 25605.7 8922.94 7104.92 4517.8 2587.12 4406.69 1818.02 4038.98 1007.94
internal_count=236641 19571 217070 123632 93438 118491 40991 32300 20352 11948 19854 8691 18084 4473
is_linear=0
shrinkage=0.03


Tree=248
num_leaves=15
num_cat=0
split_feature=23 2 1 10 27 31 40 40 14 34 19 41 17 40
split_gain=18.0551 18.4262 21.4327 17.6325 16.3571 22.9798 26.6295 44.2065 66.3199 36.0994 36.0645 35.6716 33.1674 32.5188
threshold=0.11521820429976444 2.2222458024288096 0.025955189839492087 0.15036124011800586 0.14159292035398216 -0.59371177301294964 0.46665899233000291 -0.58212004591178201 0.7237806950083161 -1.8671218978972182 1.1344403454293761 0.95000000000000007 2.2886141924938328 1.7656185244833711
decision_type=10 8 8 8 10 10 10 10 10 10 2 2 2 10
left_child=1 4 -3 -2 -1 -6 7 8 -7 -9 13 -12 -13 -8
right_child=3 2 -4 -5 5 6 10 9 -10 -11 11 12 -14 -15
leaf_value=-0.00092319176894059085 -0.00013991784404913599 0.014112167467674621 -0.0035065891621179168 -0.017327921471220236 0.0020355122376943639 -6.113002759565015e-05 -0.0049584913567292197 -0.011758561179300632 -0.0079643147744730136 0.0017394949064976203 0.0012183437698496506 -0.0054989828988561331 0.0032043225631903059 0.0063545281000226654
leaf_weight=16317.723046913743 106.78676533699036 161.349504083395 92.243544399738312 98.420874357223511 5343.8506897985935 5367.1716313734651 2828.6300428062677 170.95417019724846 1152.6566340625286 12898.601334236562 4992.9880958944559 1622.775943428278 512.10595561563969 240.22698725759983
leaf_count=74509 498 726 384 434 24064 25049 13223 799 5368 58628 22316 7425 2238 1026
internal_value=-0.000134226 -9.81118e-05 0.00781351 -0.00880568 -0.00013862 0.000225969 -9.92507e-05 0.000547885 -0.00146841 0.00155408 -0.00134181 -0.000169554 -0.00340607 -0.00405516
internal_weight=51906.5 51701.3 253.593 205.208 51447.7 35130 29786.1 19589.4 6519.83 13069.6 10196.7 7127.87 2134.88 3068.86
internal_count=236687 235755 1110 932 234645 160136 136072 89844 30417 59427 46228 31979 9663 14249
is_linear=0
shrinkage=0.03


Tree=249
num_leaves=15
num_cat=2
split_feature=45 46 10 45 19 42 43 9 40 20 18 30 45 46
split_gain=19.9422 53.9279 71.8739 63.0899 43.8455 41.5782 39.3417 38.6598 35.9627 38.8493 35.0185 33.1871 32.2185 48.7514
threshold=0.77404030145805491 0 -1.0166569648988821 0.65649355127391462 1.3350570003751618 0.81666666666666676 0.41428571428571431 -1.4490749188501577 1.0700845643146468 -0.53160691808685268 -1.5338540754389494 5.5000000000000009 0.89884902223015117 1
decision_type=8 1 8 10 2 10 10 10 10 10 2 2 10 1
left_child=1 5 -3 8 -5 7 -6 -1 9 -4 11 -9 -2 -14
right_child=12 2 3 4 6 -7 -8 10 -10 -11 -12 -13 13 -15
leaf_value=-0.012756293852866359 -0.0019404635923238817 0.018490895239730791 0.006329189376663668 0.0021031636910547736 0.0032628289627185322 0.0038274037747053832 0.017654113726925831 0.0069983265154050242 0.0070683728881811118 -0.010889865955482433 -0.0018186117918076925 -0.010647639962155448 -0.001111250114605363 0.0011948617809754889
leaf_weight=245.16359173506498 8181.0538898780942 297.23036782443523 146.09275434911251 902.85294817388058 287.72983384132385 1838.7953393608332 431.66874253749847 741.99804668873549 210.46002979576588 500.38945117592812 4723.8889264166355 100.90324316173792 14952.705775082111 18356.37366501987
leaf_count=1194 37116 1332 682 4159 1262 8172 1888 3444 911 2251 20948 492 69389 83522
internal_value=3.99788e-05 0.00121217 0.00477671 0.00308403 0.00654837 -9.20499e-05 0.0120218 -0.0013367 -0.00347409 -0.00696155 -0.0008118 0.00478586 -0.000254834 0.000159632
internal_weight=51917.3 10427.2 2776.42 2479.19 1622.25 7650.75 719.399 5811.95 856.942 646.482 5566.79 842.901 41490.1 33309.1
internal_count=236762 46735 12485 11153 7309 34250 3150 26078 3844 2933 24884 3936 190027 152911
cat_boundaries=0 1 2
cat_threshold=525 624
is_linear=0
shrinkage=0.03


Tree=250
num_leaves=15
num_cat=0
split_feature=20 12 30 44 16 41 13 12 45 18 45 0 37 38
split_gain=20.6212 26.0645 28.7675 18.5146 27.2081 39.1363 37.1536 29.7379 27.2984 50.42 49.02 29.9864 36.6025 29.0362
threshold=-1.4284023069031835 0.015129195690229445 1.5000000000000002 0.017902225684108184 0.87816140412087396 0.65000000000000002 53.232769813532911 0.0071330994833182929 1.2227003229789559 0.95540535148482675 1.2396721198242324 0.0074974737022014864 0.49499081958055585 -2.169503787928889
decision_type=8 2 2 8 10 2 10 2 8 2 10 10 8 10
left_child=1 -1 -3 4 8 6 -6 -7 -2 10 11 -10 -13 -12
right_child=3 2 -4 -5 5 7 -8 -9 9 -11 13 12 -14 -15
leaf_value=-0.0139024936475135 0.00046321270300745608 0.013302875671454484 -0.0055623237358016124 0.0012496758189498075 -0.0084399157138490225 0.0093861994424881637 0.0062986579872547936 -0.0058609750289505833 0.0019589861817914749 0.0047962814436312423 0.012108977903048197 -0.016614398146271171 0.0033615043093288117 -0.0020948029886933583
leaf_weight=201.86681091040373 30828.569989256561 88.991531327366829 264.53898877650499 11325.489172585309 194.7369631677866 113.23920248448849 615.75271409749985 2025.1206220835447 144.60693590342999 905.22790609300137 123.52201427519321 467.10994450747967 96.176438271999359 4487.2274694368243
leaf_count=1071 140527 427 1349 50802 880 490 2714 9162 702 4162 574 2195 437 21110
internal_value=0.0001167 -0.00558135 -0.000578226 0.000179433 -0.00012382 -0.00289221 0.00269771 -0.00501361 9.72253e-05 -0.00171345 -0.00282832 -0.0101228 -0.0132045 -0.0016889
internal_weight=51882.2 555.397 353.531 51326.8 40001.3 2948.85 810.49 2138.36 37052.4 6223.87 5318.64 707.893 563.286 4610.75
internal_count=236602 2847 1776 233755 182953 13246 3594 9652 169707 29180 25018 3334 2632 21684
is_linear=0
shrinkage=0.03


Tree=251
num_leaves=15
num_cat=0
split_feature=19 8 40 10 40 31 14 10 9 37 39 2 20 5
split_gain=20.9715 31.1119 33.6017 34.0415 29.272 25.4976 24.9619 24.8055 23.5016 21.9617 20.7015 19.4222 21.2115 19.4082
threshold=7.4684236787910816 1.3374005085593672 0.18564548181314022 -0.44542005190081957 1.3064938115168161 0.81417461880231523 0.63182269776427991 0.87342672723969617 -0.19459458036158864 -0.168120860542564 0.42669289308347552 0.28852613050602888 -0.19200573333546597 1.4886235078829204
decision_type=2 10 10 10 10 8 10 8 10 10 8 8 10 10
left_child=1 5 -3 -4 -5 11 -6 8 -7 -2 -9 12 -1 -11
right_child=9 2 3 4 6 7 -8 10 -10 13 -12 -13 -14 -15
leaf_value=-0.013796176186521994 0.016860504655201645 -0.0085647035034879491 -0.017768084614988935 0.0016949541216318372 0.0065587887459385387 0.00073897238745927426 -0.005960321696523419 -0.0081687671274370804 0.0045381424354001085 0.0003029293134770294 0.0002689424927311265 -0.00011199834115506997 0.0012429218638447496 0.0082359964435841371
leaf_weight=184.57988468557596 93.900880068540573 702.72632974386215 99.527682289481163 1796.0633967369795 157.03305861353874 2977.3374423980713 1062.0449590682983 338.96952818334103 2884.6983117163181 997.58080106973648 1044.0160458534956 39037.722079701722 146.36776286363602 374.97902527451515
leaf_count=986 406 3132 459 7983 697 13550 4735 1515 12747 4461 4642 178986 715 1629
internal_value=1.65272e-05 -8.66326e-05 -0.00268679 -0.00133745 -0.000738149 0.000126836 -0.00430746 0.00176112 0.00261308 0.00354072 -0.00184293 -0.000174292 -0.00730348 0.00251411
internal_weight=51897.5 50431.1 3817.4 3114.67 3015.14 46613.7 1219.08 7245.02 5862.04 1466.46 1382.99 39368.7 330.948 1372.56
internal_count=236643 230147 17006 13874 13415 213141 5432 32454 26297 6496 6157 180687 1701 6090
is_linear=0
shrinkage=0.03


Tree=252
num_leaves=15
num_cat=2
split_feature=45 46 1 39 40 16 45 16 10 10 0 46 45 11
split_gain=18.9194 43.7123 73.8825 100.808 50.1933 71.5571 50.9198 40.823 38.9002 60.1795 37.4781 44.7421 36.4125 30.7307
threshold=1.3038259658910809 0 0.014650843132336095 -0.33329110198110118 -0.130010295756914 0.61639411719178139 1.5925947518668477 0.43618889987628534 1.535301108677998 0.69989552160954183 0.023869703338367333 1 1.5925947518668477 -2.5094649709315919
decision_type=8 1 10 10 10 10 8 8 10 8 10 1 10 10
left_child=-1 2 3 -2 5 7 -6 -4 9 13 11 -10 -11 -3
right_child=1 8 4 -5 6 -7 -8 -9 10 12 -12 -13 -14 -15
leaf_value=0.00032948111888101485 -0.0078914481599545207 0.013200808994605 0.0025635771550285955 0.027973649416823249 -0.015713741847633647 -0.013803478412800376 0.0080999104503724495 0.028143884722809973 -0.0036944897618572978 -0.012615553558793402 -0.0078516552234641108 0.021909008534752986 0.002409996923881007 -0.002193138556874153
leaf_weight=46737.095531873405 100.26118090748787 111.99294006824493 106.77861455082893 201.7765978127718 262.88077689707279 92.847606584429741 107.50031304359436 113.79354651272297 94.7977644354105 834.80818976461887 105.71180367469788 148.15153878927231 171.77400662004948 2740.5434745252132
leaf_count=212749 483 507 475 903 1224 429 489 503 458 3844 481 680 791 12779
internal_value=0.000138498 -0.00157748 0.00405786 0.0161969 -0.00140168 0.00730861 -0.00877077 0.0164088 -0.00290701 -0.00378421 0.00655601 0.0128876 -0.0100529 -0.00154476
internal_weight=51930.7 5193.62 985.839 302.038 683.801 313.42 370.381 220.572 4207.78 3859.12 348.661 242.949 1006.58 2852.54
internal_count=236795 24046 4506 1386 3120 1407 1713 978 19540 17921 1619 1138 4635 13286
cat_boundaries=0 1 2
cat_threshold=770 80
is_linear=0
shrinkage=0.03


Tree=253
num_leaves=15
num_cat=0
split_feature=39 35 39 36 40 45 40 38 40 10 37 40 1 19
split_gain=15.8659 59.3372 53.0077 96.1274 54.2518 68.1909 50.6992 92.3395 124.988 71.6031 69.1267 65.1335 53.8245 78.1047
threshold=-0.50697222414922305 1.3525113106954256 -1.0357267802456829 -1.2241245364950537 -0.33772784196784383 1.3801405940462932 -0.19855484225155315 -0.89447341339668018 -0.63477151805630216 -0.63566684494820458 -0.667664221204605 -0.41049228218054007 0.0090990935003775579 1.6395720616436502
decision_type=8 10 10 10 10 8 10 8 8 10 8 10 10 2
left_child=1 2 4 -4 5 -1 7 11 9 -9 -10 -2 -12 -14
right_child=6 -3 3 -5 -6 -7 -8 8 10 -11 12 -13 13 -15
leaf_value=2.3733969529603747e-05 0.013391881259742191 -0.011372039023079988 -0.011606992205401567 -0.00098836316364722828 0.012950196227246294 0.013765787687399422 -0.0002306947220292859 0.0053900094856010831 -0.0083994250867424104 -0.010715394436987068 -0.00058865662487507856 -0.00065134178019440815 0.010473355354467539 -5.1686578459041836e-05
leaf_weight=5703.6878585591912 1019.1515006870031 458.68730563670397 864.0254168510437 6303.3997287601233 340.45297913253307 334.6252543181181 30714.917694106698 316.71089093387127 403.80251026153564 1060.5915757715702 1289.0825206339359 416.70048493146896 1815.9284391999245 972.39346447587013
leaf_count=26363 4558 2087 4302 29376 1530 1518 139025 1458 1836 4927 5768 1907 8193 4335
internal_value=-1.45845e-05 -0.000877395 -0.00051391 -0.00228282 0.00147416 0.000806778 0.000303473 0.00254997 0.00087272 -0.0069998 0.00330254 0.00934006 0.00447915 0.00681581
internal_weight=52014.2 14004.9 13546.2 7167.43 6378.77 6038.31 38009.3 7294.36 5858.51 1377.3 4481.21 1435.85 4077.4 2788.32
internal_count=237183 65176 63089 33678 29411 27881 172007 32982 26517 6385 20132 6465 18296 12528
is_linear=0
shrinkage=0.03


Tree=254
num_leaves=15
num_cat=1
split_feature=39 40 45 15 30 0 10 43 0 46 11 39 11 20
split_gain=18.7816 34.5191 32.51 26.229 24.9759 24.0206 22.7164 20.0731 23.6315 40.9109 32.9715 28.6125 27.4111 38.9087
threshold=2.1324168955337464 1.2044723062420994 0.92346522797435149 0.79373615306810186 3.5000000000000004 0.017395781677371224 1.3352194654046028 0.95000000000000007 0.0074974737022014864 0 1.0583666666112508 0.24012823115556312 -0.99848326935699672 -0.3714492625705722
decision_type=10 10 8 10 2 10 10 10 10 1 8 8 8 10
left_child=7 -2 3 -3 5 -4 -5 -1 9 -9 -11 -12 13 -10
right_child=1 2 4 6 -6 -7 -8 8 12 10 11 -13 -14 -15
leaf_value=-0.00014104234814150339 -0.015240209754424765 0.016480309348756158 -0.018207934328901221 0.0091358499857787951 0.00097851705757207421 -0.0013311217919421458 -0.0065167878619368418 0.017282114582407641 0.021340147192689691 0.00020460822219207911 0.0031432702626710942 0.02481565397790934 0.00011623278323384556 0.00022960009558030119
leaf_weight=44586.598247341812 186.09879042208195 112.32738082110882 187.10620358586311 135.32426784932613 246.48887453973293 126.16707669198513 185.98302982747555 194.8987048715353 126.42669342458248 875.40903788805008 125.38181804120541 92.344511061906815 4499.3363993316889 185.82228027284145
leaf_count=203678 903 509 944 617 1163 598 865 882 560 3933 556 405 20079 835
internal_value=-7.52726e-06 -0.00373376 -0.00144778 0.00465805 -0.00617657 -0.0116624 0.000152369 7.99035e-05 0.00169255 0.00528519 0.00282665 0.0130213 0.00072185 0.00917404
internal_weight=51865.7 1179.5 993.397 433.635 559.762 313.273 321.307 50686.2 6099.62 1288.03 1093.14 217.726 4811.59 312.249
internal_count=236527 5599 4696 1991 2705 1542 1482 230928 27250 5776 4894 961 21474 1395
cat_boundaries=0 1
cat_threshold=448
is_linear=0
shrinkage=0.03


Tree=255
num_leaves=15
num_cat=0
split_feature=27 37 31 30 35 29 0 37 30 15 1 30 45 15
split_gain=17.0676 33.7735 31.1992 27.8944 35.6011 32.9123 26.7456 23.5518 74.9885 48.0218 43.4562 49.4784 42.4807 39.7679
threshold=0.096681254117309531 0.40025303896032116 -1.998650575875869 3.5000000000000004 0.23258909677183692 13.000000000000002 0.0093273886101887752 -0.23722256306352579 1.5000000000000002 0.4145702987367062 0.017790030453589817 5.5000000000000009 1.1905486987074889 0.44803353554127839
decision_type=10 10 10 2 10 2 8 10 2 8 10 2 8 10
left_child=1 -1 -3 5 6 -4 -5 8 13 10 11 12 -10 -2
right_child=7 2 3 4 -6 -7 -8 -9 9 -11 -12 -13 -14 -15
leaf_value=-0.0021452120057804868 0.0065926589775084209 0.013865703596459769 -0.0049214218896403324 0.014934551819347207 -8.2593373991294382e-05 0.0028046403113430878 0.0030118675932907018 -0.00025132237736821741 -0.00018798188639051875 0.0027385093823869026 0.0038743838602218607 -0.0093834466256508941 -0.0077438405000294381 6.0900124347209392e-05
leaf_weight=7856.7650012969971 2886.6340951323509 159.54848985373974 1167.939126983285 321.86884813010693 993.69210531562567 848.84088419377804 358.82340008020401 26076.912358313799 3891.2515868321061 3454.8121973723173 1074.2436558753252 834.20997842401266 799.02134122699499 1181.187019854784
leaf_count=36270 13143 687 5316 1442 4414 3813 1593 118071 18299 15541 4776 4147 3915 5271
internal_value=-1.05356e-05 -0.00101806 0.00128131 0.000701365 0.00355279 -0.00167181 0.00878417 0.00028308 0.0012694 -0.000122293 -0.00162196 -0.00269581 -0.00148891 0.00470081
internal_weight=51905.8 11707.5 3850.71 3691.16 1674.38 2016.78 680.692 40198.3 14121.4 10053.5 6598.73 5524.48 4690.27 4067.82
internal_count=236698 53535 17265 16578 7449 9129 3035 183163 65092 46678 31137 26361 22214 18414
is_linear=0
shrinkage=0.03


Tree=256
num_leaves=15
num_cat=0
split_feature=27 40 35 40 39 39 19 9 16 40 12 24 44 1
split_gain=17.0519 22.6553 38.5028 46.7886 35.5561 38.4525 44.6277 47.4669 37.53 40.6513 33.2443 30.6556 30.2955 29.5369
threshold=0.066879944386240661 0.46665899233000291 -1.0979416159164725 0.90621062324824175 0.45834371885149988 1.450990479986296 -1.0677154379326033 0.25742538793560898 0.33453833324588528 -0.41049228218054007 0.0087855578129051228 0.014806713584161581 0.040002832171514985 0.016035504000379994
decision_type=10 8 8 10 10 10 2 10 8 10 2 10 10 8
left_child=-1 4 3 -3 -2 6 7 10 -8 -10 -6 12 -4 -11
right_child=1 2 11 -5 5 -7 8 -9 9 13 -12 -13 -14 -15
leaf_value=-0.0012220748549566513 0.00031531616404304792 -0.0032052102012742672 -0.0024471099982177539 0.01157734668599421 -0.012375722774904533 -0.0062932943781185309 0.023370434135548603 -0.014536504519121796 0.016198074219094034 0.0060623435012061222 0.0071599301305582804 0.001384988103291908 0.0027321205807119405 -0.00088097821060843459
leaf_weight=8504.249589882791 24725.296950638294 314.91298104822636 9332.9503769874573 472.5292211920023 91.785551637411118 329.48881304264069 96.554124385118484 202.39484024047852 262.59530687332153 1827.7882750034332 334.95264787971973 3416.258010417223 1132.2092902958393 784.47219790518284
leaf_count=38938 113802 1454 42531 1985 422 1475 423 936 1123 7973 1521 15271 5073 3433
internal_value=5.31356e-06 0.000246468 -0.000712062 0.00569946 0.000737223 0.00338406 0.00428462 -0.00293728 0.00581843 0.00514997 0.00277092 -0.00107961 -0.0018847 0.00398183
internal_weight=51828.4 43324.2 14668.9 787.442 28655.3 3930.03 3600.54 629.133 2971.41 2874.86 426.738 13881.4 10465.2 2612.26
internal_count=236360 197422 66314 3439 131108 17306 15831 2879 12952 12529 1943 62875 47604 11406
is_linear=0
shrinkage=0.03


Tree=257
num_leaves=15
num_cat=1
split_feature=25 46 16 19 11 37 30 39 11 30 35 1 10 30
split_gain=23.3152 24.0949 20.9467 20.5167 27.2776 36.5604 32.4472 20.4349 19.9606 22.4581 30.2052 21.299 24.3383 25.186
threshold=-1.7984029733517717 0 0.51327091408168768 7.4684236787910816 1.6674663218609269 1.5556888531919275 1.5000000000000002 1.9611555039440209 -0.16008283912561164 1.0000000180025095e-35 0.83494825493442093 0.0065747691897111412 0.47657832760726299 3.5000000000000004
decision_type=8 1 10 2 8 10 2 10 8 2 10 10 10 2
left_child=1 2 -1 7 6 -6 -5 -2 -9 10 -10 -11 -13 -14
right_child=3 -3 -4 4 5 -7 -8 8 9 11 -12 12 13 -15
leaf_value=0.0033515986624169801 -5.2405781593658484e-05 0.001484490378733337 0.018089141804195834 -0.0037927389507551612 0.0035078980924674705 -0.011295932447547842 0.011322054528327782 -0.016026926875697414 0.018989234284772474 -0.016390392434152846 -0.0045007393477889306 0.011269226345532637 -0.0092831353215492539 0.00064410979341636085
leaf_weight=180.7360769957304 47514.427731603384 1060.2865318581462 167.62544110417366 162.54599118232727 541.40871341526508 196.34686374664307 524.03199619054794 99.965723738074303 84.461204394698143 107.32261310517788 96.59915679693222 90.219945698976517 450.3388037532568 457.2724826335907
leaf_count=838 216606 4993 741 736 2431 891 2253 460 413 474 465 405 2141 2116
internal_value=5.30769e-05 0.00384594 0.0104581 -5.38324e-05 0.00348268 -0.00053038 0.00774058 -0.000157532 -0.00373477 -0.00266314 0.00687726 -0.00427383 -0.00282092 -0.00432908
internal_weight=51733.6 1408.65 348.362 50324.9 1424.33 737.756 686.578 48900.6 1386.18 1286.21 181.06 1105.15 997.831 907.611
internal_count=235963 6572 1579 229391 6311 3322 2989 223080 6474 6014 878 5136 4662 4257
cat_boundaries=0 1
cat_threshold=3
is_linear=0
shrinkage=0.03


Tree=258
num_leaves=15
num_cat=0
split_feature=40 35 39 2 30 44 1 11 30 45 43 45 45 16
split_gain=19.0122 44.7422 38.1528 37.484 21.4477 21.0131 25.0969 56.2799 59.4936 52.6375 41.9449 30.9055 26.9908 52.3515
threshold=-2.0528654686053511 -0.46154755052033131 -2.1024491126318048 1.2648253913503875 3.5000000000000004 -0.13749750835241922 0.032867599984082202 -0.6261492787880627 3.5000000000000004 1.0907942881856818 0.89444444444444449 1.0885324552824291 1.2876578109884622 0.67545575279270775
decision_type=10 10 10 8 2 10 10 10 2 10 10 10 10 8
left_child=1 3 -2 4 -1 -4 -7 8 9 -8 -9 -12 -13 -14
right_child=2 -3 5 -5 -6 6 7 10 -10 -11 11 12 13 -15
leaf_value=-0.00088573522279245778 0.014017138309035861 -0.017906484863059319 0.008436396637981557 -0.0083709675033612034 0.017506727721820423 7.8713671802627081e-05 0.030870416633152948 -0.013731208745706691 -0.0075863092804374773 0.001249185222143654 -0.011882484485166919 0.015022480978529049 0.013755553423945893 -0.014921458227609498
leaf_weight=108.97946998476982 165.6616483181715 168.35351385176182 255.08534400165081 230.89812387526035 107.69871918857098 49499.928115777671 98.982944130897522 503.42386108636856 160.95415019989014 108.74927866458893 158.04034903645515 113.89854434132576 91.922007843852043 121.2223958671093
leaf_count=502 718 889 1084 1068 491 225830 424 2306 708 483 702 511 408 554
internal_value=-3.56457e-06 -0.00520042 5.98599e-05 -0.000134219 0.00862516 1.18894e-05 -3.20158e-05 -0.00404161 0.00585122 0.0161331 -0.00775301 -0.00139675 0.00387259 -0.00249182
internal_weight=51893.8 615.93 51277.9 447.576 216.678 51112.2 50857.1 1357.19 368.686 207.732 988.507 485.083 327.043 213.144
internal_count=236678 2950 233728 2061 993 233010 231926 6096 1615 907 4481 2175 1473 962
is_linear=0
shrinkage=0.03


Tree=259
num_leaves=15
num_cat=0
split_feature=40 39 11 1 40 37 11 12 39 38 39 11 40 11
split_gain=19.5086 17.0005 42.3232 36.091 30.1176 27.0249 25.6549 79.5193 38.4092 25.3403 21.0481 60.3307 55.0651 93.107
threshold=2.8855249337096849 2.1324168955337464 2.0889122416477606 0.019850056862785976 1.2227806619973349 1.5556888531919275 2.8135121707842776 0.01834286888908097 0.66903410602234581 0.12303769812608745 1.1672008633511177 1.5121175970145071 1.3745917832793058 0.54778063134138877
decision_type=10 10 10 10 10 10 10 2 10 10 8 8 10 10
left_child=1 6 3 4 -3 -5 10 8 -8 -6 -1 12 -12 -14
right_child=-2 2 -4 5 9 -7 7 -9 -10 -11 11 -13 13 -15
leaf_value=-0.00017806405776487052 -0.0092716234669383973 -0.017601664273128426 -0.022522887384858331 -0.0026437212127761313 0.011656532620313012 0.01964033585628892 0.0069058707062761198 0.021628394309299016 -0.017385071686445215 -0.004256305575566049 0.0058008907947317816 -0.0042931601000222308 -0.0058307828066349789 0.005926814327838351
leaf_weight=43661.061774611473 193.27135625481606 122.62179546058178 87.401504516601562 84.176759719848633 95.410911470651627 100.5086317807436 115.73916545510292 182.94502608478069 100.94756892323494 616.03073966503143 2911.3356537669897 1240.2332683950663 1283.2096336781979 1130.9826396107674
leaf_count=200174 864 601 437 405 447 474 534 795 461 2916 12632 5587 5658 4864
internal_value=4.04405e-06 4.04828e-05 -0.00362185 -0.0017971 -0.00446675 0.00986951 0.000121202 0.00759853 -0.00467823 -0.00199025 6.02072e-05 0.00164253 0.00303031 -0.000320945
internal_weight=51925.9 51732.6 1106.15 1018.75 834.063 184.685 50626.5 399.632 216.687 711.442 50226.8 6565.76 5325.53 2414.19
internal_count=236849 235985 5280 4843 3964 879 230705 1790 995 3363 228915 28741 23154 10522
is_linear=0
shrinkage=0.03


Tree=260
num_leaves=15
num_cat=0
split_feature=4 20 16 31 27 35 34 29 36 25 23 40 19 9
split_gain=18.7143 21.9353 32.7674 20.6053 27.8261 24.531 24.4345 31.1077 23.263 26.7594 19.5511 19.982 18.9845 21.1725
threshold=0.63084856923422861 1.061926939365138 0.70856794004239043 -0.66563570630578661 0.074418604651161277 0.99607738799727918 -2.5263033082991222 11.000000000000002 -0.29462575012190995 1.5624706693975259 -0.014450525754115566 -0.25729486320150802 -7.737598851682133 -0.58205002759857039
decision_type=10 10 10 8 10 10 8 2 10 10 8 10 2 10
left_child=3 12 -3 5 -5 8 7 -6 9 10 11 -1 -2 -14
right_child=1 2 -4 4 6 -7 -8 -9 -10 -11 -12 -13 13 -15
leaf_value=0.0037409066962756803 0.01165085007957258 -0.011661152509778488 -0.00019399597824167983 -0.0029998482123148301 0.0043946812860323585 0.0071399442111511257 -0.00023743175137045118 -0.017166640616446155 -0.0012452767589144081 -0.0022107378130818921 0.0048958682825742776 -0.0024358308777234659 -0.0011372146347423783 0.0021787617956633351
leaf_weight=952.97355476021767 156.05683989822865 265.58559495210648 1206.3446195423603 4014.7063740491867 88.613354787230492 529.07039120793343 26766.449036151171 157.77621646225452 3762.4207651466131 1134.6869485378265 2197.2696493268013 913.86114631593227 2246.3551333621144 7494.9145906865597
leaf_count=4384 687 1198 5345 18620 420 2327 123144 756 17177 5246 9766 4142 10262 33214
internal_value=3.31105e-06 0.00107833 -0.00232778 -0.000298529 -0.000672665 0.000924093 -0.000325812 -0.00954321 0.00054956 0.0018484 0.00298434 0.000720375 0.00158672 0.00141371
internal_weight=51887.1 11369.3 1471.93 40517.8 31027.5 9490.28 27012.8 246.39 8961.21 5198.79 4064.1 1866.83 9897.33 9741.27
internal_count=236688 50706 6543 185982 142940 43042 124320 1176 40715 23538 18292 8526 44163 43476
is_linear=0
shrinkage=0.03


Tree=261
num_leaves=15
num_cat=2
split_feature=23 45 46 1 9 2 46 16 1 45 1 9 18 16
split_gain=25.8681 18.7348 70.5438 51.703 69.3456 42.0743 50.3894 37.4793 36.531 31.7281 38.6324 34.0103 39.8559 47.1355
threshold=0.11521820429976444 1.1958183029678666 0 0.013056840633192889 -0.48515386670148758 0.70504066834798984 1 0.67120587161597312 0.032867599984082202 1.2396721198242324 0.031588984334311669 -1.1347316393968632 -0.92853625337177259 0.36086122200642595
decision_type=10 10 1 10 10 10 1 10 10 10 10 10 2 10
left_child=1 -1 8 4 -4 6 -6 -7 -3 10 -5 -11 -13 -14
right_child=-2 2 3 9 5 7 -8 -9 -10 11 -12 12 13 -15
leaf_value=0.00030524614892452767 -0.01034872934110169 -0.0087984030855701723 -0.0033976411473125466 -0.0078207338016934597 0.0011402614541022487 3.8028467471632722e-05 0.020710480477992451 0.0097206170148144613 0.0073240172134215742 0.0067886551716763418 0.011097201769966925 -0.0068428064275516875 0.0076585494240058085 -0.0017047184989726124
leaf_weight=41439.969899259508 207.36618418991566 1309.9742351546884 999.9569870904088 1077.3239376693964 200.62432099878788 957.79303689301014 309.28652507066727 566.3398290425539 132.37148909270763 483.70196951925755 97.953656390309334 962.7412303686142 591.80028206110001 2459.4564069807529
leaf_count=187998 944 6364 4821 5031 954 4377 1446 2528 594 2218 438 4521 2729 11293
internal_value=-2.12366e-05 2.22729e-05 -0.00113228 -0.000106823 0.00304828 0.00621828 0.0136009 0.00367581 -0.00722875 -0.00179681 -0.00616369 -0.000644568 -0.00155494 0.0001304
internal_weight=51796.7 51589.3 10149.3 8706.98 3034 2034.04 509.911 1524.13 1442.35 5672.98 1175.28 4497.7 4014 3051.26
internal_count=236256 235312 47314 40356 14126 9305 2400 6905 6958 26230 5469 20761 18543 14022
cat_boundaries=0 1 2
cat_threshold=531 40
is_linear=0
shrinkage=0.03


Tree=262
num_leaves=15
num_cat=0
split_feature=32 5 32 36 34 30 41 19 34 10 0 16 31 32
split_gain=18.7533 38.3601 40.7651 27.038 30.4725 33.1049 51.5776 40.1429 33.4016 61.4445 40.8644 37.1823 33.0492 32.4004
threshold=-0.43732740661758412 -0.20022856453904223 -0.4869486356101646 -2.4533527491768634 -0.44035565091588397 5.5000000000000009 0.65000000000000002 2.34614039353063 0.48350105818470579 -0.60231059077026694 0.0065646714114262197 0.47957637652115481 0.24988175679585342 0.73913447021133272
decision_type=10 8 8 10 10 2 2 2 10 10 10 10 10 10
left_child=1 -1 -3 -2 -5 -6 8 12 11 -10 -11 -7 -8 -14
right_child=3 2 -4 4 5 6 7 -9 9 10 -12 -13 13 -15
leaf_value=-0.00032429310240249178 -0.0093068263330003745 0.002025634143568419 0.010271450853864397 0.0016819680791786942 -0.00018932603475474424 -0.011066531464859551 0.0094301189203662341 -0.0039776322506219399 0.012750733076636331 0.0066531121404433931 -0.011543923550373295 -0.0029517959349221754 -0.0059371362740850749 0.0084461190232772484
leaf_weight=7856.0745216980577 287.17272907495499 4809.6742151230574 599.24313509464264 6304.9217049852014 27114.482879117131 1141.4562046825886 575.64435101300478 912.29487320780754 223.90818800032139 154.6796370446682 340.8917139172554 926.9998984336853 371.97101035714149 213.43818368017673
leaf_count=35833 1436 21491 2684 28594 123334 5726 2749 4183 1038 702 1583 4348 1750 984
internal_value=4.21024e-05 0.00101467 0.00295644 -0.000292579 -0.000222544 -0.00059848 -0.00287552 0.000707283 -0.00553301 3.76513e-05 -0.00584494 -0.00746153 0.00439098 -0.000639272
internal_weight=51832.9 13265 5408.92 38567.9 38280.7 31975.8 4861.28 2073.35 2787.94 719.48 495.571 2068.46 1161.05 585.409
internal_count=236435 60008 24175 176427 174991 146397 23063 9666 13397 3323 2285 10074 5483 2734
is_linear=0
shrinkage=0.03


Tree=263
num_leaves=15
num_cat=0
split_feature=39 11 40 12 30 3 40 37 36 0 11 12 0 39
split_gain=18.6656 65.58 41.6981 39.4926 35.3063 33.0535 30.9839 19.5193 23.1658 18.5646 18.0905 73.5568 22.1481 21.162
threshold=-1.8876272350736987 -0.98397719212591905 -1.9542331522320981 0.04056176425580172 2.5000000000000004 -0.53305179614288489 -2.1675646737775494 -2.4122823310216561 -0.74003928904801242 0.011067024874046595 2.8135121707842776 0.018250071081658305 0.01756457527690776 0.66903410602234581
decision_type=8 8 10 2 2 10 8 8 10 10 10 2 10 10
left_child=1 3 4 9 -3 -4 -2 8 -8 -1 -9 13 -13 -12
right_child=6 2 5 -5 -6 -7 7 10 -10 -11 11 12 -14 -15
leaf_value=0.00062128371394241488 -0.01460675430129588 0.014596517689903546 0.0047601108661961015 0.0097072832448613297 -0.0094506647397550169 0.02673168514541634 -0.0024327900727586444 -8.0649363589395997e-05 -0.020198033969886477 -0.015944337837651923 0.0033533822416655953 0.027697521876398169 0.0070890386833902842 -0.014771197661585442
leaf_weight=87.079847574234009 122.42990978062153 88.366575643420219 100.6943756788969 110.69827164709568 114.62068362534046 172.58019468188286 253.88979418575764 50125.853224553168 80.976880639791489 186.9243295788765 108.44426465034485 105.9576141834259 94.178878664970398 107.5660959482193
leaf_count=401 632 384 426 465 542 726 1287 228493 431 889 498 469 407 497
internal_value=-4.02674e-05 0.00431452 0.0116514 -0.00483367 0.00121163 0.0190896 -0.000114616 -7.68785e-05 -0.00718986 -0.0108432 -2.83384e-05 0.00612668 0.0187986 -0.00592629
internal_weight=51860.3 860.964 476.262 384.702 202.987 273.275 50999.3 50876.9 334.867 274.004 50542 416.147 200.136 216.01
internal_count=236547 3833 2078 1755 926 1152 232714 232082 1718 1290 230364 1871 876 995
is_linear=0
shrinkage=0.03


Tree=264
num_leaves=15
num_cat=0
split_feature=33 37 40 35 40 0 0 41 15 37 16 0 15 30
split_gain=18.3028 46.0022 26.2424 40.7147 63.2631 41.5688 29.9049 48.1635 33.018 23.9101 23.0253 21.3897 78.0755 51.7646
threshold=-1.911147746340637 0.11282324843370004 0.54374216055077251 -1.0979416159164725 0.82280941793215912 0.002237087773179 0.0030751061260331962 0.95000000000000007 0.22499999999999934 -0.69403538614036575 0.33453833324588528 0.0091590141598275315 0.71552345046922194 3.5000000000000004
decision_type=8 10 10 10 10 10 10 2 10 10 10 10 8 2
left_child=1 -1 6 4 -4 -5 7 8 10 -10 -2 12 -8 -14
right_child=2 -3 3 5 -6 -7 11 -9 9 -11 -12 -13 13 -15
leaf_value=-0.0044644228278862223 -0.020097218568619037 0.012047663880764115 -0.0078532785058047522 0.015762587639378291 0.011270223250691346 -0.0014248051143826775 0.00071416101436586337 0.011773471494864541 0.009885229785089919 -0.0046766564824029756 -0.0012134817808137541 3.8621283508806338e-05 0.0027564296781442403 0.012560070581343461
leaf_weight=1662.2554636597633 193.25625055283308 157.40846711397171 209.63841652870178 117.78968118131161 535.81699062883854 14861.824451446533 12696.03942745924 150.85207123309374 105.29849454760551 867.37046630680561 83.264415860176086 18187.971843630075 1098.8374983519316 867.93908369541168
leaf_count=7790 977 671 969 523 2262 67254 58762 684 507 4049 421 82665 4922 3829
internal_value=-3.09738e-05 -0.00297802 7.69048e-05 -0.000937305 0.00585951 -0.00127923 0.000542681 -0.00373583 -0.00568736 -0.00301567 -0.0146519 0.000726105 0.00157826 0.00712443
internal_weight=51795.6 1819.66 49975.9 15725.1 745.455 14979.6 34250.8 1400.04 1249.19 972.669 276.521 32850.8 14662.8 1966.78
internal_count=236285 8461 227824 71008 3231 67777 156816 6638 5954 4556 1398 150178 67513 8751
is_linear=0
shrinkage=0.03


Tree=265
num_leaves=15
num_cat=0
split_feature=14 36 38 37 32 0 36 1 38 1 38 11 10 39
split_gain=18.0399 21.7651 30.6518 37.3846 20.4262 19.8405 19.7644 45.907 54.9207 34.3022 56.9986 58.2804 47.053 46.9521
threshold=0.026253724829938256 -2.4533527491768634 -1.9660167101013237 -1.9889334303771642 -1.6507084809827903 0.019318621065182371 -0.28579423544681298 0.011936946193804922 1.1913822755029051 0.012341897493789328 -0.18898188143061143 0.92649042837726026 -1.9805394232456008 -1.6785484084443045
decision_type=10 8 10 10 10 10 10 10 8 10 10 8 10 10
left_child=-1 2 3 5 -4 -2 7 8 -3 10 13 12 -12 -8
right_child=1 6 4 -5 -6 -7 9 -9 -10 -11 11 -13 -14 -15
leaf_value=0.0056852039693811845 -0.013566727090672526 -0.0012559373291563154 -0.00057793707651608887 0.014785582525161387 -0.016538063616198705 0.0018692053604561949 0.014624577405082209 0.0024648669668183697 0.010499750499189785 -0.0016809057860177471 -0.015013306214611841 -0.0023853805577772891 0.0022661886718420765 -0.0031004243106913351
leaf_weight=461.98114690184593 128.32080945372581 8277.704708263278 103.51717801392078 106.74071003496647 234.11585611104965 158.98578824102879 128.67100632190704 7428.1917017251253 363.84649394452572 14002.424048691988 133.63500545918941 3352.8228254914284 12258.683922491968 4712.8220652267337
leaf_count=2125 692 37861 500 518 1161 715 593 33166 1570 64868 626 14934 54965 22253
internal_value=-0.000153227 -0.000206808 -0.00530878 0.000409328 -0.0118021 -0.00524943 -0.000132085 0.00073699 -0.000749408 -0.000535945 0.000243261 0.00111869 0.0020679 -0.00260018
internal_weight=51852.5 51390.5 731.68 394.047 337.633 287.307 50658.8 16069.7 8641.55 34589.1 20586.6 15745.1 12392.3 4841.49
internal_count=236547 234422 3586 1925 1661 1407 230836 72597 39431 158239 93371 70525 55591 22846
is_linear=0
shrinkage=0.03


Tree=266
num_leaves=15
num_cat=3
split_feature=43 45 46 46 0 39 19 45 45 11 39 16 46 45
split_gain=27.72 32.7069 40.2078 40.1471 55.0574 38.243 45.1192 44.5493 34.3924 57.8164 39.4182 34.1574 44.6553 42.7966
threshold=0.41428571428571431 0.90884528901633121 0 1 0.0037085476991650522 -1.2359969244346105 -9.1473513046541175 1.2620681293213722 0.76219137310178564 -0.61532360625239468 1.7115089087539215 0.24774388864492244 2 1.405255839448555
decision_type=10 8 1 1 8 10 2 8 10 8 10 8 1 10
left_child=1 2 -1 4 -3 7 -7 -5 9 -4 -10 12 -6 -13
right_child=-2 3 8 5 11 6 -8 -9 10 -11 -12 13 -14 -15
leaf_value=-0.0012963347544757496 0.00051688391327593122 0.021575402503416365 0.019993030068103722 -3.9009619214292273e-05 -8.5601417576950187e-05 0.015390101455141674 -0.0023657866725599482 0.014387322909551246 -0.011024359664566157 -0.0058180672776733978 0.0080369054408982836 0.0023228125706825451 -0.015157528074337413 0.014641122110609427
leaf_weight=4817.8433734923601 32176.498902715743 116.89036225527525 95.541573286056519 608.00726138800383 1575.5995111092925 121.26441076397896 7253.6424593478441 271.97063755989075 1086.6309860423207 290.63577216863632 100.07584115862846 2847.8607278987765 179.51041255891323 269.50850139558315
leaf_count=21743 145953 559 436 2808 7206 559 34129 1264 5003 1285 460 13002 809 1237
internal_value=-2.51347e-05 -0.00091317 -0.00267399 -6.21482e-05 0.00205767 -0.0013452 -0.00205338 0.00453123 -0.00680778 0.000911149 -0.00936318 0.00155043 -0.00179064 0.00343119
internal_weight=51811.5 19635 6390.73 13244.3 4989.37 8254.88 7374.91 879.978 1572.88 386.177 1186.71 4872.48 1755.11 3117.37
internal_count=236453 90500 28927 61573 22813 38760 34688 4072 7184 1721 5463 22254 8015 14239
cat_boundaries=0 1 2 3
cat_threshold=85 271 266
is_linear=0
shrinkage=0.03


Tree=267
num_leaves=15
num_cat=1
split_feature=45 46 1 45 10 10 11 24 1 14 40 1 43 8
split_gain=18.543 42.8476 112.4 38.5585 34.0524 38.2959 48.3441 32.2731 29.8487 44.371 62.871 41.3954 33.9343 33.9137
threshold=1.2987622646873609 0 0.014650843132336095 1.3439435497229821 1.5959971552160215 0.90094626267923539 -2.7705438404706091 0.0038700499096809009 0.032867599984082202 0.48727010031687623 0.30001989302042048 0.014162390598380866 0.10555555555555557 -0.92364269888206274
decision_type=8 1 8 8 10 8 10 8 10 10 10 10 10 10
left_child=-1 2 -2 -4 5 6 -3 -5 9 13 12 -12 -11 -8
right_child=1 4 3 7 -6 -7 8 -9 -10 10 11 -13 -14 -15
leaf_value=0.00022953728505063575 0.021254800637225048 0.016686530395522634 -0.016312360294482242 -0.0049142534921636054 0.0065141861208694697 -0.0091511096956210514 0.00079989845638171199 0.011090325857589645 -0.01189301749467948 0.021696725347536062 0.0028120788736689839 -0.012353801524732404 0.00494458308408022 -0.0082154468703775681
leaf_weight=46477.567630209029 245.15259878337383 109.84925091266632 130.67501857876778 268.07609568536282 321.81626704335213 846.45114007592201 569.19633090496063 181.77475547790527 281.41959166526794 124.93750256299973 319.04217530786991 312.83267250657082 618.42215698212385 1084.4202792719007
leaf_count=211655 1087 491 601 1216 1495 3900 2731 814 1262 584 1433 1456 2879 5156
internal_value=3.58693e-05 -0.00162405 0.00459842 -0.00259842 -0.00275535 -0.00347457 -0.00204709 0.00165338 -0.00271714 -0.00182825 0.00214554 -0.00477183 0.00801077 -0.00512609
internal_weight=51891.6 5414.07 825.678 580.526 4588.39 4266.57 3420.12 449.851 3310.27 3028.85 1375.23 631.875 743.36 1653.62
internal_count=236760 25105 3718 2631 21387 19892 15992 2030 15501 14239 6352 2889 3463 7887
cat_boundaries=0 1
cat_threshold=258
is_linear=0
shrinkage=0.03


Tree=268
num_leaves=15
num_cat=0
split_feature=38 1 1 35 8 35 40 44 16 36 45 45 1 1
split_gain=19.1904 81.0016 60.848 43.5964 45.5205 41.7365 41.1992 45.6602 43.1503 43.4789 38.3429 49.764 47.2987 45.7566
threshold=-0.1808905395500216 0.013259214923021038 0.013323550772864106 1.2641128727513282 -0.37503708295455512 -1.1475916595967293 -0.11169474565477679 -0.11145557231958807 0.7364963898730883 0.6077639464726422 1.0331730334647864 1.5599918731128752 0.019850056862785976 0.020776642477037595
decision_type=8 8 8 10 10 8 8 8 8 10 8 10 10 10
left_child=2 -2 -1 -4 -5 -3 -7 -8 9 -9 12 -12 -10 -13
right_child=1 5 3 4 -6 6 7 8 10 -11 11 13 -14 -15
leaf_value=-0.0021914341787229517 0.0014051031594405252 0.0090010116693266251 0.001691537788111621 -0.020475723721944689 0.0027448956649316339 0.00067643151947069369 0.010524923286785857 -0.0079465392421507932 -0.00090662786741884944 -0.0013765918634628068 -0.0054549150561090092 0.021231014234383006 0.012192241491615923 -0.003685144884523641
leaf_weight=12113.274240531027 21073.833016388118 304.65004017949104 7304.9540516659617 156.28260017931461 136.04034952819347 3328.8580270558596 198.23579420149326 2717.2724519073963 756.80141934752464 1365.2212619632483 1680.0204942971468 120.416454449296 358.20343859493732 129.90024967491627
leaf_count=57017 94352 1319 33093 714 609 15223 869 12791 3397 6253 7750 545 1607 596
internal_value=-0.000135787 0.000317389 -0.000872071 0.00123167 -0.00993603 -0.00177352 -0.00208974 -0.00334585 -0.00374582 -0.00575822 -0.00103804 -0.00358989 0.00337245 0.00865607
internal_weight=51744 32033.4 19710.6 7597.28 292.323 10959.6 10654.9 7326.07 7127.84 4082.49 3045.34 1930.34 1115 250.317
internal_count=236135 144702 91433 34416 1323 50350 49031 33808 32939 19044 13895 8891 5004 1141
is_linear=0
shrinkage=0.03


Tree=269
num_leaves=15
num_cat=1
split_feature=40 7 2 39 39 39 12 37 39 40 1 10 46 40
split_gain=20.0029 32.6271 49.6594 28.3509 24.632 22.8434 22.8152 45.7964 45.4457 55.7222 49.2738 43.6591 62.0867 43.2065
threshold=-2.0528654686053511 -0.5897975704627243 1.3287861904130496 -2.1024491126318048 -2.1024491126318048 -1.6785484084443045 0.022766782597722659 -1.7842672868464209 -1.8876272350736987 -1.5774181993146279 0.01964875227090029 0.51014724852775351 0 -0.73668629609605907
decision_type=8 10 10 8 10 10 2 10 10 10 10 10 1 8
left_child=1 2 4 -2 -1 -3 7 13 -9 -10 11 12 -11 -5
right_child=3 5 -4 6 -6 -7 -8 8 9 10 -12 -13 -14 -15
leaf_value=-0.0014382800351026418 0.012102889333814232 -0.0048483582168024819 -0.010987153109267091 -0.0017762551808623815 0.018817910067947995 -0.02708243133863223 0.0010311249587193034 0.016236392423649024 -0.011033427568402676 0.0028392156846047726 -0.010082652803889099 -0.0016036467652604549 -0.00039714149077005421 -0.016343622619970466
leaf_weight=99.264224365353584 164.2592149823904 88.041070088744164 206.8003489151597 458.5234499424696 105.19519621133804 79.100288368761539 13648.170187443495 139.87901890277863 421.53957712650299 7869.3914058059454 437.42756108939648 11314.314402922988 16468.27871376276 298.37378322333097
leaf_count=456 711 422 983 2380 506 443 61697 603 2209 35456 2152 50751 75920 1670
internal_value=-4.02924e-05 -0.00554015 -0.000881732 2.28838e-05 0.00937511 -0.0163056 -1.8343e-05 -0.000401413 -0.000249526 -0.000317114 -0.000188921 -6.47383e-05 0.000651048 -0.00765704
internal_weight=51798.6 578.401 411.26 51220.2 204.459 167.141 51055.9 37407.7 36650.8 36511 36089.4 35652 24337.7 756.897
internal_count=236359 2810 1945 233549 962 865 232838 171141 167091 166488 164279 162127 111376 4050
cat_boundaries=0 1
cat_threshold=262
is_linear=0
shrinkage=0.03


Tree=270
num_leaves=15
num_cat=0
split_feature=40 38 0 41 39 39 41 40 40 1 40 38 34 1
split_gain=15.8854 30.154 49.834 25.0566 26.5289 23.5213 44.0843 32.7744 37.0731 82.2284 29.9699 41.5349 28.2936 34.266
threshold=2.8855249337096849 2.4326689520438873 0.0076971239072775753 0.75000000000000011 1.1469683337248899 1.8222334440802765 0.95000000000000007 2.5463137433785379 1.7656185244833711 0.006946261941516237 2.1477240328456606 1.0314530475032557 0.44327291717413581 0.015302303556337585
decision_type=10 10 10 2 10 10 2 10 10 10 10 10 10 10
left_child=1 5 -3 -4 -5 7 12 8 -1 -10 -11 -12 -7 -14
right_child=-2 2 3 4 -6 6 -8 -9 9 10 11 -13 13 -15
leaf_value=3.6760233758249723e-05 -0.0081763210729420659 -0.0086326769531982084 0.00025589119355279831 0.0049936741300239153 0.020414013963716098 -0.0033453672145143569 -0.00970872998800912 -0.013426844172474486 0.023680433806674252 0.0050762930975531114 -0.015731561893896198 0.0060667814785781097 -0.00055918990759217337 0.015249333629591626
leaf_weight=47351.473058827221 200.39102955162525 156.27798211574554 170.31683467328548 185.056605219841 233.58779971301556 930.52659812569618 626.10936063528061 149.99821315705776 175.49885886907578 802.61493094265461 162.76956397294998 136.85124805569649 329.2539759427309 186.73508927226067
leaf_count=216586 901 671 720 787 995 4282 2964 673 719 3438 721 585 1496 862
internal_value=5.03555e-05 8.38841e-05 0.00603434 0.0100053 0.0138732 -4.48975e-06 -0.00312675 0.000128789 0.000173353 0.00519575 0.00206615 -0.00590083 -0.000230712 0.00534302
internal_weight=51797.5 51597.1 745.239 588.961 418.644 50851.8 2072.63 48779.2 48629.2 1277.73 1102.24 299.621 1446.52 515.989
internal_count=236400 235499 3173 2502 1782 232326 9604 222722 222049 5463 4744 1306 6640 2358
is_linear=0
shrinkage=0.03


Tree=271
num_leaves=15
num_cat=0
split_feature=13 9 38 10 44 30 2 6 30 41 9 12 24 11
split_gain=20.6333 82.4259 37.0526 37.7323 42.1589 38.4328 45.93 35.3219 43.1772 55.662 30.8316 30.2095 58.6373 37.7108
threshold=57.599330783481527 -0.57162810163351041 1.2382881148310687 0.5781132076065848 -0.019800959749383767 5.5000000000000009 1.1439886262451275 0.92183111147971641 2.5000000000000004 0.8500000000000002 0.32005945516641915 0.010202807697706416 -0.017066175259040136 -1.5064036961094394
decision_type=8 10 8 10 10 2 10 10 2 2 8 2 10 10
left_child=2 -2 11 5 -5 6 10 8 9 -3 -4 12 -1 -14
right_child=1 7 3 4 -6 -7 -8 -9 -10 -11 -12 -13 13 -15
leaf_value=-0.0066572841756444368 -0.012509883845973258 -0.00053240751334122634 0.0059897088003359154 -0.0080706549734675236 0.0070517476350488717 0.023857058882591722 0.015852309768453865 0.0012220710743822399 -1.8781070650326699e-05 -0.0094618122400758273 -0.0068336266750833241 0.00070362107053175229 -0.0087820958776213473 0.0010022874532346791
leaf_weight=1537.2493427693844 512.55563855171204 1259.7734827399254 536.57954505085945 350.01273502409458 297.92998643219471 112.60809157788754 294.04673588275909 6454.7109862864017 4183.4441187977791 1245.8937898725271 234.64165885746479 30525.483889579773 378.92948941886425 3997.4744148179889
leaf_count=7227 2358 5685 2408 1587 1323 505 1265 28427 18601 5992 1052 140426 1783 18311
internal_value=0.000175698 -0.000824988 0.000532955 0.00469157 -0.00111574 0.00786864 0.00597238 -0.000360161 -0.00188649 -0.00499234 0.00205072 0.000323354 -0.00163741 0.00013702
internal_weight=51921.3 13656.4 38265 1825.82 647.943 1177.88 1065.27 13143.8 6689.11 2505.67 771.221 36439.1 5913.65 4376.4
internal_count=236950 61063 175887 8140 2910 5230 4725 58705 30278 11677 3460 167747 27321 20094
is_linear=0
shrinkage=0.03


Tree=272
num_leaves=15
num_cat=0
split_feature=33 2 40 16 41 20 11 11 33 38 9 38 10 2
split_gain=18.3018 29.5151 21.5339 50.4723 56.553 50.3782 39.8145 38.4948 38.081 44.3224 35.3495 40.8492 51.7084 38.5826
threshold=2.0264715554168924 1.3568341632938925 0.54374216055077251 0.52636041203633654 0.95000000000000007 1.7501839897859917 1.4295301520449375 -0.47860175956748802 -1.6856462628913602 -1.9660167101013237 0.1958257926213896 0.85774051887632652 0.59033056976044318 0.4313710653169352
decision_type=8 8 10 8 2 10 10 8 10 10 10 10 8 10
left_child=2 -2 8 -4 6 -6 7 -5 9 -1 11 -9 -13 -12
right_child=1 -3 3 4 5 -7 -8 10 -10 -11 13 12 -14 -15
leaf_value=0.005186115804702649 0.0070304142869628324 -0.0021853701124564897 -0.0037519133550966608 -0.012444929732753114 -0.0054104937150130329 0.0061663089526412633 -0.0024788340254456786 -0.006087186517580433 0.00053925027990439449 -0.0058942814988855166 0.01788242901294055 0.018277096432809444 -0.0083260526184035059 0.00333664398109952
leaf_weight=397.53404821455479 798.90279541909695 503.70582048594952 4416.04528388381 142.42518907785416 2292.9480485618114 387.97255429625511 1911.2840633392334 711.63569384813309 33257.823324941099 1619.7383550256491 160.48314936459064 152.91713555157185 102.53996007144451 4943.1836803853512
leaf_count=1931 3448 2155 20402 653 10462 1712 8662 3269 152492 7509 726 672 461 21872
internal_value=-2.00109e-05 0.00347726 -0.000110897 -0.00105362 5.1597e-05 -0.00371845 0.00129868 0.00246283 0.000296076 -0.00369591 0.00283247 -0.00240724 0.00768726 0.00382811
internal_weight=51799.1 1302.61 50496.5 15221.4 10805.4 2680.92 8124.47 6213.18 35275.1 2017.27 6070.76 967.093 255.457 5103.67
internal_count=236426 5603 230823 68891 48489 12174 36315 27653 161932 9440 27000 4402 1133 22598
is_linear=0
shrinkage=0.03


Tree=273
num_leaves=15
num_cat=0
split_feature=33 29 41 30 31 0 39 9 11 13 23 20 10 20
split_gain=17.2913 37.0964 36.0128 21.8352 31.779 20.9192 20.7402 19.0586 46.3154 27.5364 41.256 26.0317 36.7368 22.5821
threshold=-1.911147746340637 9.0000000000000018 0.35000000000000003 1.5000000000000002 -1.5449114886047879 0.011697799483827143 -2.3116034332004776 1.7923971361947462 0.54778063134138877 59.186658687926375 -0.0012741589923252192 1.7501839897859917 1.4020630706440611 1.1683926617689442
decision_type=8 2 2 2 10 10 8 8 8 8 8 10 10 10
left_child=1 3 -3 5 -5 -1 -2 11 -9 10 -10 13 -13 -8
right_child=6 2 -4 4 -6 -7 7 8 9 -11 -12 12 -14 -15
leaf_value=-0.01430085240423401 0.011897392085024381 -0.0081907256142097137 0.0080326037255989257 -0.0023524581095794011 0.013818106752780271 0.0021549910208798553 0.00034982686829198103 -0.012395416286077552 -0.0022704795309558853 -0.0025526592813210152 0.020096779097862328 0.01194005796099399 -0.0065784652612177639 -0.0025045060220323105
leaf_weight=98.724810630083084 125.62741966545582 976.6949404925108 132.59806144237518 190.89848394691944 238.43576650321484 186.91591159999371 45008.842429354787 356.941082239151 163.21494345366955 1124.9871862530708 123.41979892551899 356.71074815094471 123.49716019630432 2630.9640001058578
leaf_count=471 567 4600 574 889 1112 855 205632 1644 741 5046 548 1549 549 11816
internal_value=7.68458e-05 -0.00278395 -0.00619705 0.00252395 0.00673817 -0.00382392 0.000181729 0.000149849 -0.00289987 -0.00042853 0.00771328 0.000262515 0.00714052 0.0001917
internal_weight=51838.5 1824.27 1109.29 714.975 429.334 285.641 50014.2 49888.6 1768.56 1411.62 286.635 48120 480.208 47639.8
internal_count=236593 8501 5174 3327 2001 1326 228092 227525 7979 6335 1289 219546 2098 217448
is_linear=0
shrinkage=0.03


Tree=274
num_leaves=15
num_cat=0
split_feature=16 1 10 37 45 2 37 11 30 30 36 38 41 39
split_gain=16.1172 40.6341 46.7017 35.3025 35.2691 34.0241 35.3346 39.7239 37.623 54.3196 50.9577 42.2403 39.3559 33.5655
threshold=0.47957637652115481 0.029324172227586136 -1.1027131677055977 -0.85261455393678676 1.7084269253283491 2.089108080625151 1.1776334548555651 1.483218987472857 1.0000000180025095e-35 2.5000000000000004 1.8634857398669054 1.1495901515081834 0.8500000000000002 0.24996824465874593
decision_type=10 10 10 10 10 10 10 10 2 2 10 10 2 10
left_child=-1 2 -2 -3 5 6 13 8 11 10 12 -8 -10 -4
right_child=1 3 4 -5 -6 -7 7 -9 9 -11 -12 -13 -14 -15
leaf_value=-0.0006142198045368557 0.016327054929914788 0.011683480712138563 -0.00055335688591535948 -0.0072894123895886273 0.012869871134926636 0.01373022946606278 0.024065831659140981 -0.007664186726193397 -0.00089526759347342529 0.00089295851283460628 0.0046039256917475152 0.0010629467616876589 -0.016383082407511268 0.0019732827615945685
leaf_weight=26414.47565754503 160.63352148234844 88.758116662502289 8092.8808654695749 900.18799638748169 198.23961108922958 162.89674296975136 102.19161365926266 892.11482103168964 213.32760186493397 2302.3959149420261 223.05978140234947 202.53217852115631 478.68616946041584 11372.705426082015
leaf_count=122345 752 377 36846 4092 899 694 466 4077 957 9965 973 946 2263 50772
internal_value=-9.55377e-05 0.00044409 0.0006866 -0.00548668 0.000576268 0.000469595 0.000373429 -0.00204695 -0.000606526 -0.00157035 -0.00771088 0.00929671 -0.0116894 0.000923079
internal_weight=51805.1 25390.6 24401.7 988.946 24241 24042.8 23879.9 4414.31 3522.19 3217.47 915.074 304.724 692.014 19465.6
internal_count=236424 114079 109610 4469 108858 107959 107265 19647 15570 14158 4193 1412 3220 87618
is_linear=0
shrinkage=0.03


Tree=275
num_leaves=15
num_cat=1
split_feature=43 45 44 45 46 9 19 19 10 12 45 43 44 39
split_gain=20.5612 32.7945 37.7708 35.7499 47.1553 37.2742 42.0175 35.8225 39.1491 32.0099 30.5276 28.1076 27.2434 50.5768
threshold=0.41428571428571431 0.90568028356787478 -0.07967321718333116 0.76219137310178564 0 -1.3678318454082723 -4.1818522321625133 2.0986000883389391 -0.32433531608358201 0.010296243038843265 0.39219531413417336 0.15476190476190479 0.0052314994731489685 -0.95627574842858531
decision_type=10 8 10 10 1 10 2 2 10 2 8 10 10 10
left_child=1 2 -1 5 7 -4 -7 8 11 -6 -2 -5 -3 -14
right_child=10 12 3 4 9 6 -8 -9 -10 -11 -12 -13 13 -15
leaf_value=-0.013933812001836911 0.013590796890567481 0.000540150823027338 -0.016006616760303148 -0.015147524408475268 -0.017060163026763882 0.012188660598641021 -0.0003653199436499877 -0.008711683573958481 0.0076008446772051009 -0.0060217490629553639 0.00026113751686164332 0.00036937604738628536 0.0056667230676700825 -0.0054547214209211365
leaf_weight=247.91889670491219 145.38748842477798 11154.234830401838 114.5809813439846 131.78435970842838 288.61800546199083 253.15453717112541 2714.9339318424463 357.09149368107319 558.48649409413338 1263.0625664144754 32010.676040522754 403.92960424721241 457.91257578879595 1731.116534948349
leaf_count=1105 650 51915 554 614 1371 1153 12095 1595 2538 5780 145215 1889 2104 8007
internal_value=-0.000141774 -0.000905358 -0.00268118 -0.00220066 -0.00452454 7.04597e-05 0.000742768 -0.000592536 0.00210667 -0.00811904 0.000325611 -0.00365537 -6.1064e-05 -0.00311309
internal_weight=51832.9 19676.8 6333.56 6085.64 3002.97 3082.67 2968.09 1451.29 1094.2 1551.68 32156.1 535.714 13343.3 2189.03
internal_count=236585 90720 28694 27589 13787 13802 13248 6636 5041 7151 145865 2503 62026 10111
cat_boundaries=0 1
cat_threshold=337
is_linear=0
shrinkage=0.03


Tree=276
num_leaves=15
num_cat=0
split_feature=45 1 1 15 20 14 30 11 1 20 1 16 16 33
split_gain=16.1891 27.9895 32.232 31.4205 16.4375 40.4386 28.4242 39.7035 62.8953 48.317 41.9451 33.2903 33.7828 26.6205
threshold=0.42384743523165019 0.0068201943297329232 0.0045388376519820564 0.46282798797121166 0.88918566563204149 0.47603040927217832 2.5000000000000004 2.0273698035533445 0.010222890697335471 1.8315396132392847 0.014472376032620726 0.35067427948403174 0.61208694896676386 0.16645425961709276
decision_type=8 10 10 10 8 8 2 8 10 10 10 10 10 8
left_child=1 2 -1 -4 13 -6 11 9 -9 -8 -11 -7 -13 -2
right_child=4 -3 3 -5 5 6 7 8 -10 10 -12 12 -14 -15
leaf_value=0.011580640829969926 -0.00050138842941744016 0.018773778926769836 0.006130679998833849 -0.017493308943182136 0.0069219871166635253 0.011464465663850839 -0.0008884282899294198 -0.028713727368110113 -0.0011700538330100653 0.014435021842491175 -0.0037809262676683098 -0.01254699859964762 -0.0034719129219040238 0.00098876038567958548
leaf_weight=142.79837800562382 25091.868789583445 100.42482045292854 86.533232852816582 100.19356887042522 483.1816208511591 105.66093024611473 3390.8325615972281 101.69938062131405 227.45708276331425 358.73452484607697 159.43808183073997 438.39165568351746 2181.8792117536068 18913.352468542755
leaf_count=614 116075 456 401 440 2137 491 14919 463 1022 1530 712 2109 10085 85340
internal_value=-3.25489e-05 0.00569783 0.00127728 -0.00679031 -8.15313e-05 -0.00138397 -0.00196936 -0.000429475 -0.0102759 0.000423746 0.00886464 -0.00435318 -0.00503217 0.000139154
internal_weight=51882.4 429.95 329.525 186.727 51452.5 7447.28 6964.09 4238.16 329.156 3909.01 518.173 2725.93 2620.27 44005.2
internal_count=236794 1911 1455 841 234883 33468 31331 18646 1485 17161 2242 12685 12194 201415
is_linear=0
shrinkage=0.03


Tree=277
num_leaves=15
num_cat=2
split_feature=45 46 44 0 11 39 45 2 11 40 46 40 19 38
split_gain=17.3036 61.9624 41.8207 30.4366 44.6014 57.7938 46.6217 39.16 32.4804 43.5591 27.3531 27.2789 33.8894 27.1367
threshold=1.1958183029678666 0 -0.053644296359501367 0.0067071165647855811 0.38453093055829562 0.33034423243648253 1.3038259658910809 0.48441832078458547 2.0889122416477606 0.40154814174764081 1 -0.10374281949270815 1.6920711896443714 -0.059954629503023195
decision_type=8 1 8 10 10 10 8 8 10 10 1 10 2 10
left_child=-1 2 -2 4 5 6 13 -5 -9 -10 -6 12 -4 -3
right_child=1 3 11 7 10 -7 -8 8 9 -11 -12 -13 -14 -15
leaf_value=0.00024966192268144902 0.0080879956898257822 0.022899458870834936 -0.0070460561953338387 -0.010374115083641177 0.0071667131644807102 0.02477686682888388 -0.0089706704613365766 -0.00065910540768472777 0.022714982860469208 -0.00043604127202812048 -0.010719069880059353 -0.012455895933765211 0.010023864069978721 0.0027689696814794298
leaf_weight=41425.565200634301 147.37794673442841 100.32229246199131 562.49846290796995 351.29162141680717 107.9480257332325 160.60997040569782 151.07454536855221 7345.2695874944329 117.42260468006134 170.84845072031021 182.73644177615643 699.38361141085625 118.89375470578671 139.88414246588945
leaf_count=188104 666 502 2746 1727 493 742 744 33843 529 779 880 3387 556 671
internal_value=-2.4582e-05 -0.00112083 -0.0066563 -0.000148409 0.00523989 0.0101863 0.00372905 -0.000723021 -0.000265892 0.00943955 -0.00417773 -0.00832474 -0.00396568 0.0117557
internal_weight=51781.1 10355.6 1528.15 8827.41 842.575 551.891 391.281 7984.83 7633.54 288.271 290.684 1380.78 681.392 240.206
internal_count=236369 48265 7355 40910 4032 2659 1917 36878 35151 1308 1373 6689 3302 1173
cat_boundaries=0 1 2
cat_threshold=531 264
is_linear=0
shrinkage=0.03


Tree=278
num_leaves=15
num_cat=2
split_feature=25 46 44 11 12 41 24 46 40 40 38 40 36 11
split_gain=19.2247 23.2488 16.1323 28.1436 51.1609 52.7142 54.9338 35.0899 31.4965 46.53 28.6801 51.0746 44.7226 55.5884
threshold=-1.8447323830579065 0 0.020112046659949982 1.0759696616622973 0.016961828225413283 0.75000000000000011 0.0054260335852034111 1 1.6877905140902369 0.45552310205796376 -0.46786180689621598 0.85411075923727409 0.31222109029400807 -1.1960634667706789
decision_type=8 1 8 10 2 2 10 1 10 10 8 10 10 10
left_child=1 -1 3 10 5 6 -5 -6 9 -7 11 12 -2 -14
right_child=2 -3 -4 4 7 8 -8 -9 -10 -11 -12 -13 13 -15
leaf_value=0.0083364094136174245 -0.0010404486471008697 -9.7036485296880634e-06 0.00090089775155102866 -0.0059955109985845691 0.003883009570031062 -0.0043788398842357227 0.0045539936155991438 -0.0026976019885269079 0.0010893173142749854 -0.018181071277665536 0.00042980139101525522 0.010883144348761812 0.0062816449430297275 -0.0098317082595934281
leaf_weight=514.49985727667809 8024.9947537630796 695.62798894196749 10197.800216391683 1169.9986162036657 1394.1013415753841 382.14737972617149 703.41589768230915 1486.6038658469915 180.95312368869781 534.62125524878502 24901.016253039241 280.99455577135086 226.84895838797092 1079.8382311463356
leaf_count=2345 37892 3297 45747 5312 6334 1723 3118 6775 809 2455 113187 1241 1045 5066
internal_value=-7.48962e-05 0.00364623 -0.000164657 -0.000434011 -0.00235591 -0.00511105 -0.00203131 0.000493565 -0.0103013 -0.0125371 -0.000107562 -0.00149857 -0.00188266 -0.00700787
internal_weight=51773.5 1210.13 50563.3 40365.5 5851.84 2971.14 1873.41 2880.71 1097.72 916.769 34513.7 9612.68 9331.68 1306.69
internal_count=236346 5642 230704 184957 26526 13417 8430 13109 4987 4178 158431 45244 44003 6111
cat_boundaries=0 1 2
cat_threshold=519 173
is_linear=0
shrinkage=0.03


Tree=279
num_leaves=15
num_cat=1
split_feature=39 38 46 1 16 39 41 38 40 38 2 35 10 40
split_gain=25.2328 49.2048 48.9238 76.3362 76.4906 35.141 60.3989 75.271 72.0936 50.7371 54.4178 56.5242 52.4591 37.7067
threshold=-1.2359969244346105 0.22856875432631904 0 0.015721027171989182 0.34388747450343721 -0.65366303929414526 0.95000000000000007 -0.82475024927459251 -0.33772784196784383 0.53047200646589043 1.1384166124915196 1.2367543467733462 -0.68056523833610216 -0.19855484225155315
decision_type=10 10 1 8 8 10 2 10 10 10 10 10 8 10
left_child=1 2 -1 -4 -5 6 7 -2 -8 10 -9 -12 -11 -7
right_child=5 -3 3 4 -6 13 8 9 -10 12 11 -13 -14 -15
leaf_value=-0.0025941784121317922 -0.0064292187916604902 0.011235410689591553 0.00021924105761445898 0.0073186066679703076 0.032867185690085392 0.001848584169408748 -0.018925173940721088 -0.0023660201143395933 0.010897424618268316 0.021190783909725706 0.0084014293034709343 -0.013580833376378464 0.001657123961899401 -0.00035901800504871986
leaf_weight=1812.5832989662886 1920.1964909657836 468.33654101938009 1527.6247429326177 591.98324845731258 121.11074112355709 8952.2036733627319 345.08489793539047 3207.3731154575944 84.749375745654106 196.515740275383 847.77077448368073 110.88441371917725 313.38589988648891 31212.648822516203
leaf_count=8412 9434 2028 7243 2590 527 40734 1661 14913 394 865 3842 493 1409 141548
internal_value=-3.91415e-06 0.00213439 0.00105776 0.00400405 0.0120523 -0.000209207 -0.00216497 -0.00144489 -0.0129311 0.000611307 -0.000490318 0.00574486 0.00944817 0.000133364
internal_weight=51712.5 4521.64 4053.3 2240.72 713.094 47190.8 7025.96 6596.13 429.834 4675.93 4166.03 958.655 509.902 40164.9
internal_count=236093 20800 18772 10360 3117 215293 33011 30956 2055 21522 19248 4335 2274 182282
cat_boundaries=0 1
cat_threshold=291
is_linear=0
shrinkage=0.03


Tree=280
num_leaves=15
num_cat=1
split_feature=4 16 39 40 37 30 35 34 46 35 36 2 11 37
split_gain=14.8334 26.8489 26.2856 37.8819 23.8669 69.7944 74.8102 51.8447 48.5964 35.6117 30.7139 28.7524 31.0836 27.0077
threshold=0.21869223197983362 0.88205128205128214 -1.6785484084443045 -1.5774181993146279 0.39208276394391356 3.5000000000000004 -0.17154866424158075 -1.0340497140448228 0 1.172526406839866 -1.0001428671364903 0.8837530496944791 0.65775630945124741 0.68857630489571153
decision_type=8 10 8 10 8 2 8 10 1 8 10 10 8 10
left_child=1 4 3 -2 -1 7 10 13 -8 -9 -7 12 -12 -6
right_child=2 -3 -4 -5 5 6 8 9 -10 -11 11 -13 -14 -15
leaf_value=-0.00073231855462108769 0.00094447970370623252 -0.0036917606216974991 0.00045160376020558345 0.019880538619568046 0.018707236931831905 0.024682415114359691 0.0068626658382053389 -0.0035846634249991991 -0.0012781321240939887 0.0038579729655188444 0.018075754237321693 0.0025125318334092567 0.00071299041039825178 0.0021717683551904844
leaf_weight=21208.196910262108 250.99725531041622 2113.7552771270275 19824.736895337701 144.11610946059227 149.8801029920578 126.34477549791336 1011.8607772439718 3425.0018992498517 1820.6182552501559 687.22909069061279 360.59002393484116 362.59540316462517 124.92331451177597 207.07119679450989
leaf_count=98324 1156 9526 89446 620 656 531 4560 15772 8242 3080 1620 1577 557 917
internal_value=-2.79188e-05 -0.000433903 0.000606424 0.00817158 -0.000199172 0.00116629 0.00414603 -0.00137549 0.00166361 -0.00233452 0.0112716 0.00900941 0.0137128 0.00943543
internal_weight=51817.9 31598.1 20219.9 395.113 29484.3 8276.11 3806.93 4469.18 2832.48 4112.23 974.454 848.109 485.513 356.951
internal_count=236584 145362 91222 1776 135836 37512 17087 20425 12802 18852 4285 3754 2177 1573
cat_boundaries=0 1
cat_threshold=394
is_linear=0
shrinkage=0.03


Tree=281
num_leaves=15
num_cat=1
split_feature=45 46 10 16 11 10 1 1 38 11 44 1 43 10
split_gain=18.2169 57.5091 79.4866 81.6063 117.9 56.82 50.9253 49.4163 47.9062 46.0365 45.6551 40.5371 38.9798 37.8431
threshold=0.77404030145805491 0 -0.88392414722112223 0.4836015295192681 -0.61532360625239468 -0.43443703553140228 0.0090990935003775579 0.0056753136967946172 0.099928058404569878 0.91129481837490212 0.0094183595837086919 0.0046452997040043889 0.29285714285714287 -0.45685615250669714
decision_type=8 1 8 10 8 10 10 10 10 10 10 10 10 10
left_child=1 2 -1 4 5 -4 7 -5 -7 -8 11 -3 -12 -14
right_child=-2 10 3 6 -6 8 9 -9 -10 -11 12 -13 13 -15
leaf_value=0.016649378384343199 -0.00040318844450127055 0.003785724991703533 0.018362484333505149 0.0177080129219718 -0.012545779736489619 -0.01360730224324206 0.021037265070391459 -0.0022281959817740155 0.012119359315483708 0.0044447930490030861 -0.013250390677984145 -0.0033099630400597268 -0.0019794361151033008 0.0058585026711971454
leaf_weight=415.64193733036518 41353.349390096962 871.76500010490417 217.31004093587399 130.28241607546806 583.45220524072647 138.30923838913441 337.05348426103592 545.07000064849854 106.4310614913702 277.49803048372269 120.98434479534626 4082.2822336852551 783.06195625662804 1854.8139411509037
leaf_count=1865 189634 3826 991 557 2708 654 1490 2398 480 1213 536 18427 3580 8196
internal_value=-0.000120212 0.000997424 0.00470384 0.00253597 -0.00367442 0.00755631 0.00755921 0.00181997 -0.00238289 0.0137361 -0.000334619 -0.00205622 0.00275189 0.0035331
internal_weight=51817.3 10464 2751.05 2335.41 1045.5 462.05 1289.9 675.352 244.74 614.552 7712.91 4954.05 2758.86 2637.88
internal_count=236555 46921 12356 10491 4833 2125 5658 2955 1134 2703 34565 22253 12312 11776
cat_boundaries=0 1
cat_threshold=82
is_linear=0
shrinkage=0.03


Tree=282
num_leaves=15
num_cat=0
split_feature=25 16 19 19 16 16 30 15 16 38 33 25 1 40
split_gain=22.3672 18.7096 35.9682 42.4365 39.5887 43.9619 47.3392 84.4318 36.492 32.5616 50.6765 43.6861 43.7527 47.1397
threshold=-1.7984029733517717 0.24173156444381808 -7.737598851682133 -1.3554489437552919 0.63772094833131254 0.4836015295192681 3.5000000000000004 0.42932649834321251 0.32160554706950689 -1.6304694291202 -1.5613471191602326 -0.63772635604802508 0.026473228499867992 -1.6823852431989177
decision_type=8 8 2 2 10 10 2 10 8 10 10 10 10 10
left_child=-1 9 -3 4 5 -4 -7 -8 -5 10 -2 -11 13 -13
right_child=1 2 3 8 -6 6 7 -9 -10 11 -12 12 -14 -15
leaf_value=0.003661501634604933 0.0049698120097490389 0.014937449401872393 -0.0027865532722946645 0.0057061605542953449 -0.021062453023276514 -0.0018840164551282548 0.0035962256259375932 0.037176563853508621 -0.00017201374248734276 -0.0014778874454558092 -0.0075379817238525205 -0.0069832786850559788 0.013408472905761484 0.0028959086083734792
leaf_weight=1417.580737054348 421.79780739545822 125.98813141137362 7941.8328569605947 972.96109220385551 90.721948727965355 420.35902455449104 241.35724474489689 84.886389389634132 28779.290476210415 3152.4460208117962 894.97903244942427 456.55427610874176 321.12407474219799 6467.7552213072777
leaf_count=6601 2051 621 37385 4387 446 1995 1162 387 129350 14775 4455 2172 1357 29302
internal_value=-4.15546e-05 -0.000146473 -0.000464755 -0.000518979 -0.00235051 -0.00213113 0.00478545 0.0131794 2.20676e-05 0.000903334 -0.00352415 0.00146687 0.00274839 0.00223539
internal_weight=51789.6 50372.1 38657.4 38531.4 8779.16 8688.44 746.603 326.244 29752.3 11714.7 1316.78 10397.9 7245.43 6924.31
internal_count=236446 229845 175733 175112 41375 40929 3544 1549 133737 54112 6506 47606 32831 31474
is_linear=0
shrinkage=0.03


Tree=283
num_leaves=15
num_cat=1
split_feature=46 45 19 15 40 11 1 2 45 8 1 40 19 1
split_gain=17.4593 45.6658 61.6652 83.6305 66.5896 51.4184 86.1178 45.1477 44.9247 47.2267 71.4734 53.8551 46.3163 45.9059
threshold=0 1.0281802339415516 0.35049834414806552 0.27480254842269197 0.26802853220345785 -0.76226547254124799 0.02125563125452648 0.74202542776591984 1.1094915477352481 0.0274349568094393 0.011480863507524844 -0.69353555611436823 -8.7590247277645616 0.0072987108575695153
decision_type=1 10 2 10 8 8 10 8 10 10 10 10 2 10
left_child=-1 2 4 -4 5 6 -2 -7 9 11 13 -3 -10 -11
right_child=1 8 3 -5 -6 7 -8 -9 12 10 -12 -13 -14 -15
leaf_value=0.0005935181781270588 0.0018451292888117682 -0.0083835102391974763 0.023231143176154562 0.0021235645823776024 -0.0060732163148433998 -0.0062981323550486646 0.022221899217653975 0.0003122586327289389 0.012453357540437233 -0.016034024893092691 -0.014430637397582265 0.0020273217287196826 -0.0010613185123620487 0.0011163898195435261
leaf_weight=21571.899989545345 2869.1874009147286 660.66474971175194 163.27587583661079 6998.101188108325 1893.763726323843 1402.9619476720691 189.88412752747536 2717.1625710129738 223.58923995494843 164.25141824781895 840.99367713928223 1333.8386229202151 9989.4948158115149 718.80522234737873
leaf_count=97455 13220 3108 721 30876 8854 6728 825 12514 1030 752 3851 6225 46825 3263
internal_value=-5.7875e-05 -0.000523756 0.000557266 0.00263653 -0.00108501 0.000237417 0.00317825 -0.00194847 -0.00178333 -0.00460201 -0.00822393 -0.00144581 -0.000753557 -0.00221746
internal_weight=51737.9 30166 16234.3 7161.38 9072.96 7179.2 3059.07 4120.12 13931.6 3718.55 1724.05 1994.5 10213.1 883.057
internal_count=236247 138792 73738 31597 42141 33287 14045 19242 65054 17199 7866 9333 47855 4015
cat_boundaries=0 1
cat_threshold=270
is_linear=0
shrinkage=0.03


Tree=284
num_leaves=15
num_cat=0
split_feature=31 16 30 12 33 27 37 35 6 40 18 36 25 40
split_gain=19.4865 34.1902 21.8772 30.0225 24.8727 24.3777 27.0016 25.7937 23.0887 21.2593 31.9566 23.7262 21.6636 21.1091
threshold=-0.66563570630578661 0.098706613883023722 3.5000000000000004 0.016163755001176727 0.81335129708983567 0.11111111111111129 0.75100476906467273 0.30924050947342208 -0.93868876712526628 -0.024933345654140324 0.33055791774661814 -0.54890577809827168 0.52014913120489104 -1.2428143956759146
decision_type=10 8 2 2 10 10 10 10 8 8 2 8 8 10
left_child=1 -1 3 4 8 7 -7 -5 -3 13 11 12 -11 -4
right_child=-2 2 9 5 -6 6 -8 -9 -10 10 -12 -13 -14 -15
leaf_value=-0.0036543396827664358 -0.00024614390646854659 0.0023107639225783622 -0.00039209171903907818 -0.0022593891520175354 0.010120468479455401 0.0067098914603611719 -0.0027493241287465352 0.0084811282165996784 -0.004493375645074983 0.011109901244286119 0.0051123435263534965 -0.0064816872910764475 -0.0046199089700234008 0.0082746302034115288
leaf_weight=1134.8157260864973 41739.29385445267 611.79446852207184 320.7911391556263 1140.4673789739609 136.96051554381847 1432.3511527627707 328.72326208651066 233.91652961075306 1623.0801416039467 161.26896058022976 1035.6754062622786 534.63334205746651 138.05080583691597 1170.3921946138144
leaf_count=5270 190938 2851 1476 5200 592 6416 1475 1044 7346 727 4513 2463 626 5343
internal_value=3.89243e-05 0.00122749 0.00185561 0.000689139 -0.00185316 0.00261205 0.00493867 -0.000383323 -0.00262875 0.00375937 0.00161442 -0.00273871 0.00394026 0.00642001
internal_weight=51742.2 10002.9 8868.11 5507.29 2371.84 3135.46 1761.07 1374.38 2234.87 3360.81 1869.63 833.953 299.32 1491.18
internal_count=236280 45342 40072 24924 10789 14135 7891 6244 10197 15148 8329 3816 1353 6819
is_linear=0
shrinkage=0.03


Tree=285
num_leaves=15
num_cat=1
split_feature=44 11 24 39 12 40 46 11 0 45 11 12 9 11
split_gain=18.5135 26.8583 33.9132 28.2077 33.5871 33.3763 27.9785 30.9968 22.7467 27.5759 16.6631 37.8029 17.5219 38.4913
threshold=-0.043481323337149512 1.1135632705179543 0.010257209088557597 0.81189204327183961 0.022475213605457348 0.62753322492170771 0 0.50820890077660807 0.025871538127379919 1.1225395354282757 3.1959690996984662 0.015488776279736573 1.7463013869021586 -0.063210604852751498
decision_type=8 10 10 8 2 8 1 10 10 8 10 2 8 8
left_child=1 3 -3 8 5 -5 -6 -8 -1 -10 12 -12 -2 -14
right_child=10 2 -4 4 6 -7 7 -9 9 -11 11 -13 13 -15
leaf_value=-0.0043549346647822357 0.00017762399575416789 -0.0089347510118140388 0.0052558369940788763 0.0092134722690937372 -0.0017361719206110445 -0.0061942139244999823 0.022066104862673144 0.0037131039550198784 -0.0062397698466840961 0.0084239833548037466 -0.0047469890074981168 0.02154782862321844 -0.016009197989295065 -0.0013744309600396808
leaf_weight=1618.2993975803256 45597.132929958403 799.55301573872566 179.45256763696671 171.15215685963631 156.02415385842323 410.8161588460207 180.29483433067799 155.16567771136761 174.07566080987453 302.5253651291132 89.920820340514183 91.305988043546677 169.34501838684082 1676.7966450154781
leaf_count=7524 208564 3649 803 728 686 1815 782 679 766 1295 415 391 802 7533
internal_value=-7.05908e-05 -0.00199052 -0.00630676 -0.000641171 0.00329424 -0.00158384 0.00898679 0.0135383 -0.00266379 0.00304997 9.69878e-05 0.00893495 6.13523e-05 -0.00279588
internal_weight=51771.9 4147.36 979.006 3168.35 1073.45 581.968 491.485 335.461 2094.9 476.601 47624.5 181.227 47443.3 1846.14
internal_count=236432 18727 4452 14275 4690 2543 2147 1461 9585 2061 217705 806 216899 8335
cat_boundaries=0 1
cat_threshold=525
is_linear=0
shrinkage=0.03


Tree=286
num_leaves=15
num_cat=0
split_feature=24 11 1 11 39 9 16 11 0 8 1 14 30 1
split_gain=18.7184 40.6811 48.0846 42.8601 34.1127 34.9535 33.5457 40.6617 50.9598 41.5316 34.3651 33.9421 34.9533 98.0622
threshold=-0.01296653666052172 1.2478230150685794 0.0098049071736063861 -0.97020056633039131 -1.8876272350736987 0.088266214312467214 0.22657564409710121 -1.3329086597079962 0.0050592296559734276 -1.2569967044595571 0.026473228499867992 0.7483652821859339 2.5000000000000004 0.010037752098188335
decision_type=10 10 10 8 8 10 8 10 10 10 10 8 2 10
left_child=1 3 -3 -1 -5 -6 7 8 -2 -9 -10 12 -11 -14
right_child=6 2 -4 4 5 -7 -8 9 10 11 -12 -13 13 -15
leaf_value=-0.0039866021423369353 -0.0052687484629929905 -0.012608360459917691 -0.001578307959709387 0.015018325109585524 -0.0013766443868322459 0.0024047705937739494 -0.00013514114067734415 -0.0042935638274581595 0.0061450465661077444 0.0062564752371404861 0.024196853279040188 -0.005110108249327088 0.0080493017086383425 -0.0046319198824700016
leaf_weight=2342.1092270165682 345.85115842521191 548.17443145811558 990.10772468149662 134.53464613854885 4880.2389049232006 3989.3617864847183 30793.098596103489 1199.3755860179663 1987.0086071938276 1644.7897758334875 91.32215803861618 526.06117743998766 913.3019450455904 1343.1780965700746
leaf_count=11043 1620 2510 4544 583 23062 17969 139647 5756 8947 7354 386 2386 4195 6233
internal_value=-1.2869e-05 -0.00100329 -0.00556497 -0.00038048 0.000560907 0.00032495 0.000315827 0.00203872 0.00527836 0.000636083 0.00705031 0.0019782 0.00294464 0.000513626
internal_weight=51728.5 12884.5 1538.28 11346.2 9004.14 8869.6 38844 8050.89 2424.18 5626.71 2078.33 4427.33 3901.27 2256.48
internal_count=236235 59711 7054 52657 41614 41031 176524 36877 10953 25924 9333 20168 17782 10428
is_linear=0
shrinkage=0.03


Tree=287
num_leaves=15
num_cat=1
split_feature=44 12 30 41 46 0 37 35 14 30 1 1 10 1
split_gain=18.7328 21.3668 57.981 46.4093 46.3681 49.3423 45.6918 50.8578 43.7841 29.1326 26.3227 24.0322 45.7855 36.9814
threshold=-0.043481323337149512 0.0092083476122824821 3.5000000000000004 0.95000000000000007 0 0.0030751061260331962 -0.033162679729265475 0.69288829805527496 0.26666666666666677 1.5000000000000002 0.0046452997040043889 0.0060441390742691989 1.1731013303118349 0.0037194987253594465
decision_type=8 2 2 2 1 10 10 10 10 2 10 10 10 8
left_child=-1 2 6 4 5 -4 8 -8 -2 -10 -5 13 -13 -6
right_child=1 -3 3 10 11 -7 7 -9 9 -11 -12 12 -14 -15
leaf_value=-0.0019616935886229312 -0.0072237274406499689 0.00037593817790939065 -0.024263234602397227 0.021493458064125389 -0.0065971429346924626 -0.0019184163224781731 -0.011879229024136618 -0.00055315772411256979 0.0090765514072045847 -0.0023971214696252726 0.0054568110404259514 -0.0055185672556402306 0.016115814692359374 0.0063227545617210428
leaf_weight=4141.4374139010906 504.89257569611073 41854.173375762999 128.148009352386 120.69914045929909 235.40252371132374 255.1350394487381 1032.6322510093451 543.99534912407398 437.71031636744738 352.66155672073364 349.84295304864645 660.65812233090401 91.549306482076645 1080.8317982628942
leaf_count=18729 2360 191363 666 504 1058 1200 4716 2406 1965 1574 1557 3163 410 4862
internal_value=-2.88987e-05 0.00013947 -0.00156637 0.00140703 -0.000262813 -0.00957282 -0.0045863 -0.00799943 -0.000402311 0.00399105 0.00993206 0.00153875 -0.00270861 0.00397977
internal_weight=51789.8 47648.3 5794.16 2922.27 2451.72 383.283 2871.89 1576.63 1295.26 790.372 470.542 2068.44 752.207 1316.23
internal_count=236533 217804 26441 13420 11359 1866 13021 7122 5899 3539 2061 9493 3573 5920
cat_boundaries=0 1
cat_threshold=736
is_linear=0
shrinkage=0.03


Tree=288
num_leaves=15
num_cat=0
split_feature=45 10 10 45 0 14 11 0 39 0 10 45 45 30
split_gain=15.9344 33.3178 70.2946 76.3108 34.6554 34.4754 46.4506 50.781 40.9363 38.5757 37.6259 37.1321 53.0406 34.8783
threshold=1.2987622646873609 0.68768999569324474 1.5070707350436898 1.5925947518668477 0.021949163372386803 0.50943396226415205 0.628965803578307 0.020258415747971204 0.16108947597581888 0.023869703338367333 -1.7490870704420647 1.3439435497229821 1.7084269253283491 1.5000000000000002
decision_type=10 8 10 10 10 10 10 10 10 10 10 10 10 2
left_child=-1 5 3 -3 -4 8 11 -8 9 10 -2 -7 -13 -12
right_child=1 2 4 -5 -6 6 7 -9 -10 -11 13 12 -14 -15
leaf_value=0.00019597978477927522 0.0094381905039882842 -0.013048231004102413 0.010238293652283615 0.0067501375875338729 -0.0064452837671941932 -0.0018911020768741023 0.0012359040450616293 -0.021122941864376844 0.0038174403793193225 0.0047826883930185719 -0.00090518540647868857 0.013581483244817123 -0.0077690807992942803 -0.012846351086202641
leaf_weight=46663.892289705575 97.480918079614639 899.85464723408222 309.57795841991901 210.34673446416855 164.21557413041592 312.949318818748 360.08126927912235 112.08336445689201 629.87774558365345 268.83066026866436 313.36381781101227 655.89872039854527 117.49860696494579 742.92152637988329
leaf_count=212640 458 4191 1445 968 748 1446 1632 509 2899 1162 1482 3025 530 3676
internal_value=2.04073e-05 -0.00155402 -0.00516662 -0.00927032 0.00444211 4.05753e-05 0.00339254 -0.00439969 -0.00250879 -0.00531693 -0.00769104 0.00678856 0.01028 -0.00934553
internal_weight=51858.9 5194.98 1583.99 1110.2 473.794 3610.99 1558.51 472.165 2052.47 1422.6 1153.77 1086.35 773.397 1056.29
internal_count=236811 24171 7352 5159 2193 16819 7142 2141 9677 6778 5616 5001 3555 5158
is_linear=0
shrinkage=0.03


Tree=289
num_leaves=15
num_cat=1
split_feature=30 15 11 39 11 11 38 46 40 39 30 35 12 15
split_gain=19.4979 54.6899 82.4819 97.4504 60.5015 64.3133 77.0991 66.1466 64.2471 60.1558 52.606 68.8021 51.2527 50.2096
threshold=3.5000000000000004 0.42932649834321251 -1.803521712062264 -0.62747885303926754 0.67193959042990337 -0.72852134492467036 0.11581748505650408 0 -0.16295365402006259 -0.86157927649451915 4.5000000000000009 0.58359382929378378 0.029981409025124344 0.46282798797121166
decision_type=2 10 8 10 10 8 10 1 10 10 2 10 2 10
left_child=13 2 3 -2 5 6 12 -7 -6 -8 -3 -12 -4 -1
right_child=1 10 4 -5 8 7 9 -9 -10 -11 11 -13 -14 -15
leaf_value=0.00088409571713707986 0.028105038416896114 0.0046259682046912304 -0.0038544637817260366 -0.00068970374797387322 0.01280343264563197 0.0016254199307755019 0.022922783282235515 -0.0065804295322124369 -0.0025391761969460664 0.0037320773700133193 0.0023042432787629108 -0.0036590893816751445 0.0079507324283002896 -0.0015883362873193893
leaf_weight=13725.908011637628 176.55450928211212 4443.2109131366014 1836.1883429735899 243.22621877491474 495.78345057368279 1153.6751963868737 204.29220858961344 3726.1489445865154 472.18622644245625 484.56362615525723 6084.1310684978962 2428.0273848772049 393.61363452672958 15998.252708718181
leaf_count=62964 788 19201 8927 1149 2294 5426 915 17964 2210 2232 27806 11019 1728 72250
internal_value=5.52549e-05 0.000729023 -0.00104095 0.0117932 -0.00166824 -0.00254757 0.000973443 -0.0046512 0.0053697 0.00966998 0.00198389 0.000600951 -0.00174437 -0.000446713
internal_weight=51865.8 22141.6 9186.23 419.781 8766.45 7798.48 2918.66 4879.82 967.97 688.856 12955.4 8512.16 2229.8 29724.2
internal_count=236873 101659 43633 1937 41696 37192 13802 23390 4504 3147 58026 38825 10655 135214
cat_boundaries=0 1
cat_threshold=3
is_linear=0
shrinkage=0.03


Tree=290
num_leaves=15
num_cat=0
split_feature=39 41 40 40 39 39 40 40 38 41 35 0 38 14
split_gain=18.525 62.854 72.476 71.6299 90.2689 69.5796 59.5833 100.04 57.6678 51.7153 70.2053 46.3707 44.7516 40.0543
threshold=-0.50697222414922305 1.0000000180025095e-35 -0.51657172382741923 0.87116728366387053 0.89177730989831627 -0.42773307371618113 0.15001357176021035 0.0091018686071375528 -0.19694986878252249 0.95000000000000007 0.032185937348415815 0.0033711012283235311 -0.1808905395500216 0.44955115519890859
decision_type=10 2 10 10 10 10 10 10 10 2 10 10 10 10
left_child=6 2 -2 -4 -5 -3 7 9 -8 11 -11 13 -9 -1
right_child=1 5 3 4 -6 -7 8 12 -10 10 -12 -13 -14 -15
leaf_value=-0.017968561665950997 0.014361754969884465 0.0072980152431752774 0.00082026321779378193 0.025510531302413431 -0.0059297916362000391 -0.0003074232330307648 -0.025034715947010726 -0.00037610210221396679 -0.0045766075100936235 0.0064111811585314806 -0.014895363204090208 -7.9144071489635148e-05 0.023123227709913572 -0.00024863583938055582
leaf_weight=238.15161775052547 513.68397229909897 1109.5542901605368 2992.751124560833 232.19036826491356 119.52125430107117 32806.50077880919 154.53280930221081 106.35331878066063 530.32319858670235 187.23080745339394 483.56269733607769 11768.618304811418 219.94540268182755 214.18202083557844
leaf_count=1184 2340 5053 13982 1047 522 148204 803 515 2416 856 2308 54761 991 1019
internal_value=1.2066e-05 0.000356668 0.0039798 0.00234715 0.0149577 -5.65356e-05 -0.000923801 -0.000473303 -0.00948668 -0.000894002 -0.0089415 -0.000445335 0.0156805 -0.00976496
internal_weight=51677.1 37774.2 3858.15 3344.46 351.712 33916.1 13902.9 13218 684.856 12891.7 670.794 12221 326.299 452.334
internal_count=236001 171148 17891 15551 1569 153257 64853 61634 3219 60128 3164 56964 1506 2203
is_linear=0
shrinkage=0.03


Tree=291
num_leaves=15
num_cat=4
split_feature=43 45 46 1 19 46 1 14 39 46 8 46 1 15
split_gain=15.2554 24.2475 46.8935 46.5966 35.9484 42.3256 42.7657 27.6096 26.9116 39.4702 32.0911 24.2447 108.863 23.772
threshold=0.64583333333333337 0.67726937021661815 0 0.0037194987253594465 -5.3875071455078549 1 0.013733024645108104 0.21518987341772131 0.5570626339436896 2 -0.92364269888206274 3 0.010175679988306539 0.5814612211497926
decision_type=8 10 1 8 2 1 10 10 10 1 10 1 8 10
left_child=-1 2 3 -2 5 6 -3 8 10 -10 -6 12 -5 -11
right_child=1 4 -4 11 7 -7 -8 -9 9 13 -12 -13 -14 -15
leaf_value=-0.00042841768296618963 -0.0091545087749256276 0.0070182946451664962 -0.0080864460653472161 -0.005606030169671046 0.0009136181707417475 0.01091597756427135 -0.01290364486700824 0.00034028279422830641 0.015458584306719345 0.0070520490825074413 -0.007613625991494774 0.0042547810498331055 0.031537348392828957 -0.01169843915177703
leaf_weight=30143.588887862861 207.22680942714214 204.37774109840393 290.43253752589226 129.90522760152817 589.96354880928993 562.78204885870218 167.43448616564274 15469.76237924397 139.36081710457802 96.331900164484978 1193.3494453132153 2362.0690002888441 140.08727937936783 134.5791839659214
leaf_count=138641 925 973 1316 575 2830 2576 730 69844 619 426 5542 10546 602 607
internal_value=8.09055e-06 0.000614709 0.00305292 0.00423029 0.000202092 0.00590375 -0.00200347 -0.000103453 -0.00327776 0.0040024 -0.00480324 0.00533077 0.0136177 -0.0037523
internal_weight=51831.3 21687.7 3129.72 2839.29 18557.9 934.594 371.812 17623.3 2153.58 370.272 1783.31 2632.06 269.993 230.911
internal_count=236752 98111 13964 12648 84147 4279 1703 79868 10024 1652 8372 11723 1177 1033
cat_boundaries=0 1 2 3 4
cat_threshold=551 387 139 546
is_linear=0
shrinkage=0.03


Tree=292
num_leaves=15
num_cat=2
split_feature=25 46 10 40 35 19 40 7 35 8 45 46 12 40
split_gain=17.3091 18.9804 17.0817 69.0559 63.4259 38.6884 37.9355 55.0952 42.9777 50.2302 45.0726 71.391 40.0576 33.119
threshold=-1.7597486209333346 0 -0.8087283638101801 0.26802853220345785 0.54420626608991973 -3.1704313602987755 -1.6823852431989177 -0.16433579444947768 -1.3730688873722234 0.74045805086506056 0.82003013930442969 1 0.0096759448772127648 -0.62115575546277624
decision_type=8 1 8 10 10 2 10 10 10 10 10 1 2 10
left_child=1 -1 3 6 5 -5 7 -2 -8 10 11 -10 -13 -4
right_child=2 -3 13 4 -6 -7 8 -9 9 -11 -12 12 -14 -15
leaf_value=0.0084931107464346605 -0.00022425197033638551 0.0011188680584542096 -0.0023366721746040991 -0.0036107606999960656 0.0061144213103232039 -0.014710549261782259 -0.003401148946336014 -0.018513912172057244 0.0012179541087862229 -0.0076859183700011286 0.0028278162840081355 0.0035525652169887492 0.019002050296982743 3.4576878890827929e-05
leaf_weight=410.24680824577808 898.23458766937256 1217.6260977834463 6285.759527862072 698.24279388040304 356.73441618680954 475.41918259859085 892.17786471545696 167.59061126410961 639.14335495233536 330.69494733214378 5153.2275644987822 210.8225894421339 574.78902064263821 33551.826494239271
leaf_count=1848 4293 5733 29467 3307 1600 2251 4255 903 2839 1525 23337 958 2537 151990
internal_value=4.15264e-05 0.00307647 -5.7415e-05 0.00102487 -0.00484012 -0.00819328 0.00204148 -0.00324548 0.00276707 0.00356739 0.00414393 0.00885133 0.0147673 -0.000340062
internal_weight=51862.5 1627.87 50234.7 10397.1 1530.4 1173.66 8866.68 1065.83 7800.86 6908.68 6577.98 1424.75 785.612 39837.6
internal_count=236843 7581 229262 47805 7158 5558 40647 5196 35451 31196 29671 6334 3495 181457
cat_boundaries=0 1 2
cat_threshold=3 513
is_linear=0
shrinkage=0.03


Tree=293
num_leaves=15
num_cat=0
split_feature=14 19 37 40 16 40 7 9 37 30 10 19 40 2
split_gain=21.239 18.3958 19.4558 20.5517 26.7829 24.3102 19.5834 19.2107 29.1283 29.1279 26.6584 18.5258 17.8332 30.4303
threshold=0.035386631716906543 7.4684236787910816 -0.168120860542564 1.5956037031214281 0.90448780506452986 1.9051525020390836 1.227698812577056 1.7463013869021586 -0.26552000496557121 3.5000000000000004 1.535301108677998 9.8176818784525466 2.4337304276749538 1.2439947891916816
decision_type=8 2 10 10 10 10 10 8 8 2 10 2 10 10
left_child=-1 7 -3 11 -5 -6 -7 12 -9 10 -10 -4 -2 -14
right_child=1 2 3 4 5 6 -8 8 9 -11 -12 -13 13 -15
leaf_value=0.0053307179048270852 -8.0115904492167797e-05 0.015804766472113412 0.0009678416127996578 0.019643984654244894 0.012970573348626153 -0.011383890201880483 0.0041747936835524477 0.011294481946785111 -0.013144707340346418 0.00011629114988914512 1.5811922158647977e-05 -0.012186388239907919 -0.010670175658466698 0.0041283773968709605
leaf_weight=636.94549454748631 47932.52052538842 91.963237419724464 759.77091629803181 104.93850466609001 141.67213763296604 107.76870256662369 181.61450673639774 96.070602223277092 464.68678359687328 527.70047722756863 195.57622371613979 100.18111179769039 348.07344993948936 185.44990915060043
leaf_count=2966 219108 394 3399 450 626 484 789 415 2189 2356 918 462 1591 819
internal_value=-7.09974e-05 -0.000139174 0.00313652 0.00219547 0.00674808 0.00323442 -0.0018061 -0.000237753 -0.0038452 -0.00515361 -0.00930436 -0.000687042 -0.000141405 -0.00554496
internal_weight=51874.9 51238 1487.91 1395.95 535.994 431.055 289.383 49750.1 1284.03 1187.96 660.263 859.952 48466 533.523
internal_count=236966 234000 6604 6210 2349 1899 1273 227396 5878 5463 3107 3861 221518 2410
is_linear=0
shrinkage=0.03


Tree=294
num_leaves=15
num_cat=1
split_feature=39 40 40 35 39 45 42 46 39 38 30 12 14 2
split_gain=18.4244 53.8072 50.8682 53.5574 68.6408 47.394 39.9422 39.8682 36.5006 50.3995 42.6574 48.4379 39.1783 43.5346
threshold=-1.0357267802456829 -1.4006831705472742 -0.33772784196784383 1.1308423533500203 -1.3764709502659043 1.3801405940462932 0.95000000000000007 0 -0.65366303929414526 -0.82475024927459251 2.5000000000000004 0.011108074627504037 0.78000774593338662 1.1328993255676181
decision_type=10 10 10 10 10 8 10 1 10 10 2 2 8 10
left_child=2 -2 3 5 -5 6 7 -1 9 10 -3 -12 13 -11
right_child=1 8 -4 4 -6 -7 -8 -9 -10 12 11 -13 -14 -15
leaf_value=0.0057454306036791554 -0.010913074315417076 -0.001029529443191431 0.012692567564093671 0.0077620091457301574 -0.023104082716507844 0.011954715887873654 -0.0060435471477360593 -4.190580520744678e-05 0.00028961897826619489 -0.0013130412191291979 0.0060388832967937425 -0.016375592810247946 -0.0079210875689038809 0.0073569072769114436
leaf_weight=1550.9898307472467 400.56104682385921 459.24094639718533 342.14203327894211 95.74966499209404 167.7577810883522 360.51584492623806 653.07110843062401 3376.7601023241878 40145.559305489063 2345.8422402441502 97.310073167085648 550.54008568823338 567.75907306373119 659.42637349665165
leaf_count=7165 1928 2238 1538 442 778 1623 2974 15707 182265 10942 497 2769 2632 2984
internal_value=0.00011354 -0.000101905 0.00159971 0.000968597 -0.0120147 0.00156365 0.00087221 0.00179913 -2.88429e-06 -0.00250721 -0.00806939 -0.0129682 -0.000766081 0.000607438
internal_weight=51773.2 45226.2 6546.99 6204.84 263.507 5941.34 5580.82 4927.75 44825.7 4680.12 1107.09 647.85 3573.03 3005.27
internal_count=236482 206255 30227 28689 1220 27469 25846 22872 204327 22062 5504 3266 16558 13926
cat_boundaries=0 1
cat_threshold=84
is_linear=0
shrinkage=0.03


Tree=295
num_leaves=15
num_cat=1
split_feature=20 7 2 32 35 16 1 30 46 12 30 34 40 37
split_gain=19.0585 33.1833 27.6047 21.2202 20.9455 43.0379 43.5189 53.4061 47.4422 45.5634 45.2263 41.0544 47.5418 46.3553
threshold=1.1683926617689442 -0.21566509816164434 2.0035216713602439 -1.0650531264300354 0.3860650771882464 0.077679555075364545 0.0045388376519820564 4.5000000000000009 0 0.013458852404069863 1.5000000000000002 -0.60570974490018104 0.033231263131204142 0.26962193554358999
decision_type=10 10 10 10 10 8 8 2 1 2 2 10 10 10
left_child=4 -2 3 -3 -1 -6 -7 10 -9 -10 11 -8 13 -13
right_child=1 2 -4 -5 5 6 7 8 9 -11 -12 12 -14 -15
leaf_value=-8.1836724925706683e-05 0.014754654499637868 0.0048408573041737544 0.010774235308151497 -0.003197127863446603 0.020356509875801749 0.0095137595472763944 0.011518442385927479 0.0047746668701074569 0.00045128156076395989 -0.0069939767574665164 0.0033944531059841854 -0.00092881341177728947 0.0014301602771891256 -0.011029538125718675
leaf_weight=31918.619066692889 97.520378232002258 311.69171617925167 134.53001587092876 3796.0440659970045 95.537180095911026 527.88692533969879 231.73276907205582 682.52280861884356 1264.1366974711418 1769.5508495047688 6792.6740694865584 998.96956570446491 2496.3761401623487 684.71877501904964
leaf_count=147281 436 1355 578 17107 435 2278 1045 3156 5784 8303 29792 4456 11419 3194
internal_value=0.000183915 -0.00171676 -0.0021292 -0.00257694 0.000358029 0.00126073 0.00112955 0.000826745 -0.00228565 -0.00388748 0.00186016 -0.000504471 -0.00119689 -0.00507742
internal_weight=51802.5 4339.79 4242.27 4107.74 47462.7 15544.1 15448.6 14920.7 3716.21 3033.69 11204.5 4411.8 4180.06 1683.69
internal_count=236619 19476 19040 18462 217143 69862 69427 67149 17243 14087 49906 20114 19069 7650
cat_boundaries=0 1
cat_threshold=264
is_linear=0
shrinkage=0.03


Tree=296
num_leaves=15
num_cat=0
split_feature=38 41 36 6 9 17 30 11 30 40 38 40 38 39
split_gain=17.2252 43.6906 46.4842 52.6721 33.4565 30.5515 29.6514 27.7988 29.1278 27.0964 51.8647 48.355 46.9962 35.6044
threshold=1.4041492577238197 0.45000000000000007 -0.60555082686873918 1.3395445663157068 0.77087661901254134 0.24523342518416608 4.5000000000000009 1.2901311524623507 3.5000000000000004 2.1477240328456606 0.11581748505650408 1.6877905140902369 1.1114033660178195 0.74576088861288625
decision_type=8 2 10 10 8 2 2 10 2 10 10 10 10 10
left_child=9 4 -3 5 -2 7 -5 8 -4 11 -11 -1 -12 -13
right_child=1 2 3 6 -6 -7 -8 -9 -10 10 12 13 -14 -15
leaf_value=-0.0002125547691126168 0.021417954074026673 0.016849191559777852 0.001272332390026925 0.0077179550570635087 0.0024709673594169842 -0.0035716222809375484 -0.0053763494270482534 -0.0097443612300665578 0.016040481874569669 0.01307331296632064 -0.014763306270289411 -0.010336889015323951 0.0062706624526997655 0.0072257540765648968
leaf_weight=45426.598306134343 162.83494621515274 149.2472590059042 319.77550077438354 976.78876335918903 168.70299698412418 2180.2138228416443 177.41818358004093 100.68094688653946 184.46277914941311 95.701871365308762 407.52997279167175 105.22946068644524 117.7634417116642 1164.4110503792763
leaf_count=208437 696 640 1430 4232 718 9829 776 464 814 421 1867 446 527 5025
internal_value=3.34058e-05 0.00182221 0.000958692 0.00031552 0.0121314 -0.00191843 0.00567628 0.00400109 0.00688175 -0.000134045 -0.00630922 -5.05901e-05 -0.0100187 0.00570073
internal_weight=51737.4 4420.13 4088.59 3939.34 331.538 2785.13 1154.21 604.919 504.238 47317.2 620.995 46696.2 525.293 1269.64
internal_count=236322 19599 18185 17545 1414 12537 5008 2708 2244 216723 2815 213908 2394 5471
is_linear=0
shrinkage=0.03


Tree=297
num_leaves=15
num_cat=0
split_feature=38 32 37 38 11 30 1 39 10 30 11 1 33 9
split_gain=17.0315 20.2105 17.4804 48.6309 63.8868 65.8933 67.3742 64.0123 53.6121 53.6799 60.1254 62.2583 54.7738 46.3651
threshold=-2.9320192544958776 -0.74634506165403136 -0.14960318950031029 -0.39128851551495386 0.32476939719987769 1.0000000180025095e-35 0.01964875227090029 0.45834371885149988 0.69989552160954183 1.5000000000000002 -1.1960634667706789 0.011936946193804922 -0.51427628416339022 -1.190378811577141
decision_type=8 10 8 10 8 2 8 10 10 2 10 10 10 10
left_child=1 -1 3 4 8 -6 7 -7 9 -2 11 -11 -12 -5
right_child=2 -3 -4 13 5 6 -8 -9 -10 10 12 -13 -14 -15
leaf_value=-0.00026792353661673975 0.002570945652319483 -0.01936568839313705 -0.00048605277909480267 0.0091122183294859715 -0.007001859291362063 -0.00042813939643644142 0.013460766832717765 0.010800561603801087 -0.012806555123976677 -0.0032834868355519154 -0.00025097115273190298 0.0088322781346951984 -0.0064850854456344458 0.0017213839020178878
leaf_weight=112.70711004734039 2424.2882534861565 79.862216413021088 31086.678336881101 856.93846355378628 499.69400994479656 1821.3158339336514 613.38976320624352 599.6345367282629 366.78717647492886 771.02651484310627 2055.1605071946979 738.44390425086021 3306.9797640517354 6506.5680449455976
leaf_count=547 11144 428 140918 3865 2251 8477 2659 2625 1688 3731 9773 3343 15981 29394
internal_value=-7.13181e-05 -0.00875315 -3.7259e-05 0.000641215 -0.00044881 0.00299739 0.00466165 0.00238604 -0.00171102 -0.00125993 -0.00261323 0.00266275 -0.00410064 0.00259269
internal_weight=51839.5 192.569 51646.9 20560.2 13196.7 3534.03 3034.34 2420.95 9662.69 9295.9 6871.61 1509.47 5362.14 7363.51
internal_count=236824 975 235849 94931 61672 16012 13761 11102 45660 43972 32828 7074 25754 33259
is_linear=0
shrinkage=0.03


Tree=298
num_leaves=15
num_cat=0
split_feature=19 16 45 9 1 37 39 12 1 16 9 39 10 9
split_gain=14.2309 44.7505 52.1729 45.0369 42.8342 39.8014 52.9001 45.8167 43.4696 37.4713 35.4914 35.2 28.4775 37.1122
threshold=-1.2121078981046487 0.34065544936649755 2.0469136601558473 -0.33209358678165296 0.011220068065772457 -0.91978443267836818 0.45834371885149988 0.05739229260881145 0.045729998685652619 0.64182312673113373 0.88237111477746388 -0.19828055554896398 -0.40155841452830537 -0.2236919965676479
decision_type=2 8 10 10 10 10 8 2 10 10 8 10 8 10
left_child=9 3 5 -2 -5 6 7 11 -7 10 12 -3 -1 -14
right_child=1 2 -4 4 -6 8 -8 -9 -10 -11 -12 -13 13 -15
leaf_value=0.00033904705453341769 -0.0079622070933955715 0.0045839163947545489 -0.018364118926897561 0.0036947497378233083 0.015536816047150938 8.8262199410930385e-05 0.014881783608418518 0.021799365188627295 -0.014618155123366209 -0.018549485437447333 -0.010872942609687446 -0.0051031169838394704 -0.0037935152520542203 0.001366227565284631
leaf_weight=15527.051073595881 182.83229786902666 810.11515054106712 125.7226450741291 833.37590003013611 407.07671613991261 26607.016125686467 349.70413595438004 88.372018441557884 172.12785832583904 93.690174028277397 281.22881118953228 563.92155607044697 3886.6336029246449 1844.0634120702744
leaf_count=71899 840 3739 580 3729 1832 119577 1508 372 790 464 1349 2587 18622 8683
internal_value=2.92039e-05 0.000450518 0.000192241 0.00562396 0.00767411 0.00028023 0.00457054 0.0020205 -1.16875e-05 -0.00055774 -0.000470908 0.000600093 -0.000328247 -0.00213369
internal_weight=51772.9 30140.3 28717 1423.28 1240.45 28591.3 1812.11 1462.41 26779.1 21632.7 21539 1374.04 21257.7 5730.7
internal_count=236571 135554 129153 6401 5561 128573 8206 6698 120367 101017 100553 6326 99204 27305
is_linear=0
shrinkage=0.03


Tree=299
num_leaves=15
num_cat=0
split_feature=35 37 40 35 8 36 37 37 34 40 36 37 34 39
split_gain=19.2535 38.1973 65.871 52.0764 50.3732 45.2207 31.9157 31.1579 60.5991 54.0713 58.8165 42.7068 53.2545 36.4711
threshold=0.3776549698963923 0.28806149561780026 -0.63477151805630216 1.2641128727513282 -0.2962846150946245 1.138033260898224 0.16253953710736502 0.39208276394391356 -1.0340497140448228 0.63945269243945102 0.22307006708742402 -0.29495649342061725 1.365404701834336 -1.2117676422949224
decision_type=8 8 8 10 10 10 10 10 10 10 10 10 10 10
left_child=7 3 -3 5 -5 -2 -7 11 -9 10 13 -1 -13 -10
right_child=1 2 -4 4 -6 6 -8 8 9 -11 -12 12 -14 -15
leaf_value=0.00018189199556771323 0.0047152636081899957 -0.00910633099009007 0.00036424106740826469 -0.011035117417688369 0.002816464324054968 -0.0061098317611665053 0.0099281595331702378 0.010536311933125471 0.019165721864996228 -0.0024612002625058662 -0.0036551477645957466 -0.0025932130393735661 0.011668679719596644 0.0039934659383478325
leaf_weight=14620.138899669051 5022.9686801433563 693.50422605872154 10924.703974947333 449.03867053985596 480.32217851281166 605.10044865310192 127.04243397712708 578.12854489684105 140.5957177951932 3116.8414883464575 979.15571720898151 10863.191527165473 231.12524220347404 3060.2068168073893
leaf_count=68059 22736 3326 48918 2015 2083 2637 556 2507 610 14192 4525 50023 1005 13874
internal_value=4.8877e-05 0.000831454 -0.000208413 0.00263645 -0.00392242 0.00370057 -0.00323062 -0.000377666 0.00127236 0.000524956 0.00275218 -0.000883276 -0.00228586 0.00471753
internal_weight=51892.1 18302.7 11618.2 6684.47 929.361 5755.11 732.143 33589.4 7874.93 7296.8 4179.96 25714.5 11094.3 3200.8
internal_count=237066 82271 52244 30027 4098 25929 3193 154795 35708 33201 19009 119087 51028 14484
is_linear=0
shrinkage=0.03


end of trees

feature_importances:
btc_ret_72=411
mkt_ret_72=382
btc_ret_24=251
vol_w=245
dow=237
ret_256=230
mkt_ret_24=197
beta=170
btc_ret_8=150
atr_pct=142
stoch_288=138
sym=138
ret_128=129
mkt_ret_8=126
ema_dist_200=119
vol_ratio=100
vol_d=95
ema_slope_50=80
stoch_96=75
breadth_24=72
ret_32=69
ret_64=61
mkt_ret_4=59
xs_rank_72=58
rel_ret_24=57
btc_ret_4=55
taker_dev=42
btc_ret_1=42
mkt_ret_1=39
stoch_24=37
trades_z=26
ret_16=24
rsi=23
ema_dist_50=19
ret_8=17
upper_wick=16
vol_z=12
taker_8=12
hour=11
ret_2=10
ema_dist_20=10
ret_4=7
xs_rank_24=6
ret_1=1

parameters:
[boosting: gbdt]
[objective: binary]
[metric: binary_logloss]
[tree_learner: serial]
[device_type: cpu]
[data_sample_strategy: bagging]
[data: ]
[valid: ]
[num_iterations: 300]
[learning_rate: 0.03]
[num_leaves: 15]
[num_threads: 4]
[seed: 7]
[deterministic: 0]
[force_col_wise: 0]
[force_row_wise: 0]
[histogram_pool_size: -1]
[max_depth: -1]
[min_data_in_leaf: 400]
[min_sum_hessian_in_leaf: 0.001]
[bagging_fraction: 0.7]
[pos_bagging_fraction: 1]
[neg_bagging_fraction: 1]
[bagging_freq: 1]
[bagging_seed: 17422]
[bagging_by_query: 0]
[feature_fraction: 0.7]
[feature_fraction_bynode: 1]
[feature_fraction_seed: 7040]
[extra_trees: 0]
[extra_seed: 6516]
[early_stopping_round: 0]
[early_stopping_min_delta: 0]
[first_metric_only: 0]
[max_delta_step: 0]
[lambda_l1: 0]
[lambda_l2: 10]
[linear_lambda: 0]
[min_gain_to_split: 0]
[drop_rate: 0.1]
[max_drop: 50]
[skip_drop: 0.5]
[xgboost_dart_mode: 0]
[uniform_drop: 0]
[drop_seed: 15215]
[top_rate: 0.2]
[other_rate: 0.1]
[min_data_per_group: 100]
[max_cat_threshold: 32]
[cat_l2: 10]
[cat_smooth: 10]
[max_cat_to_onehot: 4]
[top_k: 20]
[monotone_constraints: ]
[monotone_constraints_method: basic]
[monotone_penalty: 0]
[feature_contri: ]
[forcedsplits_filename: ]
[refit_decay_rate: 0.9]
[cegb_tradeoff: 1]
[cegb_penalty_split: 0]
[cegb_penalty_feature_lazy: ]
[cegb_penalty_feature_coupled: ]
[path_smooth: 0]
[interaction_constraints: ]
[verbosity: -1]
[saved_feature_importance_type: 0]
[use_quantized_grad: 0]
[num_grad_quant_bins: 4]
[quant_train_renew_leaf: 0]
[stochastic_rounding: 1]
[linear_tree: 0]
[max_bin: 255]
[max_bin_by_feature: ]
[min_data_in_bin: 3]
[bin_construct_sample_cnt: 200000]
[data_random_seed: 61]
[is_enable_sparse: 1]
[enable_bundle: 1]
[use_missing: 1]
[zero_as_missing: 0]
[feature_pre_filter: 1]
[pre_partition: 0]
[two_round: 0]
[header: 0]
[label_column: ]
[weight_column: ]
[group_column: ]
[ignore_column: ]
[categorical_feature: 46]
[forcedbins_filename: ]
[precise_float_parser: 0]
[parser_config_file: ]
[objective_seed: 15521]
[num_class: 1]
[is_unbalance: 0]
[scale_pos_weight: 1]
[sigmoid: 1]
[boost_from_average: 1]
[reg_sqrt: 0]
[alpha: 0.9]
[fair_c: 1]
[poisson_max_delta_step: 0.7]
[tweedie_variance_power: 1.5]
[lambdarank_truncation_level: 30]
[lambdarank_norm: 1]
[label_gain: ]
[lambdarank_position_bias_regularization: 0]
[eval_at: ]
[multi_error_top_k: 1]
[auc_mu_weights: ]
[num_machines: 1]
[local_listen_port: 12400]
[time_out: 120]
[machine_list_filename: ]
[machines: ]
[gpu_platform_id: -1]
[gpu_device_id: -1]
[gpu_device_id_list: ]
[gpu_use_dp: 0]
[num_gpu: 1]

end of parameters

pandas_categorical:[]
