tree
version=v4
num_class=1
num_tree_per_iteration=1
label_index=0
max_feature_idx=46
objective=binary sigmoid:1
feature_names=vol_d vol_w vol_ratio ret_1 ret_2 ret_4 ret_8 ret_16 ret_32 ret_64 ret_128 ret_256 atr_pct rsi stoch_24 stoch_96 stoch_288 ema_dist_20 ema_dist_50 ema_dist_200 ema_slope_50 vol_z taker_1 taker_8 taker_dev trades_z body upper_wick lower_wick hour dow mkt_ret_1 btc_ret_1 mkt_ret_4 btc_ret_4 mkt_ret_8 btc_ret_8 mkt_ret_24 btc_ret_24 mkt_ret_72 btc_ret_72 breadth_24 xs_rank_24 xs_rank_72 rel_ret_24 beta sym
feature_infos=[0.00052815257285610321:0.32200409337103308] [0.0017681497233405178:0.15114284116552595] [0.096899893637738585:2.6488389739903981] [-6.7439252589666143:6.824934105850736] [-6.1343957645781186:6.9849973030921477] [-5.8145339439821431:5.8966670330955759] [-4.9154920641650834:5.6455616907338353] [-4.7988070675390464:5.3765480864204847] [-3.7698607615868118:4.4313640175974323] [-4.5526624194116962:4.3989813964608224] [-4.225822447306065:4.5242801305944846] [-5.6393561349127115:5.6944290831404754] [0.001854416062408731:1.0169892010256218] [0:98.385825955312484] [0:1] [0:1] [0:1] [-6.8421098957312454:8.8721317139828511] [-7.9318818641313769:9.6603765891867255] [-25.323214328631941:14.211010731033992] [-2.5392894889454651:9.1279914549416823] [-6.5737700620381219:5.4665894185089376] [-0.48448074489536191:0.48642615183304927] [-0.34651279881037167:0.47463252447521709] [-0.37047981682307718:0.33304917038811305] [-6.4620543530466081:5.5929171548997223] [-1:1] [0:1] [0:1] [0:22] [0:6] [-8.67288987925388:7.3499954238517287] [-9.0357795633810571:9.3586633506186754] [-6.3546634702206672:6.9033954562585116] [-7.285067626945799:6.2937281352962673] [-5.4315490751676316:5.5130522845373404] [-6.2089260769812986:5.518842989227605] [-4.5672843646418864:4.770867185434156] [-4.909094252859628:4.8409525958633326] [-3.2784195061451658:3.8131348467622841] [-3.8179481386363885:4.0146718798546717] [0:1] [0.10000000000000001:1] [0.10000000000000001:1] [-1.0589438330651799:2.0849530993778389] [0.30139038882084707:3.0698903829091435] -1:1:0:2:5:4:8:6:9:3:7
tree_sizes=1782 1834 1822 1828 1824 1808 1817 1814 1818 1823 1825 1825 1807 1811 1836 1830 1831 1809 1837 1812 1814 1802 1812 1829 1814 1831 1835 1816 1806 1833 1831 1830 1838 1809 1839 1807 1831 1847 1836 1832 1824 1811 1812 1825 1838 1809 1816 1843 1836 1843 1816 1812 1831 1813 1840 1819 1823 1827 1823 1815 1834 1829 1841 1814 1823 1818 1811 1819 1822 1823 1815 1835 1822 1821 1840 1820 1835 1811 1813 1811 1833 1824 1811 1832 1807 1803 1814 1836 1809 1816 1819 1817 1796 1822 1824 1837 1799 1810 1817 1804 1799 1817 1816 1844 1824 1817 1813 1803 1842 1839 1816 1829 1822 1810 1813 1816 1810 1817 1830 1854 1805 1812 1811 1815 1807 1816 1805 1813 1805 1789 1822 1811 1830 1839 1790 1797 1807 1835 1813 1811 1815 1838 1838 1815 1800 1819 1814 1821 1818 1826 1807 1821 1818 1818 1816 1812 1828 1808 1820 1823 1817 1811 1833 1843 1801 1804 1793 1802 1807 1832 1810 1818 1823 1813 1825 1831 1824 1777 1806 1814 1818 1812 1806 1804 1812 1818 1810 1810 1823 1807 1790 1820 1809 1800 1818 1804 1822 1820 1824 1818 1824 1807 1840 1817 1815 1790 1825 1797 1810 1780 1828 1820 1833 1828 1809 1807 1821 1813 1815 1814 1809 1798 1801 1812 1817 1816 1818 1805 1837 1808 1798 1840 1827 1825 1809 1783 1817 1815 1819 1804 1805 1810 1804 1795 1782 1800 1806 1805 1828 1812 1799 1821 1835 1805 1841 1821 1822 1823 1803 1823 1821 1814 1830 1840 1825 1844 1826 1826 1817 1824 1829 1824 1840 1833 1815 1804 1827 1806 1829 1838 1810 1815 1807 1807 1832 1801 1819 1798 1820 1818 1831 1798 1812 1832 1806 1828 1830 1815 1822 1828

Tree=0
num_leaves=15
num_cat=1
split_feature=39 30 46 11 38 35 39 35 11 6 38 30 9 16
split_gain=357.872 221.466 214.395 203.086 164.396 129.163 120.912 110.78 125.58 105.871 102.189 99.9594 87.3251 85.2244
threshold=0.85801550348664568 2.5000000000000004 0 1.867882537779463 1.5031408212335216 -1.2670852685522576 -1.0738947517226278 0.96189808060690474 -0.52699610973355837 0.92267637089513188 0.90812989399343624 4.5000000000000009 -1.7189852790298679 0.077444765745572769
decision_type=10 2 1 8 10 10 10 10 8 10 10 2 10 10
left_child=2 4 6 11 5 -2 12 8 -7 13 -4 -3 -1 -8
right_child=1 3 10 -5 -6 7 9 -9 -10 -11 -12 -13 -14 -15
leaf_value=-0.59740628421728503 -0.60734525341854273 -0.59800974460966139 -0.58406454060827329 -0.57669903073942552 -0.59475563972302248 -0.55909992837859335 -0.56893819005490043 -0.58879154835973158 -0.57937519362457923 -0.58578280564760965 -0.59028998478606354 -0.59033809137704751 -0.58377110775870145 -0.57917927626087384
leaf_weight=495.28473496437073 153.98643732070923 2853.8053615093231 19806.56295800209 679.83862924575806 1000.6820120811462 298.31999349594116 764.87591552734375 992.17828345298767 2631.3294341564178 2132.3674111366272 2686.0290939807892 3343.574164390564 2584.2141809463501 13982.198339223862
leaf_count=2155 670 12417 86179 2958 4354 1298 3328 4317 11449 9278 11687 14548 11244 60837
internal_value=-0.584093 -0.588676 -0.582801 -0.59218 -0.583922 -0.581242 -0.58054 -0.580161 -0.577232 -0.579541 -0.58481 -0.593887 -0.586 -0.578638
internal_weight=54405.2 11953.7 42451.5 6877.22 5076.5 4075.81 19958.9 3921.83 2929.65 16879.4 22492.6 6197.38 3079.5 14747.1
internal_count=236719 52011 184708 29923 22088 17734 86842 17064 12747 73443 97866 26965 13399 64165
cat_boundaries=0 1
cat_threshold=752
is_linear=0
shrinkage=1


Tree=1
num_leaves=15
num_cat=1
split_feature=38 46 38 1 45 45 10 19 36 44 37 35 10 1
split_gain=342.176 206.767 112.799 110.096 99.6141 96.66 90.4919 91.5401 82.5358 82.5 67.7503 67.6221 63.0731 73.4364
threshold=1.3468833293474443 0 -1.3963147451623739 0.01678323449312492 1.3035283162150055 1.1984164949940492 -1.1681424311725912 1.0000000180025095e-35 1.1945234176182644 -0.031840435521493141 -0.85246532138472741 0.97979270331504298 0.083824847256704943 0.014171956114303904
decision_type=10 1 10 10 8 8 10 2 10 8 10 10 10 10
left_child=1 4 3 -3 6 -4 -1 12 -2 10 -6 -9 -8 -14
right_child=8 2 5 -5 9 -7 7 11 -10 -11 -12 -13 13 -15
leaf_value=-0.0035103282401279978 -0.0041117090467204537 0.0087298690916329264 -0.0020266175001813691 -0.0071942262626103828 -0.014906769153628008 0.0029629458681069668 0.004024884728412479 0.0018833901636988997 -0.011976076722247484 0.01116467852615801 0.0054054469692763826 -0.006259474916061358 0.014506137520749196 -0.0018951341671716612
leaf_weight=2086.0635541379452 2821.1329963058233 1903.5570062398911 23722.601281329989 482.89601044356823 202.39403691887856 4088.5823421031237 6689.9624867737293 5102.2585372030735 2103.4012488126755 2202.3117085844278 476.01426792144775 1108.7566647529602 1121.7236496955156 311.09559413790703
leaf_count=9070 12291 8282 103236 2101 880 17790 29080 22192 9169 9575 2069 4830 4875 1352
internal_value=4.5165e-05 0.00079602 -0.000754325 0.00549107 0.00321954 -0.00129229 0.00231546 0.00316517 -0.00748825 0.00835804 -0.000782943 0.000422045 0.00525958 0.0109566
internal_weight=54422.8 49498.2 30197.6 2386.45 19300.6 27811.2 16419.9 14333.8 4924.53 2880.72 678.408 6211.02 8122.78 1432.82
internal_count=236792 215332 131409 10383 83923 121026 71399 62329 21460 12524 2949 27022 35307 6227
cat_boundaries=0 1
cat_threshold=240
is_linear=0
shrinkage=0.03


Tree=2
num_leaves=15
num_cat=2
split_feature=40 46 24 45 46 18 2 0 16 18 16 35 8 39
split_gain=340.763 190.167 123.374 115.478 95.7925 75.6146 75.4127 70.6112 116.609 74.0469 64.4234 63.2957 74.2826 73.9535
threshold=1.6870672059675229 0 -0.013272953992628509 1.2150108939445896 1 3.1110367134742472 0.28864698770703151 0.017745130745419797 0.081852983406190225 2.3904587678104039 0.17057284664892011 0.97979270331504298 -0.43706534755811116 -1.0559787094162867
decision_type=10 1 10 8 1 2 10 10 10 2 8 10 10 10
left_child=1 3 10 6 -2 -4 -1 8 -5 -10 -3 13 -13 -8
right_child=4 2 5 7 -6 -7 11 -9 9 -11 -12 12 -14 -15
leaf_value=0.024182372588630634 -0.016504749223199937 0.0093241431799151817 -0.0016898709096275499 0.026403944372428208 -0.0055782540764382441 -0.0086330867992173554 -0.0030790839181585915 0.0011678781002434889 0.0082296089066599184 -0.0071142936460855434 0.0012139155119790454 0.009401364786033959 -0.0055510388425921969 0.0028120739900603271
leaf_weight=120.3901702016592 1071.8611049801111 1034.1346392780542 18775.32008060813 292.92739273607731 2305.2115786969662 1517.5365256518126 2229.718563914299 1698.9388237148523 3488.7930590063334 300.43248248100281 5687.6366855949163 342.36723963916302 1986.9494619816542 13386.393807411194
leaf_count=523 4677 4498 81742 1270 10058 6619 9702 7381 15145 1308 24762 1489 8662 58154
internal_value=6.38556e-05 0.000677306 -0.00104607 0.00262856 -0.00914994 -0.00221309 0.00144702 0.00631651 0.00845122 0.00699753 0.00247366 0.00128111 -0.00332251 0.00196948
internal_weight=54238.6 50861.5 27014.6 23846.9 3377.07 20292.9 18065.8 5781.09 4082.15 3789.23 6721.77 17945.4 2329.32 15616.1
internal_count=235990 221255 117621 103634 14735 88361 78530 25104 17723 16453 29260 78007 10151 67856
cat_boundaries=0 1 2
cat_threshold=752 131
is_linear=0
shrinkage=0.03


Tree=3
num_leaves=15
num_cat=2
split_feature=40 6 45 46 46 10 40 11 37 15 45 11 24 19
split_gain=321.875 223.555 192.848 93.3016 89.8309 117.971 108.614 170.675 118.377 110.869 88.4535 77.0117 73.7234 77.191
threshold=1.6870672059675229 1.337084398311241 1.2045552689931824 0 1 -1.0549041815184024 -1.7429079314650811 -0.55015613235260041 -1.6673769028775485 0.13445852917438161 0.74409656860861739 0.19579238990829287 -0.013537337175023976 -5.6038527929797137
decision_type=10 10 8 1 1 8 10 10 10 10 10 10 10 2
left_child=1 2 4 -4 5 10 7 9 -8 -6 -1 -7 -10 -14
right_child=-2 -3 3 -5 6 11 8 -9 12 -11 -12 -13 13 -15
leaf_value=-0.027676837793196542 -0.0090720408475583863 -0.0064654280547643576 0.0022271524100181375 0.0083649996264353009 0.0062771845323552726 0.0056195268981835437 0.0082922881562841368 -0.01079383962959644 0.0011814701377052775 0.032138174011005605 -0.0026839429358905321 3.6875696320280402e-05 -0.0088125038621695607 -0.0019790561435572883
leaf_weight=127.63884910941124 3362.6571614295244 3827.8792596161366 4991.5338845402002 4059.1706706881523 332.40253835916519 6315.4407814443111 1122.4637444615364 252.45453642308712 6247.6223540902138 270.12644302845001 1771.5712799429893 3429.9613659828901 1625.8244961500168 16602.747530907393
leaf_count=555 14711 16699 21686 17593 1445 27409 4876 1098 27179 1175 7704 14904 7076 72317
internal_value=-9.63227e-05 0.000497418 0.00106396 0.00499781 0.000128361 0.00232171 -0.000838199 0.00961774 -0.00119137 0.0182066 -0.00449979 0.00365673 -0.00162949 -0.00259304
internal_weight=54339.5 50976.8 47149 9050.7 38098.3 11644.6 26453.6 854.984 25598.7 602.529 1899.21 9745.4 24476.2 18228.6
internal_count=236427 221716 205017 39279 165738 50572 115166 3718 111448 2620 8259 42313 106572 79393
cat_boundaries=0 1 2
cat_threshold=396 112
is_linear=0
shrinkage=0.03


Tree=4
num_leaves=15
num_cat=2
split_feature=40 6 46 24 45 10 1 35 46 0 16 17 39 0
split_gain=348.158 221.919 185.568 116.067 115.029 100.543 95.4342 85.9744 77.7061 76.1927 98.7424 85.1004 71.4198 69.891
threshold=1.6870672059675229 1.3688808521291833 0 -0.019234576939327976 1.2150108939445896 -1.1681424311725912 0.016905012004062251 -0.60535529606763605 1 0.019971613223793674 0.077444765745572769 -0.22160385118851303 -0.49569516541271452 0.012991931096101608
decision_type=10 10 1 10 8 8 10 10 1 10 10 2 10 10
left_child=1 2 4 -4 5 6 -1 -2 -9 10 -6 -11 -3 -8
right_child=7 12 3 -5 9 -7 13 8 -10 11 -12 -13 -14 -15
leaf_value=-0.0011101902141105802 -0.022667521874533376 0.0044140461050088484 0.0036701077088344834 -0.0015768913954626619 0.024505351761253381 0.0028513107331923689 0.00090468699683738264 -0.014605002138192514 -0.0041783348589788435 -0.0079079379064792704 0.0074403321592141506 0.0082118730001549938 -0.0080962457275693053 -0.02605977927328039
leaf_weight=1874.5226306766272 376.06962111592293 464.98187005519867 4657.0096359848976 20283.635646179318 323.42812168598175 14601.764983564615 126.93929985165596 943.41240091621876 2064.2136719375849 582.61835530400276 3994.5332998335361 576.41677433252335 3177.7847057133913 257.32531759142876
leaf_count=8161 1648 2028 20245 88373 1391 63379 552 4148 9046 2527 17278 2498 13894 1121
internal_value=1.30282e-05 0.000632975 0.00118318 -0.000595835 0.00316774 0.00193995 -0.00393811 -0.00929088 -0.00754871 0.00694278 0.00877222 0.000110511 -0.00649165 -0.0173552
internal_weight=54304.7 50921 47278.2 24940.6 22337.5 16860.6 2258.79 3383.7 3007.63 5477 4317.96 1159.04 3642.77 384.265
internal_count=236289 221447 205525 108618 96907 73213 9834 14842 13194 23694 18669 5025 15922 1673
cat_boundaries=0 1 2
cat_threshold=752 131
is_linear=0
shrinkage=0.03


Tree=5
num_leaves=15
num_cat=0
split_feature=39 30 11 38 45 35 30 1 18 39 35 40 30 38
split_gain=286.87 249.548 191.613 142.971 134.183 122.486 115.308 99.7737 90.2441 96.7448 89.137 115.812 107.708 78.8499
threshold=0.85801550348664568 2.5000000000000004 2.029749964309405 1.4041492577238197 1.2045552689931824 -1.2670852685522576 4.5000000000000009 0.0061150993928719066 0.93559270866797595 -1.1929641045859751 0.7831125544186831 0.3695175657323152 1.0000000180025095e-35 0.71212472616994094
decision_type=10 2 8 10 8 10 2 10 2 8 10 10 2 10
left_child=4 3 6 5 13 -2 -3 -8 9 -6 11 -7 -13 -1
right_child=1 2 -4 -5 8 10 7 -9 -10 -11 -12 12 -14 -15
leaf_value=0.00096212353014684976 -0.022010962739837419 -0.013682088462995673 0.009981082333853487 -0.0086449529879283199 -0.0025631095537775005 -0.0045818138638675692 -0.021553409908213313 -0.0038764827121505283 -0.001713358039721762 0.0077167549244924367 -0.0021415263396449046 0.0017602534342554764 0.015957948249012227 -0.0028987543345724569
leaf_weight=28731.593023821712 152.34920527040958 2899.7143975496292 493.26570853590965 1096.9569152444601 963.00049428641796 543.57659554481506 307.72669525444508 3108.3507410436869 1620.9718388170004 5526.3661229759455 1204.8242394775152 751.5843221694231 1338.83369576931 5695.9093067497015
leaf_count=124932 668 12707 2146 4824 4173 2359 1346 13575 7038 23911 5263 3267 5817 24834
internal_value=-1.08845e-05 -0.00412692 -0.00787853 0.00089919 0.00114101 0.00353741 -0.00928695 -0.00552712 0.00460996 0.00618966 0.00460589 0.00768867 0.010886 0.000322699
internal_weight=54435 11897.2 6809.06 5088.12 42537.8 3991.17 6315.79 3416.08 8110.34 6489.37 3838.82 2633.99 2090.42 34427.5
internal_count=236860 51972 29774 22198 184888 17374 27628 14921 35122 28084 16706 11443 9084 149766
is_linear=0
shrinkage=0.03


Tree=6
num_leaves=15
num_cat=0
split_feature=39 30 11 38 30 1 38 35 6 37 30 0 36 37
split_gain=295.347 222.347 196.942 124.697 196.935 122.697 116.267 117.515 112.276 100.62 100.575 94.2779 109.477 109.151
threshold=0.93687248228760756 2.5000000000000004 2.0921551643894545 1.0314530475032557 3.5000000000000004 0.0060426099080760666 2.3167264682209381 -1.2670852685522576 0.92267637089513188 0.30853491651230164 4.5000000000000009 0.021319088173311442 -0.21263457927127294 -1.6673769028775485
decision_type=10 2 8 10 2 10 10 10 8 10 2 10 10 10
left_child=3 6 5 11 9 -3 7 -2 -9 -5 -7 13 -13 -1
right_child=1 2 -4 4 -6 10 -8 8 -10 -11 -12 12 -14 -15
leaf_value=0.0090533543085822878 -0.025218574286649371 -0.023520698208224833 0.011841815736521001 -0.014243294937322026 -0.012361070748156169 -0.012772885462205638 -0.016200629182745754 0.0058347365005910253 -0.0051155487328827026 0.0030006580650839957 -0.0044108159879747274 -0.0073676954926421298 0.0023944907718607402 0.0017357785046648077
leaf_weight=1933.2446769326925 129.54210552573204 511.22488197684288 404.96643200516701 335.89519287645817 1524.9817656576633 2365.2451468259096 336.18137656152248 3000.0563645213842 1161.6166029274464 2539.7093072384596 2881.8456811457872 2127.7577623873949 1994.9600763469934 33071.175614967942
leaf_count=8377 572 2252 1757 1464 6654 10407 1486 13042 5091 11088 12601 9246 8673 143651
internal_value=-3.36194e-06 -0.00444396 -0.00817065 0.00109824 -0.00368429 -0.00959616 0.000526592 0.00187165 0.00277333 0.000944037 -0.00819733 0.00163694 -0.00264946 0.00214239
internal_weight=54318.4 10790.7 6163.28 43527.7 4400.59 5758.32 4627.4 4291.22 4161.67 2875.6 5247.09 39127.1 4122.72 35004.4
internal_count=236361 47208 27017 189153 19206 25260 20191 18705 18133 12552 23008 169947 17919 152028
is_linear=0
shrinkage=0.03


Tree=7
num_leaves=15
num_cat=0
split_feature=40 6 1 23 38 0 10 37 9 40 1 40 15 40
split_gain=251.746 204.692 83.9192 82.3649 76.9363 95.7037 118.278 105.945 108.276 89.7562 126.883 86.2044 179.554 92.4635
threshold=1.6870672059675229 1.2779479419286515 0.0094511772330750764 0.059816163208428315 0.71212472616994094 0.021319088173311442 -1.2227435401148412 -1.7842672868464209 -1.6691652982158918 1.3259151083592704 0.02208249380186186 -1.7429079314650811 0.19486031339430446 -1.002746323103848
decision_type=10 10 10 8 8 10 8 10 10 10 8 10 10 10
left_child=1 3 -2 4 5 7 -7 8 -1 10 -6 12 -9 -13
right_child=2 -3 -4 -5 9 6 -8 11 -10 -11 -12 13 -14 -15
leaf_value=-0.00467017717345229 -0.014083784287640819 -0.0057545369949622048 -0.0042345850392612634 0.0092952963068898536 -0.0044467679895936812 -0.016757753460365517 -0.00094567235912157183 0.0010772248867810734 0.014129840073526755 0.0061909395496722811 0.0090652439983195873 -0.0030439069736133677 0.032056717048847709 0.0020259479195947859
leaf_weight=354.50394350290298 1232.0543832778931 4191.071939304471 2122.987846493721 1083.5546731799841 6019.0823681503534 473.18579027056694 3595.2290874868631 490.1054879873991 1168.3180256634951 1091.9373426437378 688.50299052894115 3652.5009454488754 247.0876323133707 27956.305150344968
leaf_count=1535 5451 18363 9357 4708 26234 2064 15630 2127 5047 4764 2993 15862 1070 121371
internal_value=6.50924e-05 0.000589256 -0.00788256 0.00115822 0.000963455 0.00152134 -0.00282131 0.00204367 0.00975139 -0.00174861 -0.00304839 0.0016779 0.0117508 0.00143933
internal_weight=54366.4 51011.4 3355.04 46820.3 45736.8 37937.2 4068.41 33868.8 1522.82 7799.52 6707.59 32346 737.193 31608.8
internal_count=236576 221768 14808 203405 198697 164706 17694 147012 6582 33991 29227 140430 3197 137233
is_linear=0
shrinkage=0.03


Tree=8
num_leaves=15
num_cat=0
split_feature=39 11 11 45 0 15 16 39 35 35 40 15 39 38
split_gain=254.328 156.52 133.133 122.846 103.809 117.302 83.5869 78.6935 84.9833 87.5827 76.9754 222.781 134.207 103.58
threshold=0.85801550348664568 1.6665900934903779 -1.0145555769667107 1.2045552689931824 0.01792903437055653 0.79727262309086744 0.077444765745572769 2.1360955966638504 1.0726958192508407 -0.92245401666519544 -1.7429079314650811 0.19486031339430446 -1.8897943041667877 -1.3963147451623739
decision_type=8 8 10 8 10 10 10 10 10 10 10 10 10 10
left_child=3 2 -2 10 5 6 -5 8 9 -4 11 -1 -12 -14
right_child=1 -3 7 4 -6 -7 -8 -9 -10 -11 12 -13 13 -15
leaf_value=-0.0006933100952154817 0.010241688658346206 0.0042996244853503269 -0.016443064716570734 0.020541220132390087 -0.00085635371510388086 -0.0077988691851433728 0.0067634819413230846 0.0018282687698135932 -0.012526612726581902 -0.0042824670255303494 -0.024387331441003818 0.02683924965739528 0.0063013701517670145 -0.00023011393879917528
leaf_weight=869.29344500601292 465.47033779323101 1804.1455312222242 576.41801199316978 425.43347020447254 2332.5231540948153 457.49332240223885 4844.7099692076445 1018.7089761942625 1920.8427093923092 6087.3281040936708 190.42096516489983 369.87445190548897 2343.32256051898 30584.438163101673
leaf_count=3776 2032 7868 2534 1823 10125 1989 20916 4492 8473 26627 828 1595 10144 133028
internal_value=5.93689e-05 -0.00381981 -0.0052775 0.00114582 0.00447663 0.00664614 0.00791249 -0.00603958 -0.00697428 -0.00535743 0.000363343 0.00767385 8.75755e-05 0.000236475
internal_weight=54290.4 11872.9 10068.8 42417.5 8060.16 5727.64 5270.14 9603.3 8584.59 6663.75 34357.3 1239.17 33118.2 32927.8
internal_count=236250 52026 44158 184224 34853 24728 22739 42126 37634 29161 149371 5371 144000 143172
is_linear=0
shrinkage=0.03


Tree=9
num_leaves=15
num_cat=0
split_feature=38 45 6 12 35 1 18 15 19 9 1 24 38 11
split_gain=262.623 160.443 81.0124 84.9822 115.473 86.3019 77.4735 77.2497 74.3544 92.3962 119.66 117.553 94.7353 95.3445
threshold=1.4329404396638303 1.1818972534362657 1.2779479419286515 0.031336025669589318 -0.40710436421071405 0.018525181555048433 1.0019000063089538 0.42125360206406653 0.59687268363701451 0.4403983340318568 0.016276676857664627 -0.012471624977419575 -1.5020257269951001 -0.59564822891890634
decision_type=10 8 10 2 10 8 2 8 2 10 10 10 10 10
left_child=1 8 3 5 -5 6 -3 -7 9 10 11 -1 -13 -14
right_child=-2 2 -4 4 -6 7 -8 -9 -10 -11 -12 12 13 -15
leaf_value=0.0048015831250163253 -0.0072641342485406353 0.0061052529194719424 -0.0055300238064352287 -0.0088076189891735917 0.0044786903798183335 0.0026586098611115429 -0.0019916722300735361 0.018655212761613315 -0.0020224798642902012 0.0067025525674730378 -0.0049974184934562585 0.007388275062190682 -0.0042498805085370633 0.0012298424153871993
leaf_weight=5320.5865422189236 4222.6258689165115 5483.6301479637623 793.68487522006035 927.57488591969013 1572.3884576708078 415.9955135434866 1313.7021590173244 794.14221560955048 15333.284360587597 2067.4475107043982 3491.5381061583757 1224.6104524582624 5404.5075399428606 6044.5850696712732
leaf_count=23059 18608 23656 3475 4032 6814 1793 5710 3435 66943 8994 15190 5292 23490 26286
internal_value=-8.7794e-05 0.000517326 0.0036621 0.00436103 -0.000466451 0.00586689 0.00453975 0.0132231 -0.000397307 0.000661097 7.69182e-05 0.00106375 -0.000507989 -0.00135829
internal_weight=54410.3 50187.7 11301.1 10507.4 2499.96 8007.47 6797.33 1210.14 38886.6 23553.3 21485.8 17994.3 12673.7 11449.1
internal_count=236777 218169 48915 45440 10846 34594 29366 5228 169254 102311 93317 78127 55068 49776
is_linear=0
shrinkage=0.03


Tree=10
num_leaves=15
num_cat=1
split_feature=39 30 46 11 38 39 19 11 1 1 30 15 38 37
split_gain=239.809 230.706 169.081 161.383 114.774 114.444 122.806 114.197 112.773 104.488 104.259 83.0135 78.3692 76.523
threshold=0.85801550348664568 2.5000000000000004 0 2.1654184360741673 2.3167264682209381 -1.3513121520578169 -9.1492635282092873 -0.52699610973355837 0.0060426099080760666 0.0048546617483577479 4.5000000000000009 0.7193736400501124 -0.56158291562831064 -1.1946962695982244
decision_type=8 2 1 8 8 10 2 8 10 10 2 10 10 10
left_child=2 4 5 8 7 -1 -7 11 -3 -8 -10 -2 -9 -4
right_child=1 3 13 -5 -6 6 9 12 10 -11 -12 -13 -14 -15
leaf_value=-0.0043336356385195833 0.0025952522913365449 -0.021291927139707196 0.0038070788346964046 0.010800748526597593 -0.014961704777504855 -0.018619486696463555 0.01938151062229931 -0.011838878105276316 -0.011705413801854464 0.0036452819373402889 -0.0036427043902734109 0.027838060177794961 0.0020174650276562826 -0.0014460260530734759
leaf_weight=1732.0027278512716 220.68621091544628 564.41511902213097 2851.3890423774719 403.37161676585674 365.53664322197437 209.19603177905083 378.74525639414787 395.48804347217083 2646.1009948551655 17710.97935166955 3191.1568773537874 245.74367497861385 3899.7676787227392 19534.9422596246
leaf_count=7516 954 2512 12346 1743 1631 906 1640 1724 11715 76653 13994 1066 17037 85092
internal_value=-4.04278e-05 -0.00379581 0.00101663 -0.00741262 0.00100964 0.00301741 0.00371683 0.00226448 -0.0085753 0.00398528 -0.0073114 0.0161999 0.000717099 -0.000775181
internal_weight=54349.5 11932.3 42417.3 6805.04 5127.22 20030.9 18298.9 4761.69 6401.67 18089.7 5837.26 466.43 4295.26 22386.3
internal_count=236529 52376 184153 29964 22412 86715 79199 20781 28221 78293 25709 2020 18761 97438
cat_boundaries=0 1
cat_threshold=752
is_linear=0
shrinkage=0.03


Tree=11
num_leaves=15
num_cat=1
split_feature=38 46 30 16 11 2 36 24 16 19 45 16 0 19
split_gain=198.821 144.425 134.723 118.152 110.611 106.011 98.2103 89.6279 83.0779 78.13 73.0586 76.3505 91.2946 70.0231
threshold=1.4686978965374144 0 3.5000000000000004 0.65828319256177692 1.5110404442705443 0.42331143839496865 1.4783302867448456 -0.018515906892941216 0.15151515151515146 -8.7724866231415977 1.0280141284734527 0.077444765745572769 0.013547889101660661 -6.3913857754987928
decision_type=10 1 2 8 10 8 10 10 8 2 8 10 10 2
left_child=1 5 3 6 -4 -1 -2 8 -3 -7 -11 12 -12 -13
right_child=2 7 4 -5 -6 9 -8 -9 -10 10 11 13 -14 -15
leaf_value=0.010969903872557387 0.011972119996140045 0.012242514524549395 -0.017636059054240018 -0.0079962420038148258 0.0051170457223221845 -0.012140369100024482 -0.0061551221116239573 -0.0019411977994611099 0.00097399003481471653 -0.00017440256811549078 0.021152937947620958 -0.0069874318312551972 0.0011723640715803282 0.0032464937379638281
leaf_weight=1145.5074495226145 677.32940801978111 673.91652947664261 1180.4906274080276 1478.5682427734137 224.69053933024406 353.90408684313297 433.90924945473671 21723.9106695503 4251.8059238791466 9176.2216417640448 445.54607117176056 625.44201047718525 377.68525578081608 11586.419503897429
leaf_count=4945 2970 2909 5228 6559 990 1541 1917 94780 18475 39834 1912 2710 1629 50168
internal_value=-0.000108766 0.000402777 -0.00654212 -0.00246421 -0.0139874 0.00210504 0.00490215 -0.00111235 0.00253738 0.00165129 0.0018764 0.00331912 0.0121103 0.00271707
internal_weight=54355.3 50360.4 3994.99 2589.81 1405.18 23710.7 1111.24 26649.6 4925.72 22565.2 22211.3 13035.1 823.231 12211.9
internal_count=236567 218903 17664 11446 6218 102739 4887 116164 21384 97794 96253 56419 3541 52878
cat_boundaries=0 1
cat_threshold=752
is_linear=0
shrinkage=0.03


Tree=12
num_leaves=15
num_cat=3
split_feature=40 6 45 46 46 9 24 1 38 1 46 40 1 38
split_gain=234.159 199.367 182.429 86.3923 76.7126 92.2956 81.1617 72.8126 65.1465 62.2686 61.0721 72.6985 74.8652 66.413
threshold=1.6870672059675229 1.2779479419286515 1.2045552689931824 0 1 -1.7189852790298679 -0.022961590705916048 0.0048546617483577479 1.4686978965374144 0.0086993406182063783 2 0.42343693729247217 0.026454726565516253 0.82801975682983897
decision_type=10 10 8 1 1 10 10 10 8 10 1 10 8 10
left_child=1 2 4 -2 5 -1 -6 -7 -3 -5 11 12 -4 -12
right_child=3 8 10 9 6 7 -8 -9 -10 -11 13 -13 -14 -15
leaf_value=-0.01286231217960937 -0.014835859505453654 -0.0041227849892187876 0.0098975878419556833 -0.013147402810035081 0.0032536235448255599 0.01635945331748135 -0.0016593954448699121 0.0019425100348264394 -0.014025007894530499 -0.001629076384412618 0.0048709240800308279 0.022471218554313444 -0.012327114869410323 -0.0030799379124015641
leaf_weight=361.6891878247261 1048.5222381055355 3471.2522830069065 897.99785876274109 548.53507193922997 3531.8791013360023 313.56613731384277 20792.188973069191 12709.784714147449 717.03937032818794 1748.1830561906099 6556.7998314350843 341.8829200565815 151.73892311751842 1097.5484202206135
leaf_count=1579 4685 15236 3852 2447 15318 1354 90665 55069 3187 7737 28272 1472 654 4763
internal_value=-9.03836e-05 0.000415129 0.000977256 -0.00776694 5.90092e-05 0.00188145 -0.000944588 0.00230192 -0.00584742 -0.00440602 0.00480077 0.0105556 0.00659901 0.00372347
internal_weight=54288.6 50943.4 46755.1 3345.24 37709.1 13385 24324.1 13023.4 4188.29 2296.72 9045.97 1391.62 1049.74 7654.35
internal_count=236290 221421 202998 14869 163985 58002 105983 56423 18423 10184 39013 5978 4506 33035
cat_boundaries=0 1 2 3
cat_threshold=131 240 530
is_linear=0
shrinkage=0.03


Tree=13
num_leaves=15
num_cat=0
split_feature=40 6 45 35 30 16 30 2 30 38 16 40 30 1
split_gain=231.937 144.72 138.071 99.3105 82.4193 87.1997 86.4637 75.1837 78.0938 180.123 129.19 123.102 109.547 99.2479
threshold=1.5956037031214281 1.3688808521291833 1.2112310455301509 -0.74783702491892645 1.5000000000000002 0.66265060240963869 4.5000000000000009 0.37335188355977628 3.5000000000000004 0.36879784664072618 0.28029085134463821 -1.6830330995217275 1.5000000000000002 0.015042494792206389
decision_type=10 10 8 10 2 8 2 10 2 10 8 10 2 10
left_child=1 2 7 -2 5 -5 -6 -1 10 -10 11 12 -9 -14
right_child=3 -3 -4 4 6 -7 -8 8 9 -11 -12 -13 13 -15
leaf_value=0.0076271394025299753 -0.021898210349830857 -0.0052381245310693467 0.0044772264575740368 0.017726294600282782 -0.012800044116559108 -0.0029633643204398314 -0.0017565215053259612 -0.00067869881970673417 0.00044142512344435528 -0.0067081553305024261 0.0028808492135532953 -0.0034244694619341791 0.035766208887341056 0.00010773933122498046
leaf_weight=1206.8373973220587 352.29779413342476 3511.6800831854343 8694.5643229931593 230.32712151110172 1513.5141072720289 764.71072280406952 1104.0714512765408 391.036436393857 11387.569242462516 4384.9599834680557 14195.098923638463 6289.520482942462 189.74308167397976 108.45110012590885
leaf_count=5238 1570 15484 37451 1012 6755 3387 4893 1696 49472 19179 61736 27304 819 473
internal_value=7.66183e-05 0.000627171 0.00106785 -0.00690007 -0.00538107 0.00195451 -0.00816641 0.000289938 4.82721e-05 -0.00154924 0.00123844 -0.00210165 0.00984601 0.0232218
internal_weight=54324.4 50359.5 46847.8 3964.92 3612.62 995.038 2617.59 38153.2 36946.4 15772.5 21173.9 6978.75 689.231 298.194
internal_count=236469 218852 203368 17617 16047 4399 11648 165917 160679 68651 92028 30292 2988 1292
is_linear=0
shrinkage=0.03


Tree=14
num_leaves=15
num_cat=1
split_feature=40 14 40 12 36 46 24 38 39 16 30 41 0 39
split_gain=234.062 138.841 149.441 149.1 191.27 119.115 93.0412 91.8936 90.9733 131.225 87.9197 92.6222 103.737 84.8494
threshold=1.6870672059675229 0.76190476190476264 -0.59643355968359335 0.032500806749536253 -0.44598102888174185 0 -0.020425210484776603 -0.72841821088690561 -1.0559787094162867 0.090561935131198854 2.5000000000000004 0.8500000000000002 0.012817762218197333 -1.1326725799238404
decision_type=10 10 8 2 8 1 10 10 10 10 2 2 10 10
left_child=1 3 7 5 -5 6 -1 -3 -7 -10 11 -4 -13 -9
right_child=-2 2 10 4 -6 8 -8 13 9 -11 -12 12 -14 -15
leaf_value=0.0047624621168750785 -0.0076925758034116325 -0.014536904463798446 -0.0050381280037280901 -0.010651075836520007 0.0016899585200777334 -0.0014958011235586665 -0.0010540542227134978 -0.0050636366215072804 0.015028918702838663 0.0037515659763340883 -0.0062303160257443785 0.0083719287406395122 -0.0057574256075786003 0.01293678796910778
leaf_weight=3065.2168138623238 3310.5380820482969 159.68697571754456 2037.2782796472311 2004.5369173884392 2569.7565795630217 2714.8962372839451 12673.22134013474 297.52155004441738 978.50104036927223 15752.113731920719 5579.463241994381 1458.0837387293577 677.89787457883358 1045.3291988968849
leaf_count=13269 14785 694 8899 8728 11156 11750 55246 1294 4204 68078 24472 6379 2967 4546
internal_value=2.51975e-05 0.000527454 -0.0024127 0.00136019 -0.00372954 0.00202278 8.10233e-05 0.0063659 0.00359162 0.00441971 -0.0037703 -0.000474338 0.00388175 0.00894067
internal_weight=54324 51013.5 11255.3 39758.2 4574.29 35183.9 15738.4 1502.54 19445.5 16730.6 9752.72 4173.26 2135.98 1342.85
internal_count=236467 221682 49251 172431 19884 152547 68515 6534 84032 72282 42717 18245 9346 5840
cat_boundaries=0 1
cat_threshold=263
is_linear=0
shrinkage=0.03


Tree=15
num_leaves=15
num_cat=1
split_feature=40 46 9 17 10 24 45 19 35 30 30 38 40 38
split_gain=186.23 148.607 92.8389 90.2901 88.3045 84.7509 82.7888 77.804 76.4507 81.4768 92.5359 69.2182 74.9016 68.1031
threshold=1.6870672059675229 0 -1.7189852790298679 1.1834243316997097 -1.3936847817495048 -0.019609260442695061 1.2724157480147971 -9.6876650180156627 -0.41692773547786627 5.5000000000000009 2.5000000000000004 -1.4635819411174202 -1.7429079314650811 0.33258583043738654
decision_type=10 1 8 2 8 10 8 2 10 2 2 10 10 10
left_child=1 2 -1 4 7 -3 -6 -4 -2 10 13 -7 -13 -10
right_child=8 5 3 -5 6 11 -8 -9 9 -11 -12 12 -14 -15
leaf_value=-0.0089745362257497123 -0.017525430924841115 0.0027210023482029748 -0.026331413965386623 -0.0021294280525296352 0.0029898263760926988 0.0046811835262633387 0.0083179315613675173 -0.0015813749367081869 0.020763860995286026 0.0080292567429672158 -0.012584034271896955 0.0116824901509465 -0.002393519679612995 -0.0032025703389920081
leaf_weight=632.16819588840008 494.95511025190353 4653.8609775304794 114.54055166244507 3151.3847294598818 15671.511007681489 1411.7578804194927 3149.8924648165703 1413.6045713573694 108.05152662098408 376.42294317483902 1227.9409860670567 336.20173047482967 20544.14609991014 1102.2057573646307
leaf_count=2757 2225 20149 499 13806 67742 6108 13493 6110 475 1675 5526 1456 89823 4917
internal_value=0.000126857 0.000574227 0.00228306 0.00259055 0.00332218 -0.000956998 0.00388547 -0.00359562 -0.00675865 -0.00480996 -0.00681685 -0.00172615 -0.00216139 -0.000910227
internal_weight=54388.6 51079.1 24133.1 23500.9 20349.5 26946 18821.4 1528.15 3309.58 2814.62 2438.2 22292.1 20880.3 1210.26
internal_count=236761 221943 104407 101650 87844 117536 81235 6609 14818 12593 10918 97387 91279 5392
cat_boundaries=0 1
cat_threshold=752
is_linear=0
shrinkage=0.03


Tree=16
num_leaves=15
num_cat=1
split_feature=39 30 30 46 38 35 24 39 19 43 6 20 30 1
split_gain=219.484 191.996 137.101 115.995 108.616 106.047 99.7998 91.503 104.137 88.4451 81.4426 94.4584 98.7759 81.279
threshold=0.85801550348664568 2.5000000000000004 4.5000000000000009 0 2.6300836929250067 -1.339990669646183 0.074309576082775095 -1.0738947517226278 -9.1492635282092873 0.95000000000000007 0.92267637089513188 0.057866526692675356 1.0000000180025095e-35 0.004753353578648466
decision_type=10 2 2 1 10 10 8 10 2 10 8 10 2 10
left_child=3 4 -3 6 5 -2 7 9 -9 -1 11 -7 -13 -4
right_child=1 2 13 -5 -6 10 -8 8 -10 -11 -12 12 -14 -15
leaf_value=-0.0041875318145902611 -0.023769226871347051 -0.011688880208486059 -0.02636482765275544 -0.00030272437544417687 -0.018664559661036074 -0.0054722730145170999 0.026168829155220022 -0.021398034119363012 0.0038891932964050966 0.016147605254558349 -0.0039360330711926258 -0.00047206027976936686 0.011387702703374334 -0.0022147410382482983
leaf_weight=2355.5541210919619 132.56332148611546 3044.4056989848614 120.17673842608929 25874.870246216655 237.04687230288982 634.21326984465122 154.45158185064793 138.3450441211462 13861.984567001462 199.73242825269699 1279.7212339639664 964.79036910831928 1818.2826462090015 3551.5095678716898
leaf_count=10215 594 13590 541 112636 1076 2747 661 604 59749 863 5659 4200 7908 15633
internal_value=-4.67503e-05 -0.00366871 -0.00699106 0.000956026 0.000740344 0.00172938 0.00290261 0.00267164 0.00362422 -0.0025413 0.002498 0.00491189 0.00728938 -0.00307465
internal_weight=54367.6 11782.7 6716.09 42584.9 5066.62 4829.57 16710.1 16555.6 14000.3 2555.29 4697.01 3417.29 2783.07 3671.69
internal_count=236676 51948 29764 184728 22184 21108 72092 71431 60353 11078 20514 14855 12108 16174
cat_boundaries=0 1
cat_threshold=240
is_linear=0
shrinkage=0.03


Tree=17
num_leaves=15
num_cat=0
split_feature=39 30 39 2 2 39 38 30 38 30 37 2 12 35
split_gain=208.196 191.643 105.021 101.831 93.833 95.8357 163.436 124.054 100.471 155.007 108.922 97.4472 85.6446 150.56
threshold=0.85801550348664568 2.5000000000000004 2.1360955966638504 1.0907549129402832 0.36155949371166679 -1.1929641045859751 0.22796957868653941 1.5000000000000002 0.71212472616994094 3.5000000000000004 0.287303141755061 1.1662190715175242 0.035398828211268503 -0.338787096567013
decision_type=10 2 10 8 10 10 10 2 10 2 10 10 2 10
left_child=4 3 -3 -2 -1 6 7 -6 12 10 -10 -9 -7 -14
right_child=1 2 -4 -5 5 8 -8 11 9 -11 -12 -13 13 -15
leaf_value=0.0092506656529213575 0.0043352769264053516 -0.0081472615566124014 0.004286208772132317 -0.00430992723567062 -0.0086637179772937421 0.0024316567322133493 -0.018800960844236124 -0.0026738703534709327 -0.0095259548952134655 -0.0082966459116398106 0.003311137902712149 0.0078776916684004002 -0.012970866063019625 0.0028869362514911739
leaf_weight=1172.1635317206383 3007.4095386862755 6057.9748676866293 673.72546726465225 2055.9557647109032 1419.8513555526733 27373.872603356838 528.13818515837193 1782.3157679438591 699.2202737480402 2343.6117851436138 3683.2773696184158 1396.5291772782803 911.61954325437546 1290.5745457112789
leaf_count=5056 13110 26897 3003 9058 6170 118488 2302 7728 3047 10275 16069 6052 3969 5597
internal_value=-6.02292e-05 -0.00358572 -0.00689838 0.000823356 0.000916491 0.000678514 -0.00315711 -0.00132359 0.00122093 -0.00208639 0.00124598 0.00197181 0.00197352 -0.00370651
internal_weight=54396.2 11795.1 6731.7 5063.37 42601.2 41429 5126.83 4598.7 36302.2 6726.11 4382.5 3178.84 29576.1 2202.19
internal_count=236821 52068 29900 22168 184753 179697 22252 19950 157445 29391 19116 13780 128054 9566
is_linear=0
shrinkage=0.03


Tree=18
num_leaves=15
num_cat=1
split_feature=38 45 12 38 40 15 39 37 17 46 37 39 40 38
split_gain=166.744 164.964 92.4184 159.819 88.9634 165.578 95.396 115.713 87.9079 82.9761 73.5105 68.7533 106.682 86.7709
threshold=1.3468833293474443 1.3035283162150055 0.032500806749536253 -1.291373886775028 -1.7429079314650811 0.19486031339430446 -1.2368476687161232 -1.5245958401120399 -0.93303926910002277 0 0.34339190993790092 0.45672440341936399 -0.65129791112718438 -2.6065503240709633
decision_type=10 8 2 10 10 10 10 10 2 1 10 10 10 10
left_child=1 2 3 11 5 -5 7 -6 -4 -8 -2 12 13 -1
right_child=10 -3 8 4 6 -7 9 -9 -10 -11 -12 -13 -14 -15
leaf_value=0.02101529152880293 -0.020537062040108339 0.0056271217792778303 -0.011666290431473395 -0.00053481237999808981 0.014494118971529104 0.035983801724546356 -0.0015790651555073645 -0.009884167220352123 -0.0017387668363562528 0.0013462576788518758 -0.0044738906723628255 -0.010716877768304047 0.015829459690204179 0.0017760554053150922
leaf_weight=227.30618381500244 262.9297709017992 4971.4676807075739 1094.7549720555544 312.8908461779356 188.10739707946777 163.56922189891338 17066.005142137408 1575.6190946251154 2953.6649487912655 17816.873681649566 4554.4118446707726 185.9825389534235 978.12005390226841 1925.459463968873
leaf_count=974 1164 21398 4788 1359 816 698 74625 6882 12891 77147 20275 807 4205 8295
internal_value=-6.93616e-05 0.00044998 -0.000129688 0.000303353 -0.000261089 0.0124841 -0.000430155 -0.00721708 -0.00444545 -8.50284e-05 -0.00539134 0.00660249 0.00766215 0.00389526
internal_weight=54277.2 49459.8 44488.4 40439.9 37123.1 476.46 36646.6 1763.73 4048.42 34882.9 4817.34 3316.87 3130.89 2152.77
internal_count=236324 214885 193487 175808 161527 2057 159470 7698 17679 151772 21439 14281 13474 9269
cat_boundaries=0 1
cat_threshold=263
is_linear=0
shrinkage=0.03


Tree=19
num_leaves=15
num_cat=3
split_feature=39 11 30 46 2 1 11 1 9 46 46 2 35 37
split_gain=151.782 161.597 166.246 129.524 102.424 98.1726 92.6411 89.5497 82.1361 75.7777 69.1619 66.8047 57.4425 54.7469
threshold=0.93687248228760756 1.6665900934903779 2.5000000000000004 0 0.82225247671308888 0.0071358628086954715 -1.0757235581888989 0.0048546617483577479 -1.6691652982158918 1 2 0.42331143839496865 -1.2360465579288455 -1.4031164959675204
decision_type=10 8 2 1 10 10 10 10 8 1 1 10 10 8
left_child=3 2 4 7 9 -4 -7 -1 -9 -2 -8 -10 -6 -5
right_child=1 -3 5 13 12 6 10 8 11 -11 -12 -13 -14 -15
leaf_value=0.018051449548561239 -0.00083076562093594829 0.0054696742569866679 -0.017918677971762966 0.0038452567822176119 -0.023421831768096608 0.01581688565216699 -0.0036448940919362092 -0.0083749062670939872 0.010838132279639685 0.014659750393975594 -0.011399267916261668 0.002486749795034928 -0.002216075080462579 -0.00090826106760133604
leaf_weight=332.96828827261925 530.80131262540817 1644.8467187285423 790.98203486204147 2387.5834381133318 110.48917408287525 152.89554819464684 2267.2174291461706 587.13117343187332 904.89415304362774 597.68806529045105 1960.9429950863123 15300.273994356394 2607.5915761590004 24094.776818841696
leaf_count=1426 2311 7207 3574 10295 500 673 10103 2567 3871 2589 8753 65953 11461 105025
internal_value=5.22612e-05 -0.00315435 -0.00473155 0.000836923 -6.55779e-06 -0.00823884 -0.00645436 0.00286836 0.00255844 0.00755173 -0.00729514 0.00295949 -0.00316078 -0.000478226
internal_weight=54271.1 10663.5 9018.61 43607.6 3846.57 5172.04 4381.06 17125.3 16792.3 1128.49 4228.16 16205.2 2718.08 26482.4
internal_count=236308 47171 39964 189137 16861 23103 19529 73817 72391 4900 18856 69824 11961 115320
cat_boundaries=0 1 2 3
cat_threshold=240 23 118
is_linear=0
shrinkage=0.03


Tree=20
num_leaves=15
num_cat=1
split_feature=39 30 39 46 38 1 30 10 2 41 36 1 40 2
split_gain=157.787 167.943 126.752 118.695 115.967 106.228 96.0477 95.8197 87.5497 88.62 83.419 79.8516 77.4016 76.4794
threshold=0.85801550348664568 2.5000000000000004 2.1360955966638504 0 2.6300836929250067 0.0048546617483577479 4.5000000000000009 -1.1681424311725912 1.0907549129402832 0.95000000000000007 0.79707941466169852 0.017206827580497627 1.5956037031214281 0.46012147477445281
decision_type=8 2 8 1 8 10 2 8 8 2 10 10 8 10
left_child=3 4 6 5 8 -1 -3 11 9 -2 -11 -7 -4 -13
right_child=1 2 12 -5 -6 7 -8 -9 -10 10 -12 13 -14 -15
leaf_value=0.017699660302941456 0.0027434850015158889 -0.011705959327007036 0.018349408692887457 -0.00068432509094844274 -0.018829159367918152 -0.00034251661452169846 -0.004092264099446824 0.0030664451056497104 -0.0030142514159133692 0.026639171305694452 0.0032182995982152321 0.0080667316586598304 -0.0020278000465656829 -0.018189464655777081
leaf_weight=395.2371924072504 2414.778039470315 2770.4537393450737 263.62147106230259 22359.796429678798 242.07702447474003 2441.8543476313353 3252.7437351942062 16713.106016620994 1879.0245841741562 293.9588179141283 254.62098798155785 120.70992192625999 429.17156144976616 457.09942378103733
leaf_count=1687 10484 12471 1160 97450 1106 10562 14397 71966 8274 1274 1121 518 1927 2001
internal_value=-3.22764e-05 -0.0030997 -0.00621019 0.000820191 0.00101302 0.00249014 -0.00760789 0.00217795 0.00204172 0.00524699 0.0160207 -0.00273353 0.00587689 -0.0126604
internal_weight=54288.3 11800.4 6715.99 42487.8 5084.46 20128 6023.2 19732.8 4842.38 2963.36 548.58 3019.66 692.793 577.809
internal_count=236398 52214 29955 184184 22259 86734 26868 85047 21153 12879 2395 13081 3087 2519
cat_boundaries=0 1
cat_threshold=752
is_linear=0
shrinkage=0.03


Tree=21
num_leaves=15
num_cat=2
split_feature=6 40 46 1 39 35 19 45 16 40 19 11 39 46
split_gain=180.768 119.281 99.9703 92.8312 77.2371 72.1101 69.3713 68.4919 68.567 58.39 58.255 102.776 83.609 58.6013
threshold=1.2779479419286515 1.6870672059675229 0 0.0048546617483577479 2.2130600008398926 -0.4282681390915421 -9.1492635282092873 1.0280141284734527 0.062752152315030132 2.23283889851727 -3.9511920280582471 0.1848170736172729 1.1672008633511177 1
decision_type=10 10 1 10 10 10 2 8 10 10 2 10 10 1
left_child=1 2 3 -1 6 -3 -5 10 -9 -7 -8 12 -12 -13
right_child=-2 5 -4 4 -6 9 7 8 -10 -11 11 13 -14 -15
leaf_value=0.017679117591513159 -0.0055087230786075858 -0.016169554460217714 -0.00020405910419988031 -0.012937716785976203 0.026281646213776419 -0.0069778337758109156 -0.0043116440183013161 0.01473312927633042 0.0034346750479844739 0.0033656872718517555 0.0062813446579783501 0.00039154603045644688 -0.013711413448623463 -0.0095673228227601704
leaf_weight=352.04945720732212 4826.5927727669477 471.76734517514706 28344.262860059738 259.71398313343525 110.45620912313461 1363.1528614461422 1890.4997502565384 500.19326920807362 9677.6938385367393 757.16991645097733 3165.2602436542511 1528.8559816032648 190.85688872635365 796.42648649215698
leaf_count=1497 21433 2146 123505 1142 478 6115 8177 2135 41594 3417 13629 6622 835 3449
internal_value=2.65258e-05 0.000568257 0.000915552 0.0026314 0.0023309 -0.00568372 0.0021695 0.00239771 0.00400386 -0.00328569 0.000236356 0.00175463 0.00510703 -0.00308509
internal_weight=54235 49408.4 46816.3 18472 18120 2592.09 18009.5 17749.8 10177.9 2120.32 7571.9 5681.4 3356.12 2325.28
internal_count=236174 214741 203063 79558 78061 11678 77583 76441 43729 9532 32712 24535 14464 10071
cat_boundaries=0 1 2
cat_threshold=240 48
is_linear=0
shrinkage=0.03


Tree=22
num_leaves=15
num_cat=0
split_feature=40 6 30 37 20 39 40 30 40 2 15 1 9 39
split_gain=154.217 118.236 95.7027 247.002 137.757 136.299 121.576 113.849 130.113 96.5556 90.4109 115.373 131.614 84.021
threshold=1.5956037031214281 1.337084398311241 3.5000000000000004 0.39893679730922771 -0.14457682022531471 1.9201927824785854 -0.63618884327887537 2.5000000000000004 -1.8610102854390049 1.0809558926748146 0.35960144433001157 0.01678323449312492 -0.75426081668843092 -1.1742517064196811
decision_type=10 10 2 10 8 10 10 2 10 8 10 10 8 10
left_child=1 2 4 10 7 6 13 -1 -9 -6 11 12 -4 -5
right_child=-2 -3 3 5 9 -7 -8 8 -10 -11 -12 -13 -14 -15
leaf_value=-0.001898075571112591 -0.0058219872808810353 -0.0048294062129258025 0.0015228096679019273 -0.015760441833367677 0.0056478304107245676 0.01307132504531378 -0.0082174475681758789 0.033771828613408938 0.0033199669718403189 -2.5826142014086542e-05 -0.0010716876852682005 -0.0044406305718072935 0.01045916334732485 0.010026592190584282
leaf_weight=9689.5638681799173 3918.3586082607508 3669.212691962719 3344.2038752585649 132.11137239634991 9714.0960840433836 322.3449764996767 5369.3985944986343 121.71062386035919 3188.9255750477314 3736.900519400835 6682.983109369874 1267.2266814857721 2661.4011691659689 568.61271093785763
leaf_count=41915 17640 16267 14445 578 42083 1416 23532 524 13784 16255 28988 5498 11471 2463
internal_value=-9.65689e-05 0.000349014 0.000755962 -0.000790588 0.00194554 -0.00566953 -0.00668459 -0.000256881 0.00453782 0.00407275 0.00144667 0.00375908 0.00549378 0.00501147
internal_weight=54387.1 50468.7 46799.5 20348.3 26451.2 6392.47 6070.12 13000.2 3310.64 13451 13955.8 7272.83 6005.61 700.724
internal_count=236859 219219 202952 88391 114561 27989 26573 56223 14308 58338 60402 31414 25916 3041
is_linear=0
shrinkage=0.03


Tree=23
num_leaves=15
num_cat=1
split_feature=39 30 46 30 2 9 2 1 19 45 45 12 15 39
split_gain=153.771 149.21 121.977 110.404 104.816 90.7514 81.4957 72.1415 71.5349 63.2002 62.4284 63.692 59.0113 83.7439
threshold=0.85801550348664568 2.5000000000000004 0 4.5000000000000009 1.1210778656383484 -1.7189852790298679 0.28864698770703151 0.004753353578648466 -8.7724866231415977 1.2575317535950044 1.2724157480147971 0.033404000373913043 0.24134591943892283 -0.97378762593099011
decision_type=10 2 1 2 8 8 10 10 2 8 8 2 10 8
left_child=2 4 5 9 -2 -1 -7 -5 -8 -3 -10 -12 13 -4
right_child=1 3 12 7 -6 6 8 -9 10 -11 11 -13 -14 -15
leaf_value=-0.0087461379085510844 0.0041270210638886442 -0.012095897649285935 -0.0019889503792156309 -0.024531551678748938 -0.0047786734594044257 0.022902381876548548 -0.011716928672415814 -0.0017154705118008029 0.0021271635453829151 0.00032038242796946463 0.0089753563921002744 -0.0015401558996835855 -0.0016291034674357019 0.0052865111539252109
leaf_weight=617.73491807281971 3163.4231307655573 2557.8148101866245 2655.8469821810722 119.42169740796089 1892.6800834536552 170.83564947545528 297.02357421815395 3520.6855413615704 15949.313657209277 430.27532632648945 2457.5692516714334 652.9119224101305 16710.525974869728 3049.4854661077261
leaf_count=2709 13758 11593 11522 549 8391 722 1301 15612 68722 1928 10449 2806 72969 13229
internal_value=-4.39686e-05 -0.00309092 0.000793038 -0.00604843 0.000790449 0.00248586 0.00284674 -0.00252916 0.002658 -0.0103129 0.00288804 0.00677021 -0.000729533 0.00190221
internal_weight=54245.5 11684.3 42561.2 6628.2 5056.1 20145.4 19527.7 3640.11 19356.8 2988.09 19059.8 3110.48 22415.9 5705.33
internal_count=236260 51831 184429 29682 22149 86709 84000 16161 83278 13521 81977 13255 97720 24751
cat_boundaries=0 1
cat_threshold=752
is_linear=0
shrinkage=0.03


Tree=24
num_leaves=15
num_cat=0
split_feature=38 30 12 36 38 35 39 16 38 37 1 38 30 39
split_gain=137.442 102.925 78.7375 179.41 112.654 93.4075 95.9854 159.711 107.571 133.176 97.9206 76.2776 102.87 87.9837
threshold=1.3468833293474443 2.5000000000000004 0.032500806749536253 -0.21263457927127294 -2.6065503240709633 -2.0787232251000596 -1.0738947517226278 0.090561935131198854 0.19547345827769239 -0.32534323579996766 0.016647760472591821 -1.3963147451623739 1.5000000000000002 0.4350645329509617
decision_type=10 2 2 10 10 10 10 10 10 10 10 10 2 10
left_child=2 -2 4 -4 -1 -6 8 -8 9 -7 -11 12 -9 -14
right_child=1 -3 3 -5 5 6 7 11 -10 10 -12 -13 13 -15
leaf_value=0.01961226097426972 -0.00029753137690154824 -0.0090976578069906881 -0.0085210100800054683 0.0022501190462682888 0.0095802863087700463 -0.0047321138129715438 0.010883123776858041 -0.0080766105639355126 -0.01433272948918627 0.012440057590875317 -0.015384275205389311 0.00039736674787003171 0.016108443414801582 -0.012598461834457371
leaf_weight=277.20598997175694 2307.192083761096 2475.4974991828203 2656.5411039441824 2904.4539533257484 1044.7889997661114 2882.1013763695955 1415.5145161598921 266.61850181221962 698.90348829329014 771.81415942311287 124.48214514553547 35535.592052727938 816.76629704236984 101.26584196090698
leaf_count=1179 10244 11156 11619 12634 4500 12491 6069 1146 3055 3348 540 154511 3493 439
internal_value=-1.0981e-05 -0.00486191 0.000458641 -0.00290141 0.000884497 0.000761121 0.000542695 0.0010308 -0.00360782 -0.0015914 0.00844856 0.000648148 0.00810446 0.0128402
internal_weight=54278.7 4782.69 49496 5561 43935.1 43657.8 42613.1 38135.8 4477.3 3778.4 896.296 36720.2 1184.65 918.032
internal_count=236424 21400 215024 24253 190771 189592 185092 165658 19434 16379 3888 159589 5078 3932
is_linear=0
shrinkage=0.03


Tree=25
num_leaves=15
num_cat=0
split_feature=6 40 45 12 36 37 40 39 11 40 35 40 38 12
split_gain=153.687 127.022 100.52 70.5327 128.272 119.228 99.8269 140.584 104.323 80.5994 92.7251 92.6832 96.1829 83.012
threshold=1.0598153701632491 1.6870672059675229 1.2045552689931824 0.030300343105986026 -0.64649801819029351 -1.6673769028775485 -1.7429079314650811 -1.1929641045859751 -0.85340177302642062 0.41210572229896647 -1.1775941871991893 -0.62106447713901247 0.52001646135868784 0.018327136988283515
decision_type=10 10 8 2 8 10 10 10 10 10 10 10 10 2
left_child=1 2 3 5 -5 -1 8 -8 -7 11 -11 -9 13 -13
right_child=-2 -3 -4 4 -6 6 7 9 -10 10 -12 12 -14 -15
leaf_value=0.0088414203327403917 -0.0041572494042209198 -0.0059624121170518503 0.0039232609843422792 -0.011159600583747013 0.00061711850269149287 0.025297105340755899 -0.0079725150662608695 0.0033437303390363789 -0.00040462889043753694 -0.0091660455704006463 0.0036041771561685408 0.0010225079893483495 -0.0065408909750994974 -0.0047519883853675256
leaf_weight=1564.4358447641134 6728.9066089838743 2445.2299536764622 8781.0254288315773 1292.2990764677525 2304.1613048315048 283.01970475912094 1795.3952988982201 4412.0772394686937 275.41950748860836 532.6782940775156 9123.9334866851568 8958.4756326377392 2856.2487213760614 2976.8013467788696
leaf_count=6693 29860 11072 37663 5674 10049 1215 7866 19096 1186 2328 39837 38772 12459 12897
internal_value=8.30957e-05 0.000683258 0.00104437 0.000348505 -0.00363376 0.000786416 0.00038 0.000148964 0.012837 0.000656788 0.00289099 -0.000467611 -0.00160596 -0.000420493
internal_weight=54330.1 47601.2 45156 36374.9 3596.46 32778.5 31214 30655.6 558.439 28860.2 9656.61 19203.6 14791.5 11935.3
internal_count=236667 206807 195735 158072 15723 142349 135656 133255 2401 125389 42165 83224 64128 51669
is_linear=0
shrinkage=0.03


Tree=26
num_leaves=15
num_cat=1
split_feature=6 45 40 10 46 40 35 38 12 38 35 35 40 11
split_gain=136.454 103.218 110.653 69.8476 70.6068 74.1839 68.8332 65.0146 64.4085 105.281 101.035 88.4224 88.1273 87.585
threshold=1.337084398311241 1.3035283162150055 1.6870672059675229 0.76376542078322884 0 0.42343693729247217 -0.19782424040903185 1.4041492577238197 0.032500806749536253 -1.3963147451623739 -2.0787232251000596 -0.34744537116498814 0.41210572229896647 1.5713669345142782
decision_type=10 8 10 10 1 10 10 10 2 10 10 10 10 10
left_child=1 2 8 -3 5 -5 -4 -2 9 -1 -11 -10 -12 -14
right_child=7 3 6 4 -6 -7 -8 -9 11 10 12 -13 13 -15
leaf_value=0.0062164398768469482 -0.002950242873842792 0.0023306027490512513 -0.01550127833763342 0.0076043344660681545 0.0060987441580377484 0.037042457768717972 -0.0034596917118044448 -0.0112564736285028 -0.0088844328077531641 0.013526053673688161 -0.0010474285351291133 0.00043053993462435693 0.0012619895874706815 0.0099018238339518873
leaf_weight=2792.1154660880566 3242.7152528911829 3889.6794917583466 569.27433021366596 155.21836107969284 1008.6299330890179 156.8285319507122 1661.9803254753351 1144.2121346741915 1575.600630030036 493.29464395344257 23947.09551525116 2173.4691702723503 10349.127776309848 1166.6235635727644
leaf_count=11944 14395 16679 2609 660 4372 675 7534 5214 6941 2128 103806 9467 45137 5085
internal_value=-7.07535e-05 0.000375267 -9.06122e-05 0.00436715 0.0103026 0.0223948 -0.00658739 -0.00513737 0.00025196 0.00061554 0.000179004 -0.00349743 -1.04168e-05 0.00214509
internal_weight=54325.9 49938.9 44728.6 5210.36 1320.68 312.047 2231.25 4386.93 42497.3 38748.3 35956.1 3749.07 35462.8 11515.8
internal_count=236646 217037 194651 22386 5707 1335 10143 19609 184508 168100 156156 16408 154028 50222
cat_boundaries=0 1
cat_threshold=560
is_linear=0
shrinkage=0.03


Tree=27
num_leaves=15
num_cat=0
split_feature=39 30 2 38 40 37 11 11 40 39 39 11 33 40
split_gain=136.558 215.866 164.804 128.652 175.957 115.356 114.557 99.712 92.6225 104.278 101.346 81.4733 79.3034 76.6116
threshold=0.46772567244585855 2.5000000000000004 1.0907549129402832 0.53075676730610744 0.19402883115341471 -0.37697179912071094 1.6014430465954312 -1.1098243633166844 -0.58166541068976751 -0.43910831061956429 -1.1326725799238404 -0.5384129786358508 0.81381723586358679 1.0000000180025095e-35
decision_type=10 2 8 10 10 10 10 8 10 10 10 8 10 10
left_child=3 2 5 4 -1 13 7 -3 10 -10 -5 12 -7 -2
right_child=1 6 -4 8 -6 11 -8 -9 9 -11 -12 -13 -14 -15
leaf_value=0.00091107544277298951 -0.027773341393803361 0.0062268202059745934 -0.0040956134218316327 -0.012278826460661032 0.0072257809397973174 0.020804623325116286 0.0030375023933727078 -0.0069408032651859164 -0.012274772157692517 -0.0020314954971390646 0.013266556727965308 0.0047654966097155204 -0.0032249431010164865 -0.0017662910448175994
leaf_weight=24507.903593674302 119.924386292696 543.33058720827103 2855.7950719594955 175.02695399522781 4730.3664806634188 571.2905388623476 1404.9085193127394 8555.6565477252007 1084.7672451734543 4921.9847029447556 574.89823235571384 3693.5430203229189 153.87360289692879 480.66428351402283
leaf_count=105944 519 2374 12620 774 20416 2455 6186 38095 4734 21481 2491 16048 669 2079
internal_value=-1.58889e-06 -0.00210492 0.00164893 0.00107265 0.00193483 0.00491901 -0.00491818 -0.00614855 -0.00265561 -0.00389867 0.00722133 0.00659657 0.0157312 -0.00732914
internal_weight=54373.9 18379 7875.09 35994.9 29238.3 5019.3 10503.9 9098.99 6756.68 6006.75 749.925 4418.71 725.164 600.589
internal_count=236885 81045 34390 155840 126360 21770 46655 40469 29480 26215 3265 19172 3124 2598
is_linear=0
shrinkage=0.03


Tree=28
num_leaves=15
num_cat=0
split_feature=38 45 30 39 11 12 38 30 35 30 37 39 20 2
split_gain=134.041 101.891 100.1 102.826 84.5426 75.4038 106.803 117.044 85.0926 83.0487 116.07 106.136 100.207 89.3157
threshold=1.4686978965374144 1.3035283162150055 2.5000000000000004 0.89163017410738432 1.5713669345142782 0.032500806749536253 -1.291373886775028 1.5000000000000002 -0.34744537116498814 3.5000000000000004 0.39893679730922771 0.61803854605345954 -0.14457682022531471 1.7448392408478404
decision_type=10 8 2 10 10 2 8 2 10 2 10 10 10 10
left_child=1 5 3 -2 -4 6 7 -1 -7 12 11 -11 13 -8
right_child=2 -3 4 -5 -6 8 9 -9 -10 10 -12 -13 -14 -15
leaf_value=-0.0041826457085638452 0.00684312698380717 0.0044261434446388461 -0.012376678967220655 -0.0070817117856464568 0.005604100390552297 -0.0093375760687285127 -0.0016971855064699495 0.00873594785116448 -0.00044373566168350498 0.0014831698157613329 -0.005089092027061981 -0.0065968226794737798 0.0029045465063125575 0.01940178039191998
leaf_weight=836.55318605899811 910.68806684017181 5135.610864341259 1744.3921617418528 981.01751424372196 265.90303564071655 1581.7559460103512 8798.036244481802 2499.1843469142914 2474.1068052053452 8961.7418295890093 5842.0505044311285 1738.2458221018314 12259.767709091306 174.38774850964546
leaf_count=3594 4005 22021 7950 4443 1194 6991 38121 10673 10807 38766 25788 7684 53365 757
internal_value=1.03811e-05 0.000426302 -0.00533872 -0.000377406 -0.00998238 -2.93817e-05 0.000355985 0.00549334 -0.0039267 -9.90144e-05 -0.00169211 0.000165616 0.00114238 -0.00126596
internal_weight=54203.4 50301.4 3902 1891.71 2010.3 45165.8 41110 3335.74 4055.86 37774.2 16542 10700 21232.2 8972.42
internal_count=236159 218567 17592 8448 9144 196546 178748 14267 17798 164481 72238 46450 92243 38878
is_linear=0
shrinkage=0.03


Tree=29
num_leaves=15
num_cat=1
split_feature=40 46 35 30 30 24 2 45 11 19 10 40 8 30
split_gain=132.55 108.479 80.3322 99.4188 79.154 74.4724 71.0434 70.6545 68.1707 107.578 89.0836 76.7317 66.2449 59.3613
threshold=1.6870672059675229 0 -0.338787096567013 5.5000000000000009 1.5000000000000002 -0.019234576939327976 0.37335188355977628 1.0280141284734527 -0.66331387942076458 -0.35246117819571193 -0.4883231016819472 0.3695175657323152 -0.83713534042939985 2.5000000000000004
decision_type=10 1 10 2 2 10 10 8 8 2 10 10 10 2
left_child=1 6 -2 4 -4 -3 -1 8 10 -10 11 12 -8 -12
right_child=2 5 3 -5 -6 -7 7 -9 9 -11 13 -13 -14 -15
leaf_value=0.01106918753768592 -0.016333595076298616 0.0024287646375621172 0.0020135069391664308 0.011034730334671219 -0.0097003450664332157 -0.0016978381508389584 -0.002358707598728351 0.0028916794497389109 0.0059869673149336054 -0.0019214146489340354 0.0096672006149044754 0.0065751516280274907 -0.014352980663947313 -0.0034938957311855695
leaf_weight=712.02934201061726 542.22103863954544 4772.4531615525484 759.13083425164223 346.88636814057827 1612.2044132202864 22245.14434696734 655.71941730380058 13771.679586529732 2637.0396433621645 3720.4909884035587 551.95078781247139 284.76511381566525 1137.8266431242228 675.37776271998882
leaf_count=3023 2509 20653 3402 1565 7416 97425 2846 59293 11351 16219 2370 1228 4926 2916
internal_value=-3.64413e-05 0.00033777 -0.00589183 -0.00375671 -0.0059577 -0.000967918 0.00179814 0.00151262 -0.000453737 0.00136315 -0.00394162 -0.00771286 -0.0100053 0.00245517
internal_weight=54424.9 51164.5 3260.44 2718.22 2371.34 27017.6 24146.9 23434.8 9663.17 6357.53 3305.64 2078.31 1793.55 1227.33
internal_count=237142 222250 14892 12383 10818 118078 104172 101149 41856 27570 14286 9000 7772 5286
cat_boundaries=0 1
cat_threshold=752
is_linear=0
shrinkage=0.03


Tree=30
num_leaves=15
num_cat=1
split_feature=6 40 39 2 1 40 9 37 1 46 10 11 15 44
split_gain=130.028 88.3138 91.4714 87.1506 79.8253 74.2767 67.6843 73.2132 167.824 75.8618 91.346 77.4903 68.422 67.0856
threshold=1.3688808521291833 1.6870672059675229 2.1360955966638504 0.42331143839496865 0.01293779196818678 -0.75237127877107646 -1.7189852790298679 -1.6673769028775485 0.013330643205397079 0 -1.1681424311725912 -0.58452560920106711 0.1914893617021283 0.0077180801356718509
decision_type=10 8 10 10 10 10 8 10 10 1 8 10 8 10
left_child=1 2 3 4 5 -1 12 8 -8 10 11 -9 -5 -6
right_child=-2 -3 -4 6 13 -7 7 9 -10 -11 -12 -13 -14 -15
leaf_value=0.016440240944757038 -0.0050503160041011335 -0.0048530655448831683 0.014641217163627891 -0.0092498496266665963 0.016131472234451497 -0.0014621065330708578 0.012273371384484408 -0.0082067990161673234 -0.0053035102566999339 -0.00081346430753743515 0.002617269911656657 0.0057548846561249947 0.011978875276464568 -0.0022489324366879908
leaf_weight=240.01247823238373 4183.3237776905298 2666.1906884461641 412.74924312531948 1076.5461769849062 835.24227821826935 1251.2374018728733 1347.2580640912056 1335.1383430957794 756.93554644286633 24810.704391568899 14473.813941866159 479.34866113960743 147.56149071455002 223.7731682062149
leaf_count=1030 18766 12170 1793 4699 3581 5405 5718 5785 3279 108162 62310 2060 641 963
internal_value=2.42105e-05 0.000449223 0.000748492 0.000623339 0.00600542 0.00150954 0.000313109 0.000510879 0.00595531 0.000230753 0.00182023 -0.00450709 -0.00661448 0.0122629
internal_weight=54239.8 50056.5 47390.3 46977.6 2550.27 1491.25 44427.3 43203.2 2104.19 41099 16288.3 1814.49 1224.11 1059.02
internal_count=236362 217596 205426 203633 10979 6435 192654 187314 8997 178317 70155 7845 5340 4544
cat_boundaries=0 1
cat_threshold=624
is_linear=0
shrinkage=0.03


Tree=31
num_leaves=15
num_cat=1
split_feature=7 46 45 40 35 10 11 45 10 16 16 2 39 11
split_gain=104.922 76.7487 86.2404 75.7099 92.2755 59.6921 92.7258 68.7134 58.7226 84.3554 67.0456 69.332 55.2542 52.3544
threshold=1.3325341180060308 0 1.0475926253791639 1.4997995667511386 -0.6603507771112701 -0.89359448680905806 0.19579238990829287 0.73994361840108314 -1.4202847520160071 0.098619127609881049 0.2897524320742732 0.57564418284602581 -1.0738947517226278 -1.0598982034302729
decision_type=10 1 8 10 10 8 10 10 8 10 10 10 10 10
left_child=1 2 5 -3 -5 7 -7 -1 -4 -10 13 -12 -9 -11
right_child=-2 3 8 4 -6 6 -8 12 9 10 11 -13 -14 -15
leaf_value=-0.021156299101498903 -0.0043049048731143525 1.6229634201529139e-05 -0.0048043743495333677 -0.02090885847907038 -0.0032460502085757507 0.0041467540994828897 -0.003045897676625651 -0.011241525780609185 0.018022854465950314 0.00721988735523184 0.013358143735727444 0.0043385201684375254 0.0010491557065827317 -0.0048047649959284825
leaf_weight=194.50111722946167 4594.8876452296972 31447.100266888738 545.91861112415791 295.9559161812067 2097.4828638732433 4208.8383457064629 2602.7265659123659 459.65467232465744 433.42335247993469 463.52628241479397 962.73919314146042 3724.9745740890503 1095.8569198548794 1035.8956265598536
leaf_count=845 20544 136835 2356 1365 9469 18129 11335 2016 1838 1982 4099 16048 4726 4443
internal_value=2.68013e-05 0.000429127 0.0021592 -0.000375884 -0.00550802 0.000127221 0.00139798 -0.00479878 0.00458619 0.0053666 0.00445234 0.00621542 -0.00263136 -0.0010643
internal_weight=54163.5 49568.6 15728.1 33840.5 2393.44 8561.58 6811.56 1750.01 7166.48 6620.56 6187.14 4687.71 1555.51 1499.42
internal_count=236030 215486 67817 147669 10834 37051 29464 7587 30766 28410 26572 20147 6742 6425
cat_boundaries=0 1
cat_threshold=112
is_linear=0
shrinkage=0.03


Tree=32
num_leaves=15
num_cat=1
split_feature=6 30 15 20 2 45 30 39 41 2 46 16 37 33
split_gain=103.85 109.519 228.93 123.237 121.649 110.419 108.928 127.502 119.115 95.4428 84.5481 83.9363 82.0905 85.2936
threshold=1.3688808521291833 3.5000000000000004 0.34546573937983743 -0.2367395166378542 1.0809558926748146 0.91569223589602222 1.5000000000000002 0.56671174989489226 0.15000000000000005 1.5369621323867606 0 0.31478472843449362 0.50467593419710299 -0.2624193515785076
decision_type=10 2 10 10 8 10 2 10 2 8 1 10 10 10
left_child=1 3 10 6 5 -5 8 9 -1 -8 -3 -7 -4 -14
right_child=-2 2 12 4 -6 11 7 -9 -10 -11 -12 -13 13 -15
leaf_value=-0.0071959794806926696 -0.0045535172549023258 0.0067665756631206508 -0.0016049669158256558 0.0011825552042246277 -0.00078311106828948167 0.00084315123779911806 0.0018846224751767613 -0.013787100701656112 0.0016593459819902166 0.014347476524489491 0.00040310710563460305 0.0088045854826445911 -0.013261111101359885 -0.0043517828490744611
leaf_weight=3459.3896627277136 4163.4150385707617 3033.8348621726036 8252.2789208889008 4456.990346044302 4735.0677288621664 1501.2777551412582 4963.5794502049685 414.11356677114964 2250.8907304555178 613.0938441157341 4905.8561568856239 5814.357304468751 1227.8803007751703 4516.4715518057346
leaf_count=14985 18720 13065 35904 19410 20756 6464 21402 1807 9743 2639 21169 25127 5457 20044
internal_value=-6.53577e-06 0.000371821 -0.00121774 0.00160792 0.0032766 0.00490873 -0.000747004 0.00207737 -0.00370857 0.00327801 0.00284912 0.00717416 -0.00352509 -0.00627593
internal_weight=54308.5 50145.1 21936.3 28208.8 16507.7 11772.6 11701.1 5990.79 5710.28 5576.67 7939.69 7315.64 13996.6 5744.35
internal_count=236692 217972 95639 122333 71757 51001 50576 25848 24728 24041 34234 31591 61405 25501
cat_boundaries=0 1
cat_threshold=172
is_linear=0
shrinkage=0.03


Tree=33
num_leaves=15
num_cat=0
split_feature=6 45 36 12 36 38 23 1 15 11 11 38 30 37
split_gain=120.066 90.7877 103.254 170.901 98.5855 69.4184 64.6085 69.1168 72.0855 66.6337 66.3337 65.1076 103.473 158.601
threshold=0.92267637089513188 0.7666111016835252 -0.2795919952240164 0.027472760818859195 -1.2923765509451104 1.4041492577238197 0.059816163208428315 0.019665348580613532 0.42125360206406653 -0.91775354655715802 0.17270973042270635 0.36879784664072618 2.5000000000000004 0.13043531187207855
decision_type=10 8 8 2 10 8 8 8 8 10 10 8 2 10
left_child=1 -1 3 4 -3 -2 7 11 9 -9 -11 -4 13 -13
right_child=5 2 6 -5 -6 -7 -8 8 -10 10 -12 12 -14 -15
leaf_value=-0.0021796377114250399 -0.0019543202157041141 0.0065676330663587551 0.0029009324758492347 -0.0065190381346015326 -0.00039110643383217885 -0.008821354017684236 0.012183928223988168 -0.01041792062038208 0.0088690110438206602 0.01063722938956495 -0.0059781436665489393 -0.01210221460246981 -0.0037630369844505606 0.006335387366430004
leaf_weight=8651.8848826885223 6499.0887866169214 2317.140124425292 11226.695560216904 3500.2351310253143 8612.1549514830112 1657.2452646493912 591.53263826668262 371.70874872803688 2496.4394963383675 572.43076407909393 335.79429583251476 489.64702413976192 4258.5712786912918 2634.0857671052217
leaf_count=37839 28685 9943 48450 15316 37211 7594 2557 1617 10804 2477 1445 2122 18803 11427
internal_value=-6.10118e-06 0.0005882 0.0012288 -0.00075984 0.00108888 -0.00335869 0.00247745 0.00221563 0.005911 0.000117549 0.00449589 0.00146295 -0.000724851 0.00341589
internal_weight=54214.7 46058.3 37406.4 14429.5 10929.3 8156.33 22976.9 22385.4 3776.37 1279.93 908.225 18609 7382.3 3123.73
internal_count=236290 200011 162172 62470 47154 36279 99702 97145 16343 5539 3922 80802 32352 13549
is_linear=0
shrinkage=0.03


Tree=34
num_leaves=15
num_cat=1
split_feature=40 46 30 37 2 37 19 30 40 1 15 1 40 1
split_gain=102.64 84.4484 83.0678 212.797 134.983 114.967 90.0032 114.891 159.457 101.136 87.056 110.696 96.592 136.035
threshold=1.6870672059675229 0 3.5000000000000004 0.39893679730922771 0.65249376741959175 -0.23909490131402808 -3.2630947733905447 1.5000000000000002 -1.7976266053651186 0.022371022403984451 0.35960144433001157 0.017663982984051793 -0.96592268904918954 0.0064478873849161114
decision_type=8 1 2 10 8 10 2 2 10 10 10 10 10 10
left_child=2 -2 4 10 5 -1 7 9 -9 -6 11 12 13 -4
right_child=1 -3 3 -5 6 -7 -8 8 -10 -11 -12 -13 -14 -15
leaf_value=-0.0012934119219667364 -0.012085793468883107 -0.0017660421191876489 -0.023935623738031563 -0.0052244306944772556 -0.0049725425356107224 0.008525910201397674 0.0015257295361371923 0.024032676480919245 -0.00054996749403248371 -0.024342190541388357 -0.0013311088263917689 -0.0052456518315964849 0.0074480791482212086 0.0020499862985857843
leaf_weight=1496.847989231348 1045.050529435277 2212.5034668296576 191.31761924922466 7327.2202046662569 2994.6157377660275 3759.7092559784651 17664.854920715094 249.4621334373951 2798.5828458964825 255.27448943257332 7071.571102231741 1139.1531004011631 4245.0991698056459 1815.0438001304865
leaf_count=6451 4839 10124 828 32399 12991 16197 76740 1067 12079 1123 30712 4953 18203 7819
internal_value=8.55564e-06 -0.00514595 0.00033868 -0.00106298 0.00138393 0.00573263 0.000427987 -0.00264857 0.00153397 -0.00656401 0.00104757 0.00332228 0.00488943 -0.000534303
internal_weight=54266.3 3257.55 51008.8 21789.4 29219.3 5256.56 23962.8 6297.94 3048.04 3249.89 14462.2 7390.61 6251.46 2006.36
internal_count=236525 14963 221562 94914 126648 22648 104000 27260 13146 14114 62515 31803 26850 8647
cat_boundaries=0 1
cat_threshold=131
is_linear=0
shrinkage=0.03


Tree=35
num_leaves=15
num_cat=0
split_feature=38 30 11 39 39 30 11 16 38 11 36 45 39 1
split_gain=100.418 103.755 98.4345 93.3519 96.2175 198.152 113.896 90.6707 90.3867 90.4577 80.6074 64.8517 75.7294 65.2296
threshold=1.4686978965374144 3.5000000000000004 1.4826077082928479 2.1360955966638504 0.79876584247338178 2.5000000000000004 -1.0757235581888989 0.65828319256177692 -0.54882200044755758 -0.64003368891998746 1.7977634708265475 1.16817192334088 -1.1929641045859751 0.015950055880905794
decision_type=10 2 10 10 10 2 10 8 10 8 10 8 8 8
left_child=3 7 -3 4 11 8 -7 10 -6 -10 -2 -1 13 -13
right_child=1 2 -4 -5 5 6 -8 -9 9 -11 -12 12 -14 -15
leaf_value=0.00016134908317913448 0.010920116801542357 -0.014963787151349568 0.0064756653997575745 0.010543066330035718 -0.0098009253130662711 0.012535074483770968 -0.0072642552682258502 -0.0059981400771950081 0.01781908601312408 0.0024283248096588226 -0.0063664283945667642 0.0021602698975195971 0.0039646761993391462 -0.011442829111049217
leaf_weight=30208.002671793103 748.92233571410179 1118.6013339161873 226.47437556087971 789.27947860956192 469.86326511204243 266.56551191210747 5146.8751843422651 1431.0358863025904 374.65148769319057 3279.4577490538359 349.07035920023918 712.5662147551775 8630.9656962901354 558.13255672156811
leaf_count=131059 3294 5168 1024 3486 2057 1169 23123 6523 1602 14239 1578 3057 36923 2437
internal_value=1.41202e-05 -0.00463397 -0.0113328 0.000371996 0.000208208 -0.0024986 -0.00626799 -0.00104056 0.00245258 0.00405065 0.00541657 0.000852304 0.00295798 -0.00385735
internal_weight=54310.5 3874.1 1345.08 50436.4 49647.1 9537.41 5413.44 2529.03 4123.97 3654.11 1097.99 40109.7 9901.66 1270.7
internal_count=236739 17587 6192 219152 215666 42190 24292 11395 17898 15841 4872 173476 42417 5494
is_linear=0
shrinkage=0.03


Tree=36
num_leaves=15
num_cat=1
split_feature=6 46 9 45 16 7 12 35 0 16 1 30 8 40
split_gain=98.8885 84.6418 69.2024 68.8478 87.1897 61.2842 73.5701 58.4599 58.0339 57.6171 58.669 57.5831 100.613 57.9119
threshold=1.7515906354602111 0 -1.7189852790298679 1.0280141284734527 0.081852983406190225 -0.54253547624640774 0.029952045967160997 -1.4998176840090034 0.013547889101660661 0.2325302903866894 0.022953387641471548 3.5000000000000004 0.12759380900082085 -1.7429079314650811
decision_type=10 1 8 8 8 8 2 10 10 8 8 2 10 8
left_child=1 2 -1 -4 8 6 7 -6 -5 -7 -11 13 -13 -3
right_child=-2 11 3 4 5 9 -8 -9 -10 10 -12 12 -14 -15
leaf_value=-0.0081296655352456754 -0.0060189498581662091 0.011073536478401903 -3.7122054846342164e-05 0.020001739972461532 0.011876646692464717 -0.0010081628571603999 -0.0089615111591977784 -0.00027503983789970771 0.0022207743439126267 0.0038997207099708536 0.011147668037081298 5.0990072658217006e-05 -0.0055213353160902378 8.4125778740164718e-05
leaf_weight=628.84355227649212 2285.2278864085674 434.36989162862301 9929.0111085772514 439.79250337183475 409.16351406276226 1769.1362351775169 753.44098770618439 2373.3748418688774 265.44412817060947 6912.6946320831776 1172.2675043493509 6686.1245626658201 5161.9224651455879 15001.084734275937
leaf_count=2769 10360 1871 43064 1856 1740 7595 3268 10129 1139 29857 5033 29139 23011 65533
internal_value=7.49301e-05 0.00034417 0.00161752 0.00187661 0.00322374 0.00267637 -0.00071034 0.00154796 0.0134338 0.00389113 0.0049631 -0.00080689 -0.00237935 0.000400349
internal_weight=54221.9 51936.7 24653.2 24024.3 14095.3 13390.1 3535.98 2782.54 705.237 9854.1 8084.96 27283.5 11848 15435.5
internal_count=236364 226004 106450 103681 60617 57622 15137 11869 2995 42485 34890 119554 52150 67404
cat_boundaries=0 1
cat_threshold=752
is_linear=0
shrinkage=0.03


Tree=37
num_leaves=15
num_cat=1
split_feature=46 38 21 37 36 32 1 0 2 24 15 39 11 16
split_gain=91.3491 69.8618 61.9222 51.1117 72.3763 66.7749 60.9763 53.9668 51.1581 50.3567 48.7736 85.6644 52.5326 70.2636
threshold=0 1.4686978965374144 -0.22848456407313436 -1.5659205117258168 -0.2795919952240164 -0.19069274966621272 0.0058326719473964627 0.02047679990373379 0.40504160210221118 -0.019234576939327976 0.68524892898574963 0.81185631633787458 0.51939010961883325 0.26795003142563384
decision_type=1 10 10 8 8 10 8 8 10 8 8 10 10 8
left_child=2 3 10 5 7 -2 -6 9 -8 -5 11 12 13 -1
right_child=1 -3 -4 4 6 -7 8 -9 -10 -11 -12 -13 -14 -15
leaf_value=0.0010218103577505451 -0.0011023863265342104 -0.0060653821344573483 -6.917843951476888e-05 0.0016684055253594796 -0.0046535023590383116 0.010276656772721299 0.0076107323971246832 -0.0091204490816473756 0.00023726768503424479 -0.0037174895731648793 0.0072848138692472647 -0.0067009164316345965 -0.0024493153700929941 0.0076956349181291732
leaf_weight=2798.7773076146841 1013.9065854251385 2360.1002330631018 11603.916280910373 2104.5215042680502 2218.416629165411 843.2851780205965 883.48475316166878 1198.7679985463619 16246.420179829001 6000.4890567064285 2040.8974355459213 877.38135312497616 1212.2301958948374 2878.9593881815672
leaf_count=12032 4348 10790 50371 9098 9763 3612 3828 5292 71112 26193 8879 3853 5176 12290
internal_value=-0.000110315 -0.00110336 0.00141374 -0.000718009 -0.00103109 0.0040918 1.48388e-05 -0.00320392 0.000621777 -0.00231867 0.00316787 0.00207815 0.00320419 0.00441343
internal_weight=54281.6 32869.4 21412.2 30509.3 28652.1 1857.19 19348.3 9303.78 17129.9 8105.01 9808.25 7767.35 6889.97 5677.74
internal_count=236637 144036 92601 133246 125286 7960 84703 40583 74940 35291 42230 33351 29498 24322
cat_boundaries=0 1
cat_threshold=624
is_linear=0
shrinkage=0.03


Tree=38
num_leaves=15
num_cat=1
split_feature=7 30 41 32 36 46 30 37 10 0 12 36 40 12
split_gain=103.35 77.531 89.0284 72.7409 74.0668 73.21 64.4393 73.8822 60.9596 59.6512 50.2674 57.057 73.6099 60.1407
threshold=1.3037140880886102 1.5000000000000002 0.75000000000000011 -0.23342274625466639 -2.306956404212253 0 3.5000000000000004 0.53770606249899522 -1.0549041815184024 0.026548090438384225 0.015704417712819278 -0.46953636353358347 -1.4379943154183528 0.027472760818859195
decision_type=10 2 2 8 8 1 2 10 8 10 2 10 10 2
left_child=3 2 -2 6 -5 8 10 -8 -6 -3 -1 13 -13 -12
right_child=1 9 -4 4 5 -7 7 -9 -10 -11 11 12 -14 -15
leaf_value=0.0027293258636995666 -0.0073954355436877516 -0.0082616742362996744 0.0071554521492883556 0.014413180377750433 -0.0020616387708055008 -9.1680464770745913e-05 -0.0016976439267710585 -0.0090024440389378999 0.0037514643997095583 0.0046746306612012204 -0.0012220022713645405 0.01928052632319242 0.00012375076289110586 -0.010281490565765305
leaf_weight=4492.8239558637142 624.41130346059799 2897.2125332355499 928.39895631372929 369.93795911967754 1909.4728139489889 18941.278957888484 5437.4833908230066 1609.3330358415842 10624.458343520761 354.1240381449461 1793.4180094897747 181.55731272697449 3136.4788348376751 1035.9763430655003
leaf_count=19443 2772 13105 4126 1590 8255 82870 23553 7174 45800 1591 7724 784 13579 4552
internal_value=-1.89442e-05 -0.00421536 0.00129441 0.000388837 0.00124549 0.0010862 -0.00115338 -0.00337629 0.00286265 -0.00684268 0.000320593 -0.00144139 0.00122676 -0.00456364
internal_weight=54336.4 4804.15 1552.81 49532.2 31845.1 31475.2 17687.1 7046.82 12533.9 3251.34 10640.3 6147.43 3318.04 2829.39
internal_count=236918 21594 6898 215324 138515 136925 76809 30727 54055 14696 46082 26639 14363 12276
cat_boundaries=0 1
cat_threshold=624
is_linear=0
shrinkage=0.03


Tree=39
num_leaves=15
num_cat=1
split_feature=7 40 35 39 46 39 11 40 39 30 35 15 38 30
split_gain=98.772 76.3652 90.4661 81.1858 68.2272 66.8174 136.531 118.797 159.719 94.5227 85.2018 79.1378 73.2896 78.3589
threshold=1.3037140880886102 1.5956037031214281 -0.92245401666519544 1.9599887713377362 0 1.1672008633511177 1.6665900934903779 0.41210572229896647 0.81185631633787458 2.5000000000000004 1.3237497373896316 0.53091806941827391 0.92380806261291093 3.5000000000000004
decision_type=10 10 10 10 1 10 10 10 10 2 10 10 10 2
left_child=1 3 -3 5 -4 7 9 8 -1 10 11 -7 -9 -14
right_child=-2 2 4 -5 -6 6 -8 12 -10 -11 -12 -13 13 -15
leaf_value=0.0002475624786008902 -0.0042477596887241682 -0.023420369874315655 -0.010151858596788693 0.011900748217811497 0.00017299664607636059 -0.017377761401459503 0.010150044431751135 0.005115823609640407 -0.011953866426300402 -0.011015211981585718 -0.02085658425038843 0.006451572322224733 0.0031092455687314357 -0.0082745777885050737
leaf_weight=31972.228386297822 4780.4416799247265 199.99969942867756 806.74534840881824 551.16651649773121 1906.0765274018049 135.71831907331944 530.69824568927288 7386.2258828431368 985.61751189827919 1614.6719090491533 141.82292574644089 900.15873362123966 1513.3759327083826 836.81144219636917
leaf_count=138160 21517 944 3709 2400 8630 586 2301 31933 4335 7264 624 3873 6575 3738
internal_value=-0.000134504 0.00026366 -0.00444025 0.000558776 -0.00296009 0.000420373 -0.00367073 0.000739585 -0.000120841 -0.00632426 0.000145819 0.0031932 0.00364927 -0.000961982
internal_weight=54261.8 49481.3 2912.82 46568.5 2712.82 46017.3 3323.07 42694.3 32957.8 2792.37 1177.7 1035.88 9736.41 2350.19
internal_count=236589 215072 13283 201789 12339 199389 14648 184741 142495 12347 5083 4459 42246 10313
cat_boundaries=0 1
cat_threshold=131
is_linear=0
shrinkage=0.03


Tree=40
num_leaves=15
num_cat=0
split_feature=6 23 39 38 39 35 40 15 15 1 40 1 10 35
split_gain=100.836 77.3852 76.7389 121.098 110.944 99.2819 150.579 94.3702 91.185 95.7513 90.294 85.0492 83.8615 77.8088
threshold=0.92267637089513188 0.059816163208428315 -1.0738947517226278 0.17962788836071458 -0.5187481499629113 -0.83063835716726853 0.95687291014911957 0.2081474494946482 0.11122397731808441 0.016276676857664627 -1.7976266053651186 0.020115278848828511 -0.90714964795032194 -1.3710502322534033
decision_type=10 8 10 8 10 10 10 10 10 10 10 8 8 10
left_child=1 2 3 8 13 6 11 -7 -1 10 -10 -6 -12 -4
right_child=-2 -3 4 -5 5 7 -8 -9 9 -11 12 -13 -14 -15
leaf_value=-0.0067462868701143024 -0.0031738833171710361 0.0085517841202895437 0.011822580728577906 -0.013848295249018181 0.00028986910221351884 0.0069521740686253834 -0.015542324450465954 0.00016306276312714107 0.01665613274180815 -0.0063878099491252406 -0.0053191413840257672 -0.01358610228117497 0.0070961227705384523 0.0028386816667256053
leaf_weight=1764.3405338674784 8094.4448275864124 1028.4697843641043 997.99351081252098 779.18951788544655 3113.2933486104012 1977.5088278800249 839.69439278542995 25296.440302103758 456.2200940400362 954.11182850599289 824.09751828014851 445.67477640509605 1177.2532074451447 6329.09594643116
leaf_count=7664 36148 4445 4275 3423 13418 8481 3762 110202 1938 4179 3573 1960 5085 27264
internal_value=-8.84077e-05 0.0004553 0.000268209 -0.00290083 0.000752738 -1.72864e-05 -0.00419441 0.000657678 -0.00122929 0.00163518 0.00476324 -0.00148096 0.00198285 0.00407679
internal_weight=54077.8 45983.4 44954.9 5955.21 38999.7 31672.6 4398.66 27273.9 5176.02 3411.68 2457.57 3558.97 2001.35 7327.09
internal_count=235817 199669 195224 25862 169362 137823 19140 118683 22439 14775 10596 15378 8658 31539
is_linear=0
shrinkage=0.03


Tree=41
num_leaves=15
num_cat=0
split_feature=38 30 2 39 35 1 10 1 0 9 30 38 2 23
split_gain=90.159 121.804 148.226 113.42 107.578 104.914 92.7307 79.3095 98.2587 78.5735 73.577 103.003 70.199 69.7807
threshold=0.54124529018092982 1.5000000000000002 0.78258584222830907 0.46772567244585855 -1.1775941871991893 0.024470770073484541 -0.85553599925522816 0.021825119449646376 0.01446937021225767 -1.1547660429531079 2.5000000000000004 -0.56158291562831064 0.51236764263604528 -0.026685205977241801
decision_type=10 2 8 10 10 8 8 10 10 8 2 10 10 10
left_child=3 2 -2 6 -5 -3 7 13 -9 12 11 -6 -8 -1
right_child=1 5 -4 4 10 -7 9 8 -10 -11 -12 -13 -14 -15
leaf_value=0.0051932874065932768 0.010474712785231797 -0.0044628037982277153 -0.0014240478041540581 -0.014047552757626017 -0.008987821629972987 0.0078881499056175815 0.013973349084914941 0.0094815857392600341 -0.014351339378979734 0.0034904088416211512 -0.0033986060904502148 0.0040611101682345207 -0.0044411237536513184 -0.0014222409086045002
leaf_weight=1873.8108617812395 1356.7363729774952 9760.207327991724 3027.5285327136517 608.22195695340633 639.63219718635082 651.85767434537411 196.85676945745945 191.43153840303421 705.22627019882202 18514.263678401709 5432.0410159677267 3360.546060398221 1887.5283205509186 6013.0802727043629
leaf_count=8043 5855 43627 13350 2709 2785 2858 846 823 3110 79753 24039 14483 8148 26019
internal_value=7.85804e-05 -0.0019175 0.00227355 0.000828056 -0.00192335 -0.00368273 0.0017686 -0.000811693 -0.00921468 0.00286873 -0.00112749 0.00195736 -0.00264358 0.000154099
internal_weight=54219 14796.3 4384.26 39422.6 10040.4 10412.1 29382.2 8783.55 896.658 20598.6 9432.22 4000.18 2084.39 7886.89
internal_count=236448 65690 19205 170758 44016 46485 126742 37995 3933 88747 41307 17268 8994 34062
is_linear=0
shrinkage=0.03


Tree=42
num_leaves=15
num_cat=0
split_feature=36 32 30 37 37 37 40 39 7 39 40 38 30 20
split_gain=88.4599 80.9898 73.4667 85.7469 73.0412 65.9956 102.545 144.591 83.3534 79.0542 67.5397 112.625 66.9849 92.0422
threshold=1.8730688270987461 -0.23342274625466639 3.5000000000000004 0.53770606249899522 -0.47454774434946106 -1.5659205117258168 -1.6320170662874254 -1.1144530780758328 -0.65176636362223561 -1.7382987568501616 -0.59643355968359335 0.2541687415296342 2.5000000000000004 0.13447708007188089
decision_type=10 8 2 10 10 8 8 8 10 10 10 10 2 10
left_child=1 2 -1 -4 -2 9 8 -8 -7 -3 11 -9 13 -12
right_child=4 5 3 -5 -6 6 7 10 -10 -11 12 -13 -14 -15
leaf_value=0.00020804306564909276 0.017432200039890985 -0.0069377454925786709 -0.0017501687186564059 -0.009160633415063681 -0.0073978663043979421 -0.0023138746001764425 -0.007389774488869745 0.0022293184806604863 0.020680902742363626 0.010690090911643989 -0.00053659849853689861 0.014637123057052706 -0.00072616277894968875 0.0051160756875606051
leaf_weight=11179.292243346572 103.42152164876461 275.65154708921909 5507.801693290472 1879.8692902773619 1950.4808172434568 212.62661580741405 1897.0996230691671 3372.1113672703505 405.4702415317297 1188.9888729453087 4979.2762239724398 809.7174256592989 15069.563807606697 5394.6226147413254
leaf_count=48464 453 1192 23878 8447 8896 922 8310 14536 1746 5067 21475 3493 66186 23451
internal_value=2.23643e-05 0.000263292 -0.00132646 -0.00364567 -0.00606918 0.00114177 0.00085676 0.000617399 0.0128598 0.00734791 0.00113247 0.004661 0.000550927 0.00240499
internal_weight=54226 52172.1 18567 7387.67 2053.9 33605.1 32140.5 31522.4 618.097 1464.64 29625.3 4181.83 25443.5 10373.9
internal_count=236516 227167 80789 32325 9349 146378 140119 137451 2668 6259 129141 18029 111112 44926
is_linear=0
shrinkage=0.03


Tree=43
num_leaves=15
num_cat=1
split_feature=46 2 38 1 10 1 36 40 44 14 45 16 0 9
split_gain=92.6629 82.577 74.1509 63.5271 62.7123 83.9055 64.0522 55.9666 74.4266 95.4728 51.9598 68.8734 68.2454 62.9464
threshold=0 0.37335188355977628 1.4329404396638303 0.0048546617483577479 -1.1681424311725912 0.01678323449312492 1.4359488069466226 -1.7429079314650811 0.037134414968534327 0.29867830828451519 1.0356267648996507 0.10258892499482661 0.019307126504744133 -0.79139467957587639
decision_type=1 10 10 10 8 10 10 8 10 10 8 10 10 8
left_child=1 -1 7 -3 5 -5 10 8 9 -2 -6 12 13 -12
right_child=2 3 -4 4 6 -7 -8 -9 -10 -11 11 -13 -14 -15
leaf_value=0.011206263590640425 0.0020999183604334167 0.012034312364953044 -0.0065697269976855936 -0.0008912471066353187 -1.232890882248754e-05 -0.013789480493593007 -0.0043636747961278621 -0.0010512091825275668 -0.014476072242642878 0.025040935944435502 0.0083521711551686889 0.0024886732676933769 -0.0040260584765538067 0.029767481255676964
leaf_weight=717.0285906791687 441.30136582255363 446.78369584679604 2163.7075968682766 2338.4785286784172 8500.3914688527584 553.72868274152279 1652.0488329529762 25609.798399686813 115.93952015042305 251.0724423378706 302.84215800464153 10807.281052798033 170.93961909413338 212.86373808979988
leaf_count=3022 1902 1918 9965 10101 36845 2450 7384 112195 501 1069 1279 46502 736 890
internal_value=-6.79806e-05 0.00123859 -0.00124294 0.000948661 0.000742 -0.00339969 0.00129669 -0.000804813 0.00691921 0.010657 0.00176633 0.00308062 0.0122279 0.0175897
internal_weight=54284.2 25702.4 28581.8 24985.4 24538.6 2892.21 21646.4 26418.1 808.313 692.374 19994.3 11493.9 686.646 515.706
internal_count=236759 111127 125632 108105 106187 12551 93636 115667 3472 2971 86252 49407 2905 2169
cat_boundaries=0 1
cat_threshold=752
is_linear=0
shrinkage=0.03


Tree=44
num_leaves=15
num_cat=1
split_feature=40 1 46 9 1 40 24 35 15 30 39 1 20 11
split_gain=76.9653 74.5592 70.3006 87.0954 85.5443 66.719 65.466 58.883 90.2968 109.445 90.2199 76.0488 118.628 77.8707
threshold=1.6870672059675229 0.0087557787585511981 0 -1.7189852790298679 0.0048546617483577479 2.23283889851727 -0.031251120217152199 0.96189808060690474 0.67744059973919579 3.5000000000000004 0.68123784834925372 0.016905012004062251 -0.33860805588020809 -2.1729735172151514
decision_type=10 10 1 8 8 10 10 10 8 2 10 10 10 10
left_child=2 -2 3 -1 -5 -3 -4 8 10 -10 11 13 -13 -6
right_child=1 5 6 4 7 -7 -8 -9 9 -11 -12 12 -14 -15
leaf_value=-0.0096377609245144949 -0.011953263146753462 -0.0055241235182078843 0.0039177217852014766 0.014985476673701165 -0.011271821980736407 0.0050486210258581261 -0.0013288868126876616 -0.0024779402776597928 0.010051080262857191 0.00054144134883236928 -0.0056151876155639269 -0.0083621261013333992 0.0035525710646662971 0.0033187722852171474
leaf_weight=621.32537631690502 885.51664604246616 1493.5584979355335 2335.7022494822741 415.51525996625423 330.07500709593296 826.43378114700317 24485.427444905043 3038.1232477128506 2422.7467634677887 1974.3924699127674 1681.2445662766695 1521.4790349751711 1469.5225392878056 10685.74254630506
leaf_count=2747 4179 6864 10097 1764 1415 3820 107371 13359 10376 8622 7299 6588 6295 45559
internal_value=-9.71941e-05 -0.00459876 0.000186693 0.00135986 0.00165469 -0.00175237 -0.000870375 0.00140877 0.00199762 0.005792 0.000931102 0.0017203 -0.00251593 0.00287176
internal_weight=54186.8 3205.51 50981.3 24160.2 23538.8 2319.99 26821.1 23123.3 20085.2 4397.14 15688.1 14006.8 2991 11015.8
internal_count=236355 14863 221492 104024 101277 10684 117468 99513 86154 18998 67156 59857 12883 46974
cat_boundaries=0 1
cat_threshold=752
is_linear=0
shrinkage=0.03


Tree=45
num_leaves=15
num_cat=0
split_feature=6 45 39 40 12 37 40 11 39 40 16 45 1 16
split_gain=85.4274 74.4728 57.5071 84.0777 54.1326 99.6181 72.7764 99.5401 117.196 75.4479 74.8009 100.045 74.2509 70.8142
threshold=1.3073761974915075 1.2045552689931824 2.1360955966638504 1.6870672059675229 0.025289531687657029 -1.730175991096025 0.30925414985748317 1.5713669345142782 1.2252419226289806 1.284513635804047 0.82876814825064449 0.74908634428331589 0.01458789679007874 0.61221795898966347
decision_type=10 8 10 10 2 10 10 10 10 10 10 10 10 10
left_child=1 2 3 4 5 -1 -7 8 12 -10 -9 -12 -8 -11
right_child=-2 -3 -4 -5 -6 6 7 10 9 13 11 -13 -14 -15
leaf_value=0.0088289517260748251 -0.0038147752235707217 0.0028286968058893213 0.0083409028758683855 -0.0069536763947929698 -0.0025576002251195429 -0.00089821033232721477 0.0017046903614900794 -0.0036450456955192164 -0.010623504540543737 0.019733017994226807 0.00055622406552781464 0.022954467208814788 0.010802773630545196 -0.0034341373584387269
leaf_weight=1242.7074875235558 4537.4205394536257 9761.5601413249969 704.67366772890091 1602.8497761040926 6046.3657920062542 19534.593885987997 7243.6431840807199 237.99758611619473 1087.4869235754013 149.848653241992 271.96489572525024 520.66319836676121 899.55517552793026 453.60207766294479
leaf_count=5258 20573 41872 3157 7460 26479 84591 31548 1032 4847 657 1192 2266 3903 2015
internal_value=0.00012121 0.00048083 -9.2763e-05 -0.000246101 4.09338e-05 0.000538129 0.000196414 0.00216354 0.00122855 -0.0059361 0.0109876 0.0153719 0.00272175 0.00254662
internal_weight=54294.9 49757.5 39996 39291.3 37688.4 31642.1 30399.4 10864.8 9834.14 1690.94 1030.63 792.628 8143.2 603.451
internal_count=236850 216277 174405 171248 163788 137309 132051 47460 42970 7519 4490 3458 35451 2672
is_linear=0
shrinkage=0.03


Tree=46
num_leaves=15
num_cat=1
split_feature=39 39 35 46 9 15 35 1 20 10 2 0 40 2
split_gain=89.219 105.449 78.9876 70.578 74.3488 69.9032 80.696 63.238 63.0736 61.9293 62.4322 61.587 50.7133 48.0374
threshold=0.85801550348664568 2.1360955966638504 -1.2670852685522576 0 -1.7189852790298679 0.64266630977872963 0.96189808060690474 0.0048546617483577479 1.0797389077691342 -1.3701447939899289 0.42331143839496865 0.017577458751559697 1.2191512137265172 1.9404453993004698
decision_type=8 10 8 1 8 8 8 10 8 8 10 10 10 10
left_child=3 2 -2 4 -1 -4 8 -6 -7 11 -11 -9 -3 -5
right_child=1 12 5 13 7 6 -8 9 -10 10 -12 -13 -14 -15
leaf_value=-0.0081630272283228205 -0.017341472008317625 0.018992693397678596 -0.0074915439790065284 -0.0005726624870812185 0.014070320144301969 0.0028453359329428793 -0.0060049727402102689 -0.0012303381589460964 -0.0039681955422146576 0.010374279681661523 0.0022149033587070565 -0.01860947236396918 0.00317396406229738 0.011016213434534166
leaf_weight=613.47033020853996 333.86526711285114 213.20601253211498 2149.7227278649807 22026.762023061514 396.96614672243595 3695.0054579675198 2376.9943087846041 1399.7813123166561 1815.2911261916161 879.74139979481697 16804.192917600274 201.51963551342487 1032.1027440279722 316.69834287464619
leaf_count=2721 1543 928 9545 96169 1667 16356 10882 6030 8196 3703 72000 892 4679 1378
internal_value=0.000125065 -0.00220458 -0.00319604 0.000760099 0.00203972 -0.00270873 -0.00139731 0.00236274 0.00059759 0.00211459 0.00262645 -0.00351938 0.00601197 -0.000403365
internal_weight=54255.3 11616.2 10370.9 42639.1 20295.7 10037 7887.29 19682.2 5510.3 19285.2 17683.9 1601.3 1245.31 22343.5
internal_count=236689 52129 46522 184560 87013 44979 35434 84292 24552 82625 75703 6922 5607 97547
cat_boundaries=0 1
cat_threshold=752
is_linear=0
shrinkage=0.03


Tree=47
num_leaves=15
num_cat=1
split_feature=6 36 12 37 1 37 39 39 23 8 36 10 46 33
split_gain=75.9153 94.1642 127.759 120.284 90.6315 84.7276 84.8829 91.1764 70.8712 61.5527 61.5134 60.5013 55.6018 51.6581
threshold=0.92267637089513188 -0.28805754310525838 0.029952045967160997 -1.7842672868464209 0.019665348580613532 0.38070963865079954 -1.0559787094162867 -0.5187481499629113 0.055927772028659901 -1.7080435143541488 -1.2246425163888206 -1.2822864367619002 0 0.1055888412915743
decision_type=10 8 2 10 8 10 10 10 10 10 10 10 1 10
left_child=1 2 3 9 8 6 -5 10 -3 -1 -8 -9 -6 -12
right_child=-2 4 -4 5 12 -7 7 11 -10 -11 13 -13 -14 -15
leaf_value=0.0015925644886342928 -0.0026941855888234839 0.00053184615727676224 -0.0070007040997887918 -0.0059331208550006528 0.0010511685033563151 -0.005925424239656675 0.013966227123150701 -0.010189663989336644 0.0095547007894498052 0.015307022767675458 0.0060492474083866923 0.00040572572672569629 0.0083911192137203754 -0.0067781319802279437
leaf_weight=548.63601613044739 8111.7811916321516 23808.359961226583 2917.7507024258375 1704.4890850037336 1491.591239079833 2490.7695233970881 682.4430185854435 514.97108101844788 800.21136330068111 632.43267937004566 1289.9593422561884 6368.4868490248919 2513.6166067570448 352.08673270046711
leaf_count=2326 36338 103573 12885 7402 6455 10943 2910 2221 3454 2664 5536 27499 10853 1513
internal_value=-1.96929e-05 0.000451233 -0.00128165 -0.00013348 0.00151126 -0.000944698 0.000196539 0.00133641 0.00082901 0.00900317 0.00645979 -0.000400577 0.00569057 0.00327443
internal_weight=54227.6 46115.8 17502 14584.3 28613.8 13403.2 10912.4 9207.95 24608.6 1181.07 2324.49 6883.46 4005.21 1642.05
internal_count=236572 200234 75899 63014 124335 58024 47081 39679 107027 4990 9959 29720 17308 7049
cat_boundaries=0 1
cat_threshold=649
is_linear=0
shrinkage=0.03


Tree=48
num_leaves=15
num_cat=1
split_feature=45 38 39 39 40 20 1 35 46 2 1 36 38 36
split_gain=85.132 66.5822 76.908 73.4307 81.4818 67.6341 77.1135 73.62 70.9963 64.7165 77.735 141.973 141.214 79.0777
threshold=0.78455725568877199 2.3167264682209381 2.1360955966638504 0.98644843202397803 0.41210572229896647 -0.040964844482474845 0.0080167975883395845 -1.1775941871991893 0 0.4388078255145848 0.013877982198986638 -0.21263457927127294 0.54124529018092982 0.096306809083658199
decision_type=8 10 10 8 10 8 8 10 1 10 10 10 10 10
left_child=-1 2 3 4 9 8 -7 -8 -5 -2 12 -12 -11 -14
right_child=1 -3 -4 5 -6 6 7 -9 -10 10 11 -13 13 -15
leaf_value=-0.002407865176737752 0.0060018710445390666 -0.0085022945470902139 0.009901625359279383 0.008456801243867643 0.0037218704699249331 -0.010069225860336687 -0.017381481983267669 0.00071179501162121396 -0.016170427836418051 0.002378499899496333 -0.0062551589827505834 0.00099830450852594812 -0.014353598758623611 -0.0020514040845990285
leaf_weight=11273.040765091777 1647.3718033432961 713.68059891462326 787.77953965961933 120.774144500494 7893.1997058391571 788.70910573005676 201.1645460575819 4864.5892567038536 521.12662114202976 13289.825750976801 4335.7593944370747 5499.8786178380251 664.37426555156708 1567.7040244340897
leaf_count=49629 7020 3340 3490 535 34256 3571 931 21690 2309 57086 18920 23796 2898 6866
internal_value=-8.91099e-05 0.000520678 0.000675316 0.000497381 0.00104264 -0.00242882 -0.00140559 -3.953e-05 -0.0115965 0.000258445 -0.000116899 -0.00220228 0.0012051 -0.00576082
internal_weight=54169 42895.9 42182.3 41394.5 34898.1 6496.36 5854.46 5065.75 641.901 27004.9 25357.5 9835.64 15521.9 2232.08
internal_count=236337 186708 183368 179878 150842 29036 26192 22621 2844 116586 109566 42716 66850 9764
cat_boundaries=0 1
cat_threshold=13
is_linear=0
shrinkage=0.03


Tree=49
num_leaves=15
num_cat=1
split_feature=7 23 40 32 12 7 37 46 15 39 16 19 24 16
split_gain=68.9931 59.7348 52.7591 50.8444 47.2319 135.256 90.1364 94.9819 87.3697 57.5665 84.2122 59.4867 54.4917 59.8407
threshold=0.79414067889541495 0.070797697818552732 -0.63618884327887537 -0.43035023965381475 0.030300343105986026 -0.49730797818724787 -1.6673769028775485 0 0.13054944686843239 -1.0738947517226278 0.081852983406190225 -9.1492635282092873 -0.019234576939327976 0.16118421052631576
decision_type=10 8 10 10 2 8 8 1 8 10 10 2 8 8
left_child=1 4 -2 -4 6 -6 8 12 -1 -9 -11 -12 13 -8
right_child=2 -3 3 -5 5 -7 7 9 -10 10 11 -13 -14 -15
leaf_value=0.00054045538992009352 0.0049506166986673806 0.0092163878170115326 -0.0072240470264009447 -0.0017001820923112654 -0.0074983752706582925 0.0018014273518357012 0.013274282801360013 -0.0030260754838713024 0.013566026743670313 0.01211847499645332 -0.020518310573090892 0.0021301111006902813 -0.002075916147801548 0.00075983202846252823
leaf_weight=898.52193847298622 851.57595720887184 698.93114818632603 1869.1849846690893 7479.893890440464 2408.6790617406368 3359.577552869916 382.34288559854031 1918.0665145516396 949.06359414756298 763.33637823164463 95.105205148458481 16739.380632460117 12962.137685596943 2796.687488079071
leaf_count=3809 3702 3007 8375 33477 10627 14657 1638 8329 3993 3223 420 71962 56969 12173
internal_value=6.26669e-05 0.000578412 -0.00215894 -0.00281112 0.000436797 -0.00208819 0.000825596 0.000489815 0.00726841 0.00189695 0.00243603 0.00199006 -0.00121207 0.00230185
internal_weight=54172.5 43971.8 10200.7 9349.08 43272.9 5768.26 37504.6 35657.1 1847.59 19515.9 17597.8 16834.5 16141.2 3179.03
internal_count=236361 190807 45554 41852 187800 25284 162516 154714 7802 83934 75605 72382 70780 13811
cat_boundaries=0 1
cat_threshold=263
is_linear=0
shrinkage=0.03


Tree=50
num_leaves=15
num_cat=0
split_feature=39 30 11 30 15 41 11 1 11 33 10 19 30 41
split_gain=73.5037 152.745 143.572 121.686 96.5144 94.972 78.4638 87.9352 110.502 76.6859 75.5156 91.2406 81.2845 167.286
threshold=0.46772567244585855 2.5000000000000004 -0.43407399619699055 4.5000000000000009 0.70427916762878906 0.35000000000000003 -1.5375078327488063 0.013064941602125344 1.3558604360693731 2.0171145763090483 0.42103305746688113 2.1467667335677603 1.5000000000000002 0.15000000000000005
decision_type=8 2 8 2 10 2 8 8 10 10 8 2 2 2
left_child=10 2 4 -3 -2 -4 -5 8 -8 -7 11 12 13 -1
right_child=1 3 5 6 -6 9 7 -9 -10 -11 -12 -13 -14 -15
leaf_value=-0.0069706567216809038 0.0031289549015680253 -0.0072696042536800317 -0.0063534692912245744 0.020425281184952345 0.019492439299477117 0.0029048202468056972 -0.0070266511531686541 0.0035191072692944999 0.0074509001249816655 -0.011922312634521986 0.0035777507880220077 -0.0082555332698961963 0.0014840355680325577 0.0018248609433171034
leaf_weight=3516.3857669383287 711.07211887836456 5018.5252854675055 1668.7801576405764 142.68997794389725 593.78699724376202 4619.0068540275097 2655.2794242054224 2011.7629635930061 568.64756160974503 326.96696610748768 7103.0182169824839 1113.2328576147556 19934.41193048656 4335.8968733400106
leaf_count=15257 3064 22730 7275 624 2562 20234 11964 8927 2549 1494 30748 4858 86009 18741
internal_value=2.15976e-05 -0.00152511 0.00161274 -0.00391455 0.0106669 -0.000186735 -0.000776301 -0.00139195 -0.00445791 0.00190255 0.000808692 0.000127111 0.000465798 -0.00211778
internal_weight=54319.5 18316.5 7919.61 10396.9 1304.86 6614.75 5378.38 5235.69 3223.93 4945.97 36002.9 28899.9 27786.7 7852.28
internal_count=237036 81423 34629 46794 5626 29003 24064 23440 14513 21728 155613 124865 120007 33998
is_linear=0
shrinkage=0.03


Tree=51
num_leaves=15
num_cat=0
split_feature=6 36 1 37 40 40 39 40 1 30 36 0 15 37
split_gain=75.3461 78.7155 113.474 133.653 109.219 106.121 104.014 92.095 86.4628 83.1561 93.3659 81.7476 82.0138 77.3519
threshold=1.3688808521291833 -0.28805754310525838 0.015739647358893626 0.40712520682647041 1.0676364887636098 -1.7429079314650811 -1.803152513603415 -0.051672705047420879 0.014947293940627016 1.5000000000000002 -1.6751078624613245 0.0055803989084395452 0.39893614980447972 -1.0618984746628379
decision_type=10 10 10 10 10 10 10 8 8 2 10 10 8 10
left_child=1 2 3 4 7 13 -7 9 -8 -1 -11 -10 -13 -3
right_child=-2 5 -4 -5 -6 6 8 -9 11 10 -12 12 -14 -15
leaf_value=-0.0041178334076051922 -0.0037464440896743715 -0.0010153810886218034 -0.0053423214156671627 -0.0066005632060097607 -0.010038439493689169 -0.024808131984615754 0.00030484983471743991 0.0064585485240607893 0.027031496812056976 0.011129502803466055 0.00061471574580119158 -0.00096744511153805759 0.0053992910370191625 0.024698835739871056
leaf_weight=2412.6871675699949 4098.6603816896677 161.354825258255 4333.5868329256773 2143.4108967334032 675.88722518086433 128.32782754302025 23094.004553243518 3301.0551806092262 124.61699791252613 938.97280865907669 3823.9786865562201 2622.8780539035797 5925.6845001876354 288.90547272562981
leaf_count=10418 18681 690 19054 9470 3012 566 100719 14204 526 3986 16392 11342 25685 1226
internal_value=0.000158838 0.000479809 -0.00113251 0.000242585 0.0015625 0.00135866 0.0011519 0.00231978 0.00126454 0.000409453 0.00270659 0.0038166 0.003447 0.0156621
internal_weight=54074 49975.4 17629.6 13296 11152.6 32345.8 31895.5 10476.7 31767.2 7175.64 4762.95 8673.18 8548.56 450.26
internal_count=235971 217290 76536 57482 48012 140754 138838 45000 138272 30796 20378 37553 37027 1916
is_linear=0
shrinkage=0.03


Tree=52
num_leaves=15
num_cat=1
split_feature=6 30 15 11 8 11 10 39 1 1 16 46 0 11
split_gain=77.4103 79.0896 150.232 150.336 122.771 95.3938 102.148 95.59 126.115 92.7451 73.3974 75.8341 70.6494 94.5895
threshold=0.92267637089513188 3.5000000000000004 0.33173076923076933 -1.6323180237845316 0.29009472410122294 0.27491852068197625 -0.25726158197280019 -1.0559787094162867 0.021825119449646376 0.0064478873849161114 0.13463233177686551 0 0.009440787717683927 -1.9147650664834674
decision_type=10 2 10 8 10 10 10 8 10 10 8 1 10 8
left_child=1 4 3 -3 -1 7 -7 9 10 -5 -9 -12 13 -4
right_child=-2 2 12 5 -6 6 -8 8 -10 -11 11 -13 -14 -15
leaf_value=0.00028678584099337679 -0.002635212504291681 -0.01253015748694627 0.016960909793356068 -0.023250768459428185 0.0047832085633629715 0.0066407783532354877 -0.010925539400277731 0.016945420296773026 -0.011921698162763563 0.0019382773559213431 0.014083758920709686 0.0029676907795078366 -0.00029980403109226193 -0.0053082201601642714
leaf_weight=18002.518534556031 8050.0207132250071 541.52678006887436 166.42156355082989 131.12461237609386 7838.4070771485567 491.57095411419868 726.67262722551823 941.65048922598362 249.15250997245312 1930.4181342720985 859.79610258340836 1553.0404526889324 5675.9991163164377 7053.507570758462
leaf_count=77740 36143 2334 722 572 34054 2110 3129 4001 1085 8365 3665 6648 24996 31014
internal_value=7.75786e-05 0.000551122 -0.000848954 0.00254838 0.00165202 0.00375108 -0.00384103 0.00538758 0.00832837 0.000231621 0.00986339 0.00704098 -0.00280546 -0.00477216
internal_weight=54211.8 46161.8 20320.9 7424.95 25840.9 6883.43 1218.24 5665.18 3603.64 2061.54 3354.49 2412.84 12895.9 7219.93
internal_count=236578 200435 88641 31909 111794 29575 5239 24336 15399 8937 14314 10313 56732 31736
cat_boundaries=0 1
cat_threshold=172
is_linear=0
shrinkage=0.03


Tree=53
num_leaves=15
num_cat=0
split_feature=6 45 44 40 40 39 39 11 39 16 45 10 15 40
split_gain=70.9395 68.6963 74.0381 68.1047 61.8919 117.007 120.412 79.7907 99.3189 98.1132 72.2212 69.4632 112.627 159.803
threshold=0.9979170591189136 1.3035283162150055 -0.074236961727395537 1.6870672059675229 0.41210572229896647 0.78413514254632943 1.3452380648521873 1.6014430465954312 1.2252419226289806 0.85555754519457394 0.74908634428331589 -0.79447927497369808 0.24134591943892283 -1.7429079314650811
decision_type=10 8 8 10 10 10 10 10 10 10 10 8 10 10
left_child=1 3 -3 4 5 11 -7 8 -6 -9 -11 12 -1 -14
right_child=-2 2 -4 -5 7 6 -8 9 -10 10 -12 -13 13 -15
leaf_value=0.00089126239370251729 -0.00274463278389946 -0.0090831660161197272 0.0048557661594881563 -0.0053763640969524797 0.0029192587917252159 -0.013080442745431834 0.0070520365531670619 -0.002275392729071549 -0.0042938638855641994 0.0014856849145824787 0.022194265777722669 0.001082412217230736 0.02641534884185584 -0.0070569160574155158
leaf_weight=4865.3345716744661 7205.5996527820826 361.81877355277538 4535.055900812149 1967.7104537934065 7957.4164202809334 1165.6376506835222 339.07314613461494 394.45624558627605 2180.8990797102451 215.17001108825207 515.21628025174141 18491.547193005681 123.192333355546 3790.3840242475271
leaf_count=21080 32453 1574 19364 9153 34548 5167 1493 1706 9679 941 2225 79772 518 16460
internal_value=2.46233e-05 0.000450553 0.00380944 5.81757e-05 0.000326536 -0.000411509 -0.00852716 0.00221079 0.00136491 0.00975556 0.016196 3.92528e-05 -0.00215675 -0.00593863
internal_weight=54108.5 46902.9 4896.87 42006 40038.3 28775.2 1504.71 11263.2 10138.3 1124.84 730.386 27270.5 8778.91 3913.58
internal_count=236133 203680 20938 182742 173589 124490 6660 49099 44227 4872 3166 117830 38058 16978
is_linear=0
shrinkage=0.03


Tree=54
num_leaves=15
num_cat=1
split_feature=32 37 39 40 39 7 33 46 1 45 30 37 12 40
split_gain=69.4143 69.5461 94.4189 71.2485 136.99 74.0332 63.245 59.5483 49.5207 49.4332 48.6643 72.4879 45.9615 42.9834
threshold=-0.19069274966621272 -1.5659205117258168 -1.7382987568501616 -1.6320170662874254 -1.1929641045859751 -0.97690051253607424 2.0171145763090483 0 0.016905012004062251 1.2776982327279967 3.5000000000000004 0.53770606249899522 0.043544364269850776 -0.59643355968359335
decision_type=10 10 10 10 10 10 10 1 8 10 2 10 2 10
left_child=10 2 -2 5 12 -3 7 9 -4 13 -1 -12 -5 -6
right_child=1 3 8 4 6 -7 -8 -9 -10 -11 11 -13 -14 -15
leaf_value=-0.00031154391767507434 -0.0086567488282500594 -0.0094845727929279595 0.013635403924915549 -0.010480334417674438 0.0065419160104777429 0.015758966688550057 -0.0070469523016678812 -0.00019736732397913049 -0.0028981147734148567 0.0076648359752460255 -0.0016110622255342988 -0.0080372280705851423 0.0083577833544456019 0.001006871478909404
leaf_weight=12192.902520403266 267.19806911051273 125.37828893959522 962.49647238850594 1303.2837533801794 1468.2397490739822 484.07733929157257 921.26714366674423 17816.573685407639 192.11573189496994 1481.0443005114794 6004.0785753428936 2137.5159374922514 120.55402505397797 8700.6462722867727
leaf_count=52955 1159 547 4056 5742 6273 2075 4206 78351 840 6276 26038 9683 536 37707
internal_value=-0.00012659 0.000705739 0.00717623 0.000419854 0.000223564 0.0104965 0.000650925 0.000893908 0.0108831 0.00255954 -0.00151151 -0.00330599 -0.00883818 0.00181169
internal_weight=54177.4 33842.9 1421.81 32421.1 31811.6 609.456 30387.8 29466.5 1154.61 11649.9 20334.5 8141.59 1423.84 10168.9
internal_count=236444 147768 6055 141713 139091 2622 132813 128607 4896 50256 88676 35721 6278 43980
cat_boundaries=0 1
cat_threshold=624
is_linear=0
shrinkage=0.03


Tree=55
num_leaves=15
num_cat=1
split_feature=38 46 9 10 11 16 16 11 8 1 1 1 10 10
split_gain=78.7054 64.0828 60.8887 48.7332 68.1289 54.352 63.0588 91.2099 59.1476 65.1903 58.037 54.68 54.302 52.9925
threshold=2.3167264682209381 0 -1.7189852790298679 -1.3936847817495048 -0.52699610973355837 0.11699999247734146 0.2897524320742732 -0.15997268897982858 -0.86541654719438454 0.020797413148565622 0.024470770073484541 0.013398036346800318 0.073604706685167262 -0.88089611998542294
decision_type=10 1 8 8 10 10 10 10 10 10 10 10 10 10
left_child=1 2 -1 4 -4 -5 -7 10 11 13 12 -9 -8 -10
right_child=-2 -3 3 5 -6 6 7 8 9 -11 -12 -13 -14 -15
leaf_value=-0.008806900543171528 -0.008365991704597309 -0.00069781440855571286 -0.0074480879873648513 0.007698257531545548 0.009143881145126943 -0.0014796708677425276 0.002177677751875785 0.00043892773953632951 0.016470511346195441 0.0078779275863782149 0.021142795351488195 -0.014382199056559044 0.009348011980741245 0.00022345576095756712
leaf_weight=500.37428177893162 986.21540194749832 32134.95093588531 1028.4411821812391 1418.1739174723625 274.43958625197411 4445.8670025169849 2060.0619778931141 492.25603957474232 175.51332665979862 1322.2011575251818 218.05640475451946 400.27376845479012 1767.877350255847 6946.7117546796799
leaf_count=2227 4668 140984 4459 6022 1172 19060 8818 2090 749 5710 930 1717 7623 30221
internal_value=-1.15447e-05 0.000144916 0.00143079 0.00168492 -0.00391012 0.0020655 0.00161339 0.00264125 0.00100833 0.00178664 0.00639776 -0.00629363 0.00550492 0.000646364
internal_weight=54171.4 53185.2 21050.2 20549.9 1302.88 19247 17828.8 13383 9336.96 8444.43 4046 892.53 3827.94 7122.23
internal_count=236450 231782 90798 88571 5631 82940 76918 57858 40487 36680 17371 3807 16441 30970
cat_boundaries=0 1
cat_threshold=624
is_linear=0
shrinkage=0.03


Tree=56
num_leaves=15
num_cat=1
split_feature=36 32 37 40 39 37 39 46 37 37 10 36 16 1
split_gain=73.2549 62.0161 72.9151 73.8841 117.519 67.8358 65.3896 59.4977 53.8137 49.4445 54.6055 45.4755 40.1671 47.1169
threshold=1.8730688270987461 -0.19069274966621272 -1.5659205117258168 -1.6320170662874254 -1.1929641045859751 -0.42039087454214003 -1.7382987568501616 0 -0.47454774434946106 0.26033732563089335 -0.72504052133710206 -1.811682224487146 0.10638838318563694 0.02591642086121608
decision_type=10 8 8 8 8 10 10 1 10 10 10 10 10 10
left_child=1 -1 6 5 9 -4 -3 -6 -2 10 -5 -8 -9 -14
right_child=8 2 3 4 7 -7 11 12 -10 -11 -12 -13 13 -15
leaf_value=-0.001099481189495572 0.014879100302673144 -0.0056251780522703788 0.0022335395507984239 -0.010851281607995663 -0.00093868711040694618 0.022320222622174517 0.021759261680630953 0.0077811568866638708 -0.0067423613111244193 -0.021480542732768844 0.0019367472279537045 0.0074105164322822601 0.0011725132876879631 0.0072214176329096153
leaf_weight=19736.223149895668 100.2539029866457 266.57762290537357 351.7725700289011 710.82851891219616 10009.812015667558 258.91076715290546 251.99585327506065 987.9017149657011 1910.4475882351398 197.20413683354855 510.87094683945179 916.97785370051861 16673.591767162085 1236.2719315737486
leaf_count=86003 439 1159 1519 3152 44197 1102 1064 4196 8814 882 2241 3882 72261 5342
internal_value=8.38197e-06 0.000225668 0.00103364 0.000725681 0.000515801 0.0109721 0.00761953 0.00093063 -0.00559601 -0.00788295 -0.00553148 0.010662 0.00192023 0.00159385
internal_weight=54119.6 52108.9 32372.7 30937.2 30326.5 610.683 1435.55 28907.6 2010.7 1418.9 1221.7 1168.97 18897.8 17909.9
internal_count=236253 227000 140997 134892 132271 2621 6105 125996 9253 6275 5393 4946 81799 77603
cat_boundaries=0 1
cat_threshold=7
is_linear=0
shrinkage=0.03


Tree=57
num_leaves=15
num_cat=1
split_feature=39 11 11 10 39 46 20 7 1 35 2 40 1 44
split_gain=66.0565 95.7903 98.7435 84.4183 75.1682 66.1568 74.2386 60.114 58.6802 58.9111 52.5808 69.3582 67.825 52.4325
threshold=0.85801550348664568 1.775606696789451 -0.52699610973355837 0.8161357378387154 1.5799472496552178 0 -0.040964844482474845 0.85630349515567838 0.007631826101789232 -1.1775941871991893 0.4388078255145848 -0.63618884327887537 0.014858313390804756 -0.097043690704595939
decision_type=10 10 8 10 10 1 10 10 8 10 10 10 8 8
left_child=10 2 3 -2 -3 -4 -7 -6 -8 -10 11 -1 -13 -11
right_child=1 4 5 -5 7 6 8 -9 9 13 -12 12 -14 -15
leaf_value=0.013672252050996741 0.0011798253068156786 -0.00041925666894215629 -0.008279649808649656 0.021415091403667128 0.022530993020945019 -0.012212966888645128 -0.0081871090012070689 0.0030155035148714451 -0.017016758948660674 -0.019677197852894464 0.0002915247138068007 -0.0018846065999172028 0.0094656837162400507 0.00099685646417832421
leaf_weight=584.93603181838989 942.18735821545124 839.9850141108036 2436.9442694187164 221.46237596869469 303.46927864849567 628.04133716225624 959.86165317893028 266.25551350414753 168.99323612451553 103.06936153769493 39976.178872033954 1364.228762447834 713.92054195702076 4687.6139912605286
leaf_count=2486 4184 3682 11091 983 1322 2812 4432 1202 793 463 173132 5866 3023 21108
internal_value=1.86314e-05 -0.00199204 -0.00301069 0.00518059 0.00531057 -0.00407618 -0.00248504 0.01362 -0.00143827 -0.000118303 0.000563986 0.00463758 0.00204129 0.000512002
internal_weight=54197.1 11557.9 10148.2 1163.65 1409.71 8984.52 6547.58 569.725 5919.54 4959.68 42639.3 2663.09 2078.15 4790.68
internal_count=236579 52072 45866 5167 6206 40699 29608 2524 26796 22364 184507 11375 8889 21571
cat_boundaries=0 1
cat_threshold=137
is_linear=0
shrinkage=0.03


Tree=58
num_leaves=15
num_cat=0
split_feature=2 30 38 15 38 13 39 13 7 39 11 11 30 10
split_gain=73.7027 105.021 84.2193 77.913 68.2702 68.1917 67.6135 62.9605 56.3307 55.346 117.498 94.4399 82.3962 151.076
threshold=0.65610063064035684 1.5000000000000002 -0.2155192213785255 0.22828881697640085 2.3167264682209381 32.044815943382396 2.1360955966638504 36.006583485429637 0.22743141981870701 0.47863860281053228 -0.52699610973355837 -1.3356796447404029 2.5000000000000004 0.42103305746688113
decision_type=10 2 10 10 10 8 8 10 10 10 8 8 2 8
left_child=1 2 -1 5 6 -3 9 -5 -9 11 -11 -2 13 -13
right_child=4 3 -4 7 -6 -7 -8 8 -10 10 -12 12 -14 -15
leaf_value=-0.0018960690854293095 -0.0046749419593388108 -0.01233784356928281 0.0099592915136728129 -0.014776524274867978 -0.0087125025382573714 0.0080537961706389771 0.0076201954401714398 0.0018331202080861708 -0.003205730266400674 0.0047405304251932614 -0.0034594284988757745 -0.0029616815983282843 0.0024592132239044575 0.005685617220262046
leaf_weight=713.81454381346703 3196.8831765949726 153.34946675598621 2160.2317758500576 264.59805086255074 907.07222558557987 1626.5632521957159 906.70527605712414 4998.8741738945246 3310.4535576701164 1833.1998097747564 10742.370696529746 8479.9927303045988 12619.439277216792 2304.1959820240736
leaf_count=3075 13835 655 9236 1141 4324 6957 4044 21648 14476 8025 48017 36744 54550 9968
internal_value=9.26012e-06 0.00195549 0.00701846 0.000544678 -0.000619133 0.00623783 -0.000433853 -0.000643087 -0.000175809 -0.000622156 -0.00226127 0.000153303 0.000814545 -0.00111051
internal_weight=54217.7 13227.9 2874.05 10353.8 40989.9 1779.91 40082.8 8573.93 8309.33 39176.1 12575.6 26600.5 23403.6 10784.2
internal_count=236695 57188 12311 44877 179507 7612 175183 37265 36124 171139 56042 115097 101262 46712
is_linear=0
shrinkage=0.03


Tree=59
num_leaves=15
num_cat=0
split_feature=38 30 16 19 36 40 12 36 30 36 37 1 12 15
split_gain=69.1325 86.8096 84.1673 79.4986 70.9448 142.789 122.234 97.9353 69.2552 63.4082 63.1132 59.324 75.7406 66.218
threshold=1.4686978965374144 3.5000000000000004 0.65828319256177692 3.0391840996278048 -0.2051895091241602 -1.6320170662874254 0.026987738430966763 -1.5597693486653632 1.0000000180025095e-35 1.4783302867448456 -0.93852859408098155 0.014947293940627016 0.016006253622554766 0.39893614980447972
decision_type=10 2 10 2 10 10 2 10 2 10 10 8 2 8
left_child=4 2 9 -3 6 10 7 8 -1 -2 -6 -7 -13 -14
right_child=1 3 -4 -5 5 11 -8 -9 -10 -11 -12 12 13 -15
leaf_value=-0.0056424905215872552 0.010963418087932318 -0.01868044041659753 -0.0055883441078235317 -0.0037527254823065456 0.00315538752515113 -7.4537778443276461e-06 -0.0057515123257056155 -0.00090844499252961764 0.0086681724348394162 -0.0036864280966420267 0.023409998881186035 0.020358959841015729 -0.0016657175661448204 0.0042631823171921162
leaf_weight=363.59697020053864 691.04540468752384 558.55625905096531 1396.4567911475897 752.61320772767067 228.60435037314892 21827.409451827407 4180.5928529947996 13470.166731283069 1686.3643394857645 421.92689880728722 355.36650474369526 209.71739283204079 2409.5419179499149 5674.4996116906404
leaf_count=1565 3032 2605 6477 3572 979 95257 18446 58283 7185 1931 1508 893 10418 24579
internal_value=-9.55162e-05 -0.00398082 -0.000701023 -0.0102052 0.000199708 0.0011011 -0.00120502 2.25607e-05 0.00611485 0.0054263 0.0156676 0.000813584 0.00297179 0.00249613
internal_weight=54226.5 3820.6 2509.43 1311.17 50405.9 30705.1 19700.7 15520.1 2049.96 1112.97 583.971 30121.2 8293.76 8084.04
internal_count=236730 17617 11440 6177 219113 133634 85479 67033 8750 4963 2487 131147 35890 34997
is_linear=0
shrinkage=0.03


Tree=60
num_leaves=15
num_cat=1
split_feature=45 46 10 45 40 14 15 19 24 36 40 1 35 1
split_gain=64.0627 55.2256 64.5133 74.9748 50.9557 49.1644 65.2847 48.0219 47.1843 43.655 85.3169 59.5874 51.302 48.8399
threshold=0.75355126082330504 0 -1.3460112815095653 1.4056311960279972 1.7255567102580587 0.7018777009242827 0.74933286912102803 -3.3642134675184763 0.0059972955986521701 -0.2795919952240164 -1.7429079314650811 0.014171956114303904 -2.0787232251000596 0.032856810192967344
decision_type=8 1 8 10 10 10 8 2 10 8 8 8 10 8
left_child=4 2 7 5 8 6 -4 -2 -1 11 -11 12 -3 -12
right_child=1 9 3 -5 -6 -7 -8 -9 -10 10 13 -13 -14 -15
leaf_value=-5.9500162478072639e-05 -0.007921575773149744 0.0084957693238306761 0.0025995714296862581 0.013169086857877856 -0.010309468692382216 -0.0011662399247445419 0.012169776082930975 0.013335505275606669 -0.0045822762973780551 0.01653070665754439 5.0665437935357347e-05 -0.0045531963547274755 -0.00081849780494282361 0.0075322605619958394
leaf_weight=5646.0210491269827 798.01107867062092 569.82505355775356 6119.4447840154171 592.9454341083765 659.38332752883434 2704.1399480104446 708.28500273823738 99.32661484181881 3273.4932506531477 286.39118452370167 21254.126873403788 4236.8484992384911 6470.2447391152382 805.42093358933926
leaf_count=24712 3481 2416 26220 2508 3149 11861 3052 424 14444 1210 93157 18649 28034 3471
internal_value=-9.90498e-05 0.000378715 0.00221944 0.00290584 -0.00232387 0.00225427 0.0036087 -0.00544758 -0.00172265 -0.000225779 0.000542087 -0.00174669 -5.36174e-05 0.000327117
internal_weight=54223.9 44645 11022.2 10124.8 9578.9 9531.87 6827.73 897.338 8919.51 33622.9 22345.9 11276.9 7040.07 22059.5
internal_count=236788 194483 47546 43641 42305 41133 29272 3905 39156 146937 97838 49099 30450 96628
cat_boundaries=0 1
cat_threshold=48
is_linear=0
shrinkage=0.03


Tree=61
num_leaves=15
num_cat=0
split_feature=38 39 30 41 11 45 44 12 38 34 35 39 40 14
split_gain=56.9372 70.7785 61.0479 79.6414 61.2973 60.9584 71.4696 64.1188 96.3383 72.556 72.0237 60.2064 79.0425 103.533
threshold=1.3468833293474443 2.1360955966638504 2.5000000000000004 0.55000000000000016 1.5713669345142782 1.3035283162150055 -0.066149958164983091 0.032500806749536253 -2.6065503240709633 -0.56526868201889402 -2.0787232251000596 -1.0738947517226278 -1.7429079314650811 0.44961240310077638
decision_type=10 10 2 2 10 8 8 2 10 10 10 10 10 10
left_child=1 5 3 -2 -4 7 -7 8 -1 -9 -10 12 13 -12
right_child=2 -3 4 -5 -6 6 -8 9 10 -11 11 -13 -14 -15
leaf_value=0.018501561301993534 -0.01303977307378002 0.0093151557212278538 -0.0084305274580588618 0.0026849636560829959 0.0054111262831281317 -0.008930055557237004 0.0042970240364204161 -0.010039097737811023 0.0079104926411935669 -0.001177872402745507 -0.0015451727484347981 0.00018888109702710029 -0.0055920654565772545 0.023684296559446458
leaf_weight=244.56453502178192 330.99396374821663 752.64688654243946 2077.6152455508709 1923.9542316347361 327.00393778085709 390.27369104325771 4593.2029396295547 1196.8667329400778 996.37196597456932 2685.1047887057066 542.41987006366253 34607.177449002862 3368.2407905906439 189.94972084462643
leaf_count=1021 1502 3303 9747 8658 1494 1691 19571 5381 4237 11795 2321 150543 14743 791
internal_value=-5.18206e-05 0.000246475 -0.00321872 0.000329417 -0.00653359 0.000104769 0.00324536 -0.000252969 0.000105109 -0.00392869 -1.28375e-05 -0.000218781 -0.00365135 0.00522931
internal_weight=54226.4 49566.8 4659.57 2254.95 2404.62 48814.2 4983.48 43830.7 39948.7 3881.97 39704.2 38707.8 4100.61 732.37
internal_count=236798 215397 21401 10160 11241 212094 21262 190832 173656 17176 172635 168398 17855 3112
is_linear=0
shrinkage=0.03


Tree=62
num_leaves=15
num_cat=1
split_feature=46 45 15 30 11 9 16 30 37 11 1 16 19 2
split_gain=64.1502 68.1694 63.2357 91.9225 100.295 75.5923 81.9428 69.7602 69.2426 78.9422 64.858 64.6561 118.252 79.6481
threshold=0 1.2776982327279967 0.23484785926982438 2.5000000000000004 -1.5686660065396432 -0.7787368138952796 0.19854854905304933 3.5000000000000004 0.42479671739389863 2.029749964309405 0.0053105644832712922 0.33096406604598194 -0.98058196123494901 1.0907549129402832
decision_type=1 10 10 2 8 8 10 2 8 10 10 10 2 10
left_child=1 -1 3 -2 -5 6 -6 11 -9 10 -10 -4 -13 -14
right_child=2 -3 7 4 5 -7 -8 8 9 -11 -12 12 13 -15
leaf_value=0.00073786226116070964 -0.0021735724711409604 0.0057983489302265634 -0.0036705954011346425 -0.011304852683749991 0.0078683431833252958 0.012309392518710809 -0.0037963094133704359 -0.0011644268101577507 -0.019856714342047024 0.0083392963022320132 -0.0059473158156622919 0.0095609882586119143 0.0018091820530472123 -0.0037797774468909789
leaf_weight=18726.596166059375 2843.2683980613947 2738.0239944010973 3419.5488600283861 304.20875987410545 1307.2023573368788 1244.3671651184559 912.99023327231407 6445.9572240561247 318.86189056932926 315.82185706496239 4053.6225725263357 1285.4284401983023 6866.6709118932486 3434.2694018036127
leaf_count=81109 12362 11601 14912 1320 5632 5327 3944 28235 1488 1400 18454 5577 30018 15389
internal_value=0.000111152 0.00138513 -0.000724137 0.00189471 0.00496158 0.00641829 0.00307608 -0.00138731 -0.00318533 -0.00595547 -0.00700465 -5.1967e-05 0.00101826 -5.60009e-05
internal_weight=54216.8 21464.6 32752.2 6612.04 3768.77 3464.56 2220.19 26140.2 11134.3 4688.31 4372.48 15005.9 11586.4 10300.9
internal_count=236768 92710 144058 28585 16223 14903 9576 115473 49577 21342 19942 65896 50984 45407
cat_boundaries=0 1
cat_threshold=624
is_linear=0
shrinkage=0.03


Tree=63
num_leaves=15
num_cat=0
split_feature=32 30 37 38 12 38 35 45 40 35 39 39 30 39
split_gain=60.9794 62.1764 83.0825 59.978 53.3464 52.643 48.1602 49.7282 47.7961 70.7897 65.3878 106.6 59.2368 72.3608
threshold=-0.23342274625466639 3.5000000000000004 0.53770606249899522 -2.6065503240709633 0.016863392459373534 2.3167264682209381 -1.9878571511154044 0.7740435275211538 0.41210572229896647 -1.1775941871991893 1.4518149305398589 0.85801550348664568 2.5000000000000004 0.30035486577586384
decision_type=8 2 10 8 2 10 8 8 10 10 10 10 2 10
left_child=1 4 -3 -2 -1 6 -5 -8 10 -10 11 -9 -11 -14
right_child=3 2 -4 5 -6 -7 7 8 9 12 -12 -13 13 -15
leaf_value=0.0021961492635937047 0.018928713387884637 -0.0015537512635357565 -0.008762346219716095 0.0091331552300838049 -0.0018921964972567818 -0.007288550097870424 -0.001605431855944119 0.0006773083558314323 -0.011795721448566464 0.0062956656923633739 0.018442525000623603 -0.010998887980570759 0.0091789963005044668 -8.4821538825113508e-05
leaf_weight=5544.143919557333 153.6067226678133 5532.009829595685 1937.756598725915 616.27050629258156 5939.2458330988884 713.39416478574276 6562.9808325916529 16620.041039541364 272.98037976026535 3847.3980529457331 168.33043901622295 724.81411297619343 898.71033884584904 4601.0155246555805
leaf_count=24043 651 24000 8841 2638 25880 3413 28991 71658 1215 16655 737 3224 3867 20582
internal_value=6.68926e-05 -0.00130449 -0.00343297 0.000805892 8.18372e-05 0.000721034 0.000889637 0.000736207 0.00130298 0.00300068 0.000369247 0.000183322 0.00344495 0.00144289
internal_weight=54132.7 18953.2 7469.77 35179.5 11483.4 35025.9 34312.5 33696.3 27133.3 9620.1 17513.2 17344.9 9347.12 5499.73
internal_count=236395 82764 32841 153631 49923 152980 149567 146929 117938 42319 75619 74882 41104 24449
is_linear=0
shrinkage=0.03


Tree=64
num_leaves=15
num_cat=0
split_feature=37 30 1 2 39 40 37 14 23 40 40 35 30 37
split_gain=60.1105 168.934 110.558 89.8171 71.2964 80.5033 69.5011 77.4815 70.7317 70.6061 102.365 95.1228 92.1113 136.5
threshold=0.3892068939431686 2.5000000000000004 0.022371022403984451 0.63463631023521472 2.066749340359169 1.5306922998718455 0.287303141755061 0.77237182148069772 0.059816163208428315 1.0676364887636098 -0.060167525232830039 -0.92245401666519544 1.5000000000000002 -0.23089833278160474
decision_type=10 2 8 10 10 10 10 10 8 8 10 10 2 10
left_child=6 3 4 -2 -3 -6 7 8 9 10 12 -11 13 -1
right_child=1 2 -4 -5 5 -7 -8 -9 -10 11 -12 -13 -14 -15
leaf_value=-0.0069818697702532352 0.0093716751156376187 -0.0054940067706545038 0.0052099657628261846 0.00053800132475722911 0.018815877568587592 -0.003282608771965523 0.0056301662334400735 -0.0046157743156519989 0.010090909570301447 -0.017780121812020502 0.0033793158281115719 -0.0017469061547396437 0.00097720806768658857 0.0036767987720426934
leaf_weight=3614.7695810198784 1216.0188365578651 9289.84404720366 1086.4174262285233 6689.705057606101 226.1212413161993 392.81025567650795 2352.2342485338449 2640.6868326514959 699.93153028190136 389.74118246138096 9880.2824674993753 2012.9976302534342 12171.431830182672 1533.6899445056915
leaf_count=15747 5187 41877 4772 29375 997 1849 10211 11563 2997 1768 42505 8863 52373 6625
internal_value=-7.16642e-05 -0.00143654 -0.00384006 0.00190688 -0.00483657 0.00496168 0.000659427 0.000302905 0.000732916 0.000508323 0.000944292 -0.00441052 -0.000445937 -0.00380575
internal_weight=54196.7 18900.9 10995.2 7905.72 9908.78 618.931 35295.8 32943.5 30302.8 29602.9 27200.2 2402.74 17319.9 5148.46
internal_count=236709 84057 49495 34562 44723 2846 152652 142441 130878 127881 117250 10631 74745 22372
is_linear=0
shrinkage=0.03


Tree=65
num_leaves=15
num_cat=2
split_feature=34 45 19 10 19 1 46 20 9 15 38 46 23 19
split_gain=63.9438 51.708 51.487 51.2759 89.1872 63.4455 62.0542 60.5572 49.0672 92.2548 45.1924 43.0511 49.9045 42.9505
threshold=1.7411116750761086 0.75355126082330504 -7.9506579133339157 -0.81835763788272076 1.0000000180025095e-35 0.0065822124778459386 0 -0.37066800120579552 -1.624438471537297 0.2178280283189187 1.375365108375797 1 0.055927772028659901 -6.5955389061772971
decision_type=10 8 2 8 2 10 1 10 8 8 10 1 8 2
left_child=1 2 -1 6 5 7 -4 -5 9 13 -2 12 -10 -3
right_child=10 8 3 4 -6 -7 -8 -9 11 -11 -12 -13 -14 -15
leaf_value=0.01499955659530806 -0.0013777520195339778 -0.0017679190224488726 -0.0033007571899902922 -0.0093371952888167565 -0.0037635491509865116 0.0067509232393600342 -0.017087819528250569 0.0037821703352901616 0.0018427301868268857 0.017267642183161163 -0.010014414617892788 0.00012938951359185054 0.012023252340718204 -0.012866499476183891
leaf_weight=150.73625788092613 1328.2025245577097 614.38218005001545 1080.4212764948606 565.80633476376534 4518.5499075651169 1675.8870915025473 396.02220176160336 694.85494048893452 14080.576513424516 142.27055390179157 919.56287987530231 26879.349824756384 437.58174531161785 639.42682603001595
leaf_count=648 5867 2725 4712 2449 20242 7273 1728 3034 60536 614 4324 117603 1855 2799
internal_value=2.60644e-06 0.000217667 -0.00183703 -0.00213764 -0.00112157 0.00294268 -0.00722606 -0.00213317 0.000654073 -0.00485773 -0.00493972 0.00084108 0.00215615 -0.00748508
internal_weight=54123.6 51875.9 9082.28 8931.54 7455.1 2936.55 1476.44 1260.66 42793.6 1396.08 2247.77 41397.5 14518.2 1253.81
internal_count=236409 226218 40086 39438 32998 12756 6440 5483 186132 6138 10191 179994 62391 5524
cat_boundaries=0 1 2
cat_threshold=5 112
is_linear=0
shrinkage=0.03


Tree=66
num_leaves=15
num_cat=0
split_feature=38 30 1 37 39 33 37 40 12 40 12 36 30 45
split_gain=63.8368 101.672 112.921 91.0079 96.8136 71.4274 73.2891 84.245 70.9713 68.4439 90.5318 115.224 76.1182 70.4293
threshold=0.54124529018092982 1.5000000000000002 0.024470770073484541 0.14487519330210838 -0.11790655980665991 0.67951851590707502 1.835358159396643 0.32894555398493069 0.0098586510510366137 1.395272506548537 0.030300343105986026 -0.21263457927127294 2.5000000000000004 1.2045552689931824
decision_type=10 2 8 10 10 10 10 10 2 10 2 10 2 8
left_child=9 3 -3 4 -2 6 7 -5 -9 10 13 -12 -11 -1
right_child=1 2 -4 5 -6 -7 -8 8 -10 12 11 -13 -14 -15
leaf_value=0.00087308715420256547 -0.024285242682134243 -0.0041254682317664396 0.0086392036300320541 0.0005325039081315793 0.002356908621992618 -0.0012669003290783811 -0.012078620680812882 0.028866078736404691 0.0098549698850664679 0.0035189961757445187 -0.0069259323794702756 0.0018709728838131215 -0.0095813226400461842 0.0046567624110447807
leaf_weight=26940.693593010306 219.50561566650867 9714.5828208327293 657.24514451622963 783.94296951591969 260.47767940163612 1587.8613947331905 160.50423069298267 203.49200157821178 1189.8675273358822 598.40377299487591 2787.6159884482622 2565.6109270006418 1163.7966043949127 5290.2085574865341
leaf_count=116553 955 43855 2868 3386 1140 7052 720 885 5170 2618 12406 11092 5339 22390
internal_value=-7.65531e-06 -0.00168817 -0.00330905 0.00212658 -0.010074 0.00364013 0.00696423 0.00841681 0.0128173 0.000623772 0.000895217 -0.00271426 -0.00513799 0.00149537
internal_weight=54123.8 14777.5 10371.8 4405.65 479.983 3925.67 2337.81 2177.3 1393.36 39346.3 37584.1 5353.23 1762.2 32230.9
internal_count=236429 66031 46723 19308 2095 17213 10161 9441 6055 170398 162441 23498 7957 138943
is_linear=0
shrinkage=0.03


Tree=67
num_leaves=15
num_cat=0
split_feature=2 17 15 1 15 40 12 39 39 37 10 1 2 38
split_gain=58.3958 94.7238 65.7607 60.9889 64.1719 73.7743 58.7017 58.5404 56.8147 78.9051 77.5556 110.925 95.8479 74.6987
threshold=0.65249376741959175 -1.356693537721531 0.22828881697640085 0.01281659241451428 0.38461538461538519 -0.76715353482525461 0.017116434234017871 2.1360955966638504 0.4041071114129518 -1.1127524952720853 -0.85553599925522816 0.021825119449646376 0.9496784075522523 0.71212472616994094
decision_type=10 2 10 10 10 8 2 10 8 8 8 10 10 10
left_child=1 -1 -3 -4 6 -6 -5 8 10 -10 11 12 -2 -12
right_child=7 2 3 4 5 -7 -8 -9 9 -11 13 -13 -14 -15
leaf_value=-0.0084374355031445053 -0.0055088505520734946 0.007526405897351064 -0.00056354816187413192 0.0095210663052868773 0.020719407834724667 0.004713892378273409 -0.0065585965250436152 0.006240905875346643 -0.018781078421120673 -0.0019436435332262228 0.0019646144881632368 -0.014355233049057715 0.0018031116125907568 -0.0033022793650043076
leaf_weight=760.88461372256279 2826.0654490143061 1897.1907321810722 5840.2983511984348 265.93235875666142 273.58933556079865 3204.4779784828424 780.81881339848042 1105.1730857640505 245.23734384775162 14001.247919335961 15584.686348378658 638.98216871917248 3734.5436668545008 2860.1137644648552
leaf_count=3281 12246 8101 25421 1131 1167 13790 3368 5007 1078 62656 67106 2860 16167 12610
internal_value=1.71571e-05 0.00176642 0.00240594 0.00146235 0.00407271 0.0060287 -0.00242204 -0.000538826 -0.000728174 -0.00224645 0.000115836 -0.00252274 -0.0013502 0.00114657
internal_weight=54019.2 13023.2 12262.3 10365.1 4524.82 3478.07 1046.75 40996 39890.9 14246.5 25644.4 7199.59 6560.61 18444.8
internal_count=235989 56259 52978 44877 19456 14957 4499 179730 174723 63734 110989 31273 28413 79716
is_linear=0
shrinkage=0.03


Tree=68
num_leaves=15
num_cat=2
split_feature=45 46 1 19 19 45 15 46 39 19 7 2 9 39
split_gain=57.4625 83.6892 75.0366 58.911 110.934 62.1295 66.4144 69.8272 59.1017 72.3825 67.3289 60.1211 54.0342 53.1303
threshold=1.0475926253791639 0 0.0053105644832712922 0.50042620504889246 -2.6650862678135265 0.4836477139968855 0.24134591943892283 1 -1.0054662064602138 -7.2291035084095512 -0.38294084307385695 1.5217656279063128 -1.4232906620764265 2.1360955966638504
decision_type=8 1 10 2 2 10 10 1 10 2 10 10 10 10
left_child=3 2 -2 4 5 -1 7 -7 9 10 -9 12 -11 -5
right_child=1 -3 -4 13 -6 6 -8 8 -10 11 -12 -13 -14 -15
leaf_value=-0.016753592496880649 0.026155067713803635 -0.00024382924218187008 0.0031317631615659946 -0.0029723792921672247 0.0028064832154118544 -0.0064631609615434802 -0.0043408930377695932 0.0023738021960851515 0.0066716181635687339 -0.015850619583553004 0.027557915537323712 0.0083810769084836437 -0.0024126868679345301 0.0053644335249047456
leaf_weight=242.14308688044548 119.75462612509727 16392.43255379796 7805.6148824840784 12226.912063524127 7802.2306814342737 918.27490636706352 4258.7734866142273 376.87900151312351 1756.4090190678835 413.27598974108696 119.01407167315483 263.14485689997673 752.70174635946751 719.99267449975014
leaf_count=1052 501 71509 33435 54592 33887 3968 18503 1657 7539 1810 516 1135 3269 3263
internal_value=-0.000101216 0.000981123 0.00350775 -0.000983003 0.00018356 -0.00206576 -0.00164584 0.000853465 0.00270124 -0.000923179 0.00884324 -0.00434994 -0.00726999 -0.00250498
internal_weight=54167.6 24317.8 7925.37 29849.8 16902.8 9100.62 8858.47 4599.7 3681.42 1925.02 495.893 1429.12 1165.98 12946.9
internal_count=236636 105445 33936 131191 73336 39449 38397 19894 15926 8387 2173 6214 5079 57855
cat_boundaries=0 1 2
cat_threshold=113 960
is_linear=0
shrinkage=0.03


Tree=69
num_leaves=15
num_cat=0
split_feature=7 39 36 12 40 35 39 35 40 40 38 39 39 38
split_gain=57.3076 62.3179 58.2229 116.66 96.9625 85.6846 80.3857 72.4842 62.9974 60.8857 67.8941 80.7759 62.4318 79.8329
threshold=1.3325341180060308 2.1360955966638504 -0.28805754310525838 0.034818532602005729 -1.8610102854390049 -1.9878571511154044 -1.5985108934726602 0.83818655249073004 1.6555125547933505 -0.051672705047420879 -1.3963147451623739 -0.97378762593099011 -0.098303521872467478 0.21189263512999842
decision_type=10 10 10 2 10 10 10 10 10 10 8 10 10 10
left_child=1 2 3 5 6 -1 -4 -6 9 10 11 -7 13 -11
right_child=-2 -3 4 -5 7 8 -8 -9 -10 12 -12 -13 -14 -15
leaf_value=0.0067145075323134075 -0.003219298449798859 0.008553731585481018 0.0036551389619207996 -0.0082100390246886996 0.0015193298238390422 -0.0027407657583187945 0.034587646971216746 -0.0020556596160821749 -0.013934065073094854 0.013026721446225475 -0.0037735291056559092 0.011433287094933109 0.00011276291894524058 -0.0054294043801091886
leaf_weight=1396.4792387932539 4461.9743907004595 804.98940199613571 171.43356004357338 1897.7342815250158 24920.800330996513 832.55951797962189 129.17669327557087 6409.161886036396 323.66135054826736 781.74166995286942 6422.803664624691 625.98487216234207 4659.2114007174969 281.13004991412163
leaf_count=5932 20383 3561 725 8540 108014 3552 537 28390 1563 3340 27785 2642 20263 1215
internal_value=3.35022e-05 0.000326376 0.000189081 -0.0012141 0.000953189 -0.000342909 0.0176329 0.000787573 -0.00105487 -0.000738431 -0.00244727 0.00337895 0.00161541 0.00813996
internal_weight=54118.8 49656.9 48851.9 17221.3 31630.6 15323.6 300.61 31330 13927.1 13603.4 7881.35 1458.54 5722.08 1062.87
internal_count=236442 216059 212498 74832 137666 66292 1262 136404 60360 58797 33979 6194 24818 4555
is_linear=0
shrinkage=0.03


Tree=70
num_leaves=15
num_cat=0
split_feature=34 32 38 36 34 40 39 41 45 38 39 11 14 10
split_gain=57.8516 63.6112 58.3975 57.31 57.659 67.3743 79.4656 60.1298 57.8358 55.5567 52.7443 49.3464 46.2339 43.7526
threshold=1.6770006026333257 -0.52541134611272367 1.375365108375797 -2.306956404212253 -0.52010215686576367 -1.7429079314650811 -1.803152513603415 0.25000000000000006 1.3035283162150055 -1.6331663148635409 2.1360955966638504 -0.91775354655715802 0.44184672594507995 -0.81835763788272076
decision_type=8 10 10 10 10 10 10 2 8 10 10 8 10 10
left_child=1 -1 -2 -3 -5 7 -7 11 9 12 13 -6 -8 -11
right_child=2 3 -4 4 5 6 8 -9 -10 10 -12 -13 -14 -15
leaf_value=-0.0016775420035929731 -0.00072970375873010441 0.011124457576257404 -0.01023277889583998 -0.0019984080950137882 0.017314479145501552 -0.02084779050947504 0.013513622853851059 0.028285182625215014 0.0048024999932844582 -0.0021433011860430545 0.0086263539933386143 -0.0035455997621930521 -0.0086843069898004145 0.00087574976537247188
leaf_weight=11618.114455103874 1492.0843262523413 472.07906912267208 945.90891009569168 5966.9406369179487 169.61887513101101 138.82077273726463 485.55963253974915 134.71707703173161 3437.3545242995024 5310.9235102087259 693.14325256645679 230.06465439498425 94.594406798481941 22964.129982978106
leaf_count=50766 6590 2013 4473 25977 726 619 2050 558 14670 23105 3104 979 405 100589
internal_value=6.2938e-05 0.000276198 -0.00444351 0.000842559 0.000717291 0.00119917 0.0010268 0.0116682 0.00112515 0.000695887 0.000510067 0.00551361 0.00980842 0.000308122
internal_weight=54154.1 51716.1 2437.99 40097.9 39625.9 33658.9 33124.5 534.401 32985.7 29548.4 28968.2 399.684 580.154 28275.1
internal_count=236624 225561 11063 174795 172782 146805 144542 2263 143923 129253 126798 1705 2455 123694
is_linear=0
shrinkage=0.03


Tree=71
num_leaves=15
num_cat=1
split_feature=40 30 41 2 15 37 40 40 1 24 16 16 37 46
split_gain=48.9763 77.6167 52.3477 51.9709 72.2582 48.9107 59.2203 47.4408 47.3683 43.7068 66.5602 52.0142 70.5294 63.4916
threshold=1.6870672059675229 5.5000000000000009 0.75000000000000011 0.42331143839496865 0.25810906110624027 0.81716836930329562 2.23283889851727 -0.63618884327887537 0.011110623945481285 -0.013272953992628509 0.094594594594594725 0.25348064966234757 -1.2199158939915844 0
decision_type=8 2 2 8 10 10 10 10 10 10 8 8 10 1
left_child=3 5 8 4 -1 6 -2 -6 -3 10 -5 12 -11 -13
right_child=1 2 -4 9 7 -7 -8 -9 -10 11 -12 13 -14 -15
leaf_value=0.013731628792816666 -0.014080327529102906 0.00078125813258365863 -0.0040700734236384312 0.0086781624483166109 0.013061733608117023 -0.0018951753113731061 0.00047495775481681254 -0.00027680519156192933 0.026835433019919083 0.0026577321019165732 0.00083848289250820925 0.0019841698235402438 -0.0037504427882209912 -0.0010178564844794283
leaf_weight=564.94925723969936 875.87161043286324 104.67202788591385 185.76142168045044 1059.7331299036741 269.77917659282684 1516.4247662425041 350.46897232532501 1684.385363727808 149.34371964633465 1931.7389593571424 11007.243482992053 10230.055022493005 7605.3019368350506 16604.521532699466
leaf_count=2384 4070 495 865 4536 1139 7252 1614 7228 679 8339 47548 44097 33061 73277
internal_value=-3.70877e-05 -0.00364165 0.00793478 0.000188704 0.00438113 -0.0055199 -0.00995046 0.00162175 0.0165356 -3.01881e-05 0.00153359 -0.000549279 -0.00245104 0.000127269
internal_weight=54140.3 3182.54 439.777 50957.7 2519.11 2742.77 1226.34 1954.16 254.016 48438.6 12067 36371.6 9537.04 26834.6
internal_count=236584 14975 2039 221609 10751 12936 5684 8367 1174 210858 52084 158774 41400 117374
cat_boundaries=0 1
cat_threshold=624
is_linear=0
shrinkage=0.03


Tree=72
num_leaves=15
num_cat=0
split_feature=45 38 7 32 36 40 15 39 38 40 38 38 40 39
split_gain=59.4214 66.6556 48.6525 46.9757 47.1388 46.5066 74.0711 69.357 67.2861 55.0323 73.3559 54.8475 58.1424 81.582
threshold=1.3035283162150055 0.79825544721806396 -1.0148352218873107 -0.23342274625466639 -2.306956404212253 -1.5799783755273065 0.17763157894736878 -1.1929641045859751 0.17962788836071458 -0.59643355968359335 0.26320744213199493 -1.3271474214018126 0.30925414985748317 1.3899232382372873
decision_type=8 8 10 10 10 10 10 10 10 10 10 10 10 10
left_child=3 2 -2 -1 -5 6 -6 8 -7 10 -9 -11 13 -13
right_child=1 -3 -4 4 5 7 -8 9 -10 11 -12 12 -14 -15
leaf_value=-0.0015745270411331737 -0.0023949090966831968 -0.0034094832344208118 0.0060084410068762051 0.01134253211728023 -0.0011833407568913889 -0.0028624095144959877 0.0158575569620776 0.0016686415455067056 -0.018082160955057856 0.0095243476518463953 0.011827603168436698 -0.0022581132914261375 0.0010410433592295909 0.017670486082549088
leaf_weight=17011.088403642178 737.86249029636383 1168.2914265841246 3724.4997822195292 339.24743837118149 481.24004720151424 1281.6093726456165 426.73140582442284 3490.0706429481506 320.20111028850079 505.82945775985718 774.58174525201321 11081.926357015967 12542.223296508193 178.10757811367512
leaf_count=74526 3154 5158 15818 1438 2085 5634 1809 15028 1446 2144 3339 48121 55773 783
internal_value=3.41232e-05 0.00294826 0.00461668 -0.000305204 0.000382264 0.00025903 0.0069111 5.66414e-05 -0.00599814 0.000398057 0.00353715 -0.000153899 -0.000363488 -0.00192749
internal_weight=54063.5 5630.65 4462.36 48432.9 31421.8 31082.5 907.971 30174.5 1601.81 28572.7 4264.65 24308.1 23802.3 11260
internal_count=236256 24130 18972 212126 137600 136162 3894 132268 7080 125188 18367 106821 104677 48904
is_linear=0
shrinkage=0.03


Tree=73
num_leaves=15
num_cat=0
split_feature=16 30 30 41 34 20 2 2 40 38 11 40 36 30
split_gain=53.0416 89.3519 72.4127 121.629 130.005 83.1572 128.222 84.5928 72.8098 119.614 87.2993 76.4018 75.4042 72.6336
threshold=0.094594594594594725 1.5000000000000002 3.5000000000000004 0.95000000000000007 -0.34637235604473554 -0.12917434993354868 1.0907549129402832 1.5870693577821433 0.75108364923937965 2.1188626386184004 0.16148226852245182 -0.58166541068976751 0.013275926448167547 5.5000000000000009
decision_type=10 2 2 2 10 10 10 10 10 10 10 10 10 2
left_child=1 -1 5 4 -4 7 -7 -2 11 10 -10 12 -5 -6
right_child=2 -3 3 8 13 6 -8 -9 9 -11 -12 -13 -14 -15
leaf_value=-0.0038182374057220744 -0.0020220346381137405 0.0063629109436000699 -0.0050737115140352031 -0.013393263458984781 -0.00079506724861561702 0.0037501407824536512 -0.0018212497460773276 0.007713956279309115 -0.0084578724532089929 -0.019460564269331095 0.0081740077474331332 -0.012549745604708595 0.015405346024936532 0.0038518998929979033
leaf_weight=1096.3487955778837 11070.604590848088 2598.7347061634064 4511.8428801447153 131.99012809991837 8757.5178362727165 11493.398172870278 5485.669853374362 856.16665787994862 426.47328943014145 265.52512151002884 804.94798289239407 1831.9821497797966 183.84066557884216 4614.3252229094505
leaf_count=4781 47890 11119 19729 583 38328 49805 24493 3709 1971 1304 3722 8219 800 20120
internal_value=-0.000124558 0.00333996 -0.000378999 -0.0016958 -0.000676264 0.000601974 0.0019501 -0.00131726 -0.00668281 -0.00158739 0.00239222 -0.0102103 0.00332833 0.000810178
internal_weight=54129.4 3695.08 50434.3 21528.4 17883.7 28905.8 16979.1 11926.8 3644.76 1496.95 1231.42 2147.81 315.831 13371.8
internal_count=236573 15900 220673 94776 78177 125897 74298 51599 16599 6997 5693 9602 1383 58448
is_linear=0
shrinkage=0.03


Tree=74
num_leaves=15
num_cat=1
split_feature=39 40 30 30 46 30 37 40 2 11 36 11 2 20
split_gain=52.362 76.3088 81.7264 64.0224 59.3278 56.2243 124.098 79.6936 73.7329 112.156 86.8651 75.1444 73.3754 77.2723
threshold=2.4115980245615991 1.6870672059675229 5.5000000000000009 1.5000000000000002 0 3.5000000000000004 0.3892068939431686 -0.63618884327887537 1.0015314470634704 -1.600517049591518 -0.33857259506426524 0.49273298094685736 0.48471688541098962 0.12568990418673562
decision_type=10 10 2 2 1 2 10 10 8 8 10 10 8 10
left_child=1 5 3 4 -3 12 8 -8 10 -10 -7 -11 -1 -14
right_child=-2 2 -4 -5 -6 6 7 -9 9 11 -12 -13 13 -15
leaf_value=0.0074630646459492508 0.0086038752559019598 -0.010909892887418112 0.0076723255341713779 -0.010399348937297629 0.0065654427100697334 -0.0052625379222856448 0.0049424123622453442 -0.0053417569443329378 -0.017251535272045919 0.0072017447454913574 0.00088817667391634457 -0.0030388303862136355 -0.00067753500338312532 0.0025652395889005303
leaf_weight=1469.4428146183491 609.15661382675171 252.39700685441494 382.75839386880398 1633.8838598281145 468.28821992874146 2844.7645857334137 749.44765836000443 6478.6995095014572 203.73682110011578 3098.8295753449202 7476.3399807661772 807.60440020263195 16713.876503795385 10930.611238926649
leaf_count=6243 2746 1177 1781 7876 2112 12310 3266 29199 884 13338 32161 3540 72291 47594
internal_value=-7.03838e-05 -0.000170719 -0.00504052 -0.00713082 0.000320256 9.27654e-05 -0.00106438 -0.00427009 0.000543098 0.00393604 -0.000810573 0.00508229 0.000953699 0.00060512
internal_weight=54119.8 53510.7 2737.33 2354.57 720.685 50773.4 21659.4 7228.15 14431.3 4110.17 10321.1 3906.43 29113.9 27644.5
internal_count=236518 233772 12946 11165 3289 220826 94698 32465 62233 17762 44471 16878 126128 119885
cat_boundaries=0 1
cat_threshold=7
is_linear=0
shrinkage=0.03


Tree=75
num_leaves=15
num_cat=0
split_feature=36 36 12 40 40 36 38 40 1 12 15 16 40 36
split_gain=61.7 58.8099 96.1137 81.6142 86.3877 110.911 85.9181 80.5775 64.7704 99.6709 63.3111 99.5869 86.6661 61.4423
threshold=1.8730688270987461 -0.28805754310525838 0.027954148776915353 1.0676364887636098 0.41210572229896647 -1.5012595703048823 0.52001646135868784 -1.7429079314650811 0.014947293940627016 0.017196720217189494 0.33505215766736823 0.10638838318563694 -0.63618884327887537 -1.1026071076515132
decision_type=8 10 2 10 10 10 10 10 8 2 8 8 10 10
left_child=1 2 3 4 5 -1 -7 -3 -9 -10 11 -11 -12 -5
right_child=-2 7 -4 13 -6 6 -8 8 9 10 12 -13 -14 -15
leaf_value=0.0059010044137209547 -0.0050483659490778224 0.013252132472455743 -0.0054709982884864599 -0.023326507429947713 0.0063614468225974326 -0.0010121473800795448 -0.012952364581015187 4.9952044066112967e-05 0.017293710767746974 0.013797950304287999 0.012298303772710434 -0.0053446191472876483 0.0023411401002323539 -0.0044725632917561181
leaf_weight=2070.8428446501493 2007.0206085592508 468.52757032215595 3596.5239001214504 172.13567714393139 2052.0178981721401 8290.8776014596224 570.55354771018028 24575.043980583549 409.34091436862946 277.61457532644272 897.5751670897007 1632.8448383957148 5974.8427837640047 1126.7002876400948
leaf_count=8791 9334 1959 16036 789 8887 35726 2520 107640 1742 1203 3849 7065 25917 5096
internal_value=9.99655e-05 0.000299164 -0.00109497 9.98201e-06 0.000729184 -0.000332855 -0.00179467 0.00102736 0.000853862 0.0030007 0.00231564 -0.00250559 0.00365758 -0.00713042
internal_weight=54122.5 52115.4 17879.7 14283.1 12984.3 10932.3 8861.43 34235.8 33767.3 9192.22 8782.88 1910.46 6872.42 1298.84
internal_count=236554 227220 77845 61809 55924 47037 38246 149375 147416 39776 38034 8268 29766 5885
is_linear=0
shrinkage=0.03


Tree=76
num_leaves=15
num_cat=1
split_feature=46 37 1 12 42 39 9 16 0 11 11 39 40 38
split_gain=57.1632 55.1658 51.789 58.7518 57.1302 56.5704 49.8259 52.34 48.4943 43.1079 49.2655 45.7382 51.1463 50.753
threshold=0 -1.6673769028775485 0.015042494792206389 0.018713296735187641 0.81666666666666676 2.5706467476917658 -1.8385615844170915 0.56108792112388428 0.016615736154988545 1.6014430465954312 0.66850193543690939 -1.0559787094162867 -0.81670002200679426 0.15609581703962142
decision_type=1 8 8 2 10 8 10 8 10 8 10 10 10 10
left_child=1 6 4 -4 5 -3 -1 -8 -6 10 11 13 -13 -2
right_child=9 2 3 -5 8 -7 7 -9 -10 -11 -12 12 -14 -15
leaf_value=-0.0096022259619687935 -0.00064759481048129149 -0.0018339424910185408 0.013282708976595918 2.6166561615662243e-05 -0.0048785251990901383 0.019274394319336141 0.010216922894103635 -0.012322063428333436 -0.017422062045460016 0.0046532280538167641 -0.0022017324876913561 0.0059696983739074613 0.00095590946508087942 -0.010274223037143818
leaf_weight=166.39303113520145 3211.1117536872625 12236.01688143611 309.81967785954475 5083.3042531460524 3135.8974886089563 105.40527127683163 841.82353521883488 95.554279208183289 296.97220525145531 2185.8878714889288 5720.9716182351112 2027.9386647939682 18119.67130382359 572.62581759691238
leaf_count=724 13946 54113 1339 22416 13952 481 3571 406 1353 9421 25154 8640 78501 2527
internal_value=-0.000218323 -0.00138349 -0.00172581 0.000810891 -0.00259306 -0.0016382 0.00512547 0.00781353 -0.0060111 0.000597149 0.000296879 0.000894862 0.00146328 -0.00212772
internal_weight=54109.4 22271.2 21167.4 5393.12 15774.3 12341.4 1103.77 937.378 3432.87 31838.2 29652.3 23931.3 20147.6 3783.74
internal_count=236544 98355 93654 23755 69899 54594 4701 3977 15305 138189 128768 103614 87141 16473
cat_boundaries=0 1
cat_threshold=267
is_linear=0
shrinkage=0.03


Tree=77
num_leaves=15
num_cat=0
split_feature=38 39 30 39 30 38 30 11 1 37 11 38 16 30
split_gain=60.3936 50.475 66.4862 56.5279 144.098 108.697 97.0456 93.7033 89.646 75.1843 74.9703 77.2339 69.8308 62.703
threshold=2.4351927170351155 2.1360955966638504 1.0000000180025095e-35 0.46772567244585855 2.5000000000000004 -0.54882200044755758 5.5000000000000009 -0.43407399619699055 0.013198783155220224 -0.90145835592487433 -1.5375078327488063 0.54124529018092982 0.43563148602285812 5.5000000000000009
decision_type=10 10 2 10 2 10 2 8 8 10 8 10 8 2
left_child=1 3 -3 10 5 -5 9 12 -8 -6 -1 -12 -7 -13
right_child=-2 2 -4 4 6 7 8 -9 -10 -11 11 13 -14 -15
leaf_value=-0.0037769249116070109 -0.0082814673627602375 -0.0096929080655297831 0.01007411747177217 -0.0084933684635336345 -0.024266043378690118 0.0060214903748901007 -0.0032177897645557286 0.0014614954669686473 0.0082924918138332099 -0.005154516172452845 0.0018702314570904245 -0.00080534924649095581 0.022335835218067333 -0.010604659025935607
leaf_weight=2998.6026595383883 752.40386937558651 176.80492931604385 876.00447146594524 798.81037446856499 181.56982016563416 798.92378944158554 1599.8329486846924 5130.431002959609 969.76899810135365 6567.5208554565907 26724.106103986502 5549.3060327023268 332.4806489944458 647.58836905658245
leaf_count=12999 3674 773 3875 3527 815 3418 7218 22390 4299 29921 115017 24319 1415 2871
internal_value=0.000102413 0.000222178 0.00669455 9.06302e-05 -0.00136944 0.00186174 -0.00381704 0.00319416 0.0011415 -0.00570381 0.000756619 0.00117058 0.0109694 -0.00184483
internal_weight=54104.2 53351.8 1052.81 52298.9 16379.3 7060.65 9318.69 6261.84 2569.6 6749.09 35919.6 32921 1131.4 6196.89
internal_count=236531 232857 4648 228209 73003 30750 42253 27223 11517 30736 155206 142207 4833 27190
is_linear=0
shrinkage=0.03


Tree=78
num_leaves=15
num_cat=0
split_feature=45 2 13 30 37 14 1 40 2 40 38 15 1 12
split_gain=63.4789 52.7842 88.7792 79.4547 81.7837 68.3204 55.3586 48.8353 53.2505 48.1153 51.0681 46.7831 45.2563 44.7774
threshold=0.75355126082330504 0.64182190650762783 36.495969951083929 1.5000000000000002 -0.34623961964722716 0.50559884797864474 0.011110623945481285 1.6870672059675229 1.9404453993004698 2.3172362961127733 2.3167264682209381 0.25136056688435754 0.024068757011864266 0.015332033476315612
decision_type=8 10 8 2 10 10 10 10 10 8 10 10 10 2
left_child=7 2 6 4 -4 11 -2 8 -1 10 -3 13 -13 -5
right_child=1 9 3 5 -6 -7 -8 -9 -10 -11 -12 12 -14 -15
leaf_value=-0.0018781787512770131 0.0029867656967408089 -7.4236867877422853e-05 -0.0055360840411735638 0.016011505333070265 0.011119418333199469 -0.00095324672148845865 -0.013443843793344361 -0.0097880175133413967 0.016502218686723111 0.0077275686995855169 -0.0099771120871575622 0.00094140005302951676 0.012329705861952828 0.0031384531614311144
leaf_weight=8679.1947405785322 290.42016138136387 33187.354051172733 308.37994584441185 544.09080691635609 1681.261720687151 3894.5451911240816 481.85527497529984 695.24458223581314 134.28945136070251 690.89231891930103 465.38893081247807 2141.7460519969463 358.44465193152428 444.0203305631876
leaf_count=38198 1242 144789 1326 2299 7117 16913 2076 3374 588 3264 2242 9216 1536 1888
internal_value=3.40391e-05 0.000509683 0.00240984 0.00321732 0.00852316 0.00177783 -0.00730579 -0.00218955 -0.00157973 -5.21424e-05 -0.000214108 0.00482097 0.00261672 0.0103162
internal_weight=53997.1 44488.4 10144.8 9372.49 1989.64 7382.85 772.275 9508.73 8813.48 34343.6 33652.7 3488.3 2500.19 988.111
internal_count=236068 193908 43613 40295 8443 31852 3318 42160 38786 150295 147031 14939 10752 4187
is_linear=0
shrinkage=0.03


Tree=79
num_leaves=15
num_cat=0
split_feature=6 36 12 40 40 36 38 40 38 34 15 45 16 11
split_gain=53.0796 67.8519 92.2328 100.267 78.1951 70.4131 69.94 65.0457 66.3905 63.9533 63.3081 58.9079 63.1888 83.9197
threshold=0.92267637089513188 -0.21986217602774574 0.035398828211268503 1.3495485063792458 -1.6320170662874254 -2.306956404212253 -1.6331663148635409 0.41210572229896647 0.53075676730610744 0.095615691494061836 0.18823383928643764 0.74908634428331589 0.84431636298795476 1.5713669345142782
decision_type=10 10 2 10 10 10 10 10 10 10 10 8 8 10
left_child=1 2 3 5 6 -1 -3 8 -7 -9 -8 -6 -13 -14
right_child=-2 4 -4 -5 11 7 10 9 -10 -11 -12 12 13 -15
leaf_value=0.0085627049664429248 -0.0022784154718307218 -0.0072056570661485344 -0.0071079619155982078 -0.010308620394495436 -0.0019822713563550239 -0.00065865550546215592 0.0065374198492557387 0.0015809757042260278 -0.009870279800847476 0.012634014788981202 0.030170144858626093 0.0011334699984896024 0.002587590486422832 0.014017470033960207
leaf_weight=855.18402050435543 8015.8736412376165 118.67700423300266 1985.1665450483561 844.4053883254528 4598.3666492700577 11498.242820963264 213.56564146280289 2588.8360338658094 740.26224231719971 567.03165113925934 198.63044974207878 19101.432188376784 1965.8257039785385 812.69656829535961
leaf_count=3606 36245 499 8938 3930 20356 49550 909 11243 3274 2457 823 82493 8694 3515
internal_value=-2.68489e-05 0.000365162 -0.0010041 -0.000291498 0.00133241 0.00023506 0.0126254 -0.000232813 -0.00122344 0.00360057 0.0183705 0.00110131 0.00174998 0.00596902
internal_weight=54104.2 46088.3 19079.1 17094 27009.2 16249.6 530.873 15394.4 12238.5 3155.87 412.196 26478.3 21880 2778.52
internal_count=236532 200287 82998 74060 117289 70130 2231 66524 52824 13700 1732 115058 94702 12209
is_linear=0
shrinkage=0.03


Tree=80
num_leaves=15
num_cat=1
split_feature=24 23 45 2 17 1 46 11 9 11 45 17 14 40
split_gain=51.4077 64.4062 54.3231 51.5156 68.8956 46.2774 50.0672 45.5027 74.2524 44.3077 38.7846 37.3012 37.4276 59.8747
threshold=-0.01302292775838648 0.037907718847772505 0.74908634428331589 0.66303653334956325 -1.4092646366733266 0.01458789679007874 0 -1.600517049591518 0.5575920492498031 -0.051950392470922445 0.79858676556496844 -0.94995459494556556 0.50181971013016169 -1.1988883172274047
decision_type=10 8 10 10 2 10 1 10 10 10 10 2 10 10
left_child=1 -1 -2 4 -4 6 9 8 -5 -6 -8 -7 13 -13
right_child=2 -3 3 7 5 11 10 -9 -10 -11 -12 12 -14 -15
leaf_value=0.0012836106996581735 -0.0030176500303007677 0.019494307066975382 -0.01155330968168107 -0.0082618338051295061 -0.0094075181093283555 -0.0062655438223313768 0.015599140583998713 -0.00046425696414699989 0.014825520044498103 0.00083334742485453525 0.001904419945152822 0.031556308068015147 0.0034114137188201187 0.0080833457204659877
leaf_weight=13592.254700988531 6937.8221697360277 167.13692070543766 316.26917791366577 1264.6715073138475 690.8709169626236 225.35062842071056 188.95074631273746 23800.056053429842 129.88104820251465 827.8936292976141 2977.2998212575912 99.667905434966087 1782.0180011242628 1088.3471913784742
leaf_count=58916 30919 718 1376 5517 3027 975 818 104528 565 3649 12756 425 7646 4645
internal_value=-6.39323e-05 0.00151882 -0.000604173 -0.000101963 0.0019625 0.00251889 0.000617109 -0.000774116 -0.00602136 -0.00383113 0.00275952 0.00529664 0.00619199 0.0102996
internal_weight=54088.5 13759.4 40329.1 33391.3 8196.67 7880.4 4685.02 25194.6 1394.55 1518.76 3166.25 3195.38 2970.03 1188.02
internal_count=236480 59634 176846 145927 35317 33941 20250 110610 6082 6676 13574 13691 12716 5070
cat_boundaries=0 1
cat_threshold=259
is_linear=0
shrinkage=0.03


Tree=81
num_leaves=15
num_cat=1
split_feature=30 15 11 2 30 36 13 41 35 0 11 46 34 14
split_gain=54.0986 113.371 105.417 96.3563 88.2704 102.851 77.0024 73.2159 79.3011 67.4371 65.2529 74.8661 64.1672 63.9863
threshold=3.5000000000000004 0.38132046772270262 -1.600517049591518 1.018281365298487 5.5000000000000009 -0.33857259506426524 35.76229400586373 0.95000000000000007 1.981760259531159 0.01010746177003684 0.72677361645508265 0 1.808794005741811 0.34776054261083383
decision_type=2 10 8 8 2 10 10 2 8 10 10 1 10 10
left_child=7 2 9 6 -3 -6 -4 8 -1 13 11 -8 -9 -2
right_child=1 4 3 -5 5 -7 10 12 -10 -11 -12 -13 -14 -15
leaf_value=0.00043944346311483676 0.0091112094547917757 -0.0044802539491270209 -0.0075329479127470966 0.0074792774661044783 -0.0087658015745092077 0.0026119026114582232 0.014678780380450247 0.0058045072867177255 -0.011478310100648129 -0.022271068328648544 -0.0078608923152167273 0.0017485688144065056 -0.004810787309349608 -0.013341025593452408
leaf_weight=26125.310577958822 209.80226929485798 9350.2493564933538 922.38360486924648 2424.5147872418165 864.99342209100723 3902.7896553426981 430.90634404122829 3810.8103304207325 502.35052794218063 238.21268264949322 541.38579991459846 3930.8790472894907 584.16189655661583 228.44430093467236
leaf_count=113313 900 41943 3958 10386 3851 17236 1870 16739 2297 1046 2338 16864 2700 990
internal_value=-1.46402e-05 -0.00111541 0.00152981 0.002467 -0.00278783 0.00053368 0.000371714 0.000803142 0.000210382 -0.00976954 0.00187104 0.00309419 0.00438585 -0.00262897
internal_weight=54067.2 23044.6 8926.53 8250.07 14118 4767.78 5825.55 31022.6 26627.7 676.459 4903.17 4361.79 4394.97 438.247
internal_count=236431 101382 38352 35416 63030 21087 25030 135049 115610 2936 21072 18734 19439 1890
cat_boundaries=0 1
cat_threshold=4
is_linear=0
shrinkage=0.03


Tree=82
num_leaves=15
num_cat=0
split_feature=24 23 12 9 16 39 45 45 12 8 10 11 10 7
split_gain=46.7863 63.3479 48.6989 67.5185 48.9065 59.5762 45.4121 50.3607 58.0458 53.701 42.2786 35.9554 42.8863 37.8667
threshold=-0.0066537769831162821 0.035240478930546888 0.033404000373913043 1.9036140703441284 0.11699999247734146 -0.97378762593099011 1.0475926253791639 1.0956700425620676 0.0082106952421859541 1.2147517393312384 -1.3936847817495048 -1.600517049591518 -0.79447927497369808 1.2768341387303228
decision_type=10 8 2 8 8 10 8 10 2 10 10 10 10 10
left_child=1 2 4 -4 5 -1 -2 9 -9 -8 -7 12 -10 -13
right_child=6 -3 3 -5 -6 10 7 8 11 -11 -12 13 -14 -15
leaf_value=0.00042141809455364184 -0.0016506786760159449 0.016351806484721246 -0.0052915541662718647 0.018207447302724559 0.00091408788187618498 0.00082724642356185303 0.0026104578437450574 0.020473190748284801 -0.013810912027974919 0.015292967921761292 0.015164474203146629 0.00056487622030644503 0.00054530196462910672 -0.004681374037656328
leaf_weight=864.43135893344879 19024.22411313653 234.14613783359528 1659.7994328141212 108.09982985258102 15802.148069322109 254.33402627706528 2487.2327636480331 110.20814391970634 375.82573945820332 332.96358096599579 682.12371209263802 10287.944198235869 362.49505281448364 1397.4667067974806
leaf_count=3707 84091 1011 7370 462 68680 1084 10832 472 1637 1509 2874 44440 1553 6342
internal_value=-4.60316e-06 0.00116458 0.000972658 -0.00376036 0.00144987 0.00612012 -0.0006715 0.000542015 -0.000273937 0.00415655 0.0113205 -0.000474298 -0.00684931 -6.59929e-05
internal_weight=53983.4 19605.1 19370.9 1767.9 17603 1800.89 34378.4 15354.1 12533.9 2820.2 936.458 12423.7 738.321 11685.4
internal_count=236064 85188 84177 7832 76345 7665 150876 66785 54444 12341 3958 53972 3190 50782
is_linear=0
shrinkage=0.03


Tree=83
num_leaves=15
num_cat=1
split_feature=46 16 11 45 45 1 45 45 45 1 11 19 24 43
split_gain=46.9838 59.7576 77.2082 72.7963 69.2579 82.4787 67.6709 66.2138 65.3105 59.438 70.6995 57.4657 56.671 54.6544
threshold=0 0.2897524320742732 -0.15997268897982858 0.80861798925716777 0.75825209771169544 0.017365360264248179 0.96397882522266476 1.2776982327279967 0.60182430798301378 0.024068757011864266 -0.76518005585359583 -3.2144729511333163 -0.031251120217152199 0.95000000000000007
decision_type=1 8 10 8 10 10 8 10 10 10 10 2 10 10
left_child=1 4 3 -3 8 -6 -5 -4 -1 11 -11 -8 13 -2
right_child=12 2 7 6 5 -7 9 -9 -10 10 -12 -13 -14 -15
leaf_value=0.0060911786866848037 0.0050655293314255858 0.016206695681779768 -0.00033271523069630318 -0.0022266594949367407 0.0011817226570026149 -0.0078527677358307436 -0.003081426168799889 0.0063946931291081876 -0.017546061159072986 0.0038275330226090112 0.035720592282573141 0.0075520227670588351 -0.0010866899544469287 -0.0066199614186275317
leaf_weight=136.57842598855495 2423.0388440936804 498.43608051538467 8235.1260182708502 1089.3300325423479 5601.1135293245316 1075.3749887496233 584.32529656589031 1557.1377708017826 393.35060112178326 124.38075612485409 121.5784327685833 2020.5310618281364 29867.414708405733 413.95053939521313
leaf_count=590 10501 2149 35982 4701 23958 4728 2467 6593 1704 525 512 8649 131927 1800
internal_value=1.40676e-05 0.00110504 0.00223217 0.0055096 -0.00111923 -0.000283021 0.00411879 0.00074249 -0.0114541 0.00654277 0.020372 0.00516405 -0.000701293 0.00334321
internal_weight=54141.7 21437.3 14230.8 4438.58 7206.42 6676.49 3940.15 9792.26 529.929 2850.82 245.959 2604.86 32704.4 2836.99
internal_count=236786 92558 61578 19003 30980 28686 16854 42575 2294 12153 1037 11116 144228 12301
cat_boundaries=0 1
cat_threshold=624
is_linear=0
shrinkage=0.03


Tree=84
num_leaves=15
num_cat=0
split_feature=24 16 39 39 2 45 10 11 8 19 15 19 39 45
split_gain=51.4444 54.1814 56.0653 52.5558 51.0985 54.0258 45.0462 73.3603 74.0829 69.6403 59.3047 56.3885 50.4566 43.6018
threshold=-0.0077109640857598851 0.12406011637031361 -0.95870183067897152 -0.19703656759905311 0.63087216933290524 1.1706220871745059 -0.85553599925522816 -0.56109983693331211 -1.0947958135798401 -2.4149863975646588 0.15322215073260609 -1.2144415375117246 -1.3253090160814291 1.0280141284734527
decision_type=10 8 10 10 10 10 8 10 10 2 10 2 10 10
left_child=1 2 -1 -4 5 -2 7 8 -6 10 13 -8 -9 -10
right_child=4 -3 3 -5 6 -7 11 12 9 -11 -12 -13 -14 -15
leaf_value=0.0010651452892823361 0.0002239376415978301 0.00082602723987041261 0.015176569812569552 0.00019431107293176321 0.00019836906975659115 0.0061777707349774469 0.001807376620851381 -0.0093857269426412347 -0.010204393616823935 0.01140162166692529 -0.012580960581715924 -0.0014978323847565386 0.0040362678405516886 0.009033355588943871
leaf_weight=1050.0575285404921 5741.2111254781485 16377.53996065259 730.91442453861237 294.8365638256073 1144.1030628234148 1792.6002392619848 6475.4521729201078 299.51312789320946 188.61520534753799 133.02676331996918 1857.0873668789864 16368.315416574478 1352.1865558922291 217.46832697093487
leaf_count=4545 24985 71237 3082 1255 4994 7599 27976 1315 833 581 8165 72921 5859 940
internal_value=0.00012167 0.00140654 0.0059607 0.0109136 -0.000545123 0.00164691 -0.00113455 -0.00365415 -0.00608456 -0.0090728 -0.0103211 -0.000560534 0.00156054 6.74253e-05
internal_weight=54022.9 18453.3 2075.81 1025.75 35569.6 7533.81 28035.8 5192 3540.3 2396.2 2263.17 22843.8 1651.7 406.084
internal_count=236287 80119 8882 4337 156168 32584 123584 22687 15513 10519 9938 100897 7174 1773
is_linear=0
shrinkage=0.03


Tree=85
num_leaves=15
num_cat=0
split_feature=30 15 11 11 12 39 12 41 34 8 2 40 39 15
split_gain=50.1576 107.129 128.691 93.0597 126.266 106.527 126.669 75.0156 70.9969 71.9133 68.6546 66.378 66.7235 66.1766
threshold=3.5000000000000004 0.35960144433001157 -1.6323180237845316 0.27491852068197625 0.061538952946683795 -1.023661760372365 0.031682372492259567 0.95000000000000007 1.6770006026333257 0.36009518114644828 1.0858945757919012 1.6870672059675229 2.066749340359169 0.2081474494946482
decision_type=2 10 8 10 2 8 2 2 10 10 10 8 10 10
left_child=7 2 -2 4 5 10 13 11 9 -9 -4 -1 -13 -7
right_child=1 -3 3 -5 -6 6 -8 8 -10 -11 -12 12 -14 -15
leaf_value=0.00054332466674590087 -0.012047009232777706 -0.0025812958229002631 -0.0056979036459543324 -0.0041503094569883547 0.031319682445161305 0.012437352666547202 -0.014313804345371403 -0.0008955887831504824 -0.004649689532278913 0.0084728159742665527 0.0050926951944904588 -0.01018606637610422 0.0064509446155679058 0.004363112664862891
leaf_weight=25376.134385108948 563.90555657446384 14647.111426085234 1403.1476830542088 1455.6520380824804 141.42038996517658 1614.996385499835 237.83280389010906 999.87087045609951 654.24690018594265 2780.5159685462713 840.37079122662544 970.98858149349689 271.08900989592075 2126.8657728135586
leaf_count=109788 2456 65396 6081 6271 623 6794 1045 4321 3023 12250 3605 4555 1234 9099
internal_value=2.66387e-05 -0.00103394 0.00166913 0.0026723 0.00423675 0.00357204 0.00651343 0.00081333 0.00442119 0.00599915 -0.00165133 0.000210821 -0.00653244 0.00787183
internal_weight=54084.1 23031.3 8384.19 7820.29 6364.63 6223.21 3979.69 31052.8 4434.63 3780.39 2243.52 26618.2 1242.08 3741.86
internal_count=236541 101370 35974 33518 27247 26624 16938 135171 19594 16571 9686 115577 5789 15893
is_linear=0
shrinkage=0.03


Tree=86
num_leaves=15
num_cat=0
split_feature=32 30 38 37 31 33 36 40 1 34 37 9 39 37
split_gain=50.675 55.9527 54.7716 49.4185 42.0697 39.0515 48.9359 67.7765 60.6474 59.0036 51.2736 57.6892 50.9604 39.1045
threshold=-0.23342274625466639 3.5000000000000004 -2.6065503240709633 0.53770606249899522 0.11254988746171173 0.78300190101061251 -0.31236148906142452 -1.3796391284692711 0.015739647358893626 -1.0990423938225027 0.19771753236123507 -1.1914155349717208 -1.3513121520578169 -0.32534323579996766
decision_type=10 2 10 10 10 8 10 8 8 10 10 8 10 10
left_child=1 5 -2 -3 -4 6 8 -8 9 10 11 -1 -9 -14
right_child=2 3 4 -5 -6 -7 7 12 -10 -11 -12 -13 13 -15
leaf_value=-0.0029651574550735148 0.018021727410649321 -0.0017680985700029423 0.0021386252286520972 -0.0073681108736907315 -7.1697847616499343e-05 -0.0049624801677854097 0.020067769511172059 -0.018034547214922151 -0.0070070936206296118 -0.002531781473554354 -0.010164445844964252 0.010041077782035439 -0.0022297569260604127 0.0041609823854346856
leaf_weight=416.37004511058331 154.30627572536469 5503.4943486750126 11568.769708842039 1905.39503210783 23435.126467943192 1205.9586387872696 188.04475615918636 100.18674395978451 1255.5817583352327 2396.508770853281 176.82809188961983 1118.061842828989 1129.9488048106432 3548.8835058510303
leaf_count=1797 649 23922 50362 8807 102691 5355 804 442 5594 10386 783 4791 4870 15380
internal_value=6.66015e-05 -0.00118377 0.00074052 -0.00321628 0.000659215 0.0001232 0.000721121 0.0028639 -0.00126497 0.000502929 0.00474286 0.00651547 0.00214647 0.00261614
internal_weight=54103.5 18945.3 35158.2 7408.89 35003.9 11536.4 10330.4 4967.06 5363.35 4107.77 1711.26 1534.43 4779.02 4678.83
internal_count=236633 82931 153702 32729 153053 50202 44847 21496 23351 17757 7371 6588 20692 20250
is_linear=0
shrinkage=0.03


Tree=87
num_leaves=15
num_cat=1
split_feature=32 30 37 38 31 34 21 37 9 46 44 39 2 39
split_gain=50.0004 60.8647 51.2382 48.7177 53.2129 47.0833 42.138 41.3317 40.586 40.1582 39.7771 37.3863 34.976 34.5681
threshold=-0.19069274966621272 3.5000000000000004 0.53770606249899522 -1.3963147451623739 1.0091323800273175 -0.30220316095622146 -0.73817820754428853 1.0145660928727878 1.9036140703441284 0 -0.0026750264784648928 -0.030535922663856574 0.38455487936805849 -1.3513121520578169
decision_type=8 2 10 8 10 10 10 10 8 1 10 10 8 10
left_child=1 6 -3 5 9 11 -1 -4 -6 12 -11 -2 -5 -7
right_child=3 2 7 4 8 13 -8 -9 -10 10 -12 -13 -14 -15
leaf_value=0.0044418109746252512 0.002419569922876849 -0.0017393568897441515 -0.011405120806600885 0.0096504458092947481 -0.0027770543561869607 0.00069748643015266737 -0.00052948836852607006 -0.0029041755288908618 0.0089140626141430892 0.0016386751140676423 -0.0015720321443701015 -0.016476546044796488 0.0019263866674121119 0.012762953183654628
leaf_weight=1789.0112235844135 703.01539082825184 5926.8172684162855 1041.2053250074387 542.75666964054108 5281.5520380735397 294.22229839861393 10428.946456551552 1026.5803815573454 271.84616677463055 6505.8115784078836 7425.9260545670986 98.585605621337891 12023.379430666566 782.84750699996948
leaf_count=7708 2983 25765 4740 2259 23393 1256 45449 4825 1255 28723 32855 428 51854 3305
internal_value=5.03332e-05 -0.00113053 -0.0031639 0.000753916 0.000477852 0.00543628 0.00020147 -0.007219 -0.00218976 0.00103754 -7.25513e-05 -7.87642e-05 0.00226561 0.00950377
internal_weight=54142.5 20212.6 7994.6 33929.9 32051.3 1878.67 12218 2067.79 5553.4 26497.9 13931.7 801.601 12566.1 1077.07
internal_count=236798 88487 35330 148311 140339 7972 53157 9565 24648 115691 61578 3411 54113 4561
cat_boundaries=0 1
cat_threshold=752
is_linear=0
shrinkage=0.03


Tree=88
num_leaves=15
num_cat=0
split_feature=35 30 39 39 39 11 12 0 13 45 44 12 11 16
split_gain=49.1984 59.1042 55.7036 53.1924 47.7651 130.781 60.8783 68.344 55.9827 46.4017 57.4564 54.2242 76.5414 81.0526
threshold=1.5421090881080419 4.5000000000000009 -0.37572673791940014 1.7852061703538777 -1.803152513603415 -0.39867733238226588 0.038872087988195261 0.0088944274076753187 32.044815943382396 1.3035283162150055 -0.074236961727395537 0.018528939212554305 0.66850193543690939 0.43563148602285812
decision_type=10 2 10 10 8 8 2 10 10 8 8 2 10 8
left_child=4 2 -2 -4 5 6 7 -1 -9 11 -11 -6 13 -13
right_child=1 -3 3 -5 9 -7 -8 8 -10 10 -12 12 -14 -15
leaf_value=-0.014187663472935251 0.0059840128066337966 0.005558034033431733 -0.010607411868617049 0.00048522919971927595 0.00090722202495495624 -0.02262007537203134 -0.013462767533287732 0.0011447275940703228 0.022017242216729682 -0.0088721370453539554 0.0038993404961309729 -0.0018159005797747975 -0.0044370891446209489 0.0033403221963606068
leaf_weight=116.36037220060825 303.66420084238052 490.73642632365227 1454.4713439792395 528.66743755340576 28270.575452029705 294.4223880469799 195.23028664290905 253.45875053107738 204.51700934767723 329.45157703757286 4926.3141241073608 7591.4995236098766 4810.358912602067 4283.4984451979399
leaf_count=501 1345 2279 6742 2492 123389 1293 898 1099 877 1438 20994 33001 21275 18819
internal_value=7.42333e-05 -0.00380723 -0.00583241 -0.00766272 0.000285188 -0.00597504 0.000601534 0.0055309 0.010737 0.000419006 0.00308345 0.000106892 -0.00124887 4.52756e-05
internal_weight=54053.2 2777.54 2286.8 1983.14 51275.7 1063.99 769.566 574.336 457.976 50211.7 5255.77 44955.9 16685.4 11875
internal_count=236442 12858 10579 9234 223584 4668 3375 2477 1976 218916 22432 196484 73095 51820
is_linear=0
shrinkage=0.03


Tree=89
num_leaves=15
num_cat=0
split_feature=39 11 20 1 11 38 44 44 39 38 15 1 9 11
split_gain=46.8714 112.837 78.5967 77.9284 71.3013 73.431 57.9055 55.569 53.7385 139.859 70.5666 66.9616 51.9256 64.3535
threshold=0.93687248228760756 2.1654184360741673 0.057866526692675356 0.0086993406182063783 -0.43407399619699055 0.19547345827769239 -0.063046388142637438 0.011978491680101813 -1.1929641045859751 0.22796957868653941 0.12686609696303641 0.015950055880905794 -1.2096501290722765 -0.55015613235260041
decision_type=8 10 8 8 8 10 10 10 10 8 10 10 10 8
left_child=8 2 -2 6 5 -5 -4 -3 9 10 12 -12 13 -1
right_child=1 7 3 4 -6 -7 -8 -9 -10 -11 11 -13 -14 -15
leaf_value=-0.0035855025138386469 -0.0095963438611013328 0.01639779265606606 0.016113776368653715 0.030437627199133135 -0.00089262773972587366 0.0043718979204793069 -0.0073458215151357116 -0.0024168485912320638 0.00076183845919008616 -0.017099846835417491 0.0052871448308867064 -0.0047633477933801422 0.003507655591484032 -0.017219403482375169
leaf_weight=935.65246966481209 1267.3253530114889 426.1087249070406 89.755845621228218 116.44546602666378 5714.7171247750521 441.69187274575233 2187.6544044315815 205.54668186604977 38456.748339533806 519.88676558434963 1924.2707657516003 853.70428271591663 444.80987602472305 462.70570826530457
leaf_count=4123 5706 1851 421 507 25926 1970 10223 911 166440 2344 8277 3769 1927 2031
internal_value=-5.60153e-05 -0.00185961 -0.00265379 -0.00161475 0.000113549 0.0102501 -0.00635484 0.0103331 0.000376586 -0.00250113 -0.000825366 0.0021925 -0.00536111 -0.00818709
internal_weight=54047 10449.2 9817.59 8550.26 6272.85 558.137 2277.41 631.655 43597.8 5141.03 4621.14 2777.98 1843.17 1398.36
internal_count=236426 47515 44753 39047 28403 2477 10644 2762 188911 22471 20127 12046 8081 6154
is_linear=0
shrinkage=0.03


Tree=90
num_leaves=15
num_cat=0
split_feature=35 39 39 36 12 35 45 44 38 10 15 18 1 39
split_gain=48.7702 60.5319 58.806 54.9884 94.8749 69.4487 57.5102 60.7972 56.5445 45.5504 55.8321 68.7677 46.5967 44.5413
threshold=1.5887278257402191 -0.37572673791940014 1.7852061703538777 -0.2795919952240164 0.027954148776915353 -2.0787232251000596 0.74908634428331589 0.033983952977558872 -2.6065503240709633 0.8294600641506702 0.42125360206406653 1.5790706525566385 0.013534186904228218 0.44698073876507471
decision_type=10 10 10 10 2 10 8 10 10 8 8 2 8 10
left_child=3 -2 -3 4 5 -1 7 -5 -7 -8 -11 12 -12 -14
right_child=1 2 -4 6 -6 8 9 -9 -10 10 11 -13 13 -15
leaf_value=0.0074162927230398334 0.0080808174337441991 -0.0088570332794137927 0.0016060258962686592 -0.00078267533341334255 -0.005440451955502348 0.019853241810199623 0.0008698695813474526 -0.011363349309626118 -0.00078180736343402 -0.0064505603076085456 0.012289149036131384 0.0015283585742298948 0.011060313696930097 -6.4360776997875085e-05
leaf_weight=1039.7278396040201 319.27560797333717 1587.7650811523199 689.26884134113789 5252.6135955899954 3619.9863239228725 110.60795091092587 21516.660801619291 529.14527177810669 13279.1516482234 434.69159005582333 1263.2856905758381 3042.5358741432428 518.83546698093414 835.62303680181503
leaf_count=4370 1407 7413 3238 23352 16222 456 93170 2385 57656 1855 5511 13592 2187 3608
internal_value=2.57676e-05 -0.00397788 -0.00569664 0.000228565 -0.00110517 -1.45441e-05 0.000949577 -0.00176896 -0.00059666 0.00151926 0.00380659 0.00460429 0.00815995 0.00424686
internal_weight=54039.2 2596.31 2277.03 51442.9 18049.5 14429.5 33393.4 5781.76 13389.8 27611.6 6094.97 5660.28 2617.74 1354.46
internal_count=236422 12058 10651 224364 78704 62482 145660 25737 58112 119923 26753 24898 11306 5795
is_linear=0
shrinkage=0.03


Tree=91
num_leaves=15
num_cat=0
split_feature=6 36 1 40 35 40 36 40 39 40 38 15 1 0
split_gain=48.8416 53.3168 67.2516 101.11 85.4867 73.7191 67.0472 60.1837 83.7154 57.5585 68.6847 48.7163 46.7207 78.4602
threshold=0.92267637089513188 -0.28805754310525838 0.015739647358893626 1.0676364887636098 -0.92245401666519544 0.27784756318926312 -1.5012595703048823 -1.7429079314650811 -1.803152513603415 0.53054742283309808 0.52001646135868784 0.19486031339430446 0.014947293940627016 0.0055803989084395452
decision_type=10 8 8 10 10 10 10 8 8 10 10 10 8 10
left_child=1 2 3 6 -5 -4 -1 11 -9 10 -8 -3 -10 -14
right_child=-2 7 5 4 -6 -7 9 8 12 -11 -12 -13 13 -15
leaf_value=0.0053929275394867908 -0.0022276008588250846 0.002375307437504348 -0.0065666981415697222 -0.019532185432688188 -0.0026003281228502337 0.0027411038896970885 -0.00041420477295771996 -0.023956386421921064 0.00029393520507783622 0.0056893193326682141 -0.011415410605121658 0.022666462610261208 0.025231100752330732 0.0026179949857799705
leaf_weight=2373.7468326687813 7971.650246322155 223.1469030380249 3154.8384393453598 390.65356534719467 824.31782339513302 1004.0320511907339 7826.9473316222429 111.06011113524437 20411.33170299232 1273.740623831749 536.49627274274826 198.39540491998196 130.83869670331478 7579.5719982087612
leaf_count=10081 36152 942 14061 1830 3737 4441 33703 500 88945 5525 2384 812 541 32616
internal_value=-6.11042e-05 0.000314426 -0.000995915 5.13198e-05 -0.00815949 -0.00431843 0.000887985 0.00110949 0.00093919 -0.000226073 -0.0011327 0.0122291 0.00104599 0.0030339
internal_weight=54010.8 46039.1 17384.8 13225.9 1214.97 4158.87 12010.9 28654.3 28232.8 9637.18 8363.44 421.542 28121.7 7710.41
internal_count=236270 200118 75762 57260 5567 18502 51693 124356 122602 41612 36087 1754 122102 33157
is_linear=0
shrinkage=0.03


Tree=92
num_leaves=15
num_cat=0
split_feature=32 37 40 7 40 18 16 45 40 15 1 1 19 10
split_gain=51.156 62.235 59.3801 65.4058 53.4405 50.5074 49.8484 55.9954 52.75 72.9502 47.0341 58.5568 46.3335 77.8128
threshold=-0.19069274966621272 -1.5245958401120399 -1.6320170662874254 -0.8768034634894476 -0.91692436407124134 -2.2807591201392521 0.29284129733692682 1.2187228279324527 -0.60736807929388492 0.28435768463873839 0.015631366246916741 0.0069538446824112159 -1.4064643552910476 -0.61098912617113899
decision_type=10 10 10 10 10 2 8 10 10 10 8 10 2 8
left_child=-1 4 3 -3 5 -2 7 -4 9 10 11 -8 13 -11
right_child=1 2 6 -5 -6 -7 8 -9 -10 12 -12 -13 -14 -15
leaf_value=-0.0011664468108678969 -0.0024720782808499318 -0.00790038643234681 -0.0028223297747364405 0.014896757254094169 0.012674330235772607 0.01447815688625137 -0.012946163148501106 0.0038237738852951262 0.00048496615235352393 0.0035128332633709916 -0.015537623319992441 0.006694870901295346 0.0052585360427317091 0.026714974463145445
leaf_weight=20266.464839011431 663.47792391479015 140.96651734411716 6906.5520255714655 473.02206908166409 698.8051023632288 196.93262222409248 175.35265231132507 1357.2848565727472 20913.039919510484 245.36365182697773 173.11766782402992 510.42175443470478 1149.2366702705622 275.46564842760563
leaf_count=88796 2836 617 30058 1998 2926 837 761 5775 92154 1057 748 2190 4959 1177
internal_value=2.54626e-05 0.000738597 0.000455172 0.00962 0.00657318 0.00152929 0.000274716 -0.00172745 0.000980959 0.00506447 -0.00202633 0.00155877 0.00870153 0.0160565
internal_weight=54145.5 33879 32319.8 613.989 1559.22 860.411 31705.8 8263.84 23442 2528.96 858.892 685.774 1670.07 520.829
internal_count=236889 148093 141494 2615 6599 3673 138879 35833 103046 10892 3699 2951 7193 2234
is_linear=0
shrinkage=0.03


Tree=93
num_leaves=15
num_cat=0
split_feature=2 9 38 38 40 45 16 40 11 11 10 37 0 38
split_gain=42.2875 47.4517 61.065 46.006 43.9334 39.0096 49.3818 62.9667 80.2759 98.0354 70.0114 69.8729 68.8756 65.4833
threshold=0.36155949371166679 -1.7189852790298679 -2.9303608724780625 2.6300836929250067 -0.62106447713901247 0.78455725568877199 0.10258892499482661 0.41210572229896647 1.6325345996922713 -0.51489644186906303 0.8161357378387154 2.0404739968946211 0.0090052186205137816 0.53075676730610744
decision_type=10 8 8 8 10 8 8 10 10 8 10 10 10 10
left_child=4 -2 -3 5 -1 -4 -7 11 9 10 -9 13 -10 -8
right_child=1 2 3 -5 -6 6 7 8 12 -11 -12 -13 -14 -15
leaf_value=0.015437834597009977 -0.0059775395252426519 0.018901435233496407 -0.0016516639748536894 -0.0084416748184991102 0.002322743529106816 0.0044724410365448615 -0.00021674052131202975 0.0044159005400322303 0.018258746909206969 -0.00042619063378325706 0.02042380620566327 0.019578978725579496 0.0041770713751585727 -0.0044089604749394549
leaf_weight=282.78416973352432 1238.5215717852116 142.43067102134228 10442.842036679387 580.30464032292366 1093.3335975557566 2508.277849316597 19776.057911545038 2261.0714042335749 427.27577340602875 9866.8651633858681 267.61646881699562 140.50076000392437 1128.4038558751345 4028.4322798550129
leaf_count=1180 5489 604 46353 2862 4661 10732 85214 9820 1857 43890 1162 636 4927 17697
internal_value=-6.27829e-05 -0.000198514 -5.8591e-05 -0.000114766 0.00510975 -1.80923e-05 0.000404421 0.000134057 0.00173543 0.000926148 0.00618383 -0.000799294 0.0081366 -0.000927743
internal_weight=54184.7 52808.6 51570.1 51427.6 1376.12 50847.3 40404.5 37896.2 13951.2 12395.6 2528.69 23945 1555.68 23804.5
internal_count=237084 231243 225754 225150 5841 222288 175935 165203 61656 54872 10982 103547 6784 102911
is_linear=0
shrinkage=0.03


Tree=94
num_leaves=15
num_cat=0
split_feature=23 39 37 38 40 40 39 39 39 29 41 40 38 40
split_gain=48.7823 52.0796 104.952 63.8212 154.002 85.7094 80.5031 75.7936 64.2841 65.6709 55.5996 86.2818 76.3161 99.2801
threshold=0.059816163208428315 0.41545778425267871 -0.91897746177833295 0.53075676730610744 0.30925414985748317 -0.58166541068976751 -1.0738947517226278 -0.43910831061956429 -0.10855294356849236 7.0000000000000009 0.15000000000000005 -1.7429079314650811 -1.1170825892851586 -0.60736807929388492
decision_type=10 8 10 10 10 10 10 10 10 2 2 10 10 10
left_child=1 3 -3 4 10 6 -5 -7 9 -6 12 -12 13 -1
right_child=-2 2 -4 5 8 7 -8 -9 -10 -11 11 -13 -14 -15
leaf_value=-0.00061138826929665803 0.0057742852718443349 -0.014638084099932091 -0.0009877572790797757 -0.0081954239900800408 0.027680060076202131 -0.010687369578855781 0.013772618076276326 -0.0017163608681546574 0.0051545032047434639 0.0083653508876448974 0.017769238590880098 0.0015102176546801292 -0.0026766237465994385 0.0088995708975757298
leaf_weight=3521.794836640358 1294.0130517631769 511.50685718655586 18251.965180560946 202.95359733700752 247.33674106001854 1045.0289039313793 512.4227552562952 4340.168785020709 2345.7573778778315 448.32030202448368 291.65147249400616 11408.141761228442 8223.2631899267435 1362.1909883022308
leaf_count=15143 5619 2277 81689 922 1052 4627 2205 19081 10020 1909 1223 49223 35586 5760
internal_value=4.22937e-05 -9.94866e-05 -0.00136747 0.000601521 0.00121037 -0.00217526 0.00751318 -0.00347382 0.00757022 0.0155275 0.000427902 0.00193035 -0.000913662 0.00205407
internal_weight=54006.5 52712.5 18763.5 33949 27848.5 6100.57 715.376 5385.2 3041.41 695.657 24807 11699.8 13107.2 4883.99
internal_count=236336 230717 83966 146751 119916 26835 3127 23708 12981 2961 106935 50446 56489 20903
is_linear=0
shrinkage=0.03


Tree=95
num_leaves=15
num_cat=1
split_feature=24 46 21 45 12 15 39 30 37 39 40 30 10 40
split_gain=40.9631 49.8792 48.2656 42.3818 35.1717 42.2118 36.1328 70.6878 78.4235 46.3783 45.8334 45.9333 42.4116 47.4013
threshold=-0.0072802634191939655 0 -0.54004195080626261 1.16817192334088 0.032500806749536253 0.74578107409422356 -0.5187481499629113 2.5000000000000004 -0.32534323579996766 -0.98884515999362288 0.53054742283309808 1.0000000180025095e-35 -0.17105295576960144 1.0074796076896464
decision_type=10 1 10 10 2 8 8 2 8 10 8 2 10 10
left_child=4 -2 3 -3 6 -6 9 8 12 -1 -10 -12 -8 -14
right_child=1 2 -4 -5 5 -7 7 -9 10 -11 11 -13 13 -15
leaf_value=0.00076183414187828502 -0.0027372018403804066 0.00056419311348803922 -0.0008875192295164972 0.0052084144209141653 -0.0051582607503236188 0.0057673869973406964 -0.0086665561290652678 -0.0012284065125218681 0.0024960922198565987 0.0066997697957887868 0.0020150858366258821 0.012434731264769438 0.0044580519328363899 -0.014037471393964924
leaf_weight=2328.1131951212883 7629.4039051383734 6756.1630265116692 18278.860105901957 2386.9387833476067 1450.08383692801 398.02662053704262 582.86842745542526 7164.8691330254078 1947.0609259754419 2404.6423920989037 559.58008582890034 1211.799812451005 790.38262830674648 137.82994742691517
leaf_count=10016 34015 29495 80348 10158 6473 1728 2499 31472 8328 10208 2421 5269 3385 610
internal_value=1.25705e-05 -0.000595185 2.54931e-06 0.001781 0.00113495 -0.00278683 0.00155951 0.000706743 0.00335534 0.00378658 0.00569286 0.00917295 -0.00239641 0.00159131
internal_weight=54026.6 35051.4 27422 9143.1 18975.3 1848.11 17127.1 12394.4 5229.52 4732.76 3718.44 1771.38 1511.08 928.213
internal_count=236425 154016 120001 39653 82409 8201 74208 53984 22512 20224 16018 7690 6494 3995
cat_boundaries=0 1
cat_threshold=257
is_linear=0
shrinkage=0.03


Tree=96
num_leaves=15
num_cat=4
split_feature=23 38 45 45 46 40 45 46 12 1 19 12 46 46
split_gain=44.5905 37.4052 37.8918 73.8648 67.0403 67.0295 54.7879 68.8122 53.6205 74.163 50.2969 44.4069 42.8891 42.7546
threshold=0.055927772028659901 2.6300836929250067 1.0475926253791639 1.1002752897966654 0 2.4305133542163921 1.1658624169638268 1 0.013890868798873935 0.010816341799779356 -6.3913857754987928 0.011870877491636905 2 3
decision_type=8 8 8 10 1 10 10 1 2 10 2 2 1 1
left_child=1 2 8 4 -4 6 10 -8 9 -1 -5 -6 -11 -9
right_child=-2 -3 3 5 11 -7 7 13 -10 12 -12 -13 -14 -15
leaf_value=1.7722935106433192e-05 0.0050385951689280997 -0.007840100903541267 0.0072818365951310034 -0.012565468580681662 -0.009268313618096392 0.0170900512232856 0.018271738054844423 0.0025547460718378196 -0.002056769587769498 0.00066271509524020399 -0.0018867577731967199 0.0020985901526913023 0.015533929458492329 -0.00095431544523453041
leaf_weight=12958.724739655852 1520.3265201896429 554.07512287795544 2664.8136345893145 420.63936956226826 359.29602299630642 193.20439611375332 180.72788798809052 5491.3497245013714 14841.525419443846 298.50469852983952 5172.7712875753641 1894.8168742060661 432.88513900339603 7201.1652862131596
leaf_count=57070 6602 2751 11552 1843 1567 881 785 23341 65373 1305 22598 8300 1856 31298
internal_value=-9.54675e-06 -0.000156206 -7.3017e-05 0.00081668 0.00408305 -4.6094e-05 -0.000234531 0.000842682 -0.000808298 0.000545689 -0.00271082 0.000252705 0.00977376 0.000565492
internal_weight=54184.8 52664.5 52110.4 23578.8 4918.93 18659.9 18466.7 12873.2 28531.6 13690.1 5593.41 2254.11 731.39 12692.5
internal_count=237122 230520 227769 102165 21419 80746 79865 55424 125604 60231 24441 9867 3161 54639
cat_boundaries=0 1 2 3 4
cat_threshold=496 3 387 624
is_linear=0
shrinkage=0.03


Tree=97
num_leaves=15
num_cat=0
split_feature=24 0 2 13 1 16 13 15 12 9 16 39 11 16
split_gain=34.6787 45.3154 43.4449 48.3436 58.4293 59.0335 50.1019 43.4585 88.3999 75.0322 42.2157 52.0899 35.9523 57.7191
threshold=-0.013272953992628509 0.0016401704781389495 0.60795480744043229 37.171269870305231 0.014858313390804756 0.10638838318563694 54.083926424787258 0.42125360206406653 0.018803318568002679 -0.46501887397407976 0.086235233283700571 -1.0559787094162867 1.4542664686947069 0.8248597622458852
decision_type=10 10 10 10 10 10 10 10 2 10 8 10 8 10
left_child=10 -2 3 -3 6 -6 -5 8 -7 -9 11 -1 -12 -14
right_child=1 2 -4 4 5 7 -8 9 -10 -11 12 -13 13 -15
leaf_value=0.00044794428362587521 -0.016684970923340245 -0.0075709351425265565 -0.00077618517284239435 0.0027631913625421416 0.027504040908331896 0.0161434412000038 -0.0037117191913379997 0.026106407209714595 -0.0061531433754799976 0.0055600259887624674 0.00033900271190009094 0.014208472251401729 -3.3632286295193281e-05 0.012072566913512684
leaf_weight=494.92435972392559 142.59291757643223 459.92526718974113 32836.833674252033 2900.8292514979839 101.25822180509567 204.61926850676537 1695.9415140151978 173.17119480669498 619.32856371998787 1354.0528023988008 11139.891037464142 486.7699931114912 791.48705446720123 631.81598421931267
leaf_count=2145 628 1989 144775 12492 431 862 7472 729 2668 5780 48319 2036 3385 2760
internal_value=7.2469e-05 -0.000367156 -0.000305365 0.00175179 0.00236992 0.00609906 0.000371454 0.00506463 -0.000488826 0.00804444 0.0013859 0.00734553 0.000914744 0.00538714
internal_weight=54033.4 40488.6 40346 7509.13 7049.2 2452.43 4596.77 2351.17 823.948 1527.22 13544.9 981.694 12563.2 1423.3
internal_count=236471 177826 177198 32423 30434 10470 19964 10039 3530 6509 58645 4181 54464 6145
is_linear=0
shrinkage=0.03


Tree=98
num_leaves=15
num_cat=0
split_feature=19 9 7 30 1 2 37 30 41 15 11 2 16 2
split_gain=38.4529 105.546 97.3381 88.7567 110.579 85.1537 54.3565 53.4557 111.007 94.8745 75.8616 80.5922 74.6783 68.5921
threshold=0.59687268363701451 0.56934414299835401 -0.8768034634894476 2.5000000000000004 0.012643045824730295 1.10586807013985 -0.41114412498617364 1.5000000000000002 0.15000000000000005 0.50845857056783006 -1.600517049591518 1.1719568457733953 0.090561935131198854 0.63825536038905117
decision_type=2 8 8 2 8 10 10 2 2 10 10 10 8 10
left_child=1 7 -2 5 -5 6 -4 8 -1 10 12 -12 -9 -10
right_child=2 -3 3 4 -6 -7 -8 9 13 -11 11 -13 -14 -15
leaf_value=-0.0057254082321807473 -0.009144758351166472 0.0072960031947250014 -0.0041079585097017444 -0.0046178170506618278 0.0011169890994408114 -0.0023360776104254439 0.0047799220985883717 0.0051532401796303322 0.0084954308995642755 -0.0033349123811878289 0.0013697524399959888 0.0063959015018919046 -0.0088107819105420655 -0.0005878033318400624
leaf_weight=3651.8475871086121 1222.6204962581396 2016.4663889110088 690.49617885053158 6996.8076607137918 5320.7454544007778 3061.1211083233356 5469.7996229231358 499.92051354050636 933.07572135329247 3706.1893814206123 12027.54453907907 3765.0799222886562 1062.8464831709862 3616.2686914354563
leaf_count=15941 5364 8715 2994 31973 23657 13722 23596 2159 3956 16181 51790 16155 4623 15683
internal_value=-7.72363e-06 0.000674842 -0.000945598 -0.000476159 -0.00214169 0.00174849 0.00377865 0.000216248 -0.00183716 0.00101632 0.0019469 0.00257131 -0.00433941 0.00128973
internal_weight=54040.8 31279.2 22761.6 21539 12317.6 9221.42 6160.3 29262.8 8201.19 21061.6 17355.4 15792.6 1562.77 4549.34
internal_count=236509 135203 101306 95942 55630 40312 26590 126488 35580 90908 74727 67945 6782 19639
is_linear=0
shrinkage=0.03


Tree=99
num_leaves=15
num_cat=3
split_feature=34 44 46 10 40 11 15 1 46 45 46 12 1 1
split_gain=39.9571 35.5022 68.5963 83.2443 37.6441 36.7602 68.8784 52.6786 82.5401 56.0264 39.2313 37.4455 51.2509 49.3307
threshold=1.6770006026333257 0.0071832072310577142 0 -1.1184449317377085 0.56617026219107269 1.3798151279066984 0.64266630977872963 0.007923936166173106 1 0.78455725568877199 2 0.034291520371290081 0.016162586799957464 0.032856810192967344
decision_type=8 8 1 8 10 10 10 10 1 10 1 2 10 10
left_child=1 5 3 -3 -5 11 10 9 -9 -8 -7 -1 -13 -14
right_child=-2 2 -4 4 -6 6 7 8 -10 -11 -12 12 13 -15
leaf_value=0.00070288323851890554 -0.0037645640121306977 -0.009176673581556067 -0.0022707315235030211 0.0012464604841514284 0.0068056925823895553 0.013231714659007939 0.0083682095136002783 -0.0057630550480260983 0.010068727722319749 0.032990555087068697 -0.0027329406045906428 0.017387844125689493 -0.007133240986477679 0.0030798748805223337
leaf_weight=28756.660445794463 2432.1119494438171 560.07177618145943 11597.204819187522 3711.2697146087885 1549.5047699809074 135.22820225358009 228.52286051213741 421.78624264895916 908.93065951764584 130.33753636479378 1279.2169608771801 92.783689513802528 1535.2095272988081 580.87309043109417
leaf_count=125088 11137 2440 51163 15922 6874 573 1034 1844 3966 576 5543 415 6876 2542
internal_value=-1.50573e-05 0.000162754 -0.000938659 0.0017156 0.00289368 0.000725961 0.00383304 0.00790369 0.00507722 0.017963 -0.00105076 0.000413367 -0.00334195 -0.0043284
internal_weight=53919.7 51487.6 17418.1 5820.85 5260.77 34069.5 3104.02 1689.58 1330.72 358.86 1414.45 30965.5 2208.87 2116.08
internal_count=235993 224856 76399 25236 22796 148457 13536 7420 5810 1610 6116 134921 9833 9418
cat_boundaries=0 1 2 3
cat_threshold=720 705 64
is_linear=0
shrinkage=0.03


Tree=100
num_leaves=15
num_cat=0
split_feature=39 40 35 40 38 2 1 15 12 16 9 40 39 40
split_gain=51.1858 56.193 55.5545 43.7108 48.4482 40.0778 64.1881 37.3869 41.6638 37.1823 44.8905 42.8098 32.4125 75.8592
threshold=2.1360955966638504 1.6870672059675229 -0.19782424040903185 2.4305133542163921 1.4041492577238197 0.36155949371166679 0.0056055056386806702 0.25467365040341766 0.0098586510510366137 0.72467950203680276 1.1435769158079789 0.99081699078832253 1.1672008633511177 0.43555503510842047
decision_type=10 10 10 10 10 10 8 8 2 10 10 10 8 10
left_child=1 5 -3 -4 -5 6 -1 8 -8 10 -2 -11 13 -7
right_child=9 2 3 4 -6 12 7 -9 -10 11 -12 -13 -14 -15
leaf_value=-0.013751747980527649 0.0023398634345222287 -0.01286131521294135 -0.0044414759703636378 0.019484337720201656 -0.0019603438669101537 -0.00053638225387469542 0.031050316568942429 0.0043943484716362563 0.0070994402127504564 0.021693305520425536 0.030957585817788697 0.0016471169355796373 -0.0024710419109696441 0.0023677131956522731
leaf_weight=135.57588610053062 93.974750682711601 555.99163620173931 1471.4052780419588 150.78014083206654 227.14972203969955 33735.180554836988 103.99570432305336 926.77935764193535 172.48787309229374 96.761588558554649 98.123208522796631 963.39750075340271 4644.8352754563093 10640.166243940592
leaf_count=595 414 2719 6998 685 1132 146249 435 3919 715 411 430 4366 20898 46479
internal_value=-2.06877e-05 -0.000163479 -0.00463342 -0.00210388 0.00687702 5.08985e-05 0.00515241 0.0073782 0.0168776 0.00594953 0.0177662 0.00366236 -8.94565e-05 0.000160328
internal_weight=54016.6 52764.3 2405.33 1849.34 377.93 50359 1338.84 1203.26 276.484 1252.26 192.098 1060.16 49020.2 44375.3
internal_count=236445 230824 11534 8815 1817 219290 5664 5069 1150 5621 844 4777 213626 192728
is_linear=0
shrinkage=0.03


Tree=101
num_leaves=15
num_cat=0
split_feature=38 37 37 36 12 40 38 37 40 40 36 40 7 37
split_gain=39.5717 53.8349 47.8138 43.2917 82.5579 80.7112 66.4497 57.7463 58.5672 106.757 59.8445 57.2828 55.6682 52.8486
threshold=1.4686978965374144 0.33480127810527138 2.7290928358271018 -0.15314363105323378 0.027700012398471592 -1.6320170662874254 -2.6065503240709633 0.39893679730922771 1.0676364887636098 0.41210572229896647 -1.2577761931790545 -1.6320170662874254 -0.71701516963528478 -1.4031164959675204
decision_type=8 8 10 10 2 10 10 10 10 10 10 10 10 10
left_child=2 -2 3 4 6 13 -1 8 9 10 11 -8 -10 -5
right_child=1 -3 -4 5 -6 -7 7 -9 12 -11 -12 -13 -14 -15
leaf_value=0.017314724063012162 -0.019251617407692139 -0.0021860866981264987 0.018086624798421515 -0.0037960402780641356 -0.0047192937430652884 0.00067359137295864647 -0.0083643554810174676 -0.0039763439890856678 -0.018858199294460962 0.0078695170372698412 -0.0012190965355930567 0.0053980319036523901 -0.0020654846461138163 0.01722899833151895
leaf_weight=187.95222453773022 164.66479688882828 3631.3400162756443 124.11242969334126 138.94788408279419 4071.0539152026176 28612.086819425225 297.12479718029499 2942.6882720887661 239.04088188707829 1820.064002469182 8325.3578284978867 2445.9905367046595 630.3966138958931 423.05617819726467
leaf_count=772 764 17022 566 591 18211 124643 1267 13047 1078 7796 35877 10383 2847 1767
internal_value=-2.5627e-05 -0.002975 0.000197688 0.000149804 -0.000890027 0.000896903 3.52763e-05 -0.000169435 0.00064712 0.0011574 4.75705e-05 0.00388237 -0.00684437 0.0120554
internal_weight=54053.9 3796 50257.9 50133.8 20959.7 29174.1 16888.6 16700.7 13758 12888.5 11068.5 2743.12 869.437 562.004
internal_count=236631 17786 218845 218279 91278 127001 73067 72295 59248 55323 47527 11650 3925 2358
is_linear=0
shrinkage=0.03


Tree=102
num_leaves=15
num_cat=0
split_feature=36 40 39 12 36 40 40 39 39 45 14 40 41 33
split_gain=38.5979 81.3631 81.0828 65.992 72.3615 112.828 53.6795 81.9601 76.5327 83.5184 66.9574 43.557 43.4335 57.1703
threshold=-0.28805754310525838 -1.8610102854390049 -1.5985108934726602 0.027954148776915353 -1.2577761931790545 0.86891221338058777 -0.4450207499511829 -1.3513121520578169 -0.68341046586759646 1.2875549839134568 0.74459548873973225 1.0859989737695608 0.45000000000000007 0.24291526063572197
decision_type=10 10 10 2 10 10 10 10 10 8 10 10 2 10
left_child=3 2 -2 4 5 -1 7 12 9 -8 -10 -12 13 -3
right_child=1 6 -4 -5 -6 -7 8 -9 10 -11 11 -13 -14 -15
leaf_value=0.0048476149357157532 0.0020160023548936126 0.003812158275070318 0.032712787063154954 -0.0048468876420532546 -0.0014705328386528827 -0.020118682596413071 -0.010848490314924287 0.0038332714451603522 0.0012708723723085355 0.010637744697941336 -0.0030596115041124543 0.0012706095256956465 -0.01675888324536557 -0.011200783477665842
leaf_weight=3169.0515514016151 176.60604754090309 585.95054516196251 129.92051893472672 3561.6105200648308 10867.431326285005 161.93868708610535 1039.1423510760069 6704.9149902760983 16554.823265165091 184.44699563086033 7275.5204878300428 2925.4724699854851 211.1296516507864 360.47878375649452
leaf_count=13451 740 2549 531 16052 47334 736 4533 28827 71916 778 32359 13664 950 1583
internal_value=-5.68963e-05 0.000505758 0.0156492 -0.00120175 -0.000284619 0.00357727 0.00037192 0.00256037 -0.000243749 -0.00754962 9.30572e-05 -0.00181775 -0.00478235 -0.00196334
internal_weight=53908.4 36148.4 306.527 17760 14198.4 3330.99 35841.9 7862.47 27979.4 1223.59 26755.8 10201 1157.56 946.429
internal_count=236003 158430 1271 77573 61521 14187 157159 33909 123250 5311 117939 46023 5082 4132
is_linear=0
shrinkage=0.03


Tree=103
num_leaves=15
num_cat=1
split_feature=23 24 40 35 46 39 39 20 37 40 39 38 17 39
split_gain=40.4547 40.3178 39.8104 75.7796 62.3964 47.5612 44.1312 68.685 71.6867 59.3868 98.1767 68.091 61.0843 63.1656
threshold=0.059816163208428315 0.0071842237814456764 1.5956037031214281 -0.60535529606763605 0 1.9599887713377362 1.1672008633511177 0.041295230139777359 0.65087508247669534 0.46606760069135905 0.81185631633787458 1.0314530475032557 -1.0566020610498763 0.2714214375877993
decision_type=8 10 8 10 1 10 10 10 10 10 10 10 2 10
left_child=2 -2 5 -4 -5 6 9 -8 -9 10 -1 12 -11 -14
right_child=1 -3 3 4 -6 -7 7 8 -10 11 -12 -13 13 -15
leaf_value=-4.3585033680609222e-05 0.018510524036382037 0.003080161785469084 -0.015343394910629922 -0.007754008602890443 0.0011707368853029821 0.007505525661678285 -0.013854264775677961 0.0039052092200947191 -0.0048769706033973785 -0.0030610468834412008 -0.0087985800057456594 -0.0018931101231733677 0.010644261287400782 0.0033003822383175451
leaf_weight=33357.943842887878 167.10663503408432 1142.5664150565863 398.48856523633003 1005.8396167457104 2244.6200635284185 754.54075069725513 457.5629285722971 1321.7807275652885 2241.8930059820414 998.84782233834267 1184.026944488287 2558.5103444606066 1343.6739690005779 4845.117655724287
leaf_count=144357 713 4955 1962 4838 10422 3301 2048 5842 10223 4298 5325 11477 5751 21002
internal_value=-1.37204e-05 0.00517433 -0.000143577 -0.0031623 -0.00162649 8.15285e-05 -3.59557e-05 -0.00304107 -0.00161781 0.000237525 -0.000346148 0.00230439 0.00379909 0.00490944
internal_weight=54022.5 1309.67 52712.8 3648.95 3250.46 49063.9 48309.4 4021.24 3563.67 44288.1 34542 9746.15 7187.64 6188.79
internal_count=236514 5668 230846 17222 15260 213624 210323 18113 16065 192210 149682 42528 31051 26753
cat_boundaries=0 1
cat_threshold=131
is_linear=0
shrinkage=0.03


Tree=104
num_leaves=15
num_cat=0
split_feature=5 23 30 37 8 2 33 30 2 11 37 33 36 15
split_gain=34.2156 37.273 34.856 115.205 72.4752 77.1721 67.5532 83.53 58.6055 80.2196 63.0545 61.8691 79.4257 63.4507
threshold=1.8791078017235765 0.070797697818552732 3.5000000000000004 0.3892068939431686 0.36009518114644828 1.3028654421151451 0.18895771984250473 4.5000000000000009 1.0015314470634704 -1.8016020315758714 0.26033732563089335 0.61091760703454678 -0.30398399591338476 0.35960144433001157
decision_type=10 8 2 8 10 10 10 2 8 8 10 10 10 10
left_child=1 2 4 8 -1 -6 -5 -8 10 -10 11 12 -4 -14
right_child=-2 -3 3 6 5 -7 7 -9 9 -11 -12 -13 13 -15
leaf_value=-0.00032207291082766304 -0.0040332204807501442 0.0063627302729900017 -0.0046460320509333275 -0.0069415687806546715 0.0041253890765960022 -0.0028558736187420291 -0.0070936621209969561 0.0017772948928438713 -0.020437671712701569 0.0045082696227287059 0.0062279034983113478 -0.0083305432705978108 0.0050242875921313141 -0.0014098311082915145
leaf_weight=19831.019457057118 1820.5585539340973 842.0481208562851 2698.5073381960392 3448.4891524016857 7823.5151952058077 1734.4611174464226 1447.2145149558783 2765.3603413999081 109.78563740849495 3924.5779536068439 1114.5201976597309 993.10222558677197 2599.7281590849161 2918.9512810409069
leaf_count=85826 8423 3618 11752 15659 34110 7847 6733 12467 486 16974 4828 4314 11058 12671
internal_value=-1.72708e-06 0.000139485 3.63345e-05 -0.000865891 0.000712408 0.00285686 -0.00383411 -0.00127987 0.000719311 0.00378057 -0.00047936 -0.00129687 -0.000437709 0.00162475
internal_weight=54071.8 52251.3 51409.2 22020.2 29389 9557.98 7661.06 4212.57 14359.2 4034.36 10324.8 9210.29 8217.19 5518.68
internal_count=236766 228343 224725 96942 127783 41957 34859 19200 62083 17460 44623 39795 35481 23729
is_linear=0
shrinkage=0.03


Tree=105
num_leaves=15
num_cat=0
split_feature=30 41 16 40 40 39 30 40 38 39 40 16 1 15
split_gain=43.6356 119.692 88.5535 83.8188 74.7111 73.94 119.139 100.753 76.9391 70.0286 86.8481 134.438 92.5179 79.7801
threshold=3.5000000000000004 0.95000000000000007 0.53003362213888539 -0.58166541068976751 0.53054742283309808 0.55561792500371743 4.5000000000000009 0.30925414985748317 1.0481912326927421 -0.011040579351153733 -0.4450207499511829 0.12061705451440315 0.0057492179587521897 0.28772332538321749
decision_type=2 2 10 10 10 10 2 8 10 10 10 10 8 8
left_child=-1 5 3 -3 -4 7 -7 9 -9 10 12 -12 -2 -11
right_child=1 2 4 -5 -6 6 -8 8 -10 13 11 -13 -14 -15
leaf_value=0.00086498520300939778 -0.012822239085490263 0.0040969689928480098 -0.0097916224523285651 -0.014563156311372404 0.0021908899977339104 -0.010437609386587006 -0.00018435875268356193 0.0082406544041523418 -0.0096491531039141435 0.017118186814172341 0.010079268121273575 -0.0068557859319105588 0.0021864344891161362 0.0021681344789097855
leaf_weight=30966.150092929602 386.50659920275211 256.85450394451618 696.09343490004539 1254.3118276894093 1382.713816255331 1403.5530364960432 3664.1545453965664 2306.3533891886473 230.29515890777111 380.18624694645405 475.44180978834629 3257.0321446955204 5459.4505500942469 1841.773427054286
leaf_count=134888 1682 1127 3168 5726 6525 6522 16541 9887 1045 1621 2014 14071 23461 8019
internal_value=0.000129958 -0.000859822 -0.00588382 -0.0113854 -0.00184915 7.21946e-05 -0.00303906 0.00117328 0.00658498 5.37602e-06 -0.0011087 -0.00467743 0.00117393 0.00479138
internal_weight=53960.9 22994.7 3589.97 1511.17 2078.81 19404.7 5067.71 14337 2536.65 11800.4 9578.43 3732.47 5845.96 2221.96
internal_count=236297 101409 16546 6853 9693 84863 23063 61800 10932 50868 41228 16085 25143 9640
is_linear=0
shrinkage=0.03


Tree=106
num_leaves=15
num_cat=0
split_feature=30 1 11 37 30 5 16 40 11 37 2 39 37 11
split_gain=40.7879 71.4623 79.455 69.9362 75.6029 88.3568 64.3348 101.763 244.258 118.855 81.8125 79.7519 76.5293 63.9198
threshold=3.5000000000000004 0.045745034173317052 0.16148226852245182 0.39893679730922771 4.5000000000000009 0.30152830487623244 0.2897524320742732 -1.7429079314650811 -0.85340177302642062 -2.4114378402575984 0.95723171822304176 -1.1929641045859751 -1.8421263120617273 -0.15997268897982858
decision_type=2 8 10 10 2 10 8 10 10 10 8 10 10 8
left_child=6 3 -3 -2 -5 -6 7 8 9 -1 -8 -9 -13 -12
right_child=1 2 -4 4 5 -7 10 11 -10 -11 13 12 -14 -15
leaf_value=-0.0064624234177892747 9.6611008465141701e-05 0.032831184891961518 -0.0035804288430399665 -0.0076137610853769851 -0.0045489532751049984 0.0031869273683485045 0.0032935308105271552 -0.0084267395608555 -0.012526136355870084 0.030476424328650005 0.0039257521269516977 0.017934864096691285 -0.0014605526959466345 -0.0017119430601895379
leaf_weight=95.752361461520195 14777.64228117466 107.75970506668091 96.229089304804802 2568.9668919295073 3232.497720271349 2242.4131039381027 11707.376501202583 1559.3381241261959 279.13070106506348 356.87448194622993 2353.1597980260849 178.16719733178616 6812.4390688687563 7723.1132735908031
leaf_count=431 63886 468 421 12003 14617 10197 50379 6921 1214 1531 10269 746 29434 34323
internal_value=-1.11095e-05 -0.00096776 0.0162898 -0.00112908 -0.00337817 -0.00138046 0.000698039 -0.00139245 0.00926976 0.0226913 0.001589 -0.00231476 -0.000941315 -0.000392759
internal_weight=54090.9 23025.5 203.989 22821.5 8043.88 5474.91 31065.4 9281.7 731.758 452.627 21783.6 8549.94 6990.61 10076.3
internal_count=236840 101592 889 100703 36817 24814 135248 40277 3176 1962 94971 37101 30180 44592
is_linear=0
shrinkage=0.03


Tree=107
num_leaves=15
num_cat=0
split_feature=39 11 39 11 30 40 36 1 45 20 11 35 35 11
split_gain=43.2573 51.6121 49.4463 67.3072 53.4016 76.0658 65.2405 61.6803 74.8661 73.8751 63.3242 55.0002 60.0337 62.6218
threshold=2.1360955966638504 2.029749964309405 0.93687248228760756 1.5713669345142782 2.5000000000000004 2.3172362961127733 0.077537282543106226 0.0072496488326558887 0.6769583106636391 -0.032988546142665699 -1.2736527869483103 0.82423854238592853 -1.3022461211689549 -0.1058736913444409
decision_type=10 8 8 10 2 8 8 8 10 10 10 8 10 8
left_child=2 -2 -1 4 11 7 -7 8 -6 -9 -11 12 -4 -14
right_child=1 -3 3 -5 5 6 -8 9 -10 10 -12 -13 13 -15
leaf_value=0.00024524823966383125 0.0033267189793002318 0.023076052540955426 -0.019331374989006098 0.0034588708361712886 -0.0023125867727502329 -0.012815206738329001 0.015476748338375377 -0.018413160290866062 -0.023275368779560737 0.019890263477060341 -0.0043353925423775903 -0.0059976103471631476 0.012813601086967216 0.00054197855422995558
leaf_weight=43690.55104662478 1111.6469561755657 124.19805379211903 100.34062004089355 1569.9631562232971 252.94096177816391 92.927364096045494 254.41570095717907 325.28894329071045 389.00255864858627 90.6842150837183 2904.3234072178602 1071.4860660433769 476.97674955427647 1620.9656617343426
leaf_count=189416 5001 536 491 6989 1251 467 1239 1516 1890 398 13636 4871 2035 7092
internal_value=-4.46057e-05 0.00548075 -0.000174848 -0.002179 -0.00334983 -0.00553933 0.00776078 -0.00672186 -0.0151777 -0.00504635 -0.00353813 -0.000455975 0.00226005 0.00337954
internal_weight=54075.7 1235.85 52839.9 9149.32 7579.35 4309.58 347.343 3962.24 641.944 3320.3 2995.01 3269.77 2198.28 2097.94
internal_count=236828 5537 231291 41875 34886 20397 1706 18691 3141 15550 14034 14489 9618 9127
is_linear=0
shrinkage=0.03


Tree=108
num_leaves=15
num_cat=1
split_feature=39 39 11 11 39 20 46 1 43 6 15 39 39 11
split_gain=36.7441 52.3051 89.4475 49.5544 44.5569 44.376 70.0475 96.6304 49.163 42.6382 61.3377 40.0139 61.9599 50.3661
threshold=2.5706467476917658 0.93687248228760756 1.775606696789451 -0.91775354655715802 1.5217550398495128 -0.040964844482474845 0 0.0080167975883395845 0.2678571428571429 0.94023795228454421 0.67371932390273548 -1.1929641045859751 -0.57937746911308408 -2.1729735172151514
decision_type=10 8 10 8 10 8 1 10 10 10 10 10 10 10
left_child=1 11 3 -3 -4 -5 8 -8 -7 10 -9 13 -13 -1
right_child=-2 2 4 5 -6 6 7 9 -10 -11 -12 12 -14 -15
leaf_value=-0.019540856821300048 0.0087333237521195761 0.006320651069184567 0.00030109577585075298 -0.01052416608257893 0.011729653013362776 0.0036204403718404993 -0.0095295790809320526 -0.0038970738562068164 -0.0081581664356218334 -0.0043159556738922716 0.0058858977593127179 0.0029040074907289055 6.0814551920753768e-06 -0.001657097536008898
leaf_weight=136.00420731306076 414.06753930449486 460.91875328123569 682.63943274319172 767.70242935419083 548.79354923963547 359.38799539208412 888.75520201027393 788.65234792232513 2507.7978598326445 882.06872825324535 2080.3080313205719 8518.0147575885057 29995.915222123265 5008.9621065706015
leaf_count=601 1855 2041 3005 3509 2420 1663 4184 3578 11716 4136 9321 36596 130117 21945
internal_value=-6.27366e-05 -0.00013227 -0.00209204 -0.00315992 0.00544774 -0.003695 -0.00298355 -0.000691868 -0.00665121 0.00142004 0.00319245 0.000315509 0.000647595 -0.00216683
internal_weight=54040 53625.9 9967.02 8735.59 1231.43 8274.67 7506.97 4639.78 2867.19 3751.03 2868.96 43658.9 38513.9 5144.97
internal_count=236687 234832 45573 40148 5425 38107 34598 21219 13379 17035 12899 189259 166713 22546
cat_boundaries=0 1
cat_threshold=139
is_linear=0
shrinkage=0.03


Tree=109
num_leaves=15
num_cat=1
split_feature=24 12 16 46 45 1 19 19 30 45 17 30 38 1
split_gain=36.6106 47.9666 41.2482 58.1259 55.2293 47.2665 50.1455 40.0426 66.3626 39.2389 38.9204 38.7632 64.0043 58.644
threshold=-0.0066537769831162821 0.031682372492259567 0.29588789822391387 0 0.50047235117009803 0.036532766849535464 2.1467667335677603 0.74093051194289017 2.5000000000000004 1.2724157480147971 -1.0017673129350491 1.5000000000000002 -1.3963147451623739 0.024470770073484541
decision_type=10 2 8 1 10 10 2 2 2 10 2 2 10 10
left_child=1 7 4 5 -2 9 -7 -1 -9 -4 -3 13 -13 -6
right_child=2 10 3 -5 11 6 -8 8 -10 -11 -12 12 -14 -15
leaf_value=0.0026081207131376299 -0.017242502630261915 -0.0091123842196684304 0.00080125471513397173 -0.0010940930731119674 -0.0035293972349660077 0.030627140126143471 0.001305619584417225 0.0031465803665360085 -0.0029558012335416635 0.0065390597151656739 -0.00040490895372042527 0.0064267182701340164 -0.001815912380188891 -0.019175185877244712
leaf_weight=10967.380990833044 205.51128473877907 685.06746269762516 7593.7488650679588 15005.333524674177 2723.4115051925182 95.419631987810135 106.41291476786137 2784.1502225100994 3755.1859159916639 1239.9224595427513 1380.7086888700724 969.23654846847057 6313.3506494015455 225.17417429387569
leaf_count=46958 905 3122 33138 67026 11917 403 452 12044 16891 5234 6064 4119 27467 1009
internal_value=-4.54738e-05 0.000990496 -0.000633699 5.02035e-05 -0.0022076 0.00194871 0.0159593 0.00150104 -0.000356849 0.00161311 -0.00332253 -0.00188906 -0.000711596 -0.00478499
internal_weight=54050 19572.5 34477.5 24040.8 10436.7 9035.5 201.833 17506.7 6539.34 8833.67 2065.78 10231.2 7282.59 2948.59
internal_count=236749 85079 151670 106253 45417 39227 855 75893 28935 38372 9186 44512 31586 12926
cat_boundaries=0 1
cat_threshold=624
is_linear=0
shrinkage=0.03


Tree=110
num_leaves=15
num_cat=0
split_feature=38 39 35 40 11 36 12 40 39 40 35 40 38 39
split_gain=37.9302 44.4636 43.7963 70.9883 57.8229 41.4388 85.1725 83.3569 74.1071 59.741 57.7309 63.7039 73.6699 70.957
threshold=2.6300836929250067 2.4115980245615991 1.5421090881080419 0.2033767778092114 2.247408396823686 -0.2051895091241602 0.027472760818859195 -1.6320170662874254 -1.803152513603415 1.3495485063792458 -2.0787232251000596 0.41210572229896647 0.53075676730610744 0.30035486577586384
decision_type=10 10 10 10 10 8 2 8 8 10 10 10 10 10
left_child=1 2 5 -4 -5 6 9 -7 -9 10 -1 12 -12 -13
right_child=-2 -3 3 4 -6 7 -8 8 -10 -11 11 13 -14 -15
leaf_value=0.0073223953201135041 -0.007802352880362161 0.0086663038370794216 0.003456503153275095 -0.0089811709483785269 0.015110515641054336 0.012116016843458997 -0.0048491272490989645 -0.024644579187754576 0.00070854695166028552 -0.0080860198541384768 -0.00044580166268609774 0.011977449669762909 -0.010560085155165546 0.0012332328181420677
leaf_weight=1024.2410320341587 549.58221042156219 523.51433563232422 767.26008224487305 1514.9302582740784 86.37917871773243 568.73115995526314 3962.6746169775724 94.127178072929382 30098.280698299408 759.78795321285725 10307.18847990036 720.67053392529488 681.70550772547722 2289.4339366257191
leaf_count=4279 2756 2305 3436 7149 388 2375 17837 432 131269 3599 44385 3064 3054 10007
internal_value=-3.24006e-05 4.90137e-05 -3.79278e-05 -0.00401616 -0.00759588 0.000149394 -0.000922872 0.000837762 0.000621373 6.53465e-05 0.0004827 -2.25985e-05 -0.00108228 0.00383672
internal_weight=53948.5 53398.9 52875.4 2368.57 1601.31 50506.8 19745.7 30761.1 30192.4 15783 15023.2 13999 10988.9 3010.1
internal_count=236335 233579 231274 10973 7537 220301 86225 134076 131701 68388 64789 60510 47439 13071
is_linear=0
shrinkage=0.03


Tree=111
num_leaves=15
num_cat=0
split_feature=32 33 33 39 38 11 39 31 30 8 10 38 39 39
split_gain=46.5913 49.3206 35.0539 46.3941 42.6094 50.7071 79.703 38.7151 43.4193 103.52 75.2402 70.7284 73.3031 61.62
threshold=-0.42211785942582497 0.78300190101061251 -0.68615291773811482 -0.088422104549335676 -1.3963147451623739 0.55833266937426196 -1.258802540749171 1.0091323800273175 2.5000000000000004 0.28005875594875423 0.094694690099241988 0.12253565796682132 -0.95870183067897152 -0.48503054000447426
decision_type=10 8 10 10 10 10 10 10 2 8 8 10 10 10
left_child=1 -1 3 -2 5 6 -4 8 9 10 -6 13 -13 -10
right_child=2 -3 4 -5 7 -7 -8 -9 11 -11 -12 12 -14 -15
leaf_value=-0.00076966068056167117 0.00090067058560757373 -0.007035055640172521 -0.0020389732705748181 -0.004886854698350783 -0.0023623005232907123 -0.0077405741445772209 0.013380996009184493 -0.001565272253636987 0.0060167011654004088 0.0059573532348752662 0.0043791226615797043 -0.012649546406837247 -0.00093612796565797755 0.00049304750190987221
leaf_weight=12755.355662286282 2821.7028286457062 1231.2074829190969 457.50429902970791 2219.5086214542389 3982.2556808441877 203.7558518499136 862.45788426697254 5254.2566937953234 2644.3918925374746 4892.9424083977938 2367.2807980328798 501.40780632197857 8088.3259137868881 5772.6264972686768
leaf_count=55875 12161 5578 1952 9823 17228 880 3618 23422 11323 21277 10140 2213 36258 25056
internal_value=0.000164329 -0.00132582 0.000684692 -0.00165205 0.00102138 0.00591147 0.00806123 0.000797282 0.00123711 0.00268279 0.00015402 0.000280409 -0.00163379 0.00223351
internal_weight=54055 13986.6 40068.4 5041.21 35027.2 1523.72 1319.96 33503.5 28249.2 11242.5 6349.54 17006.8 8589.73 8417.02
internal_count=236804 61453 175351 21984 153367 6450 5570 146917 123495 48645 27368 74850 38471 36379
is_linear=0
shrinkage=0.03


Tree=112
num_leaves=15
num_cat=0
split_feature=32 30 21 36 34 37 38 40 36 39 45 38 40 15
split_gain=39.5661 51.0871 48.5835 45.5118 50.3039 39.4845 39.0201 59.5977 38.5434 34.5888 33.4929 39.621 49.2054 67.664
threshold=-0.21243955176124865 3.5000000000000004 -0.49696027205862731 -2.306956404212253 -1.3432783689053445 -0.27756775710458098 -0.80949788221228014 -0.91692436407124134 1.8730688270987461 0.68123784834925372 1.2724157480147971 -1.3963147451623739 -1.5799783755273065 0.17068514172233257
decision_type=10 2 10 10 10 8 10 8 10 10 8 10 10 10
left_child=1 2 5 -2 -5 -1 7 -3 10 -9 11 -6 13 -13
right_child=3 6 -4 4 8 -7 -8 9 -10 -11 -12 12 -14 -15
leaf_value=-0.0011418473098278536 0.01092596615225179 -0.0050679195198669608 -0.00082694109520989767 -0.0060005389072827417 0.0056763886277140857 0.0066534394082446756 -0.0041014467348229984 0.0080090144484722091 -0.0039910184377834499 -0.010480796658211501 0.0034814818913875248 -0.002404839087213507 0.00012667878990801272 0.019734593352148059
leaf_weight=908.82323460280895 371.73525246977806 781.46744585037231 9328.345749527216 1026.0692388415337 1288.2333659976721 1617.2013201862574 6001.49388410151 845.72293971478939 1487.1895956844091 93.242656081914902 4044.0610340535641 225.19710460305214 25751.694532752037 261.88248315453529
leaf_count=3926 1568 3388 40756 4474 5452 6975 26864 3610 7027 429 17217 976 112945 1101
internal_value=1.26731e-05 -0.00106403 0.000173213 0.000624536 0.000509013 0.00385538 -0.00296116 0.00101728 0.000712812 0.00608181 0.000935584 0.000560432 0.000307189 0.00965616
internal_weight=54032.4 19576.3 11854.4 34456.1 34084.3 2526.02 7721.93 1720.43 33058.3 938.966 31571.1 27527 26238.8 487.08
internal_count=236708 85948 51657 150760 149192 10901 34291 7427 144718 4039 137691 120474 115022 2077
is_linear=0
shrinkage=0.03


Tree=113
num_leaves=15
num_cat=0
split_feature=39 24 23 39 35 30 11 2 10 1 35 39 20 30
split_gain=49.895 44.1447 45.4694 48.8465 94.3019 54.8185 43.0771 42.7321 46.0585 42.498 41.4592 63.1229 45.0672 55.8403
threshold=2.1360955966638504 -0.0066537769831162821 0.035240478930546888 0.33057465333086294 -0.70411130391370924 2.5000000000000004 2.029749964309405 0.31279342163208884 -1.2627518612333695 0.01239929052418128 1.6362266788090574 -0.37572673791940014 0.083257018642588956 1.5000000000000002
decision_type=10 10 10 8 10 2 10 8 8 10 10 10 10 2
left_child=1 2 3 7 -5 -6 -2 -1 -9 -4 12 -12 -3 -14
right_child=6 10 9 4 5 -7 -8 8 -10 -11 11 -13 13 -15
leaf_value=0.016179384642477257 0.0040011958752134754 -0.0014805777274854266 0.024686201857472636 -0.0081391782998305948 0.0041128630569013096 -0.001894475291971286 0.021876556309612234 -0.0028443303143277409 0.0025809954594308163 -0.0011754967925370246 0.0082237777907235594 -0.0078188710004584681 0.0036944939126539122 -0.00044672596739159942
leaf_weight=180.22227562963963 1110.1851088106632 17867.416410550475 130.22193640470505 1361.0134198963642 2354.5301345735788 3231.6072876304388 127.48042921721935 1623.16727386415 10280.09932744503 95.098071709275246 253.08232222497463 1405.0111399143934 4174.0410291552544 9774.838692933321
leaf_count=755 4994 77452 559 6150 10115 14592 546 7031 44063 408 1118 6689 18103 43858
internal_value=7.33877e-05 -6.69005e-05 0.00107724 0.000914677 -0.00108882 0.000640414 0.00600295 0.00206649 0.00183941 0.014185 -0.000725185 -0.00533559 -0.000483315 0.000794245
internal_weight=53968 52730.3 19256 19030.6 6947.15 5586.14 1237.67 12083.5 11903.3 225.32 33474.4 1658.09 31816.3 13948.9
internal_count=236433 230893 83673 82706 30857 24707 5540 51849 51094 967 147220 7807 139413 61961
is_linear=0
shrinkage=0.03


Tree=114
num_leaves=15
num_cat=1
split_feature=45 39 16 0 46 40 20 2 43 16 38 1 20 16
split_gain=41.3669 46.1917 58.6108 60.0001 57.4246 176.527 66.7746 45.8504 38.335 37.8167 36.9251 52.3719 39.945 33.7414
threshold=1.2724157480147971 -1.258802540749171 0.17057284664892011 0.016325696749993301 0 0.53054742283309808 0.43995742610023408 1.337155959677734 0.18333333333333338 0.25945647552051104 0.12253565796682132 0.010715218794163222 -0.89570363582216028 0.49160167664187998
decision_type=8 10 8 10 1 10 10 10 10 8 10 10 8 8
left_child=-1 -2 3 8 5 6 9 10 -3 -4 12 -12 -6 -11
right_child=1 2 4 -5 7 -7 -8 -9 -10 13 11 -13 -14 -15
leaf_value=-0.00035496499984924608 -0.0058135637096621111 0.0056817296967614627 -0.01101506965406469 -0.0014889048751454397 -0.012870626241734628 0.021185045074203473 -0.014063201854022087 -0.0088991077769660417 0.023914135426782036 0.013414245172630004 -0.014033696836989963 0.00023392322329326162 0.0055200705821397628 0.00079306728872275409
leaf_weight=47121.132403865457 593.85192228853703 172.77626898884773 125.18921320140362 226.43349389731884 104.54749457538128 504.02486523985863 230.9977915585041 458.01694256067276 283.11433677375317 324.25922246277332 259.58139650523663 1638.940482005477 1577.7060514241457 446.81716598570347
leaf_count=207128 2567 724 524 980 444 2153 974 2057 1177 1346 1151 7101 6734 1854
internal_value=-3.62339e-05 0.00212334 0.00287328 0.0111162 0.00186352 0.00657513 -2.83112e-05 -6.71332e-05 0.0172746 0.00370422 0.00108401 -0.00178017 0.00430784 0.00620441
internal_weight=54067.4 6946.26 6352.4 682.324 5670.08 1631.29 1127.26 4038.79 455.891 896.266 3580.78 1898.52 1682.25 771.076
internal_count=236914 29786 27219 2881 24338 6851 4698 17487 1901 3724 15430 8252 7178 3200
cat_boundaries=0 1
cat_threshold=560
is_linear=0
shrinkage=0.03


Tree=115
num_leaves=15
num_cat=2
split_feature=45 44 45 16 39 0 13 1 2 40 46 46 7 16
split_gain=39.7393 56.7323 46.1206 43.6484 66.1814 64.2847 63.9957 84.8334 88.549 81.447 62.0561 60.0636 53.8844 53.373
threshold=0.78455725568877199 -0.069675069352657479 0.8019356496761002 0.12061705451440315 -1.0378702006561367 0.018487471751966935 36.006583485429637 0.015526775863013145 1.1431560802196545 -1.7429079314650811 0 1 -0.43400409724772876 0.33096406604598194
decision_type=8 10 8 8 10 10 10 8 10 8 1 1 10 8
left_child=1 -1 -2 4 10 -6 7 8 -5 -8 12 -10 -4 -11
right_child=2 -3 3 6 5 -7 9 -9 11 13 -12 -13 -14 -15
leaf_value=0.01126444783287159 0.0064972113622331551 -0.0020457783238005088 0.00050208328588729437 -0.0055191376148543241 0.0088763788476177597 -0.0070195826689216272 0.013266803046635673 -0.01231184831978264 -0.0050545974970700744 -0.0018865068286052311 -0.0061108236270401017 0.012390172959438795 0.017682501488601034 0.0007746439394535887
leaf_weight=286.21192111074924 1048.8943393081427 10878.954144582152 637.09912821650505 1483.9926125258207 1793.0068556219339 254.72102075815201 415.15282815694809 846.27381129562855 251.88409489393234 9286.5904591083527 967.06668908894062 531.72758394479752 211.68514981865883 25077.921579226851
leaf_count=1311 4622 48423 2807 6353 7568 1106 1746 3766 1065 40294 4238 2253 924 110033
internal_value=-0.00010171 -0.0016948 0.000314118 0.000157287 0.00319059 0.00687454 -0.000152745 -0.00426589 -0.00122226 0.000216632 -0.000978691 0.00688213 0.00488596 5.51608e-05
internal_weight=53971.2 11165.2 42806 41757.1 3863.58 2047.73 37893.5 3113.88 2267.6 34779.7 1815.85 783.612 848.784 34364.5
internal_count=236509 49734 186775 182153 16643 8674 165510 13437 9671 152073 7969 3318 3731 150327
cat_boundaries=0 1 2
cat_threshold=54 85
is_linear=0
shrinkage=0.03


Tree=116
num_leaves=15
num_cat=0
split_feature=39 30 38 39 11 11 37 1 15 43 11 45 40 35
split_gain=40.7167 52.0588 39.2866 38.499 62.8674 66.7138 57.1221 45.047 88.2628 76.0451 65.8761 57.7751 42.9144 70.0337
threshold=2.1360955966638504 1.0000000180025095e-35 1.5031408212335216 0.93687248228760756 1.6665900934903779 -1.0145555769667107 1.2990090597340682 0.0086993406182063783 0.67371932390273548 0.2678571428571429 0.817350685202065 1.3283192644819228 0.30925414985748317 1.4263629023392321
decision_type=10 2 10 8 10 8 8 8 8 10 8 10 10 10
left_child=3 -2 -3 12 5 6 -5 -7 -9 -10 -11 -12 -1 -14
right_child=1 2 -4 4 -6 7 -8 8 9 10 11 -13 13 -15
leaf_value=-0.00046239632261764707 -0.0091206960125870106 0.011894357683633297 -0.00020471904164160126 0.015476005017564947 0.0039604533062350669 -0.0074727659993944189 -0.01106353225914462 -0.0087235699591917248 0.013944921437289407 0.0023728764485314003 -0.0076908350059258553 0.010714618483126265 0.0022481651705026171 -0.0074809124309621481
leaf_weight=31884.626826897264 185.52609956264496 696.32161030173302 366.54910776019096 287.63391005992889 1333.1347206234932 2050.2165391892195 88.724403262138367 1386.7577283978462 315.45367032289505 2040.8201159536839 1427.6308846026659 163.05673690140247 11002.220899894834 699.08283889293671
leaf_count=138038 815 3023 1743 1255 5899 9743 406 6356 1431 9346 6570 735 47711 3242
internal_value=-0.00013532 0.00519774 0.00775877 -0.000262666 -0.00203708 -0.00307117 0.00909504 -0.00370274 -0.00224231 5.11563e-05 -0.00119072 -0.00574899 0.000107917 0.00166102
internal_weight=53927.8 1248.4 1062.87 52679.4 9093.43 7760.29 376.358 7383.94 5333.72 3946.96 3631.51 1590.69 43585.9 11701.3
internal_count=236313 5581 4766 230732 41741 35842 1661 34181 24438 18082 16651 7305 188991 50953
is_linear=0
shrinkage=0.03


Tree=117
num_leaves=15
num_cat=0
split_feature=24 23 19 30 9 45 45 40 10 11 40 14 20 43
split_gain=36.477 49.82 37.8981 57.5122 50.1086 47.2656 69.1909 37.5699 35.6503 71.3887 113.197 68.6778 55.3528 45.5351
threshold=-0.0066537769831162821 0.035240478930546888 0.64562851343317329 2.5000000000000004 -0.43383881237240501 0.56070254089187477 0.53142814199012101 0.30925414985748317 -0.81835763788272076 -0.4574610639546422 -1.7429079314650811 0.4868302010617564 0.19320471722390897 0.68333333333333346
decision_type=10 8 2 2 8 10 10 10 10 10 10 10 10 10
left_child=1 2 5 -4 -5 6 -1 -7 9 10 11 -2 13 -12
right_child=8 -3 3 4 -6 7 -8 -9 -10 -11 12 -13 -14 -15
leaf_value=0.005200086742683652 0.0029644486608674499 0.014310720533924045 0.0023040645148176019 -0.015842140527411654 -0.0021637508489372871 0.00069986613379137788 0.032566713919570923 0.0049499294731932446 -1.1351645680712075e-05 0.0025020763542738652 -0.005269236519841969 0.028625669165341941 0.0036983773109125276 -0.013014486015571675
leaf_weight=416.96762455999851 459.00920024514198 244.36086800694466 3234.8562567234039 246.75110499560833 4059.0451219379902 8872.6656775176525 95.636400938034058 2364.0348622202873 27371.756331056356 1940.1091070324183 3240.9498627781868 108.96198670566082 487.34528024494648 867.75329178571701
leaf_count=1787 1998 1045 13997 1075 18312 38103 411 10201 120775 8418 14186 448 2130 3831
internal_value=8.37296e-05 0.00111915 0.000944715 -0.000714578 -0.00298251 0.00200934 0.0108313 0.00159762 -0.000503103 -0.00239511 -0.00423625 0.00829751 -0.0057998 -0.00693265
internal_weight=54010.2 19534.3 19290 7540.65 4305.8 11749.3 512.604 11236.7 34475.9 7104.13 5164.02 567.971 4596.05 4108.7
internal_count=236717 84931 83886 33384 19387 50502 2198 48304 151786 31011 22593 2446 20147 18017
is_linear=0
shrinkage=0.03


Tree=118
num_leaves=15
num_cat=0
split_feature=6 45 12 40 10 45 39 15 40 2 34 16 30 15
split_gain=42.5391 39.3196 49.0027 69.4258 92.1303 82.1275 69.2372 59.0187 57.211 52.5477 45.2489 44.8997 74.4579 109.279
threshold=1.3688808521291833 1.2045552689931824 0.018528939212554305 -0.56764810546917766 -1.0273715956442557 1.1119758368593733 -1.5985108934726602 0.74933286912102803 -1.7976266053651186 0.97676350687611924 -0.55318786344461401 0.29588789822391387 2.5000000000000004 0.40977675149471132
decision_type=10 8 2 10 8 10 10 10 10 10 10 8 2 10
left_child=1 2 6 5 -5 10 9 -6 -8 -1 -4 -10 -13 -14
right_child=-2 -3 3 4 7 -7 8 -9 11 -11 -12 12 13 -15
leaf_value=-0.018819919188078363 -0.0029543468823175221 0.0019444378541951443 -0.00079999548212782504 -0.01258530539334664 -0.003904926761028756 -0.0055112315597434739 0.018508971906400024 0.001453368960623088 -0.0011696469475595387 -0.00070100120107345425 0.0061097332944091524 0.0038684517181014925 0.0049329567501662161 -0.0020014432505938598
leaf_weight=275.59946683049202 4021.7915289998055 9869.7857777178288 1351.8331574499607 830.95989742875099 5687.5301647633314 1184.6691548228264 153.76881913840771 2733.1791631579399 7825.8020399361849 292.29315553605556 2291.6313090771437 7323.6300785541534 2812.4503164291382 7418.3806591182947
leaf_count=1220 18725 42210 5958 3668 25026 5183 636 12163 33815 1264 9964 31592 12084 33485
internal_value=1.01201e-05 0.000248867 -0.000167994 -0.00159381 -0.00311448 0.00132051 0.000601432 -0.00216608 0.000833518 -0.00966766 0.00355085 0.000719182 0.00156141 -9.22246e-05
internal_weight=54073.3 50051.5 40181.7 14079.8 9251.67 4828.13 26101.9 8420.71 25534 567.893 3643.46 25380.3 17554.5 10230.8
internal_count=236993 218268 176058 61962 40857 21105 114096 37189 111612 2484 15922 110976 77161 45569
is_linear=0
shrinkage=0.03


Tree=119
num_leaves=15
num_cat=1
split_feature=39 16 19 38 39 13 14 16 8 16 39 46 39 10
split_gain=36.2038 86.1192 72.2158 67.1471 58.8963 64.0638 79.3247 67.1809 58.4088 57.5122 97.4569 96.2702 73.2414 57.1537
threshold=-1.023661760372365 0.081852983406190225 -5.6038527929797137 0.15609581703962142 -0.5187481499629113 38.388029776735074 0.74459548873973225 0.87820016612386698 0.44324200987142509 0.62851373432612723 0.61803854605345954 0 0.1826082132192163 0.38776543956185655
decision_type=8 8 2 10 8 10 10 8 8 10 10 1 10 10
left_child=3 -2 -3 -1 -4 -6 7 9 -8 12 13 -12 -7 -11
right_child=1 2 4 -5 5 6 8 -9 -10 10 11 -13 -14 -15
leaf_value=-0.00073461649091246964 0.0083896253222670858 -0.0051556505682289512 0.0030888374860869347 -0.0087540534508989687 -0.0042709528710894486 -0.00022102479475933297 -0.0051133016377280047 0.0068489541079356881 -0.00038112743674836483 -0.0025899206565549717 0.0043225300680943129 -0.0062915757260317718 0.0043478472898861647 0.0048833974986310898
leaf_weight=5992.7607936710119 1146.2896709144115 2228.372543990612 6145.7749455273151 1104.9533231705427 3005.0689491778612 6169.4520498067141 3305.8654386550188 1799.662960678339 8044.1453894972801 1395.3350045233965 962.69369240105152 3611.9761804789305 6456.748173519969 2670.4553671330214
leaf_count=26097 4831 9665 26382 4936 12990 26476 14597 7930 36664 6040 4241 16332 28152 11518
internal_value=1.75006e-06 0.000303815 9.96351e-05 -0.00199362 0.000369554 -7.77444e-05 0.000289521 0.00129968 -0.00176273 0.000827081 -0.00105811 -0.00405768 0.00211698 0.00231857
internal_weight=54039.6 46941.8 45795.6 7097.71 43567.2 37421.4 34416.3 23066.3 11350 21266.7 8640.46 4574.67 12626.2 4065.79
internal_count=236851 205818 200987 31033 191322 164940 151950 100689 51261 92759 38131 20573 54628 17558
cat_boundaries=0 1
cat_threshold=96
is_linear=0
shrinkage=0.03


Tree=120
num_leaves=15
num_cat=2
split_feature=6 16 11 46 37 14 10 46 15 42 33 23 24 10
split_gain=33.921 42.7065 71.3074 68.0569 50.6928 52.6176 47.604 47.5128 41.0595 38.7159 38.2821 33.0615 57.2921 37.2466
threshold=1.2779479419286515 0.8592520716370875 1.4037111515892116 0 1.5916312733853386 0.71276595744680937 1.958171133354899 1 0.94895652370021055 0.47222222222222227 2.0171145763090483 0.052552455893620516 0.020565949295890316 0.6250689033197151
decision_type=10 8 10 1 10 10 10 1 8 10 10 10 10 10
left_child=1 6 3 8 5 7 10 -4 -3 -8 11 -1 -13 -14
right_child=-2 2 4 -5 -6 -7 9 -9 -10 -11 -12 12 13 -15
leaf_value=-4.363697251749694e-05 -0.0024592710360696463 -0.010942570663070063 -0.0012553234286887169 0.0024473510838256361 0.018606735170639242 -0.00026189311731212146 0.0017126575573589789 0.013999909188200375 0.0086542649944686082 -0.018106990355932297 -0.0093796541268782608 0.015596021546095927 -0.001450032639540987 0.013746324787674439
leaf_weight=42366.136684969068 4615.6862415969372 628.50985488295555 252.80161745846272 2279.3748212456703 287.22864907979965 848.42520746588707 139.45837505161762 680.24454133212566 105.61107756197453 226.2510729432106 376.57932052016258 320.17748317122459 835.59907849133015 165.33061243593693
leaf_count=184266 21427 2880 1123 10168 1281 3749 598 2932 475 980 1687 1371 3588 718
internal_value=-2.43483e-06 0.000227052 0.00282933 -0.000118748 0.00710374 0.00515559 -7.11869e-05 0.0100323 -0.00793826 -0.0107046 1.94745e-05 0.000102622 0.00475804 0.0011712
internal_weight=54127.4 49511.7 5082.2 3013.5 2068.7 1781.47 44429.5 933.046 734.121 365.709 44063.8 43687.2 1321.11 1000.93
internal_count=237243 215816 22608 13523 9085 7804 193208 4055 3355 1578 191630 189943 5677 4306
cat_boundaries=0 1 2
cat_threshold=9 1
is_linear=0
shrinkage=0.03


Tree=121
num_leaves=15
num_cat=0
split_feature=32 38 30 33 2 38 1 40 12 10 40 40 1 10
split_gain=37.3692 41.5613 35.5905 56.813 40.2151 37.4969 42.7695 79.4645 36.2013 35.0064 33.1449 50.2299 47.7388 55.2382
threshold=-0.23342274625466639 -2.6065503240709633 5.5000000000000009 -0.2533013995457466 0.94206780254955269 1.1899590635262418 0.012516749247978952 0.024991685706192087 0.018327136988283515 -0.42196671327567004 1.8109724888670573 0.41210572229896647 0.032856810192967344 -1.0273715956442557
decision_type=10 10 2 10 8 10 10 10 2 8 10 10 10 10
left_child=-1 -2 10 -4 5 6 -5 8 9 -8 11 12 -3 -14
right_child=1 2 3 4 -6 -7 7 -9 -10 -11 -12 -13 13 -15
leaf_value=-0.0011590872374681667 0.015314732209675422 -0.00092196595131620329 -0.002712012163240646 0.00096688209635338639 0.010586717129868002 -0.010370406421780063 -0.0025551413492023501 0.016390120432044401 -0.0052009620441759562 0.022233835234267762 -0.0042555462759857401 0.0020520524367964826 -0.0099313020467234059 0.011720691562827215
leaf_weight=18872.513037472963 159.53507669270039 18137.799997344613 1295.5367652475834 1841.3660515248775 777.58829171955585 169.24032738804817 94.034683763980865 549.95946753025055 361.96037685871124 98.059709414839745 1534.6045245975256 9360.4367080330849 124.95499661564827 510.95099397003651
leaf_count=82941 669 78587 5676 8025 3459 782 400 2372 1553 417 7363 41224 548 2199
internal_value=-8.33422e-05 0.000496615 0.000424421 0.00271437 0.00452288 0.00297997 0.00377957 0.00842001 0.000358488 0.0105731 2.32309e-05 0.00025805 -0.000637043 0.00737821
internal_weight=53888.5 35016 34856.5 5187.75 3892.21 3114.62 2945.38 1104.01 554.055 192.094 29668.7 28134.1 18773.7 635.906
internal_count=236215 153274 152605 22684 17008 13549 12767 4742 2370 817 129921 122558 81334 2747
is_linear=0
shrinkage=0.03


Tree=122
num_leaves=15
num_cat=0
split_feature=30 15 1 40 1 38 1 1 40 38 30 36 23 37
split_gain=34.6326 68.4315 68.1249 84.6982 109.296 79.3429 70.7974 70.7665 76.2855 76.1284 65.7499 93.0406 57.55 62.4886
threshold=3.5000000000000004 0.37057788348927606 0.018147279195627006 -1.002746323103848 0.0057492179587521897 -1.0242559484727565 0.0041156597401729358 0.038320598074669719 -1.5799783755273065 -0.82582606571283668 5.5000000000000009 -0.53759500388057657 -0.011277057274804101 -0.88418818119512155
decision_type=2 10 10 8 10 8 10 10 8 10 2 10 10 10
left_child=-1 2 3 4 -2 -5 -7 8 9 -4 -3 -12 13 -8
right_child=1 10 7 5 -6 6 12 -9 -10 -11 11 -13 -14 -15
leaf_value=0.00063515101825697843 -0.026909078983868566 -0.0036371957476996225 -0.0096013998845260341 0.011990848661401663 -0.00080804098603697082 0.022457162920704279 -0.0072812694813250483 0.014037328566009389 -0.011148396362990372 0.0265428214210977 -0.010972902900738726 0.0021362336489716598 -0.0015200521299865986 0.0078225107490916875
leaf_weight=31008.635698184371 145.62213365733624 9427.1218715012074 94.371752172708511 986.17459055781364 2010.5875727832317 145.36327955126762 281.66118802130222 143.87187319993973 949.30485852062702 97.946241766214371 539.22656728327274 4311.2331897169352 2179.514382570982 1641.8323417007923
leaf_count=135087 645 42673 428 4126 8629 624 1196 636 4178 423 2439 19100 9366 6983
internal_value=-1.86576e-05 -0.000901788 0.00119863 0.00230831 -0.00268689 0.00436713 0.00257344 -0.00514991 -0.00766885 0.00920869 -0.00217812 0.000659311 0.0018161 0.00558461
internal_weight=53962.5 22953.8 8676.25 7390.76 2156.21 5234.55 4248.37 1285.49 1141.62 192.318 14277.6 4850.46 4103.01 1923.49
internal_count=236533 101446 37234 31569 9274 22295 18169 5665 5029 851 64212 21539 17545 8179
is_linear=0
shrinkage=0.03


Tree=123
num_leaves=15
num_cat=0
split_feature=30 41 19 40 38 41 40 8 38 12 11 33 16 40
split_gain=36.8716 74.0159 78.4875 67.3163 72.8262 61.3509 61.483 59.207 56.1221 55.2206 75.493 53.4989 72.3243 90.2642
threshold=3.5000000000000004 0.95000000000000007 3.4917613228338062 -0.58166541068976751 0.58808757588939342 0.95000000000000007 1.6870672059675229 0.36009518114644828 2.4351927170351155 0.067211349813508237 0.19579238990829287 -0.35365893766032069 0.12406011637031361 -0.59643355968359335
decision_type=2 2 2 10 10 2 8 10 10 2 10 8 8 10
left_child=5 9 3 4 -3 6 -1 -7 -9 11 -11 12 13 -2
right_child=1 2 -4 -5 -6 7 -8 8 -10 10 -12 -13 -14 -15
leaf_value=0.00044101283912432912 -0.0020691380413176488 -0.009092245179095999 0.00060299879919761628 -0.010594449042422665 0.019928042801914698 -0.0020621568703109872 -0.0063857285512536948 0.0072059116287188406 -0.0061629839601423488 0.025814702195117795 -0.0065443326378175938 0.00064046790209638482 -0.0044357833504015008 0.016852593927540332
leaf_weight=25327.133931085467 651.82194423675537 155.71226096153259 1412.4738623797894 1854.9515064507723 137.66301865875721 1101.4446656256914 1235.7058193385601 2987.4112992137671 304.44088277220726 156.33229604363441 100.87610645592213 13520.512363538146 4585.2257247120142 336.56261949241161
leaf_count=109597 2810 682 6666 8573 607 4789 5809 13139 1505 685 449 59218 20203 1422
internal_value=-1.02871e-05 -0.000922372 -0.0048909 -0.00848907 0.00473321 0.000664871 0.000121149 0.00394459 0.00595459 -0.000189981 0.0133537 -0.000379315 -0.00284983 0.00447831
internal_weight=53868.3 22912.1 3560.8 2148.33 293.375 30956.1 26562.8 4393.3 3291.85 19351.3 257.208 19094.1 5573.61 988.385
internal_count=236154 101315 16528 9862 1289 134839 115406 19433 14644 84787 1134 83653 24435 4232
is_linear=0
shrinkage=0.03


Tree=124
num_leaves=15
num_cat=1
split_feature=23 24 39 11 37 11 37 1 12 39 15 46 2 30
split_gain=39.8572 49.8789 30.8422 114.15 90.0339 59.8524 47.5417 83.085 41.5655 85.9399 40.6669 39.935 37.4788 43.5207
threshold=0.064586133738958176 0.0075905244191979424 -1.803152513603415 -0.34043551278931822 -2.284178335761283 -1.1965654709735813 -1.9169856374564767 0.017663982984051793 0.076232337918469992 -0.80263414037427394 0.65023257312018179 0 1.1007540257493564 1.5000000000000002
decision_type=8 10 10 8 10 10 10 10 2 10 8 1 10 2
left_child=2 -2 3 4 -1 -6 7 12 -8 -10 -11 -7 -4 -14
right_child=1 -3 6 -5 5 11 8 -9 9 10 -12 -13 13 -15
leaf_value=-0.011960275737159616 0.02163144114614618 0.0030660801639431703 -5.2590281588507472e-05 -0.021481483449446229 0.021519895425015187 0.0093502055276244167 -0.00022027386391057084 -0.01239460591263117 0.029644053386271175 -0.0117380877302055 0.013008732507210716 -0.011355182899756676 0.00085839539859231949 0.017167967846961767
leaf_weight=300.48534713685513 141.82825914025307 953.4105289131403 285.514089807868 273.32792852818966 186.2440537661314 169.38702650368214 50333.592256709933 181.13054618239403 118.76838937401772 128.20309807360172 95.35763768851757 130.43194772303104 203.63590294122696 532.27325943112373
leaf_count=1344 599 4125 1193 1222 812 740 220913 816 518 565 409 576 869 2211
internal_value=5.71564e-06 0.00564417 -0.000111982 -0.00515388 0.000718458 0.00863958 -8.00267e-06 0.00586249 -0.00014844 0.0101199 -0.00107754 0.000202135 0.00918883 0.0127269
internal_weight=54033.6 1095.24 52938.4 1059.88 786.548 486.063 51878.5 1202.55 50675.9 342.329 223.561 299.819 1021.42 735.909
internal_count=236912 4724 232188 4694 3472 2128 227494 5089 222405 1492 974 1316 4273 3080
cat_boundaries=0 1
cat_threshold=358
is_linear=0
shrinkage=0.03


Tree=125
num_leaves=15
num_cat=0
split_feature=23 39 38 16 19 30 30 1 1 2 39 15 30 30
split_gain=35.9708 43.451 106.686 75.1404 74.8434 68.3639 54.0563 95.5199 66.2562 58.8458 50.6082 61.2781 56.3727 54.2727
threshold=0.059816163208428315 -1.1929641045859751 0.22796957868653941 0.090561935131198854 -6.2841430939976428 1.5000000000000002 1.5000000000000002 0.036532766849535464 0.021825119449646376 1.1719568457733953 -0.57937746911308408 0.17068514172233257 2.5000000000000004 3.5000000000000004
decision_type=8 10 8 8 2 2 2 10 10 10 10 8 2 2
left_child=1 2 6 5 -5 -3 8 9 -1 -8 11 12 -6 -12
right_child=-2 3 -4 4 10 -7 7 -9 -10 -11 13 -13 -14 -15
leaf_value=-0.0038040600164093905 0.0050333686687076672 -0.0034967141754720433 -0.015737392332085688 -0.0065857894361041275 -0.0091237582438919891 0.010210436052066526 -0.0037192961955979523 0.028141005167217167 -0.024922232909880646 0.004696023977863022 0.00079445520303854486 0.0041168333674536867 0.0028689792287910658 -0.0015103126320631149
leaf_weight=1242.6973322629929 1291.6085522174835 442.25770716369152 495.84329217672348 1475.7054611593485 671.6642849445343 1207.0922748297453 1692.4932152479887 102.42029392719269 140.72882641851902 1323.7126689553261 22009.017159283161 5333.8461284041405 723.63635474443436 15779.190312057734
leaf_count=5518 5574 1896 2276 6444 2886 5075 7376 451 656 5700 95998 22978 3067 70569
internal_value=0.000106716 -1.51003e-05 -0.00267334 0.000264263 3.79787e-05 0.00653607 -0.00120281 0.000989153 -0.00611574 -2.27777e-05 0.00025898 0.00265392 -0.00292788 -0.00016809
internal_weight=53931.9 52640.3 4997.9 47642.4 45993.1 1649.35 4502.05 3118.63 1383.43 3016.21 44517.4 6729.15 1395.3 37788.2
internal_count=236464 230890 21977 208913 201942 6971 19701 13527 6174 13076 195498 28931 5953 166567
is_linear=0
shrinkage=0.03


Tree=126
num_leaves=15
num_cat=2
split_feature=9 38 39 11 12 2 45 10 46 1 9 46 11 40
split_gain=29.9305 49.9439 46.7689 67.8856 41.9447 35.6781 31.5807 35.211 96.9864 40.6198 76.854 38.0935 78.1012 42.4296
threshold=-1.7189852790298679 -2.9303608724780625 -1.0559787094162867 -0.77758387567879839 0.038872087988195261 1.5369621323867606 0.74908634428331589 -0.75948140232893802 0 0.0094931079987233807 -1.0520286771918064 1 0.084140933770030693 -0.43176346319756592
decision_type=8 8 10 10 2 10 8 8 1 10 10 1 10 10
left_child=2 -2 3 4 5 -1 7 8 9 -3 -11 12 -9 -13
right_child=1 6 -4 -5 -6 -7 -8 11 -10 10 -12 13 -14 -15
leaf_value=-0.0015535752740087816 0.017083507449509268 0.0026710073848295007 0.006378838148598279 -0.017293389950826341 -0.017715052964798389 0.017959522924073573 0.00044168812013894521 0.019674333013780413 -0.017306349951123224 0.010231501784312168 -0.019316769717021936 0.0033832321458823742 -0.0056664407627520612 -0.0023735594504987884
leaf_weight=412.7529851347208 146.43538999557495 829.17940291762352 271.00800397992134 379.65203319489956 103.96044220030308 95.57655930519104 43514.627279132605 227.53318746387959 432.66323757171631 111.61676023900509 225.78157415986061 1446.3521180897951 196.45505601167679 5517.9046143591404
leaf_count=1823 620 3627 1170 1709 502 414 189941 981 1902 488 1005 6299 888 24961
internal_value=4.78192e-05 0.000157693 -0.00449773 -0.00750332 -0.00125261 0.002391 0.00010724 -0.00151074 -0.00553224 -0.00090071 -0.00952859 -0.00063396 0.00789084 -0.00117316
internal_weight=53911.5 52648.5 1262.95 991.942 612.29 508.33 52502.1 8987.49 1599.24 1166.58 337.398 7388.24 423.988 6964.26
internal_count=236330 230712 5618 4448 2739 2237 230092 40151 7022 5120 1493 33129 1869 31260
cat_boundaries=0 1 2
cat_threshold=5 328
is_linear=0
shrinkage=0.03


Tree=127
num_leaves=15
num_cat=0
split_feature=32 33 30 38 12 30 39 15 1 38 30 34 41 39
split_gain=30.6398 45.0296 47.9392 43.516 40.3233 39.4786 36.0715 35.2933 39.4969 43.395 33.4558 68.7705 45.9474 68.2084
threshold=-0.23342274625466639 0.78300190101061251 3.5000000000000004 -2.6065503240709633 0.016701395632951446 1.5000000000000002 0.058281542058742454 0.4852559533346828 0.016647760472591821 -0.56158291562831064 5.5000000000000009 -0.33753157107994697 0.95000000000000007 0.28059074716470284
decision_type=8 10 2 8 2 2 10 10 10 10 2 8 2 10
left_child=1 2 4 -2 -1 7 -7 -6 -9 -10 -5 -12 -13 -14
right_child=3 -3 -4 10 5 6 -8 8 9 -11 11 12 13 -15
leaf_value=0.0027642579363681432 0.015823115232983593 -0.0054610468445504337 -0.0024486968133800172 7.7869576231692092e-05 -0.0068639365732803053 0.0043963750036014994 -0.0024009905936686199 -0.0046757861741272113 -0.0098177075753666503 0.010992290353258034 -0.0053380771716688745 0.005539540162386395 -0.01243046046223509 0.0054751897301085458
leaf_weight=4923.1959941983223 156.90313005447388 1797.7518367022276 6730.4825268834829 29692.35515755415 1403.1108215302229 1605.3625735789537 1234.9242142736912 643.62193997204304 107.50989663600922 395.86511282622814 804.9155507683754 3658.7850773781538 336.46615855395794 419.0038751065731
leaf_count=21263 656 8154 29876 130060 6198 6936 5455 2800 482 1700 3551 15873 1488 1910
internal_value=1.65613e-05 -0.000958862 -0.000481062 0.000540768 0.000804112 -0.000987947 0.0014429 -0.00369047 0.000217384 0.00644307 0.000467573 0.00268024 0.0041511 -0.00255772
internal_weight=53910.3 18841.8 17044.1 35068.4 10313.6 5390.39 2840.29 2550.11 1147 503.375 34911.5 5219.17 4414.26 755.47
internal_count=236402 82864 74710 153538 44834 23571 12391 11180 4982 2182 152882 22822 19271 3398
is_linear=0
shrinkage=0.03


Tree=128
num_leaves=15
num_cat=0
split_feature=7 1 40 38 40 35 40 36 38 38 35 15 41 36
split_gain=33.2646 114.859 69.2746 69.7186 56.1283 59.0341 56.671 54.7205 53.7927 53.3216 54.1083 51.8202 45.7394 41.7721
threshold=-0.63851101893599516 0.017206827580497627 -1.7429079314650811 -1.887296191912555 1.0465784018879136 -1.339990669646183 0.15883496572283429 -0.56518440044802876 0.016672512622962137 -1.4296888918304334 -0.71762022956279858 0.18114528383796777 0.15000000000000005 -0.14630632887625097
decision_type=8 10 8 10 10 8 10 10 10 8 10 10 2 10
left_child=1 4 3 -2 5 7 9 -1 -6 10 -7 -5 -11 -3
right_child=2 13 -4 11 8 6 -8 -9 -10 12 -12 -13 -14 -15
leaf_value=0.003348428891292967 -0.010989894931121968 -0.010408526437671959 0.00030925731765549453 0.0040861913772767718 -0.018370353148070083 -0.0052430754098185791 0.00378008751081339 0.023325293217265675 -0.0015930329452271735 -0.0062252354170071007 0.00836244370643352 0.023668296756184305 0.0003547761949972151 -0.0013720993506607276
leaf_weight=2648.447880551219 104.50984479486942 1476.2268985509872 40597.625829830766 221.64023123681545 269.55124638974667 406.6157860159874 1764.1787474602461 119.92050868272781 452.60607226192951 2749.3366684019566 708.38115882873535 273.60642284154892 1449.0379153937101 671.9182066321373
leaf_count=11265 443 6721 178772 948 1219 1728 7569 514 2044 11889 2984 1130 6249 2911
internal_value=4.60478e-05 -0.00129463 0.000460082 0.0104969 -6.67491e-06 0.000588661 -0.000864934 0.00429463 -0.00802068 -0.00241141 0.0033983 0.0151589 -0.00395875 -0.00760148
internal_weight=53913.6 12716.2 41197.4 599.756 10568.1 9845.92 7077.55 2768.37 722.157 5313.37 1115 495.247 4198.37 2148.15
internal_count=236386 55093 181293 2521 45461 42198 30419 11779 3263 22850 4712 2078 18138 9632
is_linear=0
shrinkage=0.03


Tree=129
num_leaves=15
num_cat=0
split_feature=45 11 45 37 39 14 19 11 9 40 11 30 7 19
split_gain=33.9333 48.4359 72.8135 63.8095 51.0624 41.794 41.3468 37.4786 36.9192 54.5688 88.0594 87.0883 69.0598 46.4637
threshold=0.74908634428331589 1.6325345996922713 0.86534225062184067 1.4478568162985219 0.51082811155496677 0.72713753742597731 -7.9506579133339157 2.029749964309405 -1.6691652982158918 -1.7429079314650811 -0.93081238233023833 3.5000000000000004 -0.74548600137883325 -8.1869864002425263
decision_type=8 10 10 10 10 10 2 10 8 8 8 2 10 2
left_child=6 8 4 5 -3 -4 -1 -5 -2 10 11 -10 -12 -11
right_child=1 2 3 7 -6 -7 -8 -9 9 13 12 -13 -14 -15
leaf_value=0.013764691476522978 -0.0049835594236637346 0.0010984337704246598 0.0031144091081079703 0.0038696813915994341 0.023669245291130236 -0.0054479414514260931 -0.0019116761114855094 0.022792265233776279 0.031507114620506649 -0.0071711520852930062 -0.012335728452501605 6.0674511362846966e-05 0.0091079958812464515 0.00021818747589108143
leaf_weight=144.10692137479782 1247.5853344351053 138.88943886756897 1540.89663811028 192.85683859884739 252.82795849442482 756.72377750277519 9068.0978040397167 183.87527520954609 200.32064443826675 771.286944642663 223.45263090729713 127.25775304436684 311.04995636641979 38760.002962753177
leaf_count=615 5565 603 6588 864 1110 3327 40539 807 844 3390 969 541 1305 169391
internal_value=5.12956e-06 0.000346843 0.00397956 0.00218187 0.015893 0.000283002 -0.00165179 0.013456 7.84709e-05 0.000236011 0.00765897 0.0196545 8.13833e-05 7.22385e-05
internal_weight=53919.2 44707 3066.07 2674.35 391.717 2297.62 9212.2 376.732 41641 40393.4 862.081 327.578 534.503 39531.3
internal_count=236458 195304 13299 11586 1713 9915 41154 1671 182005 176440 3659 1385 2274 172781
is_linear=0
shrinkage=0.03


Tree=130
num_leaves=15
num_cat=0
split_feature=45 44 39 11 16 39 11 13 40 11 39 33 16 10
split_gain=38.2563 37.7151 36.3162 35.3217 53.2041 32.0819 85.6696 82.9712 71.5797 60.6123 59.5206 58.1145 51.3686 62.6437
threshold=0.74908634428331589 0.034987434377075348 2.1360955966638504 2.029749964309405 0.71661233907151334 0.46772567244585855 -1.2736527869483103 40.48630867914229 0.54262342722287671 -1.600517049591518 1.4518149305398589 -0.73146876627078738 0.1309523809523809 0.42103305746688113
decision_type=8 10 10 8 8 8 8 8 8 8 10 8 10 10
left_child=1 -1 5 4 -4 9 -7 -8 10 -2 -9 -10 -11 -14
right_child=2 -3 3 -5 -6 6 7 8 11 12 -12 -13 13 -15
leaf_value=-0.0011160377136182522 -0.0038305473220241353 -0.0074291893263556735 0.021047815166897643 0.022288387934455253 0.00089498204997376873 0.0097517594954477493 -0.010437057857401183 -0.0055154906659889555 -0.0064740306662017201 0.0044455594965616607 0.0079262574278144912 0.0014810258430618178 -0.00019155298521828426 0.0034398510301543572
leaf_weight=8270.327723056078 2355.9784539192915 940.26962901651859 129.44966726005077 97.424177750945091 769.54774175584316 630.16359513998032 860.7442270219326 3377.0623616576195 914.98074144124985 3723.0536206364632 316.17634430527687 7758.1901216804981 18228.326288089156 5574.9764146953821
leaf_count=36948 10280 4213 562 409 3448 2731 3848 14942 4186 15970 1399 34958 78674 24004
internal_value=-8.30462e-06 -0.00176788 0.000354284 0.00598865 0.00399648 0.000224589 -0.000968082 -0.00148577 -0.000854805 0.000777805 -0.00434645 0.000635314 0.00117348 0.000660046
internal_weight=53946.7 9210.6 44736.1 996.422 898.997 43739.7 13857.3 13227.2 12366.4 29882.3 3693.24 8673.17 27526.4 23803.3
internal_count=236572 41161 195411 4419 4010 190992 62064 59333 55485 128928 16341 39144 118648 102678
is_linear=0
shrinkage=0.03


Tree=131
num_leaves=15
num_cat=1
split_feature=45 19 41 2 12 30 11 45 37 38 46 1 13 11
split_gain=32.7939 42.5927 52.4602 39.6644 39.232 48.2988 36.0604 50.9288 45.3929 46.2336 55.255 72.8735 45.7594 42.3581
threshold=0.74908634428331589 4.9908963769151677 0.35000000000000003 1.8871196088484468 0.013608745654749782 4.5000000000000009 1.5713669345142782 0.86534225062184067 1.4797163893638634 0.59998828695156703 0 0.010767392931347227 74.095051550766101 1.867882537779463
decision_type=8 2 2 10 2 2 10 10 10 10 1 10 10 10
left_child=1 3 -3 -1 -4 -6 -2 -8 9 10 11 -9 -10 -13
right_child=6 2 4 -5 5 -7 7 8 12 -11 -12 13 -14 -15
leaf_value=-0.001117460486724055 5.4227415588462198e-05 -0.018992057330197702 0.00049548763297155589 0.013461594707865305 -0.017615801569072522 0.0036130147595994913 0.012467658181984132 0.027074999503746953 0.017322875244320409 -0.0062492109027779538 -0.0018750537716677221 0.012800060521446197 -0.0054302901062351586 -0.0020148185998933852
leaf_weight=7659.2172844260931 41384.520996332169 238.63771517574787 731.21328856050968 161.74360804259777 290.05046638846397 137.77304255962372 457.03247046470642 145.51987494528294 283.14909203350544 690.13385863602161 1036.7490126490593 290.9216116964817 103.71030184626579 405.4291305989027
leaf_count=33955 180823 1092 3437 709 1363 654 1993 625 1240 3019 4479 1256 476 1721
internal_value=-3.6422e-05 -0.00166489 -0.00646925 -0.000799149 -0.00375049 -0.0108531 0.000298992 0.00325838 0.00179709 0.00033689 0.00277665 0.00838351 0.01124 0.00426814
internal_weight=54015.8 9218.64 1397.67 7820.96 1159.04 427.824 44797.2 3412.65 2955.61 2568.75 1878.62 841.871 386.859 696.351
internal_count=236842 41210 6546 34664 5454 2017 195632 14809 12816 11100 8081 3602 1716 2977
cat_boundaries=0 1
cat_threshold=481
is_linear=0
shrinkage=0.03


Tree=132
num_leaves=15
num_cat=1
split_feature=39 40 46 40 15 38 21 1 40 11 37 8 45 19
split_gain=33.3948 33.4871 52.9955 53.6325 44.8776 38.8119 34.9732 36.1463 38.2521 50.7619 57.9748 52.7179 43.9704 43.2769
threshold=2.5706467476917658 1.6870672059675229 0 2.23283889851727 0.95390429884542682 1.1093813034280668 -0.43173496227225799 0.032856810192967344 0.2033767778092114 0.54488197310641284 1.3853480487701553 -0.76938954944682181 0.50047235117009803 1.9950585320702403
decision_type=10 10 1 10 10 10 10 8 8 10 10 10 8 2
left_child=1 6 4 -4 -3 -5 7 8 9 10 12 -11 -1 -14
right_child=-2 2 3 5 -6 -7 -8 -9 -10 11 -12 -13 13 -15
leaf_value=-0.012519108844694286 0.0084484745587766821 -0.012194733979944646 -0.0041103845460238944 0.014543862074378184 0.007038488693253687 0.00021658624523415094 -0.0004927790492270513 0.0079471715257305314 0.0025820467789845099 -0.013854547930804831 0.020333551670508456 -0.0020406400721211713 0.00045499912012392961 0.012051445841113251
leaf_weight=217.09871998429298 409.33649288117886 739.89333914220333 1270.0452592819929 282.98887769877911 121.06839047372341 406.67396877706051 31331.053385362029 665.48499584197998 7267.0655633658171 404.8073687851429 124.85145246982574 1912.1843296140432 8482.2380242794752 289.91805222630501
leaf_count=959 1823 3686 6026 1287 604 1991 137130 2839 31691 1751 560 8313 36564 1262
internal_value=1.54275e-05 -5.06428e-05 -0.00322619 -0.000459685 -0.00933324 0.00621933 0.000126647 0.00112864 0.00088184 -0.00020034 0.000808555 -0.00415535 0.00051508 0.000851546
internal_weight=53924.7 53515.4 2820.67 1959.71 860.962 689.663 50694.7 19363.6 18698.2 11431.1 9114.11 2316.99 8989.25 8772.16
internal_count=236486 234663 13594 9304 4290 3278 221069 83939 81100 49409 39345 10064 38785 37826
cat_boundaries=0 1
cat_threshold=131
is_linear=0
shrinkage=0.03


Tree=133
num_leaves=15
num_cat=1
split_feature=46 24 1 10 0 44 35 39 15 9 39 45 43 10
split_gain=36.2064 55.1279 50.9317 46.9812 54.6716 41.1851 39.9295 48.2034 42.4556 36.1499 39.6665 48.7129 46.047 58.506
threshold=0 0.074309576082775095 0.0048546617483577479 -1.4202847520160071 0.016325696749993301 0.006353462970394806 0.97979270331504298 -0.55439906647306914 0.74578107409422356 -1.7189852790298679 0.71856836511478461 1.6253945006751656 0.5634920634920636 -0.84280811379089537
decision_type=1 8 10 10 10 8 10 10 10 10 10 10 10 10
left_child=1 2 -1 4 -4 -2 8 -8 9 -5 11 12 -11 -14
right_child=5 -3 3 6 -6 -7 7 -9 -10 10 -12 -13 13 -15
leaf_value=0.011613188919380159 0.00020112527445836432 0.016628193535828638 -0.0018530944004399794 -0.0093071223158968132 -0.017223341969712095 -0.0020093783086684277 0.0076151255907353586 -0.003858196896842555 0.0049817181036952334 0.0032224298943039579 -0.0025813659564002242 0.016373951612538191 -0.007582897629738408 0.00092052896416840906
leaf_weight=376.89247661828995 20599.028977349401 190.66344560682774 1126.7217149138451 296.03413340449333 246.40304523706436 11996.261745899916 371.84727697074413 2418.69363938272 2725.2500080913305 6419.8247980475426 2178.1018932014704 193.64501744508743 884.50595436990261 3908.7063383609056
leaf_count=1611 91008 796 4881 1339 1125 53266 1605 10944 11876 27225 9667 807 3811 16559
internal_value=1.61763e-05 0.000976375 0.000827922 0.000626716 -0.00471582 -0.0006126 0.00100716 -0.00230761 0.00156524 0.000891372 0.0011203 0.00182877 0.00156321 -0.000661154
internal_weight=53932.6 21337.3 21146.6 20769.7 1373.12 32595.3 19396.6 2790.54 16606.1 13880.8 13584.8 11406.7 11213 4793.21
internal_count=236520 92246 91450 89839 6006 144274 83833 12549 71284 59408 58069 48402 47595 20370
cat_boundaries=0 1
cat_threshold=240
is_linear=0
shrinkage=0.03


Tree=134
num_leaves=15
num_cat=0
split_feature=38 30 10 39 1 41 40 40 39 30 39 11 11 1
split_gain=33.705 49.6236 59.774 116.444 57.4405 49.9568 48.6155 50.1662 46.8433 70.868 46.203 43.8153 42.3152 39.7821
threshold=1.3468833293474443 2.5000000000000004 -0.10717347114415152 0.11281330251907064 0.022656916813949764 0.75000000000000011 2.23283889851727 1.8109724888670573 1.9599887713377362 1.0000000180025095e-35 2.066749340359169 2.029749964309405 1.0052706600747856 0.013877982198986638
decision_type=8 2 8 10 8 2 10 10 10 2 10 10 10 10
left_child=6 2 3 -2 -3 10 7 8 -1 -10 -4 -11 -8 -7
right_child=1 4 5 -5 -6 13 12 -9 9 11 -12 -13 -14 -15
leaf_value=0.00021924628304029111 -0.0072567559023092873 -0.0067054386619475612 -0.013993341867018139 0.02025105786287892 0.011190333206322995 -0.0017711241107164725 0.015528491380835618 -0.0072584624087406232 -0.013125575194482696 0.0077632793513796195 0.0079659849424690305 0.029133562297501817 -0.0028398391204189073 0.010880512521713657
leaf_weight=47133.131302669644 225.10275822877884 2183.6872988939285 417.92537695169449 333.70289221405983 165.30074831843376 867.58303137123585 334.28724329173565 783.80043849349022 121.61234582960606 628.78158079087734 100.98516608774662 93.281068593263626 163.86717930436134 290.44327132403851
leaf_count=205006 991 10591 1936 1468 753 3989 1547 3729 523 2758 472 386 745 1280
internal_value=8.88366e-05 -0.00236859 0.00083043 0.00923736 -0.005404 -0.00200916 0.000317994 0.000221746 0.000345438 0.00731016 -0.00965002 0.0108843 0.00954928 0.001468
internal_weight=53843.5 4584.73 2235.74 558.806 2348.99 1676.94 49258.8 48760.6 47976.8 843.675 518.911 722.063 498.154 1158.03
internal_count=236174 21480 10136 2459 11344 7677 214694 212402 208673 3667 2408 3144 2292 5269
is_linear=0
shrinkage=0.03


Tree=135
num_leaves=15
num_cat=0
split_feature=39 0 37 12 36 19 37 12 30 12 30 41 19 34
split_gain=30.7765 88.9919 98.177 41.7059 38.3861 37.6544 36.245 70.381 39.3296 34.7833 35.3676 79.6609 98.7787 90.0142
threshold=-1.803152513603415 0.011130495772657139 -2.284178335761283 0.036627164676839526 -1.0003122995209524 -5.9293941549236289 -1.9169856374564767 0.049666098080606604 1.5000000000000002 0.091416869715538654 3.5000000000000004 0.95000000000000007 3.4917613228338062 -0.34637235604473554
decision_type=10 8 8 2 10 2 10 2 2 2 2 2 2 10
left_child=1 5 -3 4 -4 -1 7 8 -2 10 -8 13 -13 -12
right_child=6 2 3 -5 -6 -7 9 -9 -10 -11 11 12 -14 -15
leaf_value=-0.0050647665281004619 -0.0024404743866466949 -0.012410687581321356 0.0040952096778941929 -0.0045690503497188267 0.024849921878100235 -0.024816448129932743 0.00058983554153778828 -0.018229932790233234 0.010431520544048651 0.01323638987400168 -0.0038075388797248824 -0.0091865655122602991 0.0010557044341865259 0.0010168839654127839
leaf_weight=153.32053259015083 279.04215261340141 285.86932718753815 154.27083091437817 126.88792389631271 168.3466922044754 211.29680494964123 29659.077369108796 96.873427838087082 857.46695019304752 167.0039379298687 4652.0302219539881 2124.3877445608377 1402.3662296682596 13726.11019474268
leaf_count=660 1199 1292 668 585 723 953 129233 441 3574 718 20530 9794 6630 60123
internal_value=-2.16952e-05 -0.00496557 0.00108299 0.00974782 0.0153468 -0.0168678 8.18998e-05 0.00514347 0.00727739 -3.97502e-05 -8.53067e-05 -0.000999297 -0.0051224 -0.000205721
internal_weight=54064.4 1099.99 735.375 449.505 322.618 364.617 52964.4 1233.38 1136.51 51731 51564 21904.9 3526.75 18378.1
internal_count=237123 4881 3268 1976 1391 1613 232242 5214 4773 227028 226310 97077 16424 80653
is_linear=0
shrinkage=0.03


Tree=136
num_leaves=15
num_cat=0
split_feature=39 39 11 8 38 35 30 39 11 36 30 35 1 30
split_gain=32.4678 31.1857 102.316 70.446 54.6928 44.6781 47.2111 32.6304 77.2215 58.8235 61.8909 80.3617 55.0373 51.2952
threshold=2.3118968162019655 -1.803152513603415 -0.85340177302642062 -1.888106133488608 -2.9303608724780625 -1.1207624351788015 4.5000000000000009 1.1672008633511177 1.775606696789451 -1.1907052434819716 2.5000000000000004 0.4038703888909726 0.0045340069709821976 1.5000000000000002
decision_type=10 10 8 10 10 10 2 10 10 10 2 10 10 2
left_child=1 2 3 -1 -3 -4 -7 -6 9 -9 11 13 -12 -11
right_child=-2 4 5 -5 7 6 -8 8 -10 10 12 -13 -14 -15
leaf_value=-0.010039718612715737 0.0057452810607995491 0.01874349609229263 -0.0058349787612992443 0.011913875931817055 0.00019395772246669405 -0.032637990838796684 -0.0058517063342130417 -0.019221038415905334 0.0062297387463792642 0.0025859856670399596 -0.027062595847417364 -0.0038238122208527959 -0.0047147249184888379 0.016683760209793883
leaf_weight=196.91549986600876 842.90000914037228 129.01836270093918 296.75308462977409 353.66006058454514 45121.795573443174 159.68800309300423 98.879487365484238 191.00200575590134 877.80483093857765 762.09158401191235 93.037504434585571 1438.9639880508184 3137.5801803320646 327.16205050051212
leaf_count=896 3763 541 1315 1538 196262 732 439 926 3856 3333 481 6481 15001 1434
internal_value=-6.16335e-05 -0.000154728 -0.00511703 0.00402306 -4.83904e-05 -0.0140899 -0.0229939 -9.86591e-05 -0.00202993 -0.00325692 -0.00269504 0.000819939 -0.00543984 0.00693357
internal_weight=54027.3 53184.4 1105.9 550.576 52078.5 555.321 258.567 51949.4 6827.64 5949.84 5758.84 2528.22 3230.62 1089.25
internal_count=236998 233235 4920 2434 228315 2486 1171 227774 31512 27656 26730 11248 15482 4767
is_linear=0
shrinkage=0.03


Tree=137
num_leaves=15
num_cat=1
split_feature=7 40 40 38 11 19 46 14 9 8 40 10 16 37
split_gain=34.0432 57.704 56.8316 68.1832 69.3817 55.5127 56.0187 55.6978 66.3782 61.6337 55.1193 55.4683 52.0071 48.3717
threshold=-0.65176636362223561 1.0676364887636098 -1.5799783755273065 -1.6815216540382689 -0.84078337260247815 -5.0982442438099902 0 0.74459548873973225 -0.33261482058521019 0.5203513635046505 -0.59643355968359335 -0.667928752126981 0.24473947874665078 -0.50870178842354929
decision_type=8 8 8 10 8 2 1 10 10 10 8 8 10 10
left_child=1 -1 3 -2 -5 6 -4 -7 10 -10 11 -9 -6 -3
right_child=2 13 5 4 12 7 -8 8 9 -11 -12 -13 -14 -15
leaf_value=-0.00089739780020573737 -0.0084992750042140741 -0.020562483520171582 -0.0083122656399513654 0.022922320165909147 -0.0044054415304947813 0.0013507805097230125 -0.00040294215355578722 -0.00057840675045543689 -0.0054424802722357699 -0.00051396270168925571 -0.00016717530047867556 0.016223213268804975 0.015414393816294438 -0.0044249004095686089
leaf_weight=11742.878833308816 182.56275187432766 226.98405188322067 1306.3074811995029 287.00150772929192 266.37408630549908 24301.869692131877 2072.4062420576811 273.21861281991005 3263.2442694455385 7561.5366021543741 1115.4618003964424 487.86829933524132 200.85698275268078 595.137032315135
leaf_count=50764 775 1040 5697 1209 1142 105923 9041 1202 14464 34555 4915 2104 850 2689
internal_value=-7.2409e-05 -0.00143918 0.000343472 0.00760883 0.011568 0.000173086 -0.00350214 0.000509521 -0.00109988 -0.00200337 0.00409481 0.0102624 0.00425933 -0.00907398
internal_weight=53883.7 12565 41318.7 936.795 754.233 40381.9 3378.71 37003.2 12701.3 10824.8 1876.55 761.087 467.231 822.121
internal_count=236370 54493 181877 3976 3201 177901 14738 163163 57240 49019 8221 3306 1992 3729
cat_boundaries=0 1
cat_threshold=792
is_linear=0
shrinkage=0.03


Tree=138
num_leaves=15
num_cat=1
split_feature=33 45 46 16 1 38 18 1 19 1 1 1 12 19
split_gain=32.2276 27.4078 64.4866 68.9144 63.2928 65.2171 62.3026 60.2808 71.6653 73.3266 63.4007 52.7314 42.5155 37.5767
threshold=2.0171145763090483 1.2045552689931824 0 0.17057284664892011 0.013130767101608877 0.031155700224277386 -2.4790821107512029 0.032856810192967344 -3.7869092878721764 0.010073952769388042 0.015631366246916741 0.02208249380186186 0.017196720217189494 0.64562851343317329
decision_type=8 8 1 8 10 10 2 8 2 10 10 10 2 2
left_child=1 -1 7 11 5 -5 -6 8 10 -10 -3 -4 -8 -11
right_child=-2 2 3 4 6 -7 12 -9 9 13 -12 -13 -14 -15
leaf_value=-0.00015029115216781265 -0.004717638469867131 0.0059198657338172178 0.0093539258191970252 0.0012145441909289807 -0.012100737845382634 -0.0085551491346346781 0.013940871433493159 -0.0095439771569369274 -0.0046070936806441865 0.023966984209272343 -0.020512407663263441 -0.0078717848736432304 0.0015482048826913944 0.010753986847854346
leaf_weight=42404.203010067344 1223.7709137648344 273.01620861887932 1117.0735081732273 1064.3084717690945 279.28474228084087 1439.3796053230762 254.19741605222225 163.1870051920414 163.07999686896801 385.44386529922485 104.88383138179779 178.58020417392254 4467.4723417013884 439.3762663602829
leaf_count=186655 5734 1143 4738 4489 1224 6308 1068 693 685 1618 452 796 19252 1866
internal_value=7.52617e-05 0.000187363 0.00157232 0.000575702 -0.000529664 -0.00441378 0.00141981 0.00721682 0.00932669 0.0135412 -0.00175593 0.0069376 0.00224343 0.0171416
internal_weight=53957.3 52733.5 10329.3 8800.3 7504.64 2503.69 5000.95 1528.99 1365.8 987.9 377.9 1295.65 4721.67 824.82
internal_count=236721 230987 44332 37875 32341 10797 21544 6457 5764 4169 1595 5534 20320 3484
cat_boundaries=0 1
cat_threshold=530
is_linear=0
shrinkage=0.03


Tree=139
num_leaves=15
num_cat=0
split_feature=7 8 10 16 11 45 10 8 40 44 45 11 9 25
split_gain=32.6469 50.6187 77.7342 34.1414 52.5916 64.4422 41.6433 38.6028 37.3493 36.7686 36.1627 39.0022 130.087 53.471
threshold=1.3325341180060308 0.79141817358397193 -0.075706050859505741 0.8592520716370875 1.4037111515892116 0.74908634428331589 1.958171133354899 0.21321138595806866 2.23283889851727 -0.13770084031650745 1.16817192334088 -1.9147650664834674 0.021433172306606654 -0.54585484408420537
decision_type=10 8 10 10 10 10 10 10 10 8 8 8 10 10
left_child=3 -2 -3 6 7 -6 9 -5 -9 -1 11 12 -11 -14
right_child=1 2 -4 4 5 -7 -8 8 -10 10 -12 -13 13 -15
leaf_value=-0.013015444468072219 -0.0087080705699230411 0.011425324317450485 -0.0024354509759191103 0.0083637149496456186 -0.0026438225627237882 0.0095645840405835202 -0.010136793417166955 -0.0030684621061749942 0.011568380695588226 -0.012204330855196042 0.0015873132556286085 -0.0001952066841765405 0.028240218063007371 0.00093617868523426134
leaf_weight=182.73493203520775 914.74657496809959 402.52755546569824 3097.6502430140972 385.64972124993801 523.92125171422958 1462.1877650469542 353.41331243515015 1889.5240371078253 161.22248595952988 775.62818838655949 11236.950028136373 32338.806013852358 98.7342649102211 160.62417754530907
leaf_count=821 4131 1828 14506 1732 2373 6347 1526 8559 778 3409 48165 141508 431 704
internal_value=3.89291e-06 -0.00246513 -0.000813426 0.000224251 0.00273672 0.00634698 -2.24174e-05 -0.000220222 -0.00186721 5.96281e-05 0.000116091 -0.000379596 -0.00608396 0.011993
internal_weight=53984.3 4414.92 3500.18 49569.4 4422.51 1986.11 45146.9 2436.4 2050.75 44793.5 44610.7 33373.8 1034.99 259.358
internal_count=236818 20465 16334 216353 19789 8720 196564 11069 9337 195038 194217 146052 4544 1135
is_linear=0
shrinkage=0.03


Tree=140
num_leaves=15
num_cat=0
split_feature=39 2 16 19 19 9 10 9 8 20 10 2 39 40
split_gain=28.9838 83.8887 79.154 70.9969 63.6418 62.4877 52.5024 65.2441 52.0246 51.44 46.5165 44.8494 42.3485 62.1104
threshold=-1.1929641045859751 1.039880093339516 0.10258892499482661 -7.9506579133339157 -5.5292545498163967 -1.624438471537297 -1.3936847817495048 0.39614442176268944 0.28005875594875423 -0.72412576498254488 -0.64490487913500405 1.624298959478548 -0.57937746911308408 -0.15465797741729187
decision_type=10 8 10 2 2 8 8 10 10 8 10 8 10 10
left_child=1 3 6 -1 8 -5 -2 11 -4 -3 -7 -8 -6 -14
right_child=2 9 4 5 12 10 7 -9 -10 -11 -12 -13 13 -15
leaf_value=0.0064517521243043019 -0.0015670509073450064 -0.00098165526549301267 -0.0066215500667509905 -0.019969369499327209 0.0025403640171826609 -0.0099834514198345135 0.010977355998674204 -0.013915307411752786 0.0066147623373648901 0.0082520886003494831 -0.00020727138665097139 -0.006345037394243044 -0.0024016958393249088 0.00052971536095618198
leaf_weight=342.64553833007812 691.23663319647312 1955.0021923333406 1986.8480813205242 328.97885401546955 6271.8977845907211 1024.6816098093987 1579.4817493259907 105.17415836453438 300.33578924834728 740.87517657876015 760.38009825348854 140.55732721090317 8348.0298447608948 29332.765676692128
leaf_count=1508 2960 8567 8674 1492 26941 4550 6651 448 1312 3235 3326 589 36216 130033
internal_value=6.18364e-05 -0.00207572 0.000288113 -0.0060743 5.59446e-06 -0.00812535 0.00545883 0.00811368 -0.00486223 0.00157706 -0.00584346 0.00953332 0.000259952 -0.000120192
internal_weight=53908.9 5152.56 48756.3 2456.69 46239.9 2114.04 2516.45 1825.21 2287.18 2695.88 1785.06 1720.04 43952.7 37680.8
internal_count=236502 22678 213824 10876 203176 9368 10648 7688 9986 11802 7876 7240 193190 166249
is_linear=0
shrinkage=0.03


Tree=141
num_leaves=15
num_cat=1
split_feature=7 14 2 33 34 39 38 39 19 46 16 9 39 19
split_gain=39.6287 51.9932 47.0015 38.702 46.578 43.6122 38.326 40.0077 37.0084 58.156 36.5722 45.2383 57.6446 40.6755
threshold=-0.61359266245708699 0.50559884797864474 0.66303653334956325 -1.7543274513157352 -0.16028200439302107 -1.67967942116402 -1.9647579263516317 0.13254479078329476 -5.7608651763838559 0 0.090561935131198854 -0.55084462093870246 0.46772567244585855 -6.0132474820851707
decision_type=8 10 10 8 10 10 10 10 2 1 8 10 8 2
left_child=3 2 -2 6 10 -6 -1 -8 9 -4 -5 -12 13 -13
right_child=1 -3 8 4 5 -7 7 -9 -10 -11 11 12 -14 -15
leaf_value=-0.0052832275380770427 0.0042540218388905709 -0.0003823900115321481 -0.014646877999742087 0.0013171410811748802 -0.012052531667639215 0.00040668234385696775 0.0077176942941044177 -0.0048263393660518449 0.0012071623806316407 0.0013220061898364761 -0.0084175348816815758 -0.017801184710967248 -0.0088025337967685691 0.0014662980034067952
leaf_weight=412.24014648795128 4862.8135855048895 26589.237836435437 333.88458873331547 964.00813534855843 255.34095346927643 5363.769384175539 1067.9306026995182 283.11932772397995 8489.8951971381903 488.05793482065201 2069.3189255297184 94.306538879871368 890.40081298351288 1797.5046407878399
leaf_count=1797 20805 118115 1459 4159 1137 23161 4617 1271 36983 2141 8975 421 3990 7735
internal_value=-6.27024e-05 0.000399934 0.00186668 -0.00149085 -0.00212892 -0.000179889 0.00263558 0.00507288 0.000616735 -0.00542303 -0.00400857 -0.00506733 -0.00255434 0.000417266
internal_weight=53961.8 40763.9 14174.7 13197.9 11434.6 5619.11 1763.29 1351.05 9311.84 821.943 5815.54 4851.53 2782.21 1891.81
internal_count=236766 179503 61388 57263 49578 24298 7685 5888 40583 3600 25280 21121 12146 8156
cat_boundaries=0 1
cat_threshold=904
is_linear=0
shrinkage=0.03


Tree=142
num_leaves=15
num_cat=1
split_feature=24 23 46 12 36 40 45 10 30 40 16 39 1 1
split_gain=41.0474 55.0719 42.0272 37.8663 40.2385 54.1239 79.5605 39.0934 81.6898 47.3743 46.5178 43.0578 37.3101 36.6983
threshold=0.005599883616870944 0.059816163208428315 0 0.016158494519936391 -0.071968009692923024 -0.69407703561241629 1.0980637986233952 0.10550919667386088 2.5000000000000004 1.5956037031214281 0.78855500547748469 1.9599887713377362 0.0096267993451806273 0.004415519052601952
decision_type=10 10 1 2 10 10 8 8 2 10 10 8 10 10
left_child=1 3 -2 7 -5 6 -6 -1 10 11 12 -10 13 -9
right_child=2 -3 -4 4 5 -7 -8 8 9 -11 -12 -13 -14 -15
leaf_value=0.00030618775389807117 -0.0037014095035019304 0.018196771753756388 -0.00037549373047747789 -0.0016898227967248628 0.013843492028046951 0.00010085718076188829 -0.0010683199712152995 0.022748706006265322 0.0010294575961838958 -0.0091035152634366488 0.0019077249697448033 0.020346992453469208 0.016739821338136271 0.0056001482262273668
leaf_weight=8673.0070312172174 4311.6055283695459 149.81683632731438 16287.842326715589 9777.4510738104582 671.54318055510521 6796.147420167923 607.90903267264366 115.61025738716125 3309.4638405144215 404.28624168038368 993.67244653403759 97.276492014527321 521.5033018887043 1232.4521413594484
leaf_count=37477 19356 633 71582 42908 2890 29766 2588 502 14684 2023 4347 436 2212 5314
internal_value=-2.24543e-05 0.000627842 -0.00107507 0.000543107 -0.000396225 0.00117014 0.00680507 0.00163535 0.00335952 0.000478547 0.00717914 0.00163899 0.00995584 0.00722749
internal_weight=53949.6 33350.1 20599.4 33200.3 17853.1 8075.6 1279.45 15347.3 6674.26 3811.03 2863.24 3406.74 1869.57 1348.06
internal_count=236718 145780 90938 145147 78152 35244 5478 66995 29518 17143 12375 15120 8028 5816
cat_boundaries=0 1
cat_threshold=257
is_linear=0
shrinkage=0.03


Tree=143
num_leaves=15
num_cat=0
split_feature=7 1 40 37 33 40 39 37 19 40 38 14 8 30
split_gain=35.4712 86.5027 75.7024 55.1896 50.6294 48.7191 75.4303 62.6699 47.7541 41.8171 107.538 62.9259 59.9478 65.005
threshold=-0.65176636362223561 0.017968769433121149 1.0278784270433972 -0.50870178842354929 -1.6896884625929116 -1.4379943154183528 -1.2823274960090985 -1.2199158939915844 -8.4686317941483527 -0.62106447713901247 0.2541687415296342 0.68354999194522115 0.47532976853916975 2.5000000000000004
decision_type=8 10 10 10 10 8 8 10 2 8 10 10 8 2
left_child=1 2 4 -4 -1 8 7 -7 -2 10 -8 -11 -13 -14
right_child=5 -3 3 -5 -6 6 9 -9 -10 11 -12 12 13 -15
leaf_value=0.0053749973987332706 0.024121979795614125 -0.0072939328833355839 -0.02193430224566351 -0.0040752557801674817 -0.00053948801097583902 0.0098487176719686213 0.00061986418781172919 -0.011118530635940984 0.0042353172450351516 0.0012209781597323636 0.0108017327567417 -0.0039807468746337797 0.0027733209305944467 -0.0022108989396015656
leaf_weight=1530.4071192294359 109.83124037086964 1870.7447628676891 215.82974368333817 522.06600369513035 8429.3470408767462 143.50252406299114 4076.3148237764835 827.30932159721851 1269.9442988038063 19068.85808904469 1201.4263746738434 5188.5537405908108 4263.1859829425812 5236.3880585581064
leaf_count=6545 462 8435 992 2362 36223 626 17529 3761 5464 82966 5165 22920 18898 24379
internal_value=3.46824e-05 -0.00136051 -0.00031706 -0.00952235 0.000373806 0.000458617 0.000266722 -0.0079504 0.00598049 0.00047307 0.00295371 8.44738e-05 -0.00139082 2.64662e-05
internal_weight=53953.7 12568.4 10697.6 737.896 9959.75 41385.3 40005.5 970.812 1379.78 39034.7 5277.74 33757 14688.1 9499.57
internal_count=236727 54557 46122 3354 42768 182170 176244 4387 5926 171857 22694 149163 66197 43277
is_linear=0
shrinkage=0.03


Tree=144
num_leaves=15
num_cat=2
split_feature=24 23 1 11 39 12 46 1 16 33 1 12 14 46
split_gain=32.2505 50.3274 46.0632 38.7456 39.6027 48.755 47.2474 37.0903 35.1844 41.533 34.4631 33.0814 30.9156 30.4323
threshold=-0.0066537769831162821 0.035240478930546888 0.032856810192967344 -0.75386147989504482 -0.87910410047223353 0.054373188052246092 0 0.01181801425179178 0.12061705451440315 -0.30762142303265533 0.041428918006914416 0.057540361112727999 0.44560552704528716 1
decision_type=10 8 10 8 10 2 1 10 8 10 10 2 10 1
left_child=1 8 11 10 -5 6 -6 -3 13 -10 -4 -2 -7 -1
right_child=2 7 3 4 5 12 -8 -9 9 -11 -12 -13 -14 -15
leaf_value=0.015122285284203812 -0.00064029936224146067 0.024102515101964976 0.0063472732520690961 0.022416384824295789 -0.00223695609504966 -0.016300516182669818 0.021454892611754036 0.00063699094852760426 -0.0014150742979074271 0.0015859355572397579 -0.018003821911850078 -0.013311891073894052 0.0031004786257973877 0.003206976938353838
leaf_weight=199.90036448836327 33113.45011523366 136.39225485920906 95.862321242690086 143.77546216547489 116.5074856877327 93.066772937774658 204.2212231606245 104.42334733903408 6905.2835068702698 10372.300264492631 95.766156196594238 176.49909569323063 253.31872874498367 1884.7514361590147
leaf_count=860 146069 578 416 620 500 405 874 446 30159 45195 429 806 1102 8052
internal_value=3.48781e-05 0.00100521 -0.000519936 0.00578408 0.00863544 0.0053782 0.0136223 0.0143584 0.000831804 0.000386406 -0.00611153 -0.00071146 -0.0024233 0.0045038
internal_weight=53895.5 19603.1 34292.5 1002.52 810.89 667.114 320.729 240.816 19362.2 17277.6 191.628 33289.9 346.386 2084.65
internal_count=236511 85290 151221 4346 3501 2881 1374 1024 84266 75354 845 146875 1507 8912
cat_boundaries=0 1 2
cat_threshold=912 2
is_linear=0
shrinkage=0.03


Tree=145
num_leaves=15
num_cat=0
split_feature=24 16 16 36 1 12 40 35 40 30 35 1 35 39
split_gain=33.8909 40.7558 35.9758 35.2151 59.2271 55.8539 52.8899 87.3789 86.4058 60.8092 60.2256 82.2351 56.5446 59.9279
threshold=-0.032066871325743339 0.15151515151515146 0.85555754519457394 -0.2051895091241602 0.014947293940627016 0.018050612153338811 1.0465784018879136 -0.98616625277180636 0.41210572229896647 3.5000000000000004 -1.3710502322534033 0.017206827580497627 0.12074668824009875 1.129542926731016
decision_type=10 8 10 10 10 2 10 10 10 2 10 10 10 10
left_child=1 -1 -3 6 -5 -6 8 -8 10 12 11 -2 13 -10
right_child=3 2 -4 4 5 -7 7 -9 9 -11 -12 -13 -14 -15
leaf_value=0.0092841833522399036 0.0043283418325840211 0.00034430651902176936 0.011108137499934896 -0.00046511300690185671 0.011788644264754355 0.0018132092963090408 -0.018934969738243684 -0.0026649587325015618 0.0075301749032250327 -0.0014572479692679895 -0.0028146622274676228 -0.0084407600164294033 -0.0083629824498405447 0.026044567590044577
leaf_weight=665.20255880057812 2465.2273448556662 3324.1841254383326 295.18648725748062 23091.953051149845 528.58004002273083 8287.8150559812784 375.24133987724781 1317.6854405254126 1162.0236581116915 981.96344757080078 10511.542058110237 546.21896715462208 159.54775948822498 175.72625482082367
leaf_count=2812 10516 14359 1308 102158 2234 35990 1808 6006 4970 4337 45983 2549 691 762
internal_value=-4.03143e-05 0.00251637 0.00125036 -0.000261614 0.000333657 0.00242396 -0.0013346 -0.00636126 -0.000799177 0.00433833 -0.00174358 0.001992 0.00812366 0.0101374
internal_weight=53888.1 4284.57 3619.37 49603.5 31908.3 8816.4 17695.2 1692.93 16002.2 2479.26 13523 3011.45 1497.3 1337.75
internal_count=236483 18479 15667 218004 140382 38224 77622 7814 69808 10760 59048 13065 6423 5732
is_linear=0
shrinkage=0.03


Tree=146
num_leaves=15
num_cat=0
split_feature=23 24 38 33 39 11 30 1 30 41 39 11 38 39
split_gain=46.5623 41.8144 35.418 30.7549 28.0286 57.289 48.3916 34.8928 28.7687 68.3366 89.7569 108.318 80.6721 82.9584
threshold=0.059816163208428315 0.004422320476086262 2.6300836929250067 0.39276173335018388 2.1360955966638504 2.0921551643894545 1.0000000180025095e-35 0.0080167975883395845 3.5000000000000004 0.95000000000000007 0.61803854605345954 -1.2736527869483103 1.1899590635262418 -0.011040579351153733
decision_type=10 8 8 10 10 8 2 10 2 2 10 8 10 10
left_child=2 -2 4 -4 8 6 -6 -8 -1 10 12 -12 13 -10
right_child=1 -3 3 -5 5 -7 7 -9 9 -11 11 -13 -14 -15
leaf_value=0.00031833193644079219 0.022180869400806862 0.0036950732408758762 -0.017424875806378835 -0.0024732524522818431 -0.012089855230571269 0.024561520784612642 0.017615842529020567 0.0021333512053024243 -0.00042845199324051202 -0.0051718783280792421 0.018472915842549835 -0.0052466796345257503 -0.014364657993492519 0.0046644083708383471
leaf_weight=29312.37712328136 112.22646243870258 1196.7056419104338 185.3485422283411 349.29236105084419 167.3319186270237 105.14873121678829 153.42986857891083 679.25593720376492 9842.4357973635197 3188.4353000372648 171.31059665977955 4067.7525258660316 302.01157006621361 4057.6438627839088
leaf_count=127509 474 5171 925 1787 733 438 692 2987 42382 14861 750 18808 1397 17553
internal_value=-0.000131204 0.00543618 -0.000270802 -0.00788142 -0.000191124 0.00451385 0.00218359 0.00516133 -0.000294063 -0.00112374 -0.000421405 -0.0042469 0.000722618 0.00106052
internal_weight=53890.7 1308.93 52581.8 534.641 52047.1 1105.17 1000.02 832.686 50942 21629.6 18441.2 4239.06 14202.1 13900.1
internal_count=236467 5645 230822 2712 228110 4850 4412 3679 223260 95751 80890 19558 61332 59935
is_linear=0
shrinkage=0.03


Tree=147
num_leaves=15
num_cat=0
split_feature=23 24 38 37 38 32 36 34 30 8 7 38 1 38
split_gain=31.1577 43.4465 29.2493 34.628 38.7126 28.6025 39.5672 41.1252 29.2891 32.0292 38.2612 32.8003 44.9335 39.4152
threshold=0.059816163208428315 0.0075905244191979424 2.6300836929250067 1.9630878316870641 3.2421787129270565 -0.19069274966621272 -2.306956404212253 -1.3432783689053445 3.5000000000000004 -0.066342686074228538 -0.62624123523642172 -0.80949788221228014 0.022371022403984451 -1.6815216540382689
decision_type=10 8 8 10 10 10 10 10 2 10 8 10 10 10
left_child=2 -2 5 -4 -5 8 -7 -8 -1 10 11 12 13 -10
right_child=1 -3 3 4 -6 6 7 -9 9 -11 -12 -13 -14 -15
leaf_value=-5.6228227684411341e-05 0.019830531888957982 0.0025490552204365424 -0.014889959485097977 -0.0091553634111560429 0.012267052111180317 0.010068216788837557 -0.0056197382181459449 0.00053510912864667207 -0.0061735339499153132 -0.0044702699070699936 0.0019945796902052161 -0.0086934918146934076 -0.019230654148853325 0.0062727304242429409
leaf_weight=11786.534455552697 138.29974664747715 1159.4696072787046 253.55073188245296 165.05371251702309 124.06413298845291 370.96679104864597 998.60716228187084 31246.400321900845 358.89858183264732 3646.03964830935 2260.1192558556795 732.78543989360332 93.465249791741371 594.92443160712719
leaf_count=51351 582 5005 1272 843 643 1563 4367 136767 1539 16679 9869 3214 440 2561
internal_value=-4.59066e-05 0.00452825 -0.000159533 -0.00702477 0.00014005 -8.66758e-05 0.000456481 0.000342814 -0.000996205 -0.00243568 -0.00059307 -0.00387134 -0.000446978 0.00157406
internal_weight=53929.2 1297.77 52631.4 542.669 289.118 52088.7 32616 32245 19472.8 7686.23 4040.19 1780.07 1047.29 953.823
internal_count=236695 5587 231108 2758 1486 228350 142697 141134 85653 34302 17623 7754 4540 4100
is_linear=0
shrinkage=0.03


Tree=148
num_leaves=15
num_cat=0
split_feature=32 38 35 34 38 38 11 34 38 41 30 34 38 7
split_gain=26.3981 39.016 30.5913 38.7327 28.9994 43.802 24.4145 23.6123 33.6674 30.7158 61.1823 51.0505 43.9964 51.276
threshold=-0.23342274625466639 -2.6065503240709633 -1.9878571511154044 -1.3432783689053445 -0.89320487016603245 -1.4296888918304334 -2.1729735172151514 1.7411116750761086 1.375365108375797 1.0000000180025095e-35 1.5000000000000002 0.9609515240676535 -1.4296888918304334 -0.99576552641402516
decision_type=10 10 10 10 10 10 8 10 10 2 2 10 10 10
left_child=6 -2 4 -4 5 -3 -1 9 -9 10 -5 12 -12 -14
right_child=1 2 3 7 -6 -7 -8 8 -10 -11 11 -13 13 -15
leaf_value=-0.0088496828489605332 0.01509914169640255 0.0029278109143513835 -0.0055355215703741219 -0.0071714906127837066 -0.0027648957141257762 0.022137651402083382 -0.00064955047527197904 0.00056789660939428972 -0.0077308965599036392 0.0011763058943344037 0.0060061409687595388 0.012803910061260955 -0.0090134028625875381 0.00025918359523443673
leaf_weight=322.74372531473637 156.20300808548927 251.4177613556385 949.17283254861832 1228.5656994879246 184.21964532136917 180.50101424753666 18502.756648361683 1104.992517799139 719.67497780919075 26546.044264346361 731.21029877662659 271.74702809751034 724.32570447027683 1992.6709999889135
leaf_count=1420 653 1059 4164 5368 806 762 81516 4934 3511 116293 3065 1166 3135 8579
internal_value=0.000111058 0.000597791 0.00052855 0.000408358 0.00710008 0.011275 -0.000794757 0.000579293 -0.00272956 0.0007718 -0.00139614 0.000525359 -0.000476519 -0.00223679
internal_weight=53866.2 35040.7 34884.5 34268.4 616.138 431.919 18825.5 33319.2 1824.67 31494.6 4948.52 3719.95 3448.21 2717
internal_count=236431 153495 152842 150215 2627 1821 82936 146051 8445 137606 21313 15945 14779 11714
is_linear=0
shrinkage=0.03


Tree=149
num_leaves=15
num_cat=1
split_feature=38 40 37 11 19 45 15 11 45 38 12 38 40 46
split_gain=31.6376 29.9585 67.5914 60.0562 82.1314 78.1975 59.9752 69.7732 82.109 64.2551 57.9169 53.3906 49.7124 46.2421
threshold=2.6300836929250067 0.43555503510842047 2.0404739968946211 1.9174994465480419 1.3881643878415486 1.0617877417095163 0.69683594591682818 0.26298912067078312 0.99415213689046111 1.2384363113349923 0.014683652751398065 -0.62368087805465777 2.4305133542163921 0
decision_type=8 10 10 10 2 10 8 10 8 10 2 10 10 1
left_child=1 2 -1 4 6 -6 7 8 -3 10 -8 -10 -7 -9
right_child=-2 3 -4 -5 5 12 9 13 11 -11 -12 -13 -14 -15
leaf_value=-0.00063035790380211074 -0.0070816286272525905 0.0045105697341364798 0.017344404431598029 0.0071715473917426942 -0.0033885567258316054 0.0012646361273911911 0.0048153096339854729 0.013928017378224626 0.0094074573232301156 -0.0039810224661745797 0.018121766014213714 -0.0060291166801590855 0.016945098193650011 0.0013131397298497592
leaf_weight=35479.490490317345 569.68283012509346 1686.2873673737049 179.29476815462112 1294.217666760087 5966.9728221446276 3876.1812344938517 598.16438215970993 569.08710975944996 217.05406200885773 296.10442267358303 589.16517300903797 1858.5884017497301 181.08387193083763 492.65383855998516
leaf_count=154105 2890 7366 820 5622 27393 17336 2615 2479 924 1335 2519 8037 826 2149
internal_value=-0.000110897 -3.50558e-05 -0.000535142 0.000976413 0.000481377 -0.00120595 0.0031608 0.00153078 -0.000392031 0.00841539 0.0115143 -0.00437752 0.00200443 0.00828372
internal_weight=53854 53284.3 35658.8 17625.6 16331.3 10024.2 6307.1 4823.67 3761.93 1483.43 1187.33 2075.64 4057.27 1061.74
internal_count=236416 233526 154925 78601 72979 45555 27424 20955 16327 6469 5134 8961 18162 4628
cat_boundaries=0 1
cat_threshold=182
is_linear=0
shrinkage=0.03


Tree=150
num_leaves=15
num_cat=3
split_feature=43 46 46 16 1 1 11 7 15 1 46 1 16 1
split_gain=33.296 67.9778 63.3404 87.553 63.2038 41.5625 50.7287 44.3914 41.2702 64.2101 66.2316 59.6186 50.7144 46.6338
threshold=0.41428571428571431 0 1 0.24770787135672576 0.0053105644832712922 0.021042793544862975 -0.30545875616498469 -0.71701516963528478 0.60431511983655939 0.018525181555048433 2 0.02591642086121608 0.8933450567771134 0.0057492179587521897
decision_type=10 1 1 10 10 10 8 10 8 10 1 10 8 10
left_child=1 -1 3 5 -5 6 -2 -8 11 -10 12 13 -11 -4
right_child=2 -3 8 4 -6 -7 7 -9 9 10 -12 -13 -14 -15
leaf_value=-0.0011151797750288996 -0.0045752824061963378 0.0023498545814345387 -0.0047911810125751192 0.019538020488960743 0.00204642956569165 -0.016823709268060656 -0.0069717192273809772 0.016264878246069311 -0.0040314305068462454 0.013405477689992945 -0.0027681312820740491 -0.0099680277658639651 -0.0043885785326707579 0.00099082133840530445
leaf_weight=8944.8428984433413 1932.9201200604439 11796.043694540858 1453.5950863063335 179.94428093731403 9206.4041193276644 197.5213722884655 106.16815315186977 203.56082929670811 8793.6614968180656 563.66715513169765 1017.492123439908 540.16090832650661 187.03691041469574 8816.4901073724031
leaf_count=38965 8339 51821 6374 759 40219 891 456 868 39620 2443 4500 2399 821 38283
internal_value=-8.64734e-05 0.00085628 -0.00067554 0.00108511 0.00240219 -0.00396586 -0.00276375 0.00833096 -0.00164961 -0.00298317 0.00222341 -0.000346655 0.00885628 0.000168591
internal_weight=53939.5 20740.9 33198.6 11826.5 9386.35 2440.17 2242.65 309.729 21372.1 10561.9 1768.2 10810.2 750.704 10270.1
internal_count=236758 90786 145972 51532 40978 10554 9663 1324 94440 47384 7764 47056 3264 44657
cat_boundaries=0 1 2 3
cat_threshold=848 848 37
is_linear=0
shrinkage=0.03


Tree=151
num_leaves=15
num_cat=0
split_feature=24 45 45 20 40 40 30 45 19 19 12 45 1 42
split_gain=30.416 29.9999 47.8435 47.8947 46.2161 44.2767 46.4523 42.3463 52.163 41.4364 35.6071 34.9998 43.1536 41.9385
threshold=-0.027728459694611182 1.0475926253791639 1.0956700425620676 0.41124948954400004 2.4305133542163921 -0.39869871401996926 1.5000000000000002 1.1658624169638268 -6.1038941285487356 -6.0132474820851707 0.019286801096545906 1.1510045676902068 0.024922676417657948 0.29285714285714287
decision_type=10 10 10 10 10 10 2 10 2 2 2 10 10 10
left_child=-1 -2 3 5 7 6 -3 8 -4 -7 -11 12 13 -10
right_child=1 2 4 -5 -6 9 -8 -9 11 10 -12 -13 -14 -15
leaf_value=0.0021024949837797585 -0.00091082011198151619 -0.0027783833733711228 -0.011642933196649736 0.0086063333951447961 0.012555112789807201 -0.020162600915402642 0.010055149104089294 0.00074249738962380214 -0.0073005130990225009 0.0023610633306980029 -0.0076051134290528967 -0.0064309001154941097 0.012668569275856596 0.00059510263512467618
leaf_weight=5561.9338137805462 26693.626574516296 369.98199263215065 493.78033743798733 1179.2195295393467 246.83922283351421 93.046838507056236 774.08363126218319 11887.755261451006 746.72565846145153 1109.8084928393364 443.27979910373688 1022.6869985312223 210.52205945551395 3022.6988731920719
leaf_count=24005 118404 1622 2188 5259 1144 407 3333 51359 3259 4799 1946 4505 928 13297
internal_value=3.7318e-06 -0.000238364 0.000592689 0.00356388 -7.78816e-05 0.00140966 0.00591677 -0.000264373 -0.00243945 -0.00173959 -0.000513922 -0.00150961 -0.000232088 -0.000984202
internal_weight=53856 48294.1 21600.4 3969.42 17631 2790.2 1144.07 17384.2 5496.41 1646.14 1553.09 5002.63 3979.95 3769.42
internal_count=236455 212450 94046 17366 76680 12107 4955 75536 24177 7152 6745 21989 17484 16556
is_linear=0
shrinkage=0.03


Tree=152
num_leaves=15
num_cat=2
split_feature=39 30 39 15 11 37 11 46 1 46 45 6 44 45
split_gain=26.8875 29.1151 27.7245 54.3679 60.5174 101.579 59.2841 73.0658 59.965 57.1109 56.0478 49.1552 43.424 38.0228
threshold=2.4115980245615991 1.0000000180025095e-35 0.98644843202397803 0.65419381366723262 -0.44534022397179818 1.2990090597340682 1.6014430465954312 0 0.007923936166173106 1 1.1791811602757998 1.5573597146988643 0.040674985434343461 0.68649247303281513
decision_type=10 2 10 10 8 10 8 1 10 1 10 10 10 10
left_child=2 -2 -1 -4 5 9 7 10 13 -5 -6 -8 -10 -9
right_child=1 -3 3 4 6 -7 11 8 12 -11 -12 -13 -14 -15
leaf_value=0.00022412866069645114 -0.0089587441073207767 0.0087688925105558705 -0.0060864558675324306 -0.00013971971504075811 -0.0097191420550499386 -0.0089176491809503829 0.0071050541759133286 0.0024125101156190578 0.0042495016218201953 0.022260712997966472 0.0021122076305498945 -0.0074815414819915053 -0.005340650064809895 -0.013802749055063781
leaf_weight=44252.317999452353 90.042727500200272 536.06998561322689 1904.6325023770332 155.65105077624321 1617.205802872777 214.08000999689102 1077.3769737333059 190.55507189035416 1974.0738368630409 322.28658172488213 458.80177889764309 248.42422671616077 531.5970367193222 383.35616897046566
leaf_count=192240 399 2383 8749 683 7760 1012 4711 930 9009 1425 2112 1164 2453 1834
internal_value=-1.2657e-05 0.00611868 -8.57742e-05 -0.00159503 -0.000395683 0.00797236 -0.00130004 -0.00275507 0.000191409 0.0155655 -0.00707289 0.00433632 0.00220174 -0.0084697
internal_weight=53956.5 626.113 53330.4 9078.04 7173.41 692.018 6481.39 5155.59 3079.58 477.938 2076.01 1325.8 2505.67 573.911
internal_count=236864 2782 234082 41842 33093 3120 29973 24098 14226 2108 9872 5875 11462 2764
cat_boundaries=0 1 2
cat_threshold=139 704
is_linear=0
shrinkage=0.03


Tree=153
num_leaves=15
num_cat=2
split_feature=46 12 45 11 16 18 2 30 19 43 10 43 46 10
split_gain=32.1683 39.9781 50.2509 54.6096 75.1851 66.4286 60.9096 93.2957 65.9697 58.986 55.9565 52.6838 52.6384 76.7892
threshold=0 0.016158494519936391 1.2150108939445896 0.599021048121955 0.59579165799716527 -0.50623740232660552 0.91286496838605802 1.5000000000000002 -4.3991368815194454 0.13392857142857145 -0.35531196903066858 0.2678571428571429 1 -0.3334814783765187
decision_type=1 2 8 10 10 2 10 2 2 10 10 10 1 10
left_child=-1 -2 3 4 6 10 8 -8 -3 -7 -5 -9 13 -4
right_child=1 2 12 5 -6 9 7 11 -10 -11 -12 -13 -14 -15
leaf_value=-0.0011371293670486894 0.001563360700997901 -0.0095875270591804351 -0.0014004206106391127 0.0058191555221471219 0.0056678090242704366 0.017490222791410173 -0.0057818614670703677 0.011128678678042923 -0.001300052359957942 -0.0033793864291941341 -0.016330342634640754 0.0017139229694886216 0.0005494730740376834 0.015232241858729595
leaf_weight=17816.636247962713 15605.183005586267 1319.604561522603 438.4073244035244 118.26300029456615 1599.4726232737303 116.7804881632328 1276.0042891204357 682.4487199485302 2481.9898392260075 3256.8062816858292 596.09331837296486 2374.1200838685036 5590.6117704361677 565.97160935401917
leaf_count=79392 67846 5808 1855 515 7149 516 5649 2979 10707 14552 2628 10313 24077 2398
internal_value=-9.5161e-05 0.000420576 -0.000453031 -0.00148082 -0.000257441 -0.00438603 -0.00142809 0.00100326 -0.0041944 -0.00260741 -0.0126337 0.00384542 0.00169997 0.00795153
internal_weight=53838.4 36021.8 20416.6 13821.6 9733.64 4087.94 8134.17 4332.57 3801.59 3373.59 714.356 3056.57 6594.99 1004.38
internal_count=236384 156992 89146 60816 42605 18211 35456 18941 16515 15068 3143 13292 28330 4253
cat_boundaries=0 1 2
cat_threshold=259 528
is_linear=0
shrinkage=0.03


Tree=154
num_leaves=15
num_cat=1
split_feature=43 46 10 45 11 8 11 1 16 15 45 38 16 45
split_gain=29.6753 53.5614 68.6017 91.5978 71.3844 41.6289 37.3937 72.8147 91.9766 72.895 52.3848 48.3271 74.9555 44.7595
threshold=0.5277777777777779 0 -0.84280811379089537 1.0102322338089984 -0.65193868336879113 -0.74367014782807028 0.15022534706368229 0.019665348580613532 0.42454057544033974 0.59295499021526454 0.80861798925716777 0.71212472616994094 0.2897524320742732 0.81231962657031553
decision_type=10 1 8 10 10 10 10 10 10 8 10 10 10 10
left_child=-1 2 3 4 5 -2 7 10 9 -9 11 12 -4 -8
right_child=1 -3 6 -5 -6 -7 13 8 -10 -11 -12 -13 -14 -15
leaf_value=0.00090912145831083626 -0.0077730423421261997 -0.0014579497467633032 0.0027277910011736825 0.0030800199493881651 0.0014640771264867356 -0.025906989817483655 -0.0093492558843658174 0.014264857731813766 0.031768006927053158 -0.015316515060384617 0.0011531519247982179 -0.0074849691467140708 0.026707955479231917 0.0014024412888758654
leaf_weight=26214.893979281187 205.81092645227909 18108.953722909093 230.7335557192564 682.15532201528549 233.52280613780022 282.69953978061676 371.80951365828514 234.93321220576763 177.96224798262119 98.69922086596489 2746.3036133646965 97.357797592878342 234.09613373875618 3984.0728570073843
leaf_count=114880 908 80086 980 2959 1004 1258 1653 1019 759 423 11832 432 990 17489
internal_value=0.000185876 -0.000498944 0.0013136 -0.00478867 -0.0121633 -0.0185763 0.00236782 0.00453021 0.0149546 0.00532268 0.00287807 0.0111369 0.0151127 0.000465385
internal_weight=53904 27689.1 9580.16 1404.19 722.033 488.51 8175.97 3820.09 511.595 333.632 3308.49 562.187 464.83 4355.88
internal_count=236672 121792 41706 6129 3170 2166 35577 16435 2201 1442 14234 2402 1970 19142
cat_boundaries=0 1
cat_threshold=848
is_linear=0
shrinkage=0.03


Tree=155
num_leaves=15
num_cat=0
split_feature=38 37 29 7 1 38 33 38 36 8 17 1 36 15
split_gain=25.8484 29.4534 34.2822 27.2658 82.9037 51.5335 43.3323 42.739 43.5425 40.0924 44.2532 40.1388 66.1462 49.5049
threshold=2.6300836929250067 1.835358159396643 17.000000000000004 -0.63851101893599516 0.017663982984051793 -2.6065503240709633 -1.6896884625929116 -1.9647579263516317 -2.306956404212253 -1.3841054725957638 -0.96805417282210748 0.018525181555048433 -0.82507542405983569 0.42125360206406653
decision_type=10 10 2 10 10 10 10 10 10 10 2 10 10 8
left_child=3 -2 -3 4 5 -1 7 -7 -9 10 -5 -11 -13 -14
right_child=1 2 -4 9 -6 6 -8 8 -10 11 -12 12 13 -15
leaf_value=0.011706386301008015 -0.015229428743445277 0.0044128154452029583 -0.017026806985565676 -0.0022774919930407035 -0.0066774106067010765 -0.0075788121509181676 -0.0011929210204621159 0.019245102932574889 0.0040167241570054357 -6.8594647800489548e-05 0.012900155183029439 -0.007028554615619069 -0.00085825915301203045 0.0050633441051529341
leaf_weight=315.45513041317463 200.86832478642464 260.79325783252716 79.278437897562981 267.68298718333244 2007.2928249388933 219.15413761138916 8987.5983089804649 194.22194378077984 1034.6246776282787 33048.432687044144 464.99528637528419 593.97061216831207 1774.1517568975687 4443.7566679865122
leaf_count=1331 1028 1347 403 1155 9086 930 38797 814 4460 145604 1985 2703 7737 19222
internal_value=4.56604e-05 -0.00641916 -0.000928856 0.000112399 -0.0010968 -4.9623e-05 -0.000415859 0.00438239 0.00655952 0.000492625 0.00739902 0.000363854 0.00245894 0.00337507
internal_weight=53892.3 540.94 340.072 53351.3 12758.3 10751.1 10435.6 1448 1228.85 40593 732.678 39860.3 6811.88 6217.91
internal_count=236602 2778 1750 233824 55418 46332 45001 6204 5274 178406 3140 175266 29662 26959
is_linear=0
shrinkage=0.03


Tree=156
num_leaves=15
num_cat=1
split_feature=39 40 36 19 16 30 19 46 0 39 19 30 40 38
split_gain=27.6232 46.1406 54.3457 54.2879 48.2455 64.5611 63.4716 56.2784 44.7908 53.7152 38.8357 36.8264 66.3245 53.0362
threshold=-1.3513121520578169 -1.5799783755273065 -0.77294713276345883 -9.1492635282092873 0.094594594594594725 1.5000000000000002 -5.454417602712426 0 0.010931090964593949 -1.8897943041667877 -6.1038941285487356 2.5000000000000004 -1.6320170662874254 -1.8161648431361599
decision_type=8 8 10 2 8 2 2 1 10 10 2 2 10 10
left_child=8 2 -2 -3 5 -5 7 -6 9 10 -1 12 13 -10
right_child=1 3 -4 4 6 -7 -8 -9 11 -11 -12 -13 -14 -15
leaf_value=-0.0049376406233096418 -0.0019210163628050852 -0.011170745226956659 0.019196812203049751 -0.0044020882559596608 0.0016203362398447901 0.008304559503083387 0.00025111115588656298 -0.0076896347835219659 -0.0086826530081610103 -0.0037331716664162091 -0.027845590829292083 0.0035471224309837767 -0.011754448094845436 0.01139992904013582
leaf_weight=120.18507617712021 194.67831346392632 372.69058039784431 236.35076487064362 482.83803680539131 877.53104548156261 1344.8084066957235 45092.899776697159 1714.8265579491854 183.34237861633301 1114.8569906502962 155.25381460785866 1233.7949725836515 499.69611746072769 297.38353060185909
leaf_count=518 839 1661 997 2082 3794 5645 198264 7546 840 4905 709 5359 2275 1302
internal_value=-1.14036e-05 0.000170537 0.00983146 8.51096e-05 0.000172073 0.00494196 -1.1742e-05 -0.00456735 -0.00254462 -0.00674406 -0.0183731 0.000110656 -0.00420606 0.00371985
internal_weight=53921.1 50316.6 431.029 49885.6 49512.9 1827.65 47685.3 2592.36 3604.51 1390.3 275.439 2214.22 980.422 480.726
internal_count=236736 220828 1836 218992 217331 7727 209604 11340 15908 6132 1227 9776 4417 2142
cat_boundaries=0 1
cat_threshold=224
is_linear=0
shrinkage=0.03


Tree=157
num_leaves=15
num_cat=0
split_feature=33 30 15 40 41 12 19 45 36 9 12 12 10 19
split_gain=29.8708 30.6937 86.8411 81.3922 80.7411 61.7677 61.0222 69.7944 60.98 56.5861 59.0626 63.0693 50.2897 51.5632
threshold=2.0171145763090483 3.5000000000000004 0.33845699486573683 -0.051672705047420879 0.95000000000000007 0.011721833880562055 1.0000000180025095e-35 0.54593558084106919 -0.69367822692312064 -1.6691652982158918 0.061538952946683795 0.026306730017335769 0.42103305746688113 -7.38812462561601
decision_type=10 2 10 10 2 2 2 8 10 8 2 2 10 2
left_child=1 4 3 6 -1 -6 7 -3 -7 -9 11 -11 13 -5
right_child=-2 2 -4 12 5 8 -8 9 -10 10 -12 -13 -14 -15
leaf_value=5.6889872589878382e-05 -0.0047535256575255347 -0.016712772700428452 -0.0021441472988809294 -0.010698904900463557 0.011338296126899679 -0.018136723000033956 -0.011818038090416498 -0.0074499364131336036 0.0033950403491482786 0.0036066116762090432 0.023300496432516749 -0.0053858656923815966 -0.0046107518090355805 0.011083111138893167
leaf_weight=26019.969760298729 1182.9220632016659 185.96015274524689 14721.641010314226 97.415458500385284 930.85843768715858 113.305534735322 352.28067153692245 559.23857139050961 3043.5338163524866 3955.9158656299114 110.44265405833721 843.64391864836216 257.99992792308331 1385.038926795125
leaf_count=113058 5571 811 66235 425 4118 498 1518 2478 13339 16826 483 3711 1108 5889
internal_value=-5.92678e-05 4.72309e-05 -0.000791623 0.00177772 0.000673329 0.00458751 0.000118821 0.000881955 0.00256739 0.0015096 0.00254315 0.00201804 0.00747032 0.00958967
internal_weight=53760.2 52577.2 22469.6 7747.94 30107.7 4087.7 6007.48 5655.2 3156.84 5469.24 4910 4799.56 1740.45 1482.45
internal_count=236068 230497 99484 33249 131013 17955 25827 24309 13837 23498 21020 20537 7422 6314
is_linear=0
shrinkage=0.03


Tree=158
num_leaves=15
num_cat=0
split_feature=33 40 35 38 38 40 10 40 12 31 10 11 10 30
split_gain=25.4766 26.4635 71.4383 74.9029 51.2772 94.6192 66.3748 53.5549 52.1546 50.4379 41.472 41.1898 70.2576 85.5954
threshold=2.0171145763090483 0.46606760069135905 -1.3022461211689549 -1.0019074336547027 0.54124529018092982 -0.58166541068976751 -0.57774707167664074 -0.96592268904918954 0.017791486027286901 -1.3558871704392377 -0.41120563173792318 0.54488197310641284 0.083824847256704943 1.5000000000000002
decision_type=8 10 10 10 10 10 10 10 2 10 8 8 10 2
left_child=1 4 -3 -4 11 6 7 -6 -9 -5 -11 12 13 -1
right_child=-2 2 3 9 5 -7 -8 8 -10 10 -12 -13 -14 -15
leaf_value=-0.0033988612731669144 -0.0042389208945863722 -0.0089506920336317828 0.018520547116897663 -0.0057622552068274432 -0.013837847082632512 -0.0045593187861104074 0.016680105108826608 -0.0070952475267833139 0.022941076439566607 0.0055944886340069579 0.0010246297813246681 -0.0018953688928647855 0.0038642605611072119 0.0011530314374539399
leaf_weight=5144.9411005079746 1218.1747740954161 602.06168785691261 219.2197038680315 864.26910157501698 165.21382392942905 4681.8286560177803 333.644954174757 92.286862894892693 99.367330074310303 2061.3363263309002 13092.250577509403 6863.4056934565306 5081.5436969250441 13328.124668866396
leaf_count=22503 5737 2780 943 3941 749 20801 1436 402 430 8920 58665 29864 21865 57418
internal_value=3.2325e-05 0.000131975 0.00111235 0.00149076 -0.000329468 -0.00302858 0.00726711 -0.00174812 0.00884313 0.00124628 0.00164955 0.000148079 0.000744056 -0.000115871
internal_weight=53847.7 52629.5 16839.1 16237.1 35790.4 5372.34 690.513 356.868 191.654 16017.9 15153.6 30418 23554.6 18473.1
internal_count=236454 230717 75249 72469 155468 23818 3017 1581 832 71526 67585 131650 101786 79921
is_linear=0
shrinkage=0.03


Tree=159
num_leaves=15
num_cat=0
split_feature=23 24 39 38 40 39 35 40 39 19 19 35 40 43
split_gain=28.213 35.3692 34.0229 82.8984 68.7417 46.0759 90.3601 85.1246 70.775 102.094 53.7368 74.3462 52.6329 52.626
threshold=0.064586133738958176 0.0084311929234925104 -1.1929641045859751 0.22796957868653941 -1.4717421129516608 -0.49569516541271452 -1.5893740440610307 -0.10329877603325589 0.56671174989489226 2.8240374434321729 0.25204093353506157 -1.3710502322534033 -0.37803808839410308 0.95000000000000007
decision_type=8 8 10 8 10 10 10 10 10 2 2 10 10 8
left_child=2 -2 3 -1 -4 6 -6 8 9 -7 -9 -12 13 -11
right_child=1 -3 4 -5 5 7 -8 10 -10 12 11 -13 -14 -15
leaf_value=-0.0012109988773695674 0.019889810081912492 0.0027607710544785492 0.011121255863650731 -0.014030213152432658 0.011087096430379143 -0.0035319994601549346 0.00091756105729661299 0.0020613197256691353 -0.011412692310516831 0.020171045928575066 -0.012116147500855587 -0.00033629335678720215 -0.00040825896459121457 0.0020153397216045128
leaf_weight=4526.9878498613834 112.58378845453262 992.63746571540833 493.37911461293697 494.96311521530151 855.98895163834095 7096.7810271531343 8580.2533876895905 10159.59274238348 813.78453882038593 324.79575243592262 485.35564708709717 18180.638146847486 574.41752944886684 255.99537667632103
leaf_count=19892 471 4276 2115 2302 3610 30711 36929 43948 3674 1411 2265 81701 2507 1109
internal_value=-5.374e-05 0.00466833 -0.000153368 -0.00249983 9.35188e-05 -2.37679e-05 0.00185083 -0.000490972 -0.00302477 -0.00218476 0.00030669 -0.000648918 0.00605098 0.0123381
internal_weight=53948.2 1105.22 52842.9 5021.95 47821 47327.6 9436.24 37891.4 9065.77 8251.99 28825.6 18666 1155.21 580.791
internal_count=236921 4747 232174 22194 209980 207865 40539 167326 39412 35738 127914 83966 5027 2520
is_linear=0
shrinkage=0.03


Tree=160
num_leaves=15
num_cat=2
split_feature=44 46 10 45 12 11 9 11 1 12 46 1 30 12
split_gain=24.5907 70.9602 37.995 65.7869 62.118 50.169 41.4214 40.0121 46.1695 35.264 34.3134 38.988 55.891 31.7072
threshold=-0.0020242792535779502 0 -0.84280811379089537 0.74908634428331589 0.030300343105986026 -0.49200389876630002 -1.0053610744491566 0.4049016383298894 0.020346186321557134 0.0051992632061326977 1 0.0045340069709821976 2.5000000000000004 0.01078910291035204
decision_type=10 1 10 8 2 8 8 10 10 2 1 8 2 2
left_child=10 2 3 -2 5 -5 -7 8 -4 -3 -1 12 -12 -13
right_child=1 9 7 4 -6 6 -8 -9 -10 -11 11 13 -14 -15
leaf_value=-0.00061222976344814026 -0.023298479375235708 0.0083188644566171907 0.0032810337978299215 -0.0019326684233375397 -0.014999469377018062 -0.0046045359925954276 0.016275685631495649 -0.00025272199158041372 0.013276605401085441 -0.001864679698489449 0.0039166547742208188 0.0046926435123671988 -0.012648175623298936 0.0012411198472429556
leaf_weight=10671.34038670361 115.10710157454014 301.91382077336311 3965.1156732439995 1027.1557835042477 225.92745462059975 114.28513410687447 290.65888287127018 2772.6469841897488 456.83964549005032 17044.809423387051 327.18178649246693 2917.3271263539791 396.45143969357014 13261.523753151298
leaf_count=46568 514 1327 17053 4441 1023 496 1227 12198 1964 75522 1435 12932 1848 58118
internal_value=9.34361e-05 -0.000562466 0.00160223 -0.00232002 -0.000732668 0.00160646 0.0104138 0.00257298 0.00434132 -0.00168178 0.000719358 0.00155936 -0.00520729 0.001866
internal_weight=53888.3 26314.5 8967.74 1773.13 1658.03 1432.1 404.944 7194.6 4421.96 17346.7 27573.8 16902.5 723.633 16178.9
internal_count=236666 115765 38916 7701 7187 6164 1723 31215 19017 76849 120901 74333 3283 71050
cat_boundaries=0 1 2
cat_threshold=720 912
is_linear=0
shrinkage=0.03


Tree=161
num_leaves=15
num_cat=0
split_feature=2 0 9 44 12 0 39 30 38 39 11 43 30 0
split_gain=27.027 36.1707 33.8655 34.3246 27.608 26.7532 25.5701 44.7901 26.1576 26.0494 47.5186 40.1548 39.5059 61.471
threshold=0.37335188355977628 0.0019853556166209503 -0.40286357230075592 0.0088879476694343536 0.0098586510510366137 0.0038640785037335084 2.1360955966638504 1.0000000180025095e-35 0.17186031147582934 0.93687248228760756 1.5713669345142782 0.95000000000000007 2.5000000000000004 0.0088944274076753187
decision_type=8 8 8 10 2 10 10 2 10 8 10 10 2 8
left_child=1 -1 4 5 -3 -4 9 -8 -9 -2 12 -12 -11 -14
right_child=6 2 3 -5 -6 -7 7 8 -10 10 11 -13 13 -15
leaf_value=-0.0065847738662501874 -6.4777990691310014e-05 0.022469453794977372 -0.0020592844248028472 -0.010070743661986598 0.0068209056270283185 0.010179180092421036 -0.0089515687197534305 0.015958747404760505 0.0040232407800824977 -0.00036485823607819944 0.0051290017338561193 -0.0074173247796727182 -0.0092236843367117793 -0.0017673826049050473
leaf_weight=245.72089467942715 42190.22921808064 147.9135897308588 271.21281613409519 159.38890613615513 324.84399592876434 374.69674807786942 194.39780935645103 198.98955288529396 849.69976653158665 3223.0345784425735 1280.1785217225552 270.07700724899769 1668.3404176384211 2459.4511780589819
leaf_count=1076 183394 621 1169 681 1354 1569 858 852 3827 14355 5669 1217 8095 11791
internal_value=-0.000157324 0.00376798 0.00579408 0.00200041 0.012081 0.00508729 -0.000272311 0.00396166 0.00641736 -0.000376082 -0.0018499 0.00290972 -0.00285628 -0.00479602
internal_weight=53858.2 1523.78 1278.06 805.298 472.758 645.91 52334.4 1243.09 1048.69 51091.3 8901.08 1550.26 7350.83 4127.79
internal_count=236528 6470 5394 3419 1975 2738 230058 5537 4679 224521 41127 6886 34241 19886
is_linear=0
shrinkage=0.03


Tree=162
num_leaves=15
num_cat=1
split_feature=46 10 1 11 10 1 11 12 30 2 30 1 30 2
split_gain=24.2654 42.0712 47.353 39.175 48.4909 53.0953 50.4596 45.6037 51.7938 50.4727 42.9396 42.2068 43.4732 71.0671
threshold=0 -1.3460112815095653 0.021546907035832483 0.57119316807658882 0.032464256548143333 0.010262827801882144 -0.15997268897982858 0.012171894166784476 3.5000000000000004 1.10586807013985 1.5000000000000002 0.0074148934542072669 1.5000000000000002 0.81884478336132893
decision_type=1 10 10 10 10 10 10 2 2 10 2 10 2 8
left_child=1 2 -1 4 5 7 -6 8 -3 -9 -11 -5 13 -13
right_child=-2 3 -4 11 6 -7 -8 9 -10 10 -12 12 -14 -15
leaf_value=-0.0018709671155241611 -0.00054213565521889424 0.0049963330367821237 -0.017161943497974411 -0.011038706447642922 0.0073842681770207698 0.0026391363644202425 0.0015190394313376427 -0.0099222048444708964 -0.0042822023894561441 -0.010399655842676485 0.0051817423037740003 0.012028437744718191 -0.002172745238411359 -0.0014327151712962174
leaf_weight=1571.9252237826586 32500.068255603313 1214.8202396631241 196.73581545054913 345.63209919631481 2458.1347621530294 5123.6715472340584 2852.4409076273441 1007.9879914671183 960.76373057067394 219.5086936801672 509.53382115066051 581.37710107862949 3434.2206771969795 871.01617529988289
leaf_count=6832 144153 5172 895 1542 10543 21951 12515 4341 4137 942 2170 2434 15086 3787
internal_value=-2.61217e-05 0.000759248 -0.00365877 0.0011604 0.00197043 0.000631823 0.00424269 -0.00199683 0.000897977 -0.00560689 0.000413074 -0.00106024 -0.000333356 0.00400104
internal_weight=53847.8 21347.8 1768.66 19579.1 14346.9 9036.29 5310.58 3912.61 2175.58 1737.03 729.043 5232.25 4886.61 1452.39
internal_count=236500 92347 7727 84620 61771 38713 23058 16762 9309 7453 3112 22849 21307 6221
cat_boundaries=0 1
cat_threshold=624
is_linear=0
shrinkage=0.03


Tree=163
num_leaves=15
num_cat=1
split_feature=7 1 36 38 36 39 1 36 45 20 46 10 43 14
split_gain=31.2536 99.0762 55.7955 40.5521 75.0105 84.0299 59.7196 51.8729 39.3589 67.0889 41.6443 41.6003 42.5891 37.9428
threshold=-0.74548600137883325 0.017206827580497627 -1.5597693486653632 0.12253565796682132 -0.82507542405983569 -1.0738947517226278 0.012701597206060707 1.1393891725500274 1.107157817473543 -0.55660496655440439 0 0.73768715242188587 0.95000000000000007 0.78947368421052599
decision_type=8 8 8 8 8 8 8 10 8 10 1 10 10 8
left_child=1 2 -1 13 -5 -6 8 -8 -7 -10 -11 -12 -13 -2
right_child=3 -3 -4 4 5 6 7 -9 9 10 11 12 -14 -15
leaf_value=0.0045322304573902801 0.0019226605415193052 -0.0077338761787965555 -0.00125048374664135 -0.0097602933822851339 -0.0091376212409166636 -4.3808724080478266e-05 0.0034202800297561697 -0.0026707653920826193 0.01370139905348837 0.0063647092912746984 -0.0085321568989824709 0.0028529475148440552 -0.014457699201295722 -0.0023613248515413476
leaf_weight=1881.3846281766891 17569.713881090283 1803.6005942374468 7278.3256724178791 732.99189165234566 874.05645954608917 10191.085597172379 6775.1229825913906 1536.9777321666479 174.34748294949532 252.40065117180347 1875.2038201391697 668.06936922669411 147.66154941916466 2072.4230827838182
leaf_count=7989 75975 8208 31481 3319 3960 46089 29511 6937 740 1113 8291 3019 678 9148
internal_value=0.000101089 -0.00132758 -5.90795e-05 0.00046667 -0.000381777 -7.19787e-05 0.000298569 0.00229214 -0.000947318 -0.00389113 -0.00497608 -0.00606056 -0.000417723 0.00146969
internal_weight=53833.4 10963.3 9159.71 42870.1 23227.9 22494.9 21620.9 8312.1 13308.8 3117.68 2943.34 2690.93 815.731 19642.1
internal_count=236458 47678 39470 188780 103657 100338 96378 36448 59930 13841 13101 11988 3697 85123
cat_boundaries=0 1
cat_threshold=18
is_linear=0
shrinkage=0.03


Tree=164
num_leaves=15
num_cat=0
split_feature=39 11 37 37 1 33 36 40 20 2 36 40 39 37
split_gain=29.0159 98.3761 84.1774 45.25 68.477 44.2811 40.9999 39.8178 35.4949 40.4307 32.1102 83.5997 44.4754 65.289
threshold=-1.803152513603415 -0.91775354655715802 -2.284178335761283 -1.9169856374564767 0.017663982984051793 -0.34336409745270324 -1.0768158669421735 -1.9491247540910772 -1.2814671814928065 1.3962112780118843 -0.2795919952240164 -1.2215412720843022 -1.2368476687161232 -1.279992707317583
decision_type=10 8 10 10 10 10 10 10 8 10 10 10 10 10
left_child=1 2 -1 4 8 6 -4 -3 9 -2 -5 -12 13 -13
right_child=3 7 5 10 -6 -7 -8 -9 -10 -11 11 12 -14 -15
leaf_value=-0.010558846215088744 -0.011484177400641466 -0.0037713465614813541 0.0070093815234912689 -0.0013146303374280582 -0.011431550627442725 -0.00072181036151616642 0.034422412537965394 -0.019766075199393131 0.01161159034224782 0.011052356201517791 0.006854155448347176 0.011859281312628513 0.00013512313710163776 -0.011794580645790784
leaf_weight=197.65448360145092 143.08050034940243 242.19521497189999 97.648249164223671 16082.391836181283 173.49269579350948 119.11987362802029 103.73417949676514 341.75205059349537 792.23030896484852 124.73558282852173 1659.7272042632103 120.01778510212898 33040.201974332333 564.47151452302933
leaf_count=905 599 1068 436 70665 796 512 445 1570 3300 521 7142 523 145274 2567
internal_value=-0.000168182 -0.00496367 0.00451336 -6.69728e-05 0.00558785 0.0138467 0.0220905 -0.0133074 0.00845413 -0.000967755 -0.000203565 0.000301649 -2.27625e-05 -0.00753609
internal_weight=53802.5 1102.1 518.157 52700.3 1233.54 320.502 201.382 583.947 1060.05 267.816 51466.8 35384.4 33724.7 684.489
internal_count=236323 4936 2298 231387 5216 1393 881 2638 4420 1120 226171 155506 148364 3090
is_linear=0
shrinkage=0.03


Tree=165
num_leaves=15
num_cat=0
split_feature=9 15 38 39 19 2 40 11 41 19 16 45 1 11
split_gain=33.0274 76.5974 49.8364 43.5561 56.6812 29.7782 24.1107 100.963 102.218 43.4095 78.9314 53.2815 50.7069 47.4903
threshold=-1.624438471537297 0.1914893617021283 -2.9303608724780625 -1.0559787094162867 -7.0917947096868552 1.1315878330214677 -1.7429079314650811 -0.91775354655715802 0.35000000000000003 -5.6038527929797137 0.094594594594594725 1.2226832905500911 0.012643045824730295 -0.77758387567879839
decision_type=8 8 8 10 2 10 8 8 2 2 8 10 10 10
left_child=1 3 -2 4 -1 -6 7 -4 -9 10 11 -8 -13 -12
right_child=2 -3 6 -5 5 -7 9 8 -10 -11 13 12 -14 -15
leaf_value=-0.0021895342342435962 0.018117627086888865 0.010214525990473775 0.018274654880683892 0.0037589542855273415 -0.021712377298628925 -0.0080527439896225343 -0.00031141329607149021 -0.0091898611791753175 0.021735223176067166 0.00030726725741700818 -0.0079069514198704949 0.029135574469644494 0.0043438387984807295 0.0017108614877106138
leaf_weight=525.99333429336548 128.95635895431042 272.69866056740284 317.06100191175938 272.28806148469448 327.68411464989185 281.74721470475197 1208.6902318298817 444.54948364198208 112.13502985239029 46769.538472875953 2170.4444277435541 107.46921090781689 213.75752206146717 582.29495997726917
leaf_count=2373 543 1185 1337 1175 1506 1265 5192 1910 464 205608 9627 440 910 2521
internal_value=4.14402e-05 -0.00408547 0.000175422 -0.00690814 -0.00947672 -0.0156293 0.000127384 0.00504027 -0.00268688 4.23301e-05 -0.00284494 0.00260727 0.0132673 -0.00587364
internal_weight=53735.3 1680.41 52054.9 1407.71 1135.42 609.431 51925.9 873.746 556.685 51052.2 4282.66 1529.92 321.227 2752.74
internal_count=236056 7504 228552 6319 5144 2771 228009 3711 2374 224298 18690 6542 1350 12148
is_linear=0
shrinkage=0.03


Tree=166
num_leaves=15
num_cat=0
split_feature=38 39 11 11 30 35 7 30 41 11 1 40 40 30
split_gain=32.6998 29.466 60.1146 65.9155 29.7448 36.311 28.8967 36.6014 68.4081 41.1059 31.8119 30.8573 33.8818 55.5278
threshold=2.4351927170351155 1.9599887713377362 -0.1273756794031822 2.029749964309405 1.0000000180025095e-35 0.83818655249073004 1.3037140880886102 1.5000000000000002 0.65000000000000002 -0.43407399619699055 0.024068757011864266 2.5448187236036062 1.6870672059675229 4.5000000000000009
decision_type=8 10 10 10 2 8 8 2 2 10 8 10 10 2
left_child=1 6 -3 4 5 -4 11 8 -8 -10 -9 12 -1 -14
right_child=-2 2 3 -5 -6 -7 7 10 9 -11 -12 -13 13 -15
leaf_value=0.00013947185875048598 -0.0062517010783415894 0.024111793147738286 -0.021505346947499115 0.019567881730906723 0.0020744334209835675 0.0016391031460236802 -0.0087038243027283014 -0.0057772888873386836 0.017123528234811943 0.0022751048991347987 0.0064256197091055872 0.012007391102004855 -0.0084652798436390606 0.0047555257166606284
leaf_weight=46105.044454708695 759.5862949192524 112.90635323524475 107.10341182351112 165.91525067389011 1136.8873025625944 124.6274057328701 393.4561151266098 2297.7787026911974 220.29753249883652 632.86875168979168 201.5550352782011 183.43621708452702 972.34926788508892 395.72608257830143
leaf_count=200530 3839 502 466 698 5103 568 1764 10771 962 2826 896 868 4707 1911
internal_value=-0.000112131 -2.30608e-05 0.00391401 0.00228143 5.90882e-05 -0.00950512 -0.00014998 -0.00268343 0.0015076 0.0062631 -0.00477152 4.96783e-05 9.54662e-07 -0.0046343
internal_weight=53809.5 53050 1647.44 1534.53 1368.62 231.731 51402.5 3745.96 1246.62 853.166 2499.33 47656.6 47473.1 1368.08
internal_count=236411 232572 7337 6835 6137 1034 225235 17219 5552 3788 11667 208016 207148 6618
is_linear=0
shrinkage=0.03


Tree=167
num_leaves=15
num_cat=0
split_feature=34 40 39 11 30 38 40 30 35 1 40 38 36 16
split_gain=25.586 48.1784 76.7575 47.7626 52.304 46.3193 64.2504 49.6067 49.503 52.9482 59.87 60.1834 48.5308 44.5808
threshold=-0.15367655600746669 -1.7429079314650811 -1.803152513603415 -0.27244711471949573 3.5000000000000004 -1.3963147451623739 -0.83511014815347095 5.5000000000000009 1.5887278257402191 0.012643045824730295 -0.0078337144194411228 1.2160474879697192 0.55101741447764929 0.28343495941358582
decision_type=10 10 10 8 2 10 10 2 10 8 10 10 10 8
left_child=-1 3 -3 4 -2 6 -4 13 9 12 -11 -12 -9 -7
right_child=1 2 5 -5 -6 7 -8 8 -10 10 11 -13 -14 -15
leaf_value=-0.00073930119953418577 0.025676342371940102 -0.021352264630391311 -0.00063933500998291282 -0.0076368382739655698 0.0041776148439866536 -0.0023666010109197944 0.01358205525652866 0.0021110462045881855 0.020013330584616931 0.00026821434673205205 0.014136786572549975 -0.0084288618266562497 -0.0074186254179724603 0.00052038414930585743
leaf_weight=21029.251488611102 183.62228965759277 134.6346413642168 569.36388702690601 107.65715551376343 224.83703936636448 6328.7429409772158 562.57674030959606 2223.1058795154095 142.1356814801693 747.73437577486038 879.34478479623795 114.14267264306545 602.97488857805729 20002.787699267268
leaf_count=92218 774 638 2421 459 942 27631 2358 9725 663 3226 3798 524 2722 88514
internal_value=7.74499e-05 0.000600786 0.000453994 0.00960632 0.014225 0.000551854 0.00648577 0.000333448 0.00316581 0.00259893 0.0066978 0.011486 5.8799e-05 -0.000174133
internal_weight=53852.9 32823.7 32307.5 516.116 408.459 32172.9 1131.94 31041 4709.44 4567.3 1741.22 993.487 2826.08 26331.5
internal_count=236613 144395 142220 2175 1716 141582 4779 136803 20658 19995 7548 4322 12447 116145
is_linear=0
shrinkage=0.03


Tree=168
num_leaves=15
num_cat=0
split_feature=32 38 39 38 39 35 40 40 30 18 15 40 40 38
split_gain=31.6343 32.3627 34.6051 69.0557 52.73 59.4444 54.8714 73.7822 76.534 55.2892 50.0837 45.7294 50.0956 47.4399
threshold=-0.19069274966621272 -2.6065503240709633 -1.0738947517226278 0.15609581703962142 -0.5187481499629113 -1.5893740440610307 -0.19025226700914113 0.15883496572283429 2.5000000000000004 -0.38694599699660681 0.14211983355288973 -0.10329877603325589 -1.1988883172274047 -0.93662088649887199
decision_type=10 10 10 10 10 10 10 10 2 2 10 10 10 10
left_child=-1 -2 3 10 5 -4 -7 -8 -9 -10 -3 12 -6 -14
right_child=1 2 4 -5 11 6 7 8 9 -11 -12 -13 13 -15
leaf_value=-0.0009088312435131565 0.01417061867199597 -0.0058840504042370701 0.016814086922836782 -0.01165712703506711 0.014550974308729253 0.0044152119028908216 -0.010850822055633473 -0.0098744873877076641 0.027542519767159133 -0.0018221274588579048 0.002550311458825982 0.0010011542677672307 -0.009185833162365346 -0.0013647479100941495
leaf_weight=20066.914168849587 147.32659901678562 958.86605490744114 281.3231402784586 581.73786628246307 150.13239446282387 3840.8844493329525 534.35104686021805 154.48418115079403 144.69448260962963 90.165563359856606 1821.3947570174932 19223.656220912933 803.14426045119762 4968.9527307450771
leaf_count=88480 616 4223 1175 2662 648 16403 2318 667 609 400 7903 85084 3462 21573
internal_value=3.39232e-05 0.000595378 0.000531568 -0.00235119 0.000853248 0.00364883 0.0028379 -0.00369788 0.00614499 0.0166551 -0.000369223 0.000291046 -0.00201178 -0.002467
internal_weight=53768 33701.1 33553.8 3362 30191.8 5045.9 4764.58 923.695 389.344 234.86 2780.26 25145.9 5922.23 5772.1
internal_count=236223 147743 147127 14788 132339 21572 20397 3994 1676 1009 12126 110767 25683 25035
is_linear=0
shrinkage=0.03


Tree=169
num_leaves=15
num_cat=1
split_feature=30 15 9 0 11 36 8 21 7 36 30 46 11 37
split_gain=24.0573 60.4494 129.05 50.1549 49.8763 47.5755 47.1061 59.4819 46.6454 46.3531 44.9446 43.31 51.1841 39.3139
threshold=3.5000000000000004 0.22470701251379452 -0.7787368138952796 0.0091138812540503059 -1.6323180237845316 -0.085426179730152499 0.36009518114644828 -0.49696027205862731 0.79414067889541495 0.26327293131087359 5.5000000000000009 0 0.44196332934185162 -1.0890162926216673
decision_type=2 10 8 10 8 10 10 10 8 8 2 1 8 10
left_child=6 2 4 -3 -2 -5 8 -8 -1 -10 13 -6 -13 -7
right_child=1 3 -4 5 11 10 7 -9 9 -11 -12 12 -14 -15
leaf_value=0.00011974253469294557 -0.013899745528395653 -0.0029751427895659244 0.0095047802268957478 -0.0025748724065604092 -0.0046155630870487099 0.013124174046071427 0.0066101189068151021 0.0010700730873374796 -0.01411109383593967 -0.001782290476268525 0.0062882200892689453 0.0048453673669016347 -0.011918446953778025 -0.00048502447677730456
leaf_weight=19091.414219394326 244.53563073277473 9421.3433775156736 1521.5295414030552 3465.9047371000051 1092.1539816707373 191.37563164532185 2190.1419397294521 8444.4053742438555 401.74027612805367 833.76320539414883 1514.6785220205784 1491.3314874023199 174.42007957398891 3712.9418961405754
leaf_count=82780 1086 42072 6408 15541 4722 807 9435 37444 1741 3673 6654 6391 755 16870
internal_value=5.4656e-05 -0.000684002 0.00241778 -0.00145144 -0.00119328 0.000165789 0.000599369 0.00221616 -0.00024717 -0.00587227 0.00192019 -2.04903e-05 0.00301142 0.000213874
internal_weight=53791.7 22830.2 4523.97 18306.2 3002.44 8884.9 30961.5 10634.5 20326.9 1235.5 5419 2757.91 1665.75 3904.32
internal_count=236379 101306 19362 81944 12954 39872 135073 46879 88194 5414 24331 11868 7146 17677
cat_boundaries=0 1
cat_threshold=833
is_linear=0
shrinkage=0.03


Tree=170
num_leaves=15
num_cat=0
split_feature=2 15 1 44 9 38 1 15 39 15 3 39 39 11
split_gain=29.1509 66.485 41.9705 40.6643 32.6279 33.4781 46.3465 31.665 26.9035 25.4101 25.203 24.7178 44.3703 62.4232
threshold=0.42331143839496865 0.25810906110624027 0.011589998904236403 0.0066260048505347195 -1.8385615844170915 -2.6065503240709633 0.015950055880905794 0.18823383928643764 -0.22554161254589913 0.37057788348927606 -3.1012000306085721 2.1360955966638504 1.076180794366749 1.6665900934903779
decision_type=8 8 10 10 8 8 10 8 10 10 8 10 8 10
left_child=1 8 -3 9 7 6 -6 -2 -1 -4 -7 12 -12 -14
right_child=4 2 3 -5 5 10 -8 -9 -10 -11 11 -13 13 -15
leaf_value=0.0075398656703538122 -0.0084323607733469731 -0.0039640512873442236 -0.0019453270330421243 -0.0056084923893131786 0.015855056433903433 0.0075187523227396814 -0.0080948166356983094 0.0095397403919624205 0.022124068779003022 0.010510279907132238 1.4419587734759792e-05 0.0039421805055673848 -0.0037269776600839162 0.0040302814667431217
leaf_weight=390.51658202707767 697.99485501646996 981.62135168910027 186.18487393856049 262.87095741927624 244.25884898006916 367.98392273485661 94.640286445617676 92.34902136027813 162.6647282242775 649.97460520267487 41347.35053896904 1220.3198216706514 6079.7878807485104 1094.1678139567375
leaf_count=1632 3184 4281 787 1118 1003 1605 436 402 679 2737 180142 5432 28466 4835
internal_value=-7.11516e-05 0.00300077 0.00052311 0.00453052 -0.000229612 -0.000134243 0.00912655 -0.00623942 0.0121451 0.00774662 -0.000198683 -0.000257276 -0.000363684 -0.00253988
internal_weight=53872.7 2633.83 2080.65 1099.03 51238.9 50448.5 338.899 790.344 553.181 836.159 50109.6 49741.6 48521.3 7173.96
internal_count=236739 11234 8923 4642 225505 221919 1439 3586 2311 3524 220480 218875 213443 33301
is_linear=0
shrinkage=0.03


Tree=171
num_leaves=15
num_cat=0
split_feature=16 39 39 2 15 9 23 19 9 1 9 19 7 16
split_gain=28.264 52.0873 67.0529 45.0179 37.8271 63.429 35.7234 34.7979 83.5473 66.9854 46.8627 37.861 74.338 61.5696
threshold=0.10638838318563694 -1.0378702006561367 -0.030535922663856574 1.624298959478548 0.10688488330440997 -1.0207797847028848 0.052552455893620516 -4.7037714904691681 -1.1190534957148743 0.015739647358893626 0.60562854484225437 -0.65008575834535176 -0.80093068133492085 0.31173926192634011
decision_type=10 10 10 10 10 10 8 2 10 10 10 2 10 10
left_child=1 6 3 -3 5 -2 -1 8 9 -6 -10 13 -13 -9
right_child=4 2 -4 -5 7 -7 -8 11 10 -11 -12 12 -14 -15
leaf_value=-0.0020687497711516572 -0.0095789510242590952 0.0095855404779776193 -0.003437605236881153 -0.01037218521163486 0.0080863995393923999 0.0022919652281287858 0.014404511060199698 -0.00027989071696874379 -0.0056527289068935959 -0.0061513190590097204 0.014818179276519324 -0.0054485920140426511 0.00012571451206110017 0.0035029916466506172
leaf_weight=1932.3968681097031 947.11379563808441 1646.1174241304398 566.11017388105392 100.3714991658926 963.47474017739296 696.81343358755112 116.22124442458153 8219.7425754666328 3178.4952058941126 419.65714597702026 94.565017521381378 2343.878900423646 25242.770421087742 7308.9063581228256
leaf_count=8531 4155 6929 2406 421 4177 2980 493 35631 13944 1902 410 10353 112563 31432
internal_value=0.000101138 0.00241337 0.00548934 0.00838604 -0.000103378 -0.00456378 -0.00106876 5.10379e-05 -0.00240995 0.00375338 -0.00501795 0.000317307 -0.000349705 0.00150172
internal_weight=53776.6 4361.22 2312.6 1746.49 49415.4 1643.93 2048.62 47771.5 4656.19 1383.13 3273.06 43115.3 27586.6 15528.6
internal_count=236327 18780 9756 7350 217547 7135 9024 210412 20433 6079 14354 189979 122916 67063
is_linear=0
shrinkage=0.03


Tree=172
num_leaves=15
num_cat=1
split_feature=34 40 39 39 39 30 2 41 13 46 12 45 36 45
split_gain=26.9443 39.8262 72.0691 65.6573 103.742 63.8644 98.5454 62.0385 54.057 51.5847 77.219 51.4969 46.5462 47.6402
threshold=1.808794005741811 0.41210572229896647 0.30035486577586384 0.81185631633787458 1.3241533278196427 2.5000000000000004 1.0055762081402242 0.95000000000000007 40.48630867914229 0 0.0099479052797879445 1.5607679488264727 0.69412137423741926 1.0681028229277478
decision_type=8 10 10 10 10 2 8 2 8 1 2 8 10 10
left_child=1 3 -3 -1 -5 6 7 12 -7 10 -10 -11 13 -4
right_child=-2 2 5 4 -6 8 -8 -9 9 11 -12 -13 -14 -15
leaf_value=-0.00020259093652731587 -0.0034641487778818321 0.0054437066749691886 0.002316735697413936 -0.010420681644978867 0.0049424688635846372 -0.011518647862342711 -0.0017418081043772834 0.013960358897824482 -0.0096973635870790734 -0.0018683222876583838 0.0047441452537589938 -0.0168590314637048 -0.0034537027287022794 0.011498847313932355
leaf_weight=32587.857726201415 2006.3611754775047 3023.5684138536453 1264.626086935401 1340.6888768672943 552.39309985935688 434.40509404242039 2537.4467833191156 700.28353157639503 380.61601789295673 5067.8816879987717 2273.7223629206419 205.27199345827103 588.01810298860073 848.12336833775043
leaf_count=141321 9367 12969 5422 6129 2463 1955 11302 2975 1781 23465 10322 907 2524 3578
internal_value=-6.1796e-05 7.06174e-05 0.00124372 -0.000518963 -0.00593537 0.00035252 0.00272904 0.00605996 -0.00133649 -0.000764729 0.00263481 -0.00247799 0.00396752 0.00603953
internal_weight=53811.3 51804.9 17324 34480.9 1893.08 14300.4 5938.5 3401.05 8361.9 7927.49 2654.34 5273.15 2700.77 2112.75
internal_count=236480 227113 77200 149913 8592 64231 25801 14499 38430 36475 12103 24372 11524 9000
cat_boundaries=0 1
cat_threshold=52
is_linear=0
shrinkage=0.03


Tree=173
num_leaves=15
num_cat=0
split_feature=6 39 16 17 10 16 2 30 37 2 34 8 1 2
split_gain=25.259 32.0386 29.0121 43.5797 41.2867 34.9476 30.4461 29.6002 89.3172 76.1063 64.6679 63.6528 59.782 53.4283
threshold=1.7515906354602111 -0.49569516541271452 0.8592520716370875 0.32663545328421778 1.958171133354899 0.70433791423252778 0.4786537057649573 3.5000000000000004 0.39893679730922771 1.018281365298487 -1.1611119964438392 0.27083946543950715 0.0053105644832712922 0.77582481447931528
decision_type=8 10 10 2 10 10 10 2 10 8 8 10 8 10
left_child=2 -2 4 -4 7 -6 -5 11 9 10 -9 -1 -10 -13
right_child=1 -3 3 6 5 -7 -8 8 12 -11 -12 13 -14 -15
leaf_value=-0.00030543892049489493 0.0084070933835359903 -0.0042369370468969851 0.0077043968866605571 -0.011220671389489052 0.0056654194685901178 -0.014823908934241355 0.0014302406827848338 -0.010479445277405927 -0.01574145964877139 0.0040855523517069146 -0.00032499351969754231 0.0063283395762891081 -0.0032260335494494457 0.0011310291907818768
leaf_weight=18357.05995374918 188.8252642005682 2004.686635479331 1049.6768257021904 168.66068725287914 94.043464243412018 288.28448383510113 4125.645589902997 589.69924159348011 358.31041640043259 3719.8881613314152 9614.1360673308372 2701.0584539175034 5327.6924653947353 5200.9788547903299
leaf_count=79627 840 9563 4615 751 398 1260 18737 2605 1712 16084 41521 11511 24383 22767
internal_value=3.02403e-05 -0.00311528 0.000164547 0.00225523 -7.74516e-05 -0.00976808 0.000908457 5.43367e-06 -0.000876208 0.000418148 -0.000921524 0.000663908 -0.00404096 0.00291332
internal_weight=53788.6 2193.51 51595.1 5343.98 46251.2 382.328 4294.31 45868.8 19609.7 13923.7 10203.8 26259.1 5686 7902.04
internal_count=236374 10403 225971 24103 201868 1658 19488 200210 86305 60210 44126 113905 26095 34278
is_linear=0
shrinkage=0.03


Tree=174
num_leaves=15
num_cat=0
split_feature=38 40 39 39 37 40 35 45 32 40 39 38 37 39
split_gain=26.0533 104.067 115.325 92.8571 78.786 59.7439 54.3968 46.4817 45.423 45.4388 98.3942 74.8797 71.5344 61.0989
threshold=0.4052115912833078 -0.58166541068976751 -0.42823457387447467 -1.2113195412087638 1.9630878316870641 -0.19863193021354822 -0.67640617265540703 1.7064686704748417 2.3323833576742294 -0.060167525232830039 0.41545778425267871 -0.82582606571283668 -0.91897746177833295 0.64165296614913714
decision_type=8 8 8 10 10 8 8 10 10 10 10 10 10 10
left_child=4 3 -3 -2 8 -4 -7 -8 9 13 11 -11 -12 -1
right_child=1 2 5 -5 -6 6 7 -9 -10 10 12 -13 -14 -15
leaf_value=-0.00038459956123024696 -0.0097526610519295138 -0.0098901033739537784 -0.0085407363010520741 0.012032111736891445 0.024222604688620846 -0.0075007155844983358 0.00038785608692315965 -0.012773139332252293 0.010877939990827997 0.010885155000618157 -0.012386102276724629 0.0026448258917426584 -0.00013367104995018518 -0.0096594051583615698
leaf_weight=19770.313980981708 210.27325907349586 1368.610112965107 839.87985201179981 901.10176905989647 114.87721221148968 885.69314624369144 12859.326877832413 236.13718473911285 355.30118854343891 1172.0794798433781 444.31883113086224 6267.910301476717 7656.5783590972424 650.64969310164452
leaf_count=85536 1004 6077 3739 3857 515 4089 58155 1039 1552 4973 2027 26823 33826 2963
internal_value=-2.08614e-05 -0.000979134 -0.00159041 0.0078602 0.000434352 -0.000817841 -0.000348137 0.000140972 0.000352458 0.000245472 0.00146738 0.00395586 -0.000820136 -0.000684695
internal_weight=53733.1 17301 16189.6 1111.38 36432 14821 13981.2 13095.5 36317.2 35961.9 15540.9 7439.99 8100.9 20421
internal_count=236175 77960 73099 4861 158215 67022 63283 59194 157700 156148 67649 31796 35853 88499
is_linear=0
shrinkage=0.03


Tree=175
num_leaves=15
num_cat=1
split_feature=24 12 9 19 40 13 46 11 45 44 45 10 38 11
split_gain=26.5142 31.9327 43.6219 31.0731 47.202 54.2867 31.4403 37.2931 41.6674 36.8268 38.1185 36.8215 33.6509 31.4257
threshold=-0.0066537769831162821 0.033404000373913043 1.743232816502791 -5.454417602712426 -1.6830330995217275 35.76229400586373 0 0.87865675534981402 1.4997810945756154 -0.005351854053950565 1.5607679488264727 0.25677085087399104 -1.4635819411174202 1.5713669345142782
decision_type=10 2 8 2 10 10 1 10 10 10 8 10 10 10
left_child=1 -1 -3 4 5 -2 7 8 11 10 12 -5 -8 -9
right_child=3 2 -4 6 -6 -7 9 13 -10 -11 -12 -13 -14 -15
leaf_value=0.0011860987769686121 -0.0044873786584216568 -0.0045414578428727972 0.011514796646731978 0.00017478823277286814 -0.0046716099181815414 0.012874010419658731 0.01089228932861146 -0.0048465046763345992 0.014400688747023818 -0.0021229234361393652 -0.013223025805737252 0.0041936927494677541 0.00052211991737894552 0.0022126575549591032
leaf_weight=17816.057024717331 314.66830727458 1602.201046064496 158.60481484234333 6427.9241073429585 3110.3980490863323 316.10260656476021 283.68995976448059 1597.8106887936592 219.49792160093784 11181.966391429305 165.04928730428219 3004.3880800902843 6893.776435315609 869.90999960899353
leaf_count=77365 1407 7241 675 27663 13751 1337 1225 7050 922 50044 714 13187 30890 3723
internal_value=-7.62856e-05 0.000804783 -0.00303833 -0.000578001 -0.00315527 0.00427819 -0.00026243 0.000924772 0.00176692 -0.00103917 0.000610522 0.00145798 0.000946586 -0.00235915
internal_weight=53962 19576.9 1760.81 34385.2 3741.17 630.771 30644 12119.5 9651.81 18524.5 7342.52 9432.31 7177.47 2467.72
internal_count=237194 85281 7916 151913 16495 2744 135418 52545 41772 82873 32829 40850 32115 10773
cat_boundaries=0 1
cat_threshold=624
is_linear=0
shrinkage=0.03


Tree=176
num_leaves=15
num_cat=0
split_feature=32 34 38 33 40 37 40 15 36 10 11 38 20 30
split_gain=28.0813 27.2126 39.0615 27.5129 27.4435 59.9964 51.1528 73.1833 68.4332 61.2826 63.3655 61.7201 57.1255 56.1007
threshold=-0.91593832087899762 1.808794005741811 1.3468833293474443 3.1666666412452735 0.41210572229896647 2.0404739968946211 -0.4450207499511829 0.2081474494946482 -0.28805754310525838 0.083824847256704943 0.39306055948354918 -0.2714458615345115 -0.71348626766683798 1.0000000180025095e-35
decision_type=8 10 8 10 8 10 10 10 10 10 8 10 8 2
left_child=-1 4 -3 -4 5 6 8 12 -2 -9 11 -11 -8 -13
right_child=1 2 3 -5 -6 -7 7 9 -10 10 -12 13 -14 -15
leaf_value=-0.0018987871475820695 -0.0014047478251155775 0.00052317660625820063 -0.0099838987954514683 0.006876729988469968 0.0014077941967532523 0.018760601543503765 -0.00098047938704206358 -0.0038565010928643902 0.0030630619197197922 0.0092515713338005533 -0.0024613217144094546 0.011825403863886764 0.0087093347398847377 -0.0019894922861358826
leaf_weight=6191.7748398780823 5266.6749970018864 1082.8966756761074 743.56175918877125 91.397382110357285 15751.568226993084 140.41916777193546 1101.2393187433481 7931.7589325159788 7424.3643466383219 1018.2237970381975 4034.418093636632 303.99159687757492 1075.5561418384314 1670.3518739491701
leaf_count=27410 22997 4857 3647 466 70052 631 4676 34619 31956 4380 17747 1298 4572 7299
internal_value=1.09017e-07 0.000247274 -0.00324424 -0.00807874 0.000394417 -0.000138536 -0.000233769 -0.00130263 0.00120931 -0.00205089 -1.02171e-05 0.00329142 0.0038252 0.000186475
internal_weight=53828.2 47636.4 1917.86 834.959 45718.6 29967 29826.6 17135.5 12691 14958.7 7026.99 2992.57 2176.8 1974.34
internal_count=236607 209197 8970 4113 200227 130175 129544 74591 54953 65343 30724 12977 9248 8597
is_linear=0
shrinkage=0.03


Tree=177
num_leaves=15
num_cat=3
split_feature=45 44 1 2 46 11 15 9 8 38 19 1 46 46
split_gain=26.9459 46.2816 42.8672 35.6419 41.9996 38.882 55.7989 35.949 34.0872 29.9705 29.7423 29.3602 36.575 30.2286
threshold=1.3035283162150055 -0.074236961727395537 0.0089118199853492341 1.337155959677734 0 -0.32873970316550244 0.2314519859276668 -0.23335705006784288 -0.75635076700190418 0.22796957868653941 -6.1936166059756301 0.011211563644662477 1 2
decision_type=8 8 8 10 1 8 10 10 10 10 2 8 1 1
left_child=-1 -2 9 5 7 6 8 -5 -4 -3 -8 12 -7 -13
right_child=1 2 3 4 -6 11 10 -9 -10 -11 -12 13 -14 -15
leaf_value=-0.00011588062917732876 -0.0082461418152691146 6.1746704919914231e-05 0.0099421073289293633 -0.0043236353684799533 -0.0083203731191751999 0.0067985282965346535 -0.00829368862794563 0.020667796534834557 0.028018836086892231 -0.016535688272054164 0.0069449287930341492 0.014084373384402236 -0.012894194191619187 0.0027401705588202129
leaf_weight=48152.117256179452 355.97670367360115 245.26344683766365 233.94529654085636 97.161455020308495 419.74228693544865 123.05700719356537 129.96900160610676 94.3941979855299 170.12163990736008 152.90227012336254 670.67703682184219 214.61069048941135 203.06865200400352 2501.539332434535
leaf_count=212290 1582 1027 988 411 1882 533 556 411 713 673 2847 887 873 10686
internal_value=0.00011357 0.00207886 0.00279241 0.00357088 -0.00316201 0.00454514 0.00908735 0.00800863 0.0180457 -0.00656091 0.00439945 0.00272258 -0.0056637 0.0037466
internal_weight=53764.5 5612.43 5256.45 4858.29 611.298 4246.99 1204.71 191.556 404.067 398.166 800.646 3042.28 326.126 2716.15
internal_count=236359 24069 22487 20787 2704 18083 5104 822 1701 1700 3403 12979 1406 11573
cat_boundaries=0 1 2 3
cat_threshold=560 72 16
is_linear=0
shrinkage=0.03


Tree=178
num_leaves=15
num_cat=0
split_feature=2 13 14 30 37 36 24 10 11 18 39 8 42 2
split_gain=30.7957 54.4896 59.0717 51.8625 64.774 35.1785 28.6682 41.6887 70.0124 57.7303 57.3832 52.701 49.5223 47.4129
threshold=0.65971997114635061 36.495969951083929 0.50181971013016169 1.5000000000000002 0.22466378101167614 0.53972216820314045 -0.0070661269435642318 -0.85553599925522816 -0.59564822891890634 -2.1431937702500918 -1.6370688608182868 0.5203513635046505 0.13392857142857145 0.72161086575521638
decision_type=10 8 10 2 10 8 10 8 10 2 10 10 10 10
left_child=1 -1 -3 4 5 -4 -2 8 9 -8 -11 12 -12 -10
right_child=6 2 3 -5 -6 -7 7 -9 13 10 11 -13 -14 -15
leaf_value=-0.0054916162014848205 0.00078359289720180943 0.004142267212435562 0.0012651367842958889 -0.001362085733799078 0.0095998334832942539 -0.016219242453695996 -0.0010041403479656567 -0.00031979342702627206 -0.012775458696686885 0.013323584424336935 0.0045170902107551812 0.0020145808767438049 -0.014135965786218592 0.003476344042590316
leaf_weight=960.08631820976734 14260.490253001451 5691.0370403081179 361.24130816757679 5348.8595022857189 945.85004641115665 134.48616926372051 1263.2480014562607 21307.90446165204 171.97794628143311 88.047779157757759 136.02115400135517 259.96499961614609 1427.617044210434 1438.3940493017435
leaf_count=4184 62376 24360 1537 23481 3972 573 5596 94844 754 383 604 1155 6378 6283
internal_value=0.000116629 0.00135976 0.00189075 4.39682e-07 0.00503054 -0.00370513 -0.000297684 -0.0008887 -0.00341598 -0.00599417 -0.00926927 -0.0104268 -0.0124949 0.00167262
internal_weight=53795.2 13441.6 12481.5 6790.44 1441.58 495.727 40353.7 26093.2 4785.27 3174.9 1911.65 1823.6 1563.64 1610.37
internal_count=236480 58107 53923 29563 6082 2110 178373 115997 21153 14116 8520 8137 6982 7037
is_linear=0
shrinkage=0.03


Tree=179
num_leaves=15
num_cat=0
split_feature=43 9 16 19 40 40 39 10 37 40 1 10 16 30
split_gain=30.767 34.8808 32.312 31.1713 40.5116 39.402 37.5344 58.8642 53.6932 46.5227 62.8218 73.7993 54.4977 53.9178
threshold=0.41428571428571431 1.4168661231994879 0.70047026389486422 -6.2841430939976428 -1.6830330995217275 -2.1679365440010758 0.46772567244585855 0.87139318509920216 -1.1410518984589115 -0.15465797741729187 0.016523066826214319 0.29898657342060692 0.42812937155405267 2.5000000000000004
decision_type=10 8 10 2 10 10 8 8 10 10 10 8 10 2
left_child=1 -1 -3 4 5 -2 7 -5 -8 -10 13 12 -12 -11
right_child=3 2 -4 6 -6 -7 8 -9 9 10 11 -13 -14 -15
leaf_value=0.00071988805193779425 -0.010106660474902485 0.016660627931373576 0.0020328307737429354 -0.00021244536083562388 -0.0078565634332247117 0.0098770584406020732 -0.020234394734708901 0.0045669781833525122 -0.009988864814786275 0.00040334737943170814 0.00093410773691016808 0.00050970788809736559 0.021289742377264297 -0.0046419219180261623
leaf_weight=20068.504329457879 122.38292765617371 229.24058145284653 322.17014573514462 17886.506093665957 1058.4858553558588 262.38329315185547 129.84066636860371 2654.6156188100576 544.54030686616898 3382.2805655449629 196.0496318936348 2186.2842057049274 292.47294527292252 4354.318197503686
leaf_count=87850 543 993 1511 77595 4693 1124 600 11526 2459 14917 848 9689 1269 20394
internal_value=1.73656e-05 0.000926587 0.00830256 -0.000549661 -0.00484584 0.00342582 -0.000352141 0.000407141 -0.00175813 -0.00152092 -0.00106886 0.00288717 0.0133034 -0.00243856
internal_weight=53690.1 20619.9 551.411 33070.2 1443.25 384.766 31626.9 20541.1 11085.8 10955.9 10411.4 2674.81 488.523 7736.6
internal_count=236011 90354 2504 145657 6360 1667 139297 89121 50176 49576 47117 11806 2117 35311
is_linear=0
shrinkage=0.03


Tree=180
num_leaves=15
num_cat=0
split_feature=39 39 11 40 16 11 38 38 33 40 37 39 38 41
split_gain=27.5218 26.0769 75.6366 45.834 133.266 76.4295 64.9584 63.264 47.0618 42.4783 84.2822 94.674 52.5301 50.3221
threshold=2.4115980245615991 1.076180794366749 1.6665900934903779 1.2391643403162049 0.61221795898966347 0.42944573522924318 1.7126600263866145 0.22796957868653941 -0.65569796365011046 0.30925414985748317 1.682362344695137 0.81185631633787458 0.99403871843179159 0.95000000000000007
decision_type=10 8 10 10 8 8 10 10 10 10 10 10 10 2
left_child=1 9 3 5 6 7 -5 -3 -6 10 11 -1 -11 -14
right_child=-2 2 -4 4 8 -7 -8 -9 -10 12 -12 -13 13 -15
leaf_value=-0.00033325585715873832 0.0061586565325040983 -0.0029323441673563878 0.0050003285706302471 0.013668813296526666 -0.013740088252820222 -0.0014881241051689482 -0.0056199819665845524 -0.015914638609920137 -0.0023279306841820528 0.0027262762343317234 0.017807348905643932 -0.012000652291495393 -0.0051897167327362775 0.0021299333687752916
leaf_weight=31335.260875433683 623.12584117054939 567.62346757948399 1263.1969517022371 691.82085177302361 372.28690922260284 1844.2732644826174 196.37048600614071 844.45736467838287 2224.9868198335171 9596.3387685865164 216.28472770750523 628.70755009353161 1724.6808415651321 1640.6472604572773
leaf_count=136014 2761 2558 5552 3159 1834 8425 986 3924 10617 41442 977 2881 7779 7492
internal_value=-5.92564e-05 -0.000133304 -0.00171022 -0.0029731 -0.000578547 -0.00552652 0.00938916 -0.0107534 -0.00401015 0.000146648 -0.000437442 -0.000566426 0.001596 -0.00162554
internal_weight=53770.1 53146.9 8005.02 6741.82 3485.47 3256.35 888.191 1412.08 2597.27 45141.9 32180.3 31964 12961.7 3365.33
internal_count=236401 233640 37055 31503 16596 14907 4145 6482 12451 196585 139872 138895 56713 15271
is_linear=0
shrinkage=0.03


Tree=181
num_leaves=15
num_cat=0
split_feature=38 37 32 37 12 15 36 40 11 30 40 35 35 30
split_gain=26.4793 25.9064 24.6878 41.8617 36.3643 43.5705 34.3502 31.6245 72.3561 33.5496 32.1503 61.1365 44.6527 52.1217
threshold=2.6300836929250067 1.835358159396643 -0.19069274966621272 -1.5659205117258168 0.026987738430966763 0.098180134160375021 -2.9178211828125371 -1.5799783755273065 -0.91775354655715802 3.5000000000000004 0.3006998430004757 -1.339990669646183 0.21004114720945363 4.5000000000000009
decision_type=8 8 10 10 2 10 10 10 8 2 10 10 10 2
left_child=2 -2 6 4 5 -4 -1 8 9 -5 -9 -12 -13 -14
right_child=1 -3 3 7 -6 -7 -8 10 -10 -11 11 12 13 -15
leaf_value=-0.010569457325036648 -0.014880012780304104 -0.0015793938659033823 -0.0029616606253106163 0.028616986777458327 -0.0012592824652776443 0.012248382784561919 -0.00060613392909550238 -0.00063610894934337467 -0.00050945646863364473 0.0060490694785741801 -0.012596913725699491 0.0036329592362358927 -0.0014661242479245711 0.004038109392421327
leaf_weight=306.53062914311886 197.41615009307861 369.11581741273403 213.80506229400635 138.74152256548405 470.07917799055576 749.64334736764431 19553.190544098616 17783.60306020081 465.82634387910366 109.64455427229404 268.83521011471748 5587.6908458471298 5430.6347893327475 2154.2782226502895
leaf_count=1354 1022 1881 906 586 2059 3103 86180 77340 1994 463 1236 24434 24243 9720
internal_value=2.86696e-06 -0.00639189 7.21115e-05 0.00057044 0.00556762 0.00887727 -0.000765158 0.000344479 0.00654209 0.0192745 0.000200672 0.00130742 0.00160053 0.000100455
internal_weight=53799 566.532 53232.5 33372.8 1433.53 963.448 19859.7 31939.3 714.212 248.386 31225 13441.4 13172.6 7584.91
internal_count=236521 2903 233618 146084 6068 4009 87534 140016 3043 1049 136973 59633 58397 33963
is_linear=0
shrinkage=0.03


Tree=182
num_leaves=15
num_cat=0
split_feature=31 37 30 2 20 30 39 40 39 1 38 38 41 37
split_gain=23.64 45.334 24.3626 63.6747 62.4258 66.692 121.899 78.1174 73.4052 100.04 93.261 73.3168 70.9338 98.1844
threshold=2.8134948386717658 -0.44056458054705483 3.5000000000000004 0.99319122843762553 -0.21390204632631951 2.5000000000000004 -0.27421668739002575 -1.8610102854390049 -1.1929641045859751 0.0057492179587521897 -1.6331663148635409 -0.79401217720041861 1.0000000180025095e-35 -1.279992707317583
decision_type=8 8 2 8 10 2 10 10 10 10 10 10 2 10
left_child=2 -2 4 -4 5 12 7 -7 10 -10 -9 -12 13 -1
right_child=1 -3 3 -5 -6 6 -8 8 9 -11 11 -13 -14 -15
leaf_value=-0.000181105692301099 0.011389339392503835 -0.011673501496556569 -0.0017096989635998919 0.0017710357598285278 0.0017270614437034453 0.029889275210270631 -0.0048856830624454421 0.015309597922761705 -0.01991806018138971 0.011179373762538983 -0.027824304440649178 0.00057809954027686686 -0.00018080095942038841 -0.01006318424765038
leaf_weight=1659.5875224918127 88.915067657828331 349.46718712151051 15907.809285521507 6720.6613190025091 18407.587975218892 119.04353524744511 1178.1307666003704 135.74676714837551 91.122529774904251 1312.9506608843803 153.03459261357784 163.35616038739681 5522.0704318135977 1980.7731328606606
leaf_count=7252 385 1632 70234 30221 80429 506 5115 574 391 5588 673 736 24039 8712
internal_value=1.35897e-05 -0.00684609 7.12268e-05 -0.000675594 0.000621318 -0.00103142 0.00272588 0.0072675 0.00566432 0.00903461 -0.00477084 -0.0135914 -0.00232611 -0.00557093
internal_weight=53790.3 438.382 53351.9 22628.5 30723.4 12315.8 3153.39 1975.25 1856.21 1404.07 452.138 316.391 9162.43 3640.36
internal_count=236487 2017 234470 100455 134015 53586 13583 8468 7962 5979 1983 1409 40003 15964
is_linear=0
shrinkage=0.03


Tree=183
num_leaves=15
num_cat=0
split_feature=45 24 1 10 10 30 13 38 12 1 10 19 7 2
split_gain=25.3829 36.861 30.1295 42.532 41.7431 36.9756 32.082 28.1274 36.4911 51.005 41.1498 39.5414 38.3257 36.6551
threshold=0.75355126082330504 0.0099718824054235728 0.0048546617483577479 -0.65664148961875213 0.083824847256704943 2.5000000000000004 46.711185657572827 -1.0242559484727565 0.011182359040165199 0.0056055056386806702 -0.80609832474327481 4.5677493465115022 -0.10623164790724783 1.1970918846007239
decision_type=8 10 8 10 10 2 10 10 2 10 8 2 10 10
left_child=1 7 3 -2 6 -6 -5 -1 9 -9 -10 -12 -11 -13
right_child=2 -3 -4 4 5 -7 -8 8 10 12 11 13 -14 -15
leaf_value=0.004630281069677355 0.016799279750037015 -0.004289765190620437 0.00021590482097709978 0.0056380784084023488 0.021928690112385116 -0.00084921351387871684 -0.013016770839403542 -0.0028665495531785823 -0.012441566725822865 -0.00063560818876209652 0.0005273618280843608 -0.012850649246598407 0.0087252643213686035 0.0031972967940668545
leaf_weight=931.29631254076958 225.52123859524727 2774.5219518691301 43701.823599845171 133.75361886620522 120.03461365401745 125.15736357867718 190.81991811096668 1423.5721179991961 388.81486305594444 664.25518549978733 1607.1221615225077 443.26786521077156 951.69076837599277 173.781687900424
leaf_count=4003 961 12591 191288 570 522 571 848 6419 1735 2927 7178 2061 4254 847
internal_value=2.31626e-05 -0.00139616 0.000321912 0.00607208 0.00160958 0.0107241 -0.00539054 -0.000172093 -0.000970104 0.00126349 -0.00356321 -0.00196242 0.00489711 -0.0083521
internal_weight=53855.4 9358.32 44497.1 795.287 569.766 245.192 324.574 6583.8 5652.5 3039.52 2612.99 2224.17 1615.95 617.05
internal_count=236775 42015 194760 3472 2511 1093 1418 29424 25421 13600 11821 10086 7181 2908
is_linear=0
shrinkage=0.03


Tree=184
num_leaves=15
num_cat=0
split_feature=43 23 12 45 44 10 45 11 11 11 38 8 10 45
split_gain=24.5725 38.6739 43.0567 64.5727 60.3247 51.725 48.2329 40.0852 47.5189 39.3835 69.3533 61.0864 41.3231 56.8789
threshold=0.41428571428571431 0.024634291989145133 0.017876851784677614 0.69982441086474478 -0.074236961727395537 0.063433897731691821 0.74908634428331589 -1.5686660065396432 -0.17090583472263671 -0.32873970316550244 -0.82582606571283668 -1.5074779998485306 -0.99962405374480967 1.0980637986233952
decision_type=10 8 2 8 10 10 8 8 8 10 8 10 8 10
left_child=1 2 4 5 -1 -4 -5 -3 -9 10 -8 -11 13 -12
right_child=-2 7 3 6 -6 -7 9 8 -10 11 12 -13 -14 -15
leaf_value=0.022963614588480834 -0.00042791384640149309 -0.0071139607153639225 0.028518359362513155 -0.019289551753995614 0.0014644763891332577 -0.0011975046957047864 0.0068121236733485573 0.010538393397317424 0.0014816992876322435 -0.017287007587019804 0.0024462917130217599 -0.0024743259418934511 0.001002899358888815 -0.011614010561010883
leaf_weight=108.89307883381844 33164.90528011322 230.70932917296886 106.79901599884033 127.01806272566319 10203.438919275999 94.677932664752007 1178.5367849618196 999.01742044091225 1086.8432315737009 260.75353753566742 408.90247043967247 3456.7583955973387 1799.9180601537228 682.25480715930462
leaf_count=489 146123 1008 473 578 44659 439 5146 4340 4836 1146 1826 15154 7799 3017
internal_value=7.86069e-05 0.000888213 0.000427825 -0.00120598 0.00171352 0.015158 -0.00164117 0.00453295 0.00584896 -0.00132894 0.000710001 -0.00355691 -0.00179242 -0.00637066
internal_weight=53909.4 20744.5 18428 8115.62 10312.3 201.477 7914.14 2316.57 2085.86 7787.12 4069.61 3717.51 2891.08 1091.16
internal_count=237033 90910 80726 35578 45148 912 34666 10184 9176 34088 17788 16300 12642 4843
is_linear=0
shrinkage=0.03


Tree=185
num_leaves=15
num_cat=0
split_feature=7 12 33 6 30 15 11 11 0 39 39 19 15 39
split_gain=23.5487 53.2304 50.6105 32.6102 34.9602 57.0696 105.846 71.1137 69.8628 60.3849 56.1782 64.4253 42.0211 52.2164
threshold=-0.65176636362223561 0.040553206746227095 -2.2302763204397791 0.92267637089513188 3.5000000000000004 0.33173076923076933 -1.6323180237845316 -1.9147650664834674 0.0091138812540503059 0.19201195727768422 0.018299100805173801 0.098887300929857577 0.42125360206406653 -0.59108936032019155
decision_type=8 2 8 10 2 10 8 8 10 10 10 2 10 10
left_child=1 2 -1 4 12 6 -6 9 -9 -7 11 -8 -2 -14
right_child=3 -3 -4 -5 5 7 10 8 -10 -11 -12 -13 13 -15
leaf_value=0.0062385211975007297 -0.00021879670754974709 -0.008068957845196097 -0.0011195301812705807 -0.0013503699586383336 -0.014123275137156686 0.0004150656538710246 0.0035441523141440954 -0.0039170014123979047 0.00090910551071500425 0.032226118258473324 0.012036457491356177 -0.011848966225312722 0.010780851295269884 0.0022787304148572103
leaf_weight=903.50896295905113 6538.3750295639038 901.78349652886391 10643.767033264041 7787.8225025981665 305.82787430286407 112.4036415964365 3243.9068167954683 5941.5521157234907 4934.8604890853167 93.307020589709282 635.52885888516903 254.8877369761467 682.89367282390594 10812.131976902485
leaf_count=3874 28262 4205 46159 35727 1342 501 13881 26658 22074 405 2713 1095 2923 46692
internal_value=5.2949e-05 -0.0010904 -0.000538905 0.000397408 0.000803325 -0.00024039 0.00262981 -0.00139169 -0.00172847 0.0156691 0.00390017 0.00239219 0.00170134 0.00279275
internal_weight=53792.6 12449.1 11547.3 41343.5 33555.7 15522.3 4440.15 11082.1 10876.4 205.711 4134.32 3498.79 18033.4 11495
internal_count=236511 54238 50033 182273 146546 68669 19031 49638 48732 906 17689 14976 77877 49615
is_linear=0
shrinkage=0.03


Tree=186
num_leaves=15
num_cat=0
split_feature=33 20 39 40 7 40 40 40 12 10 19 39 39 37
split_gain=26.9718 25.6196 37.6654 39.6158 33.9911 27.1178 37.746 36.2642 64.4595 60.0597 54.4219 54.2073 124.234 59.618
threshold=2.0171145763090483 1.5255813876183575 2.1360955966638504 1.2191512137265172 0.4805058725078501 2.4305133542163921 1.6870672059675229 0.41210572229896647 0.032066573611576089 -0.56687817353827408 -2.4637345650068165 0.85801550348664568 1.3241533278196427 0.40712520682647041
decision_type=8 8 10 10 8 10 10 10 2 8 2 10 10 10
left_child=1 2 5 -4 -3 6 7 11 9 10 -9 -1 -13 -14
right_child=-2 4 3 -5 -6 -7 -8 8 -10 -11 -12 12 13 -15
leaf_value=-4.8580546508649661e-06 -0.0043741494202613205 -0.016486625668572171 0.020192212024646227 0.0033370788481243661 -0.0020699665231549333 0.0078650218831848272 -0.0044949735831599415 0.0023045052460720725 -0.0059552824994486605 0.0012855107131612351 0.012802372808141036 -0.011108032841584733 0.02295352927057184 -0.00014971920930881158
leaf_weight=32693.875350192189 1200.1639231592417 153.41620963811874 149.13759464025497 621.70174959301949 1532.9643215686083 399.31700477004051 1541.0422124415636 961.46099489927292 949.11855624616146 11158.572257906199 825.26950155198574 1100.3877026885748 141.15621602535248 299.7276077568531
leaf_count=141899 5677 718 625 2726 7188 1927 7506 4112 4189 49095 3531 5084 633 1334
internal_value=5.38737e-05 0.000155861 0.00027682 0.00681495 -0.00347096 0.000174824 0.000111429 0.000259823 0.00155186 0.00210643 0.00719761 -0.000264852 -0.00574434 0.00759219
internal_weight=53727.3 52527.1 50840.8 770.839 1686.38 50069.9 49670.6 48129.6 13894.4 12945.3 1786.73 34235.1 1541.27 440.884
internal_count=236244 230567 222661 3351 7906 219310 217383 209877 60927 56738 7643 148950 7051 1967
is_linear=0
shrinkage=0.03


Tree=187
num_leaves=15
num_cat=0
split_feature=32 36 30 37 36 35 40 39 31 31 39 11 2 37
split_gain=25.6111 34.5361 29.9544 35.0781 33.6372 47.8729 38.273 41.3881 47.4025 42.2836 37.6704 37.1389 34.9223 33.4263
threshold=-0.19069274966621272 -2.306956404212253 3.5000000000000004 0.53770606249899522 -0.2795919952240164 -0.39751503105909092 -1.6830330995217275 -0.68341046586759646 -1.3558871704392377 -0.80542913511224878 -1.803152513603415 0.074418967500568117 1.10586807013985 -0.0092289981537001745
decision_type=10 10 2 10 8 10 10 10 10 10 10 10 8 10
left_child=2 -2 -1 4 5 6 10 -8 11 -10 -4 -9 13 -11
right_child=1 -3 3 -5 -6 -7 7 8 9 12 -12 -13 -14 -15
leaf_value=0.00016956106192942755 0.0095538309095251853 0.00048350916642503437 -0.0013728113069603511 -0.0055953508338307603 0.0011245231089562391 -0.010705612223238289 0.0060247326048176097 0.014978959358248228 -0.015499156239446891 -0.0099466623504128431 -0.024682034604726556 -0.0042928461616491258 0.012899944037072703 0.0078216502984072168
leaf_weight=12137.692991703749 372.16455465555191 33453.39598210156 135.56792594492435 2027.1751769185066 3097.9895239919424 618.13131763041019 683.93918757140636 185.95876534283161 310.56812836229801 356.89988361299038 107.63636796176434 159.9082765430212 106.45495069026947 120.37247125804424
leaf_count=53060 1567 146832 608 9670 13507 2730 2986 807 1385 1570 479 730 467 537
internal_value=8.25829e-05 0.000586099 -0.00076682 -0.00220196 -0.00102524 -0.0034117 -0.0012918 0.000150298 -0.00311168 -0.00674113 -0.0122563 0.00619857 -0.00189892 -0.00539678
internal_weight=53873.9 33825.6 20048.3 7910.6 5883.43 2785.44 2167.31 1924.1 1240.16 894.295 243.204 345.867 583.727 477.272
internal_count=236935 148399 88536 35476 25806 12299 9569 8482 5496 3959 1087 1537 2574 2107
is_linear=0
shrinkage=0.03


Tree=188
num_leaves=15
num_cat=2
split_feature=43 46 19 44 46 40 33 39 37 40 16 38 6 39
split_gain=23.0483 57.5822 84.7201 51.4518 50.7354 34.8788 31.9829 30.1124 40.2312 57.7196 41.4434 31.2637 30.2921 29.4312
threshold=0.41428571428571431 0 -4.7037714904691681 0.0074636157333192498 1 -1.7429079314650811 -1.473529021532556 1.5799472496552178 0.3892068939431686 -0.63618884327887537 0.23553740177916507 0.90812989399343624 0.018312535992057778 1.1107967703785182
decision_type=10 1 2 10 1 8 8 10 10 10 8 10 10 10
left_child=4 2 -2 5 13 -3 -5 8 10 12 -4 -12 -10 -1
right_child=1 3 7 6 -6 -7 -8 -9 9 -11 11 -13 -14 -15
leaf_value=-0.00014944568231499419 -0.0057134905831505043 0.010517062939754263 -0.002594468525988239 0.0029867628008147466 0.0021578962383179989 -0.00023450126473630416 -0.003423064685881023 0.0073409835688683887 -0.001887075622497946 -0.0022003723682938962 0.0045835568818028988 -0.0079331443240667487 0.018674905318075745 -0.0051309906156561582
leaf_weight=7654.4194622039795 1372.6665758788586 268.32519373297691 964.55256128311157 751.45747880637646 11762.024415388703 11157.063478931785 9094.0071492940187 921.0330615490675 94.237964645028114 3030.1805936545134 5089.0601800084114 177.33323328197002 183.14905957877636 1230.4787875562906
leaf_count=33090 6016 1147 4139 3311 51692 49250 40567 4164 404 13500 21806 784 784 5681
internal_value=8.08435e-05 -0.000409746 0.00126667 -0.0013424 0.00086722 2.69753e-05 -0.0029313 0.00218851 0.00168383 -0.000988433 0.00310165 0.00414785 0.0118667 -0.00084339
internal_weight=53750 33103.1 11832.2 21270.9 20646.9 11425.4 9845.46 10459.5 9538.51 3307.57 6230.95 5266.39 277.387 8884.9
internal_count=236335 145872 51597 94275 90463 50397 43878 45581 41417 14688 26729 22590 1188 38771
cat_boundaries=0 1 2
cat_threshold=848 848
is_linear=0
shrinkage=0.03


Tree=189
num_leaves=15
num_cat=0
split_feature=23 11 24 24 12 12 10 39 39 16 45 45 8 19
split_gain=25.3875 31.1995 31.1707 26.7928 32.2466 35.285 45.3287 31.6961 38.0757 46.2795 29.8389 65.469 48.7217 40.2755
threshold=0.059816163208428315 -1.600517049591518 0.0075905244191979424 -0.0066537769831162821 0.033404000373913043 0.061538952946683795 1.422377026240879 -0.5187481499629113 -1.0054662064602138 0.11699999247734146 1.0475926253791639 1.0956700425620676 0.9890449153803943 -6.4893842675856117
decision_type=8 8 8 10 2 2 8 8 10 10 8 8 10 2
left_child=3 -2 -3 4 7 -6 -7 8 -1 -10 -5 12 -12 -13
right_child=1 2 -4 10 5 6 -8 -9 9 -11 11 13 -14 -15
leaf_value=0.00030273323440383691 -0.011235017963800555 0.019188667515469778 0.0036541316766901307 -0.0015548723909876974 -0.0051527708040440441 -0.0021195057172537267 0.021840233151322771 0.00026589778531573347 0.013722943935320142 0.0035981123010630656 0.0026407185871611298 -0.006779887409345966 0.013359571532621661 -0.00018961013364643097
leaf_weight=2308.1027604192495 101.9519275277853 121.50356490910053 1087.3393288701773 18111.185339912772 1448.4592353403568 207.95462134480476 96.761843279004097 12762.525289684534 499.14399825036526 2078.7411793619394 2229.2364149987698 890.99737273156643 452.61132910847664 11333.966224893928
leaf_count=9985 437 509 4700 80955 6553 950 408 55757 2060 8824 9730 3943 2045 49445
internal_value=-0.000113727 0.00399412 0.00536017 -0.000217189 0.000667385 -0.00320181 0.00594105 0.00105334 0.00310545 0.00560399 -0.000737018 0.000257018 0.00449263 -0.000675081
internal_weight=53730.5 1310.79 1208.84 52419.7 19401.7 1753.18 304.716 17648.5 4885.99 2577.89 33018 14906.8 2681.85 12225
internal_count=236301 5646 5209 230655 84537 7911 1358 76626 20869 10884 146118 65163 11775 53388
is_linear=0
shrinkage=0.03


Tree=190
num_leaves=15
num_cat=0
split_feature=2 1 45 43 40 1 30 19 23 10 38 40 35 30
split_gain=28.6986 44.0438 41.1248 33.8942 26.0328 35.5008 39.6377 38.1161 23.3308 29.8053 26.0907 27.1246 56.7551 32.6602
threshold=0.36155949371166679 0.0058326719473964627 0.69596932946612766 0.95000000000000007 -0.63618884327887537 0.012758112060194456 5.5000000000000009 -1.2615198544122164 0.091682838211805742 -0.54455863330495602 2.4351927170351155 2.23283889851727 -0.18034269949706502 4.5000000000000009
decision_type=8 10 8 10 10 10 2 2 10 8 8 10 10 2
left_child=1 -1 -3 4 -4 -6 7 -7 10 -10 11 -2 -13 -14
right_child=8 2 3 -5 5 6 -8 -9 9 -11 -12 12 13 -15
leaf_value=-0.010532931360306868 -0.00013357169401584563 0.02087247072771007 0.016083199050893511 -0.010073456582525994 -0.0034846314534121721 -0.0069607099219306809 0.024937233445735302 0.01416627482637328 -0.0046846753911771967 0.012229050288519613 -0.0057384940323639147 -0.0077365684594327151 0.0045340801987722853 0.01887210574304108
leaf_weight=148.54961295425892 50542.177966758609 143.37235024571419 179.86198495328426 123.25889420509338 341.20670728385448 145.55947344005108 100.39244246482849 143.02878460288048 130.94562177360058 285.27658100426197 724.5987923592329 215.34275470674038 399.94646760821342 220.71321532130241
leaf_count=660 221756 617 745 519 1462 608 418 596 558 1223 3719 1055 1858 1023
internal_value=4.28715e-05 0.00438619 0.00634254 0.00414576 0.0061602 0.00353167 0.00961933 0.00363391 -6.75392e-05 0.00692284 -0.000124699 -4.44255e-05 0.00528296 0.00985123
internal_weight=53844.2 1325.23 1176.68 1033.31 910.049 730.187 388.981 288.588 52519 416.222 52102.8 51378.2 836.002 620.66
internal_count=236817 5625 4965 4348 3829 3084 1622 1204 231192 1781 229411 225692 3936 2881
is_linear=0
shrinkage=0.03


Tree=191
num_leaves=15
num_cat=0
split_feature=32 36 34 40 34 31 32 16 19 8 11 15 40 12
split_gain=25.7511 26.6752 34.5259 30.9612 28.3168 29.8567 25.9866 36.2211 33.1343 32.568 33.5083 29.7563 46.1502 31.2984
threshold=-0.23342274625466639 -2.306956404212253 -1.3432783689053445 0.80798829011832074 -1.7214953327189086 0.52909603095936708 0.51745108374516324 0.31478472843449362 -1.4064643552910476 -0.89459010219276314 -0.22645677562955183 0.2910784345119633 -0.59643355968359335 0.021300192421303019
decision_type=10 10 10 10 10 10 10 8 2 10 10 8 10 2
left_child=-1 -2 3 4 -3 -6 -4 9 11 -8 -11 13 -13 -9
right_child=1 2 6 -5 5 -7 7 8 -10 10 -12 12 -14 -15
leaf_value=-0.0009902709985274709 0.0082467323118731953 0.0018575881787657215 0.0010805795336853634 -0.019231414260468559 -0.014377147772595491 0.0015196472114330189 0.0014014636059255842 0.0042159511509999633 -0.00035438009088943379 -0.0065589041976849916 0.0032339182286996422 0.021509244378753425 0.0040724200282549021 -0.012428936076221388
leaf_weight=18799.090240716934 374.26597860455513 485.35357981920242 21779.937693089247 112.86929985880852 277.98579014837742 165.77683041989803 961.20366524159908 341.67506664991379 7282.4395184963942 2086.7817172855139 363.6962281614542 185.06002287566662 477.85222473740578 133.04727071523666
leaf_count=83078 1574 2112 95136 535 1210 731 4171 1462 32571 9144 1578 787 2059 577
internal_value=-9.48734e-05 0.000385822 0.000298568 -0.00505338 -0.00314459 -0.00853595 0.000465935 -0.000665461 0.000391783 -0.00326827 -0.00509823 0.00512973 0.00918743 -0.000609174
internal_weight=53827 35027.9 34653.7 1041.99 929.116 443.763 33611.7 11831.8 8420.07 3411.68 2450.48 1137.63 662.912 474.722
internal_count=236725 153647 152073 4588 4053 1941 147485 52349 37456 14893 10722 4885 2846 2039
is_linear=0
shrinkage=0.03


Tree=192
num_leaves=15
num_cat=0
split_feature=43 23 12 10 45 44 11 11 9 19 37 2 12 11
split_gain=28.3192 39.7264 39.2027 56.439 76.8302 56.0627 38.6824 49.7276 37.7365 42.9908 45.5205 41.2835 38.8059 37.5122
threshold=0.41428571428571431 0.029221927770553383 0.017286749350584014 -0.13939594149304521 0.69596932946612766 -0.074236961727395537 -1.5686660065396432 -0.17090583472263671 -1.2096501290722765 -6.7058287578230695 -1.8421263120617273 0.46012147477445281 0.026527434377462241 2.3481420488183993
decision_type=10 10 2 10 8 10 8 8 10 2 8 10 2 8
left_child=1 2 5 4 -4 -1 -3 -8 11 -10 12 -2 -11 -7
right_child=8 6 3 -5 -6 13 7 -9 9 10 -12 -13 -14 -15
leaf_value=0.022372586457650185 0.012971528387250904 -0.0072051470019631027 0.025855418859377515 -0.0040927048524614104 0.00040393439054613813 0.0013004615273311303 0.011988566223926635 0.0015426321570025324 -0.0080591318239591134 0.01257308474334917 -0.00022676575682709012 -0.0056499871498630755 -0.0028257731575580852 0.014048457970915954
leaf_weight=108.1028411090374 104.60051365196705 195.05360761284828 98.88165046274662 3199.4993966221809 5462.7476147711277 9734.6848382055759 796.51744930446148 841.496323376894 605.8742384314537 449.6841157078743 29948.287958160043 1791.2967185974121 212.06218391656876 202.42976903915405
leaf_count=484 446 853 433 14109 23856 42643 3440 3745 2688 1850 132140 7917 933 866
internal_value=8.18248e-05 0.000953758 0.000541521 -0.000924593 0.000902036 0.00181987 0.00515721 0.0066641 -0.000461797 -0.000211516 -5.36042e-05 -0.00455993 0.00766979 0.00157401
internal_weight=53751.2 20639.4 18806.3 8761.13 5561.63 10045.2 1833.07 1638.01 33111.8 31215.9 30610 1895.9 661.746 9937.11
internal_count=236403 90429 82391 38398 24289 43993 8038 7185 145974 137611 134923 8363 2783 43509
is_linear=0
shrinkage=0.03


Tree=193
num_leaves=15
num_cat=0
split_feature=7 19 40 39 41 30 0 37 40 37 37 39 40 37
split_gain=26.4864 63.9179 50.1813 53.3213 54.0053 80.7092 53.1425 46.8345 45.6786 42.5873 40.173 39.7458 39.1645 62.1603
threshold=-0.74548600137883325 -0.25304151752490317 -1.5799783755273065 -1.2368476687161232 0.65000000000000002 1.5000000000000002 0.024797956283064731 -0.23909490131402808 1.0278784270433972 -1.4446244558911612 0.26906352733993139 -1.304623496206299 -0.62106447713901247 0.53770606249899522
decision_type=8 2 8 8 2 2 10 10 8 10 10 8 8 10
left_child=1 -1 10 4 5 -4 7 9 -3 -7 11 -2 13 -5
right_child=2 8 3 12 -6 6 -8 -9 -10 -11 -12 -13 -14 -15
leaf_value=-0.00011492789509819666 0.0016960454381624681 -0.003724122854657052 -0.014250158209414296 0.0012849798365146513 -0.018363807597591288 0.011272446881644615 0.022545634883754384 0.011802114405324778 -0.014631234416700601 -0.0085635936803363753 0.024087291261431835 0.017455708791430585 -1.1535891437188113e-05 0.0098100396860121754
leaf_weight=8547.0446272790432 747.94325430691242 2001.118482246995 379.77316768467426 4667.0493932366371 232.4493693113327 112.21965138614178 91.581245228648186 197.79557192325592 411.15184427797794 483.65079100430012 99.639749601483345 169.19221286475658 34622.088992401958 912.85050861537457
leaf_count=37075 3186 8788 1762 20031 1114 480 399 889 1919 2178 418 713 153207 3913
internal_value=-1.92007e-05 -0.00133418 0.000318405 0.000157037 -0.00538232 -0.00287164 0.00211442 -0.000494339 -0.00563588 -0.0047035 0.0068704 0.00476029 0.000364657 0.0026947
internal_weight=53675.5 10959.3 42716.2 41699.5 1497.47 1265.02 885.247 793.666 2412.27 595.87 1016.78 917.135 40202 5579.9
internal_count=236072 47782 188290 183973 6822 5708 3946 3547 10707 2658 4317 3899 177151 23944
is_linear=0
shrinkage=0.03


Tree=194
num_leaves=15
num_cat=0
split_feature=39 41 32 33 12 36 39 39 32 35 30 0 8 30
split_gain=24.2488 27.7551 23.8269 30.0728 42.4892 41.7178 39.0117 45.6357 27.683 25.9439 47.6684 53.4042 40.3467 37.569
threshold=2.4115980245615991 0.75000000000000011 -0.70378890079590828 -0.86842321470376493 0.039653539093672148 -0.30398399591338476 -0.098303521872467478 -0.89659973951737604 -2.8072800821147967 0.75583933601764786 4.5000000000000009 0.0044392573988781114 -0.6463776346648854 1.5000000000000002
decision_type=10 2 10 8 2 8 10 10 10 10 2 10 10 2
left_child=2 -2 3 4 6 -5 7 -1 -9 -4 12 -12 -11 -14
right_child=1 -3 9 5 -6 -7 -8 8 -10 10 11 -13 13 -15
leaf_value=1.3868410075357609e-05 0.013904924952172529 0.0009389977340149827 0.00061372177943842777 -0.006157345416386812 -0.0091665570591109337 -0.00070152078265073162 -0.0025091708122343226 -0.0044504240328224302 0.011096762004516645 0.0044200960926615573 -0.0094214212900285872 0.004657096604350563 -0.0002990546833026099 -0.0049900515554660452
leaf_weight=1020.5910937786102 230.15952798724174 393.84599055349827 35294.119572639465 2106.4317937791348 343.28917835652828 3129.5053861737251 1168.7570113837719 112.3391300290823 814.24444112181664 704.49869821965694 270.12195400893688 1817.374075755477 2572.9449619054794 3809.4742079228163
leaf_count=4451 996 1765 153771 9366 1649 13865 5234 476 3490 3064 1247 8261 11394 17575
internal_value=3.28836e-05 0.00586527 -3.66637e-05 -0.00147199 0.0006976 -0.00290397 0.0018102 0.00440241 0.00918443 0.000244261 -0.00117618 0.0027991 -0.00234942 -0.0031024
internal_weight=53787.7 624.006 53163.7 8695.16 3459.22 5235.94 3115.93 1947.17 926.584 44468.5 9174.41 2087.5 7086.92 6382.42
internal_count=236604 2761 233843 38531 15300 23231 13651 8417 3966 195312 41541 9508 32033 28969
is_linear=0
shrinkage=0.03


Tree=195
num_leaves=15
num_cat=2
split_feature=23 37 16 11 46 7 39 11 37 11 33 37 1 46
split_gain=25.2927 37.0603 44.6526 34.797 30.4786 28.2383 23.7612 98.9457 65.1885 45.1172 43.5108 41.7275 57.3462 40.9852
threshold=0.059816163208428315 0.087027320021287977 0.32785632954211968 -0.34043551278931822 0 -0.63851101893599516 -1.803152513603415 -0.39867733238226588 -2.284178335761283 -1.0922631642876586 -0.37353289875509771 -1.9169856374564767 0.022656916813949764 1
decision_type=8 10 8 10 1 8 10 8 10 10 10 10 10 1
left_child=6 4 -3 -4 5 -2 7 8 -1 10 -10 12 -8 -11
right_child=1 2 3 -5 -6 -7 11 -9 9 13 -12 -13 -14 -15
leaf_value=-0.010004722057689147 0.0015320879628793313 -0.013207285163121233 0.017787249579104387 -0.00091036425017634317 0.0016059008696093305 0.020136970985663579 0.0071782932606934509 -0.019463233863309063 0.0262778774472338 -0.014173914026335672 0.00044805065716658343 -0.00024782360390993594 -0.015897497021792023 0.0090031189833499718
leaf_weight=291.09728835523129 103.96426628530025 184.95979309082031 110.37214647233486 346.74692542850971 313.41504153609276 255.06142635643482 1151.5645215660334 283.57038457691669 147.04234820604324 104.71225114166737 94.285384699702263 50201.696475684643 96.368173450231552 133.40256422758102
leaf_count=1339 439 798 469 1539 1336 1069 4826 1329 641 473 404 221019 449 588
internal_value=-0.00010119 0.00399315 -0.00116331 0.00388834 0.00886168 0.0145429 -0.00020444 -0.00464174 0.000992276 0.00773718 0.0166057 -0.000112643 0.00528412 -0.00155799
internal_weight=53818.3 1314.52 642.079 457.119 672.441 359.026 52503.7 1054.11 770.54 479.443 241.328 51449.6 1247.93 238.115
internal_count=236718 5650 2806 2008 2844 1508 231068 4774 3445 2106 1045 226294 5275 1061
cat_boundaries=0 1 2
cat_threshold=51 601
is_linear=0
shrinkage=0.03


Tree=196
num_leaves=15
num_cat=0
split_feature=40 37 35 39 1 16 20 12 45 39 39 7 35 36
split_gain=20.0066 59.7875 56.9591 73.5093 57.0749 66.1089 64.9701 63.9148 60.1848 52.5875 132.132 46.9249 46.3911 84.2656
threshold=0.30925414985748317 2.0404739968946211 -1.339990669646183 0.35112383807374764 0.013464312461151044 0.72070007767295807 1.1205314805886994 0.025690848894655234 1.1958146621458006 1.4100528253347444 0.81185631633787458 1.0000000180025095e-35 -1.3710502322534033 -0.62132452350279899
decision_type=10 10 10 10 10 8 10 2 8 10 10 10 8 8
left_child=1 9 3 -2 8 6 7 -6 11 10 12 -4 13 -1
right_child=2 -3 4 -5 5 -7 -8 -9 -10 -11 -12 -13 -14 -15
leaf_value=0.0018962454172628367 0.0044321672553072639 0.018432122842030541 0.003246511758904658 -0.01540400994003459 0.0086680942240249283 0.00018430535601858455 0.019861066326625185 2.9374635858448208e-05 -0.0054629410432135766 0.012074010692300869 -0.01068066792913413 -0.00071094254748597561 -0.00069044816282774573 0.023061043941635048
leaf_weight=3256.3759957253933 270.34068727493286 140.22425025701523 4114.1134027838707 419.44661319255829 1775.1756293028593 3144.1199975460768 278.56711876392365 1356.6530198603868 1634.8314693421125 284.93691763281822 1130.8536927998066 7782.7173693031073 28029.721703633666 168.78122672438622
leaf_count=14092 1155 628 18080 2021 7616 13910 1249 5953 7214 1263 5227 35663 121787 735
internal_value=7.7885e-06 -0.000451178 0.000736906 -0.00767759 0.00102955 0.00332497 0.00621141 0.00493796 -8.3949e-05 -0.000537314 -0.000651261 0.000659185 -0.000287407 0.00300328
internal_weight=53786.9 33010.9 20776 689.787 20086.2 6554.52 3410.4 3131.83 13531.7 32870.7 32585.7 11896.8 31454.9 3425.16
internal_count=236593 143732 92861 3176 89685 28728 14818 13569 60957 143104 141841 53743 136614 14827
is_linear=0
shrinkage=0.03


Tree=197
num_leaves=15
num_cat=1
split_feature=23 39 40 19 25 11 39 40 1 19 16 45 1 46
split_gain=23.7154 27.5713 39.9922 38.3216 32.7559 34.7154 26.482 46.7419 51.1783 43.2933 45.9702 39.5847 41.4625 40.4671
threshold=0.059816163208428315 0.11281330251907064 -0.4450207499511829 -2.6650862678135265 0.72241300278318898 0.1848170736172729 -1.3513121520578169 -1.5799783755273065 0.014766167944297868 -9.1492635282092873 0.10638838318563694 1.2259407135755567 0.01181801425179178 0
decision_type=8 8 10 2 10 10 10 10 10 2 8 10 10 1
left_child=6 2 -2 -4 5 -3 -1 8 -8 -9 11 13 -13 -11
right_child=1 4 3 -5 -6 -7 7 9 -10 10 -12 12 -14 -15
leaf_value=-0.0026110216142462743 0.0067722053468349808 0.019261948482929662 -0.020467776105568165 0.00022518608899650162 -0.003738641620016758 0.0025786933267010924 0.017645870946583615 -0.010222156123674763 -0.0034933957728479335 0.0062879035800430839 -0.00014372180912950312 0.025058860291290366 0.0051264722695010803 -0.0027120299152556772
leaf_weight=3551.0291392654181 356.23860013484955 266.81805072724819 118.15104170143604 216.24616542458534 143.13075231015682 194.7259434312582 267.06080773472786 361.44353872537613 159.57524712383747 1001.2757645100355 45944.303631007671 143.74574440717697 259.29242962598801 789.7455880343914
leaf_count=15819 1506 1128 507 921 647 857 1116 1631 694 4252 202448 590 1092 3364
internal_value=-1.39149e-05 0.00398043 -0.00013099 -0.00746818 0.00860208 0.0124272 -0.000113248 6.85346e-05 0.0098402 -1.94342e-05 5.92794e-05 0.00429155 0.01267 0.00234624
internal_weight=53772.8 1295.31 690.636 334.397 604.675 461.544 52477.5 48926.4 426.636 48499.8 48138.4 2194.06 403.038 1791.02
internal_count=236572 5566 2934 1428 2632 1985 231006 215187 1810 213377 211746 9298 1682 7616
cat_boundaries=0 1
cat_threshold=818
is_linear=0
shrinkage=0.03


Tree=198
num_leaves=15
num_cat=1
split_feature=30 40 11 39 16 8 19 37 14 8 14 46 45 11
split_gain=24.7477 58.2757 195.404 71.174 62.6952 62.5521 70.1332 61.6194 61.6184 57.0585 61.0436 54.8378 55.6392 54.7648
threshold=3.5000000000000004 -1.7429079314650811 -0.91775354655715802 -1.803152513603415 0.24162537428098219 -1.1335771753351065 -1.4064643552910476 -2.284178335761283 0.44184672594507995 -1.3570131229387503 0.16872131713288549 0 0.60182430798301378 -0.64003368891998746
decision_type=2 8 8 10 8 10 2 10 10 10 10 1 10 8
left_child=1 2 7 -3 9 8 11 -1 -6 10 -5 -7 -13 -8
right_child=-2 3 -4 4 5 6 13 -9 -10 -11 -12 12 -14 -15
leaf_value=0.0014063711674117986 -0.00061301602882242944 -0.017714227647942823 -0.0064817258211959071 -0.0035897687302416498 -0.0066299014471425033 -0.0047676825021085532 0.0067466128486902231 0.028328950844995676 0.01378074212204955 -0.003284445570866411 0.010700539551019251 0.022238652125130619 0.0054368307037197371 0.00039063302979627405
leaf_weight=99.983036816120148 22818.078162580729 182.47453565895557 403.89397002756596 482.9579301327467 1341.1383160352707 442.50864343345165 1308.9797390252352 331.65299895405769 138.30015884339809 5387.2444937378168 586.55562517046928 177.7245836853981 3735.4608815461397 16290.209437862039
leaf_count=465 101445 851 1778 2094 5791 1928 5617 1398 596 23574 2554 771 16010 71497
internal_value=0.000136198 0.000689311 0.00845694 0.000470765 0.000587665 0.00130884 0.00171178 0.0222657 -0.00464217 -0.00202777 0.00427402 0.00511559 0.00623875 0.000866936
internal_weight=53727.2 30909.1 835.53 30073.6 29891.1 23434.3 21954.9 431.636 1479.44 6456.76 1069.51 4355.69 3913.19 17599.2
internal_count=236369 134924 3641 131283 130432 102210 95823 1863 6387 28222 4648 18709 16781 77114
cat_boundaries=0 1
cat_threshold=4
is_linear=0
shrinkage=0.03


Tree=199
num_leaves=15
num_cat=0
split_feature=32 38 31 34 34 40 40 34 33 37 40 18 40 40
split_gain=20.8898 36.5265 28.1195 28.9031 63.7642 27.444 32.6301 28.9157 27.9331 23.4953 31.6136 37.2408 35.9913 29.7598
threshold=-0.19069274966621272 -2.6065503240709633 1.0091323800273175 -1.3432783689053445 -1.8742623363905795 1.1040842699724467 1.0278784270433972 2.5517241771442669 1.4744384398110515 -1.5245958401120399 -0.94838891393250169 -2.2470766423952639 -0.17166539898000474 -1.5799783755273065
decision_type=10 10 10 10 10 10 10 10 10 10 10 2 10 10
left_child=-1 -2 3 4 -3 6 -4 8 -7 10 11 -5 -12 -11
right_child=1 2 5 9 -6 7 -8 -9 -10 13 12 -13 -14 -15
leaf_value=-0.00080689357305857774 0.014807985895019768 0.0049025211770327513 -0.0021751264768389376 -0.0053904042327666225 -0.01127058203248611 0.00096223460358251856 -0.017145688908404118 -0.0099710691541422015 0.011206397351827751 0.0080298788140348177 0.016587002103337096 0.014148607985760385 -0.00061135987649394731 0.00061714781598695202
leaf_weight=20027.757581949234 147.98373322188854 368.62628026306629 4478.0023125708103 324.49409204721451 516.15588074922562 860.85473950207233 125.29922235012054 144.67064863443375 323.10166895389557 487.11893774569035 317.25756448507309 109.03785818815231 163.55267150700092 25292.384994655848
leaf_count=88540 619 1597 19714 1397 2266 3946 570 744 1525 2066 1317 458 679 110786
internal_value=-3.99571e-05 0.000416495 0.000348543 0.000751633 -0.00455291 -0.00152361 -0.0026189 0.00226247 0.00382831 0.000929095 0.00562917 -0.000267936 0.0108435 0.000760275
internal_weight=53686.3 33658.5 33510.6 27578.6 884.782 5931.93 4603.3 1328.63 1183.96 26693.8 914.342 433.532 480.81 25779.5
internal_count=236224 147684 147065 120566 3863 26499 20284 6215 5471 116703 3851 1855 1996 112852
is_linear=0
shrinkage=0.03


Tree=200
num_leaves=15
num_cat=2
split_feature=46 42 38 16 15 11 39 14 7 16 46 16 16 8
split_gain=22.1458 45.1466 53.7208 45.8184 44.498 48.989 44.9298 39.0141 38.4424 35.8708 34.7948 34.6089 33.4737 34.9426
threshold=0 0.81666666666666676 -1.4635819411174202 0.32785632954211968 0.26136766515364096 -1.4051726285720949 0.64165296614913714 0.12220204490021157 -0.2506089333150438 0.55650521387384477 1 0.14505354355156802 0.74869875005503006 1.2605270789898746
decision_type=1 10 10 8 10 10 10 8 10 10 1 10 8 10
left_child=1 2 7 4 8 6 -6 -1 10 -9 -4 -7 13 -3
right_child=-2 12 3 -5 5 11 -8 9 -10 -11 -12 -13 -14 -15
leaf_value=-0.0023721847686592906 0.00049915705853981163 -0.0022555841788923607 0.0017202709986087565 0.00067058463489745395 -0.0016390122946423925 0.0079170442664286654 0.019886770811674451 0.012068030846141383 0.0054549907918216688 -0.0061348812539710352 -0.0070574983095157556 -0.0086719419994430707 -0.0060647914689309704 0.0081904011567806266
leaf_weight=335.09761112928391 31696.786328017712 2744.9610189497471 834.19461250305176 10650.830279231071 541.49151043593884 112.67564952373505 93.771303921937943 719.7891431748867 809.62643018364906 106.18476444482803 764.28854469954967 1918.6069331616163 2127.5504448264837 312.03078103065491
leaf_count=1452 138153 12127 3643 47694 2426 496 414 3065 3543 465 3365 8519 9771 1432
internal_value=-8.78264e-06 -0.000738033 1.39859e-05 -0.000447358 -0.00279043 -0.00545246 0.00179737 0.00621286 0.000167646 0.00968252 -0.00252764 -0.00771747 -0.00318417 -0.00116612
internal_weight=53767.9 22071.1 16886.6 15725.5 5074.65 2666.55 635.263 1161.07 2408.11 825.974 1598.48 2031.28 5184.54 3056.99
internal_count=236565 98412 75082 70100 22406 11855 2840 4982 10551 3530 7008 9015 23330 13559
cat_boundaries=0 1 2
cat_threshold=267 10
is_linear=0
shrinkage=0.03


Tree=201
num_leaves=15
num_cat=0
split_feature=2 17 15 37 39 10 40 39 39 39 20 44 20 1
split_gain=29.2973 50.9846 32.697 46.0881 53.9839 45.3944 41.017 60.8485 55.6369 39.0218 43.9708 38.5854 37.4368 36.6029
threshold=0.65610063064035684 -1.5870437232980275 0.22828881697640085 -0.17897400872450384 -0.6145007887199746 -1.537860257375095 -0.62106447713901247 -0.69691726242351104 -1.0738947517226278 -0.22554161254589913 -1.2814671814928065 -0.0096129378805221381 -0.35464484890684805 0.01281659241451428
decision_type=10 2 8 10 8 8 10 10 10 10 10 10 10 8
left_child=1 -1 9 4 -4 12 8 -8 -7 10 -3 -10 -5 -9
right_child=-2 2 3 5 -6 6 7 13 11 -11 -12 -13 -14 -15
leaf_value=-0.0088715693117591005 -0.00046324037327126287 0.01988828860498159 0.0055991499730414888 -0.0018641599199147559 -0.0047302561021710871 -0.0055356043220298207 -0.015199500582531843 -0.0007849911836364902 0.020294216064100042 0.011912611829753538 0.00096325243275130002 0.0057331877642726233 0.020103756892478477 0.0036727635471019431
leaf_weight=431.01022371649742 40586.447045043111 110.18473449349403 569.24626949429512 100.54297251999378 2132.3717329055071 219.06336387991905 199.47505888342857 3678.4495121240616 268.83191338181496 529.74852891266346 1386.8299754261971 425.6860406845808 207.23113584518433 3003.5960787683725
leaf_count=1904 179602 467 2448 441 9193 970 877 16204 1138 2229 5921 1800 908 12844
internal_value=-6.32195e-05 0.00116039 0.00150402 0.000845889 -0.00254117 0.00197692 0.00152175 0.00072392 0.00745851 0.00499105 0.00247892 0.0115775 0.0130945 0.00122127
internal_weight=53848.7 13262.3 12831.3 10804.5 2701.62 8102.88 7795.1 6881.52 913.581 2026.76 1497.01 694.518 307.774 6682.05
internal_count=236946 57344 55440 46823 11641 35182 33833 29925 3908 8617 6388 2938 1349 29048
is_linear=0
shrinkage=0.03


Tree=202
num_leaves=15
num_cat=1
split_feature=39 45 38 25 46 39 2 1 12 11 16 38 16 37
split_gain=26.4862 23.2569 47.1999 45.186 37.0498 30.9005 26.9877 25.3729 23.8194 90.4241 73.5608 115.221 71.4234 54.2986
threshold=2.4115980245615991 1.3035283162150055 0.85933557321626697 -0.2156376284983523 0 -1.0738947517226278 1.337155959677734 0.018887711639078947 0.017286749350584014 0.66850193543690939 0.44323697526515199 -1.0918076616142744 0.82074219237018242 -2.4114378402575984
decision_type=10 10 10 10 1 10 10 10 2 10 10 8 10 10
left_child=1 8 3 5 7 -3 -5 -4 -1 10 11 13 -11 -10
right_child=-2 2 4 6 -6 -7 -8 -9 9 12 -12 -13 -14 -15
leaf_value=0.00029254394082316572 0.0060815593960636899 -0.0036562503892180343 -0.0023076207699214766 0.0016809514685889842 -0.0071899608439681493 0.0073797590264820497 -0.0067425704087052309 0.017173605802619129 -0.0053300347619063149 -0.0077605583344899764 0.0031133066068292745 -0.0031193501686247248 -0.0009417162018508842 0.0063724904362499057
leaf_weight=26964.294970884919 624.44700576364994 252.01206743717194 130.35058555006981 1720.848051443696 764.39149807393551 1970.5997216105461 416.69972284138203 98.589727103710175 424.65634095668793 2749.5177206546068 4999.4669353067875 7744.2548951208591 2776.7666460424662 2026.4882652163506
leaf_count=118748 2759 1082 569 7350 3472 8282 1834 421 1899 12256 22159 34007 12557 8730
internal_value=-1.17296e-05 -8.4601e-05 0.0017884 0.00313279 -0.00408513 0.00611766 1.50957e-05 0.00619024 -0.000295207 -0.00105982 0.000136045 -0.00132552 -0.00434222 0.00433163
internal_weight=53663.4 53038.9 5353.49 4360.16 993.332 2222.61 2137.55 228.94 47685.4 20721.2 15194.9 10195.4 5526.28 2451.14
internal_count=236125 233366 23010 18548 4462 9364 9184 990 210356 91608 66795 44636 24813 10629
cat_boundaries=0 1
cat_threshold=560
is_linear=0
shrinkage=0.03


Tree=203
num_leaves=15
num_cat=0
split_feature=31 34 40 16 32 33 36 38 30 2 36 10 34 38
split_gain=19.2819 30.5434 37.7921 41.3201 37.5925 40.3784 44.0405 34.6701 33.6511 46.6687 59.1878 48.1773 37.8996 37.5921
threshold=0.98853664025542443 -0.0058347190905455358 1.4472958439017705 0.61221795898966347 -0.43035023965381475 0.78300190101061251 -0.4262558849107505 1.0685111007688302 5.5000000000000009 0.9533946248948959 0.60979038540148545 0.7121112202035107 0.62026472115940601 0.42429723804142305
decision_type=8 10 10 8 10 10 10 10 2 8 10 8 10 10
left_child=1 2 7 -4 5 6 -3 -1 -6 10 12 -12 13 -10
right_child=-2 4 3 -5 8 -7 -8 -9 9 -11 11 -13 -14 -15
leaf_value=6.4510227848236281e-05 -0.0015320205712802909 -0.0084121233613095904 0.0030531118443733692 -0.0084471905636308142 0.0009910062657593826 -0.0068854133516427678 0.0018327411759139225 -0.004940960265932345 0.0092389129764696484 0.012556653102591485 -0.011251030075374563 0.0078408261361809159 -0.0051769935351759647 -0.0012937846273301263
leaf_weight=21322.813653558493 6371.0359468013048 442.306461378932 381.81524576246738 1012.7689091265202 16398.724988266826 998.50040675699711 2277.8336228877306 1312.6331676691771 1309.4724233001471 516.17669132351875 402.53251048922539 158.95662775635719 268.01771555840969 393.7115126401186
leaf_count=92856 28446 1955 1783 4850 71941 4589 10061 5923 5602 2280 1792 712 1159 1754
internal_value=1.58007e-05 0.000225022 -0.000524216 -0.00529927 0.00100209 -0.00175823 0.000142172 -0.000227812 0.00153053 0.00441969 0.00271847 -0.00580353 0.00516297 0.00681081
internal_weight=53567.3 47196.3 24030 1394.58 23166.2 3718.64 2720.14 22635.4 19447.6 3048.87 2532.69 561.489 1971.2 1703.18
internal_count=235703 207257 105412 6633 101845 16605 12016 98779 85240 13299 11019 2504 8515 7356
is_linear=0
shrinkage=0.03


Tree=204
num_leaves=15
num_cat=2
split_feature=20 46 7 16 15 42 25 10 16 46 15 10 6 44
split_gain=21.4609 47.2985 42.7882 29.6005 75.1262 49.2156 38.1933 35.8638 40.1665 34.5812 53.4014 29.8037 28.1777 28.0665
threshold=1.5255813876183575 0 0.4805058725078501 0.84818621766021252 0.8369293181597719 0.31666666666666671 0.5479965816887109 1.8910362610932796 0.70847386768043996 1 0.95390429884542682 0.1167075638391518 1.4753423535118102 -0.13770084031650745
decision_type=10 1 10 8 10 10 10 10 10 1 10 8 10 10
left_child=3 -2 -3 7 6 -6 11 13 -9 10 -7 -5 -11 -1
right_child=1 2 -4 4 5 9 -8 8 -10 12 -12 -13 -14 -15
leaf_value=-0.011882045111575323 0.0034818769177762574 -0.022846010118863145 -0.0046906768704355955 -0.0039379964333337049 0.0084574917562345031 -0.011764845828648592 -0.00057782867002561654 0.0061710867164985611 -0.01539912296067552 0.0017733891829276355 0.0069632257854499342 0.0088258926737482535 -0.0056670445517537273 -4.5918026958653039e-05
leaf_weight=171.0282019674778 610.20597192645073 123.04363407194614 1050.2602780461311 174.57371750473976 431.89123147726059 613.90614634752274 651.14430837333202 102.00095604360104 264.46423797309399 1608.5203687399626 168.34234024584293 1899.0708663165569 628.96471530199051 45258.97211535275
leaf_count=786 2802 590 5019 757 1983 2840 2913 433 1165 7185 794 8345 2985 197985
internal_value=-1.77615e-05 -0.00324423 -0.00671485 9.35612e-05 0.00204134 -0.000898944 0.00575561 -0.000169517 -0.00939088 -0.00226063 -0.00760154 0.0077376 -0.000332571 -9.3082e-05
internal_weight=53756.4 1783.51 1173.3 51972.9 6176.41 3451.62 2724.79 45796.5 366.465 3019.73 782.248 2073.64 2237.49 45430
internal_count=236582 8411 5609 228171 27802 15787 12015 200369 1598 13804 3634 9102 10170 198771
cat_boundaries=0 1 2
cat_threshold=564 9
is_linear=0
shrinkage=0.03


Tree=205
num_leaves=15
num_cat=2
split_feature=1 30 15 46 39 20 19 11 43 1 15 11 43 46
split_gain=23.0674 50.3819 56.0684 58.1341 43.8005 91.4322 78.0525 54.833 30.5163 30.1814 77.2162 33.5486 31.2905 29.5536
threshold=0.032856810192967344 1.5000000000000002 0.42888677742691905 0 -0.87910410047223353 -0.024604177529957406 1.9950585320702403 -0.69703408981668624 0.21111111111111114 0.028515281727605906 0.82252811354023281 -0.87904540959591049 0.5277777777777779 1
decision_type=8 2 10 1 10 8 2 10 10 10 8 10 10 1
left_child=9 2 -2 -4 7 8 -7 -3 -6 -1 11 -11 -13 -8
right_child=1 4 3 -5 5 6 13 -9 -10 10 -12 12 -14 -15
leaf_value=4.1117117029870183e-05 -0.017536561023875165 0.0001920343008234665 0.016031095834267234 -0.010235365756327728 0.0050803181711273314 0.026952817439326392 -0.0078597848803695497 0.029734371529603093 -0.013634967731090165 -0.020485873341801297 0.013854010017633776 0.0032593171255431096 -0.011661999472577471 0.0093378047414162026
leaf_weight=51361.231109291315 175.21511049568653 91.722292333841324 139.77537441253662 126.46390406787395 107.62567135691643 183.28035175800323 126.42859008908272 137.98747424781322 241.45264430344105 183.94998084008694 141.51776446402073 207.25309997797012 300.87122367322445 218.99201874434948
leaf_count=226066 793 405 592 541 465 787 552 596 1066 832 613 917 1322 952
internal_value=5.60735e-05 0.00365204 -0.00484163 0.00384544 0.00705071 0.00389651 0.0116766 0.0184383 -0.007884 -5.132e-05 -0.00567975 -0.00981451 -0.00563047 0.0030408
internal_weight=53743.8 1548.94 441.454 266.239 1107.49 877.779 528.701 229.71 349.078 52194.8 833.592 692.074 508.124 345.421
internal_count=236499 6749 1926 1133 4823 3822 2291 1001 1531 229750 3684 3071 2239 1504
cat_boundaries=0 1 2
cat_threshold=617 657
is_linear=0
shrinkage=0.03


Tree=206
num_leaves=15
num_cat=0
split_feature=24 20 1 45 2 45 43 43 45 2 43 14 36 20
split_gain=20.8305 30.513 52.4203 55.5169 50.7252 34.6549 39.1591 34.4584 32.4251 31.4041 29.8257 27.6988 36.6146 29.6684
threshold=-0.0060515927755993284 0.083257018642588956 0.012579979697613023 1.1398839561287359 0.79894806512284344 1.0475926253791639 0.29285714285714287 0.78888888888888908 1.1818972534362657 1.717232930055524 0.95000000000000007 0.53604680581867781 -0.11999110862890781 0.66143716941890196
decision_type=10 10 10 10 10 10 10 10 10 10 10 10 10 10
left_child=-1 8 3 5 11 6 -3 -7 9 -2 -5 13 -13 -4
right_child=1 2 4 10 -6 7 -8 -9 -10 -11 -12 12 -14 -15
leaf_value=0.00089132969272646631 -0.0021667757986616287 0.0047795464595609084 0.013651303215871973 -0.0041089968111296437 0.00041347450567511831 0.00074049589501119719 -0.0017340024868980734 0.010620505586812882 0.0011255869527329798 0.0050713334096373448 -0.015410729529980509 -0.0044974792470039047 0.0058483974569056634 -0.0020853739821152613
leaf_weight=20189.232033938169 13231.202414691448 977.67350666224957 586.79382325708866 1305.9261611253023 3711.6548674404621 810.25135500729084 5220.9614847004414 514.38062340021133 4237.2343696504831 553.12478829920292 244.0424837321043 368.9393684566021 1673.9046646356583 128.62803557515144
leaf_count=88029 58095 4497 2512 5865 16654 3632 23908 2294 18152 2416 1099 1615 7244 556
internal_value=0.000130107 -0.000327898 0.000645862 -0.000825191 0.00270692 0.000242486 -0.000700616 0.00462793 -0.00116764 -0.00187287 -0.00597584 0.00578044 0.00396712 0.0108322
internal_weight=53753.9 33564.7 15543.2 9073.24 6469.92 7523.27 6198.63 1324.63 18021.6 13784.3 1549.97 2758.27 2042.84 715.422
internal_count=236568 148539 69876 41295 28581 34331 28405 5926 78663 60511 6964 11927 8859 3068
is_linear=0
shrinkage=0.03


Tree=207
num_leaves=15
num_cat=0
split_feature=39 38 40 30 1 1 2 37 37 31 36 30 40 1
split_gain=27.1762 80.5417 59.4016 57.7242 74.8743 49.2072 49.0388 62.4082 63.653 42.2549 40.1684 43.7663 39.8926 37.6526
threshold=-1.1929641045859751 0.22796957868653941 -1.4717421129516608 1.5000000000000002 0.038320598074669719 0.021825119449646376 0.96101190516465973 -0.48696212853890092 -1.2199158939915844 -0.04427586916145293 -1.024661603216326 5.5000000000000009 -0.93365510398937002 0.012459113410349793
decision_type=10 10 10 2 8 10 10 10 8 10 10 2 10 10
left_child=1 3 -2 5 6 9 10 8 12 -1 -5 -12 13 -8
right_child=2 -3 -4 4 -6 -7 7 -9 -10 -11 11 -13 -14 -15
leaf_value=0.00073452005752584586 0.010690674241365904 -0.013556718482504459 0.00018995728755913231 -0.015698022054039862 0.026308109120716204 -0.022366140278616688 0.0071389881501286419 0.016581988539594583 -0.0092937135770224805 -0.010299989415257465 0.0030698211236182362 -0.010049461961715307 0.015926373650853171 -0.0042607495913767257
leaf_weight=742.88315710425377 479.77932710945606 481.0577264726162 48192.183433875442 210.86613357067108 95.500373274087906 135.60507273674011 573.41357356309891 273.54749935865402 379.22575160861015 527.3707637488842 645.86181247234344 341.82813918590546 218.78934682905674 462.56860676407814
leaf_count=3352 2052 2290 211893 946 416 658 2419 1178 1674 2380 2837 1499 923 2062
internal_value=7.74126e-05 -0.00200645 0.000295642 -0.000773754 0.00145278 -0.00581875 0.000606602 0.00358776 0.00132477 -0.00389134 -0.00412845 -0.00152583 0.00458207 0.00205691
internal_weight=53760.5 5088.52 48672 4607.46 3201.6 1405.86 3106.1 1907.54 1634 1270.25 1198.56 987.69 1254.77 1035.98
internal_count=236579 22634 213945 20344 13954 6390 13538 8256 7078 5732 5282 4336 5404 4481
is_linear=0
shrinkage=0.03


Tree=208
num_leaves=15
num_cat=2
split_feature=45 30 12 1 12 46 1 46 39 0 30 41 9 0
split_gain=24.6447 39.4236 24.2183 71.8662 49.4909 47.0965 47.4865 43.8187 47.8974 41.5217 38.9316 42.3775 41.2815 37.7325
threshold=0.42396179803737616 3.5000000000000004 0.015704417712819278 0.010610366088010656 0.01021138923126769 0 0.01458789679007874 1 2.0073191655261482 0.010046150294056757 3.5000000000000004 0.15000000000000005 -0.70775567170387199 0.0072971100966304865
decision_type=8 2 2 8 2 1 8 1 10 10 2 2 10 8
left_child=1 -1 3 7 -5 -6 10 9 -9 -2 11 -7 -13 -4
right_child=2 -3 13 4 5 6 -8 8 -10 -11 -12 12 -14 -15
leaf_value=0.00056019278581160453 0.0008803453735630938 -0.017728545469053277 -0.0055463098807271988 0.023361410723133833 0.010380515921758747 -0.0053128757683898117 0.014964771273851749 -0.0015449514067393535 0.011485479516180399 0.0074330259093644468 -0.0026319596570320123 0.021508867639717509 0.0048578952393525283 -0.00030297220715895312
leaf_weight=251.02003395557404 8142.8994373977184 172.9723699092865 1281.6813455373049 112.78035378456116 777.69352190196514 282.61609272658825 225.9156779050827 10667.527116313577 250.16277313232422 965.06083995103836 1339.2229142487049 154.15481275320053 788.53662498295307 28299.929829329252
leaf_count=1121 35621 797 5527 479 3345 1221 944 47357 1155 4261 5849 659 3372 124671
internal_value=-1.7469e-05 -0.00713748 4.05106e-05 0.00075476 0.00460142 0.00394483 0.00207607 4.57611e-05 -0.00123501 0.00158031 0.000895021 0.00474 0.00777796 -0.000531948
internal_weight=53712.2 423.992 53288.2 23706.6 3680.92 3568.14 2790.45 20025.7 10917.7 9107.96 2564.53 1225.31 942.691 29581.6
internal_count=236379 1918 234461 104263 15869 15390 12045 88394 48512 39882 11101 5252 4031 130198
cat_boundaries=0 1 2
cat_threshold=68 188
is_linear=0
shrinkage=0.03


Tree=209
num_leaves=15
num_cat=3
split_feature=45 2 45 16 1 46 40 18 1 40 46 46 43 43
split_gain=21.6967 30.3201 32.4964 43.3334 58.4781 78.8871 62.8871 42.9551 41.3342 56.1599 53.6004 43.6673 36.861 35.8413
threshold=1.2724157480147971 1.337155959677734 1.7064686704748417 0.17057284664892011 0.017663982984051793 0 -1.0782791749016345 -3.118704216902719 0.014858313390804756 0.71102963477388215 1 2 0.18333333333333338 0.31666666666666671
decision_type=8 10 10 10 8 1 8 2 10 10 1 1 8 8
left_child=-1 2 3 4 6 -6 -2 -5 10 -10 -9 -11 -8 -7
right_child=1 -3 -4 7 5 13 12 8 9 11 -12 -13 -14 -15
leaf_value=-0.00019672860444049998 -0.0051215269824981353 -0.0034580448864308757 -0.0044994695248029952 -0.016106755802238228 -0.018374966084291375 -0.0018030830285976425 0.0057368561488418549 -0.013555661553732031 0.0021824724361786643 0.004954753394082005 0.00099211601861927791 0.020997311875316612 0.024970687319736107 0.02170331986889628
leaf_weight=46852.135335564613 110.34006170928478 915.89204160869122 552.71091069281101 106.70311105251312 122.80629163980484 112.22228808701038 132.25195524096489 243.77695843577385 1878.8131062090397 376.70698192715645 1665.1208223104477 276.62543635070324 325.55967499315739 108.55949530005455
leaf_count=206899 468 4082 2376 465 523 496 554 1077 8001 1648 7096 1181 1345 457
internal_value=3.50894e-05 0.00160081 0.00237594 0.00307895 0.00901296 -0.000767286 0.0148385 0.00187212 0.00233931 0.00484481 -0.000992151 0.0123527 0.0196558 0.00977133
internal_weight=53780.2 6928.09 6012.2 5459.49 911.74 343.588 568.152 4547.75 4441.04 2532.15 1908.9 653.332 457.812 220.782
internal_count=236668 29769 25687 23311 3843 1476 2367 19468 19003 10830 8173 2829 1899 953
cat_boundaries=0 1 2 3
cat_threshold=802 256 204
is_linear=0
shrinkage=0.03


Tree=210
num_leaves=15
num_cat=0
split_feature=30 2 41 34 12 30 40 39 19 41 12 14 20 2
split_gain=34.3446 64.0333 59.2828 58.7225 51.3632 53.0967 72.3705 50.1365 49.5657 49.4314 66.6974 52.1774 60.1415 68.2296
threshold=3.5000000000000004 0.99728675485049123 0.95000000000000007 -0.34637235604473554 0.057540361112727999 5.5000000000000009 -0.43176346319756592 -1.1929641045859751 3.5542691092300234 0.95000000000000007 0.011796602531649656 0.74459548873973225 -0.11316959026248528 1.3561861935490953
decision_type=2 8 2 10 2 2 10 10 2 2 2 8 10 8
left_child=9 2 3 -2 5 6 -5 -7 -4 11 -11 12 -1 -14
right_child=1 -3 8 4 -6 7 -8 -9 -10 10 -12 -13 13 -15
leaf_value=-0.00049460810603535444 -0.0046310864018999963 0.0016108202677130243 -0.0090625161771962382 0.0036549257488670875 0.020036457534577747 -0.0087271381417765304 -0.003776712556875735 0.0034871232347519657 0.00017276164693797331 0.010297101274679359 0.0015866742456828776 -0.0025691306229036603 0.0037181028522527363 -0.0040602902583044337
leaf_weight=12600.480163261294 3220.2514057606459 6747.7435345351696 1666.1757866889238 1559.8690978884697 103.88892644643784 320.08809672296047 4741.5394571125507 3662.9323036670685 759.71707393229008 1025.8364865630865 3371.051235049963 4947.6657862365246 7844.2296482920647 1157.1459730416536
leaf_count=54821 14289 30390 7696 6710 447 1408 20955 15861 3563 4560 14889 21952 33774 5182
internal_value=4.44887e-05 -0.00083931 -0.00187075 -0.00109834 1.66378e-07 -0.000221499 -0.00193419 0.00248615 -0.00618147 0.000695187 0.00363766 0.000206696 0.000843363 0.00271478
internal_weight=53728.6 22782.2 16034.5 13608.6 10388.3 10284.4 6301.41 3983.02 2425.89 30946.4 4396.89 26549.5 21601.9 9001.38
internal_count=236497 101319 70929 59670 45381 44934 27665 17269 11259 135178 19449 115729 93777 38956
is_linear=0
shrinkage=0.03


Tree=211
num_leaves=15
num_cat=2
split_feature=44 46 1 10 45 12 19 12 10 11 19 11 46 2
split_gain=26.3702 49.872 49.8987 37.9423 84.9941 51.3835 41.2666 36.5066 51.2748 60.0631 49.4228 48.5804 55.9702 47.6188
threshold=-0.0035607179457895115 0 0.0046453865518241745 -0.72504052133710206 0.75825209771169544 0.030622690316962031 -3.9511920280582471 0.032066573611576089 0.90030119454612201 -0.50321449207147173 0.4493841938831285 1.775606696789451 1 0.90234558189526926
decision_type=8 1 8 10 8 2 2 2 8 10 2 10 1 10
left_child=7 2 -2 4 -4 -6 -7 8 10 -10 -1 12 13 -11
right_child=1 -3 3 -5 5 6 -8 -9 9 11 -12 -13 -14 -15
leaf_value=0.0013474098729521502 0.018641154861451844 -0.001810129387012205 -0.0230140399164049 0.0014495223965537581 0.00054936784974795704 -0.019386656900550157 0.0011793606278605784 -0.0025582007190632083 0.01877385129123308 0.011755036638243947 -0.0020469310993826081 0.010286277896301182 -0.0020429427871186076 -0.0006138906327924587
leaf_weight=14057.422791823745 128.71117523312569 15601.786251246929 161.59461639821529 9353.3933178931475 2190.0358676165342 219.2604745477438 140.5486287176609 2846.3986575305462 230.38900043070316 659.62177407741547 5311.1800223141909 695.26073588430882 1662.4948047697544 479.96691878139973
leaf_count=60674 542 69313 720 40886 9472 1021 603 12813 981 2888 23889 2983 7548 2205
internal_value=-4.59659e-05 -0.000687881 0.000749224 0.000543689 -0.00257492 -0.00119477 -0.0115385 0.000641789 0.00103709 0.00425417 0.000416051 0.00324688 0.00146987 0.00652873
internal_weight=53738.1 27795.3 12193.5 12064.8 2711.44 2549.84 359.809 25942.7 23096.3 3727.73 19368.6 3497.34 2802.08 1139.59
internal_count=236538 122557 53244 52702 11816 11096 1624 113981 101168 16605 84563 15624 12641 5093
cat_boundaries=0 1 2
cat_threshold=976 804
is_linear=0
shrinkage=0.03


Tree=212
num_leaves=15
num_cat=1
split_feature=30 15 11 10 46 45 12 14 16 11 2 1 37 37
split_gain=23.1534 60.4859 91.6958 72.0667 57.0347 49.2628 48.958 58.4853 47.996 65.6839 64.0457 60.2677 50.0704 51.0991
threshold=3.5000000000000004 0.35960144433001157 -1.6323180237845316 0.78895043881708304 0 0.54593558084106919 0.016945415816906891 0.33365160417619916 0.32785632954211968 -0.14910472758952523 1.0907549129402832 0.041428918006914416 -1.3378547394783487 -0.33516412983907512
decision_type=2 10 8 10 1 8 2 10 10 10 10 8 8 10
left_child=8 2 6 4 -4 -6 7 -2 11 -10 -11 12 -1 -14
right_child=1 -3 3 -5 5 -7 -8 -9 9 10 -12 -13 13 -15
leaf_value=0.0040150465441450567 0.0099735579979306106 -0.0018566189924362003 0.00612392549299172 -0.011753757340255577 -0.013392974808208115 0.0014027930658862893 -0.020567810043126938 -0.014443747317327968 0.0045899783032916338 0.001887652914659607 -0.0021977089569391916 -0.018238950271490389 -0.0043931065536069605 0.00021417982661254764
leaf_weight=1672.3494493365288 161.20664764940739 14475.056320413947 2837.3680078536272 309.9941747635603 202.19966460764408 4445.5924929231405 230.12790809571743 172.79792366921902 4597.962071031332 10210.807291895151 5206.4605437517166 170.10666593909264 3591.8817183226347 5434.5207358002663
leaf_count=7275 695 65634 12098 1334 891 19119 1043 764 19725 44183 23528 762 15777 23639
internal_value=4.04351e-05 -0.000683732 0.00134705 0.00219668 0.00278935 0.000730172 -0.010227 -0.00271144 0.000575901 0.00144715 0.000507483 -0.00102838 -0.00073796 -0.00162203
internal_weight=53718.4 22834.3 8359.29 7795.15 7485.16 4647.79 564.132 334.005 30884.1 20015.2 15417.3 10868.9 10698.8 9026.4
internal_count=236467 101578 35944 33442 32108 20010 2502 1459 134889 87436 67711 47453 46691 39416
cat_boundaries=0 1
cat_threshold=172
is_linear=0
shrinkage=0.03


Tree=213
num_leaves=15
num_cat=1
split_feature=36 40 30 30 41 33 38 33 39 40 38 12 46 34
split_gain=24.4042 55.8146 46.7124 43.9226 62.8177 65.251 51.2752 52.0272 45.0559 55.5058 62.3363 43.0172 49.1172 42.8274
threshold=-0.2795919952240164 -1.9491247540910772 4.5000000000000009 5.5000000000000009 0.75000000000000011 0.47074601512509656 0.38626188264072714 0.053489450919805427 0.037822852753321416 0.48906880972089267 0.37816387039915722 0.026987738430966763 0 1.0437752030889174
decision_type=10 10 2 2 2 10 10 10 10 10 10 2 1 10
left_child=11 2 -2 -3 8 6 7 -6 -5 -10 -11 -1 -13 -7
right_child=1 3 -4 4 5 13 -8 -9 9 10 -12 12 -14 -15
leaf_value=-4.7968314718535777e-05 0.028615542647709595 -1.6333976188132839e-05 0.0017312798386537335 0.0018934236943115217 -0.0066860430560888567 0.0095733896855115866 -0.010636890892412459 0.012762529371084439 0.015051044696197613 -0.0014585902822564936 0.012987092361390163 0.00015330256394830357 -0.0066467908586851279 -0.0072744866454634328
leaf_weight=14072.767668351531 106.3926772326231 30022.670822873712 119.02582624554634 1886.4136810153723 272.88835820555687 556.53216977417469 737.50613109767437 210.40445901453495 704.69841465353966 674.34058055281639 435.16638095676899 1730.8675236105919 2127.0488151162863 170.47598215937614
leaf_count=61323 435 132269 494 8078 1186 2489 3360 917 3048 2938 1964 7902 9770 792
internal_value=8.53949e-05 0.000536825 0.0150966 0.000440611 0.00286512 -0.00149088 -0.00571143 0.00186809 0.00515572 0.00851889 0.00427263 -0.000818146 -0.00362018 0.00557764
internal_weight=53827.2 35896.5 225.419 35671.1 5648.43 1947.81 1220.8 483.293 3700.62 1814.21 1109.51 17930.7 3857.92 727.008
internal_count=236965 157970 929 157041 24772 8744 5463 2103 16028 7950 4902 78995 17672 3281
cat_boundaries=0 1
cat_threshold=103
is_linear=0
shrinkage=0.03


Tree=214
num_leaves=15
num_cat=1
split_feature=15 45 16 16 30 40 46 14 9 15 38 1 19 37
split_gain=21.2885 26.5821 36.517 43.0537 32.974 22.1202 20.8389 40.7034 19.105 76.0684 39.8359 42.409 34.8808 36.793
threshold=0.95390429884542682 0.42396179803737616 0.79254879827201152 0.25348064966234757 3.5000000000000004 2.3172362961127733 0 0.86525367201644454 -1.624438471537297 0.19486031339430446 -2.6065503240709633 0.012758112060194456 -7.0917947096868552 -2.4114378402575984
decision_type=8 10 8 10 2 10 1 10 10 10 10 10 2 10
left_child=1 2 3 -1 -5 6 7 -2 9 12 11 -10 13 -3
right_child=5 8 -4 4 -6 -7 -8 -9 10 -11 -12 -13 -14 -15
leaf_value=-0.01766132871790126 0.023475648877197393 -0.013300795618908061 -0.022512549970056313 0.013731891991005224 -0.0078081653151325058 0.016385116918620109 -0.0013993805449811808 0.0031501338852467833 0.022106711806678274 0.011679985214015054 5.3656953610464719e-05 -0.0010664448254942055 -0.0098748722912100594 0.0038287786628245449
leaf_weight=104.36175927519798 92.486406415700912 139.00774475932121 98.085881069302559 138.23171868920326 103.84314985573292 101.62414373457432 671.76984760165215 694.91081616282463 142.25529435276985 253.76093988120556 49767.033858940005 131.66090443730354 813.63076587021351 455.17926481366158
leaf_count=468 387 655 454 606 473 508 3065 3266 576 1101 218596 582 3690 2028
internal_value=5.23708e-05 -5.12716e-05 -0.00727461 -0.00244976 0.00454863 0.00349341 0.00249015 0.00573014 1.22271e-05 -0.00314276 0.000117594 0.011323 -0.00587812 -0.000332435
internal_weight=53707.8 52147.1 444.523 346.437 242.075 1560.79 1459.17 787.397 51702.5 1661.58 50041 273.916 1407.82 594.187
internal_count=236455 229229 2001 1547 1079 7226 6718 3653 227228 7474 219754 1158 6373 2683
cat_boundaries=0 1
cat_threshold=333
is_linear=0
shrinkage=0.03


Tree=215
num_leaves=15
num_cat=0
split_feature=16 30 15 40 0 39 33 40 19 39 11 2 36 15
split_gain=25.5477 49.2503 37.8666 36.8041 41.0658 48.9364 36.6577 36.3277 58.6834 67.8096 57.7701 45.1222 50.0213 53.3625
threshold=0.094594594594594725 1.5000000000000002 0.093750000000000014 -1.002746323103848 0.0074501196618411182 -1.0559787094162867 -2.5210552553321848 -1.8610102854390049 -5.454417602712426 -1.803152513603415 -0.39867733238226588 1.1903833201028431 -0.30398399591338476 0.46958543464325253
decision_type=8 2 8 10 10 10 10 8 2 8 8 10 10 10
left_child=1 -1 6 4 -3 -6 -2 10 11 -10 -4 12 -9 -14
right_child=2 3 7 -5 5 -7 -8 8 9 -11 -12 -13 13 -15
leaf_value=-0.0031966897952189544 0.011444559914224717 -0.012989030574103288 0.013136821132516798 0.0083870180955374699 0.00027740481530555189 0.019788743193118821 -0.0065317503370265683 -0.01195534826209755 -0.020111079223527194 0.00025623100262544326 -0.0084758151440212023 0.0038581048844883248 -0.0050511505747105759 0.0091093126379367326
leaf_weight=925.21512567996979 102.128228738904 155.22242979705334 414.98178297281265 1261.8278408050537 745.88497354090214 126.99447478353977 1238.9317574948072 782.37582577764988 137.59861497581005 45275.438159793615 143.01493313908577 534.70715837180614 1571.4878403097391 272.84383280575275
leaf_count=4114 441 678 1755 5309 3260 532 5418 3566 660 199492 620 2337 6945 1197
internal_value=3.19392e-05 0.0026206 -0.000133444 0.00497467 0.000746127 0.00330808 -0.00508819 2.80282e-06 -8.53822e-05 0.000190105 0.00754579 -0.00403082 -0.00564528 -0.00291847
internal_weight=53688.7 3215.14 50473.5 2289.93 1028.1 872.879 1341.06 49132.4 48574.5 45413 557.997 3161.41 2626.71 1844.33
internal_count=236324 13893 222431 9779 4470 3792 5859 216572 214197 200152 2375 14045 11708 8142
is_linear=0
shrinkage=0.03


Tree=216
num_leaves=15
num_cat=0
split_feature=7 1 40 37 40 16 11 40 38 11 45 0 40 38
split_gain=24.4115 67.5375 67.076 55.3963 44.6507 42.152 66.2771 56.7233 64.971 62.0708 58.2374 66.0017 53.8323 56.7985
threshold=-0.78660077943992845 0.017663982984051793 0.8377562646550577 -0.46326760838172326 -1.7429079314650811 0.31173926192634011 -0.31744374586258611 0.15883496572283429 0.16431645110281123 -1.5083559917932037 1.2776982327279967 0.016467979077374746 -0.4450207499511829 -0.14706524158836423
decision_type=10 10 10 10 8 8 10 10 10 10 10 10 8 10
left_child=1 2 -1 -4 -2 6 7 10 9 -9 -6 -12 13 -7
right_child=4 -3 3 -5 5 12 -8 8 -10 -11 11 -13 -14 -15
leaf_value=0.00044321307718630262 0.007596095262531812 -0.0071580460260651227 -0.019054541453760118 -0.0022933145992767626 -0.0046615399516043033 0.00062941896318098134 0.0034635572678522763 0.018934038234812295 -0.0024491172901163426 0.002421592401149507 0.011429593615964526 -0.0094118019165956562 0.00017594313761150874 0.0072985142170167517
leaf_weight=8035.2407577782869 721.74930150806904 1535.3623879551888 285.60633246600628 452.08723501861095 6493.8266733437777 2515.4720668792725 2050.0951319932938 287.3379682302475 1492.575052857399 670.62452739477158 425.30257764458656 190.5730354487896 26502.632858470082 2109.4988227039576
leaf_count=34558 3039 7101 1306 2048 28600 10854 8895 1238 6552 2868 1776 830 117985 9080
internal_value=-6.32869e-05 -0.00137507 -0.000355986 -0.00895066 0.000248102 0.000122263 -0.00141967 -0.00246935 0.00146229 0.00751889 -0.00382464 0.00493321 0.000697661 0.00368045
internal_weight=53768 10308.3 8772.93 737.694 43459.7 42737.9 11610.3 9560.24 2450.54 957.962 7109.7 615.876 31127.6 4624.97
internal_count=236730 45013 37912 3354 191717 188678 50759 41864 10658 4106 31206 2606 137919 19934
is_linear=0
shrinkage=0.03


Tree=217
num_leaves=15
num_cat=0
split_feature=39 37 30 35 9 39 39 35 30 0 12 16 30 39
split_gain=27.0481 29.1241 27.9387 23.4219 35.2913 36.4347 46.7188 55.993 47.3546 52.7744 35.2395 35.2811 46.1057 34.5668
threshold=2.5706467476917658 1.5129963789560563 1.5000000000000002 0.71954590263181339 -1.5142443323625432 -1.3768709061050497 -0.55439906647306914 1.3237497373896316 4.5000000000000009 0.0074977914447814627 0.011796602531649656 0.31800449924325602 1.5000000000000002 -0.011040579351153733
decision_type=10 10 2 8 10 10 10 10 2 10 2 8 2 10
left_child=3 -2 -3 -1 -5 -6 7 -7 10 -10 -8 -12 -13 -14
right_child=1 2 -4 4 5 6 8 -9 9 -11 11 12 13 -15
leaf_value=0.0002253596061558414 0.021435278385755967 -0.0086739968976693501 0.0092072751576079519 0.011270240213655826 -0.013914119205470664 -0.00010126273542153687 0.00067759934032579074 0.013197486818167511 -0.0046308161844779904 0.0054926759456678294 -0.010256851384332749 0.00047879855667959967 0.0021129710304504815 -0.0070074318433405326
leaf_weight=42482.428430393338 92.65123775601387 111.92627036571503 213.68176397681236 186.36872944235802 200.98103880882263 953.39863348007202 1593.3550931215286 396.31031668186188 703.95103561878204 1313.9151772856712 781.38085828721523 1743.4420876950026 434.10453191399574 2522.6361597180367
leaf_count=185680 388 505 944 807 898 4145 7281 1731 3250 6027 3469 7702 1912 11824
internal_value=-3.18895e-05 0.00747741 0.00298536 -9.21947e-05 -0.00133693 -0.00156805 -0.00131735 0.00387195 -0.00209104 0.00195558 -0.00324633 -0.00438608 -0.00339039 -0.00566578
internal_weight=53730.5 418.259 325.608 53312.3 10829.8 10643.5 10442.5 1349.71 9092.78 2017.87 7074.92 5481.56 4700.18 2956.74
internal_count=236563 1837 1449 234726 49046 48239 47341 5876 41465 9277 32188 24907 21438 13736
is_linear=0
shrinkage=0.03


Tree=218
num_leaves=15
num_cat=0
split_feature=36 40 37 39 23 31 39 40 41 2 37 38 38 39
split_gain=20.8585 60.2387 45.2317 46.197 39.981 39.6904 38.9993 61.2255 66.6779 35.8792 46.6966 35.7269 49.6781 35.216
threshold=-0.11999110862890781 -1.6320170662874254 -1.4031164959675204 -1.258802540749171 -0.02793637704792928 2.8134948386717658 -1.0559787094162867 -1.2929908372390331 1.0000000180025095e-35 1.039880093339516 -0.46326760838172326 -0.18178964343694404 -0.80949788221228014 -0.57937746911308408
decision_type=10 10 10 10 8 10 8 10 2 10 10 10 10 8
left_child=4 -2 -3 11 -1 -5 9 8 -8 -6 -11 12 -4 -10
right_child=1 2 3 5 6 -7 7 -9 13 10 -12 -13 -14 -15
leaf_value=0.0015225729933864313 0.010327538481036977 0.0078739467244817746 -0.015376724972866997 0.00036663427039100561 -0.008226033118029193 -0.0102747132353388 0.025497588194449375 -0.001186950617337401 -0.0074405755352161583 -0.0035155105329458453 0.011533425987392114 -0.012090152817270369 0.0073052008881716712 0.013372291756366532
leaf_weight=5120.6387463957071 530.07517153024673 669.77036944031715 117.10893023014069 29031.656554356217 1340.8123388588428 308.92257602512836 151.6975477039814 13814.941194474697 165.72589132189751 1476.4661217033863 202.20077015459538 482.19559076428413 264.76859390735626 115.47325247526169
leaf_count=22206 2207 2829 526 127950 6067 1461 638 60817 722 6569 893 2274 1190 510
internal_value=-0.000103929 0.000394816 0.000220995 4.87455e-05 -0.000803404 0.000251131 -0.00149366 -0.000835769 0.0101452 -0.00458498 -0.00164525 -0.00674772 0.000134534 0.00127186
internal_weight=53792.5 31404.5 30874.4 30204.7 22388 29340.6 17267.3 14247.8 432.897 3019.48 1678.67 864.073 381.878 281.199
internal_count=236859 138437 136230 133401 98422 129411 76216 62687 1870 13529 7462 3990 1716 1232
is_linear=0
shrinkage=0.03


Tree=219
num_leaves=15
num_cat=0
split_feature=40 35 19 30 30 16 38 8 1 37 40 13 38 40
split_gain=32.2322 55.3337 45.7041 38.8011 79.1892 63.8527 58.9272 40.7354 38.1354 33.9533 33.6965 77.9823 67.1116 78.867
threshold=1.5956037031214281 -0.60535529606763605 7.4779296924428813 4.5000000000000009 1.5000000000000002 0.66265060240963869 0.21189263512999842 1.0055899849623664 0.0089118199853492341 1.3561874591568466 0.76448683737830814 39.301555148359391 0.54124529018092982 -0.58166541068976751
decision_type=8 10 2 2 2 8 10 10 10 10 10 10 10 10
left_child=10 -2 3 4 5 -3 -5 -6 -8 -10 12 -12 -1 -14
right_child=1 2 -4 6 7 -7 8 -9 9 -11 11 -13 13 -15
leaf_value=0.00028914189938752732 -0.012952582529103146 0.018027330013136091 -0.010043141390827206 -0.0090037938224946535 -0.011970992416403628 -0.00049618909974349966 -0.0026476462976340594 -0.00067225875175032064 0.020064833441806908 0.0036345114185384808 -0.0095010438221575233 0.0024992364526791834 0.0066148160838189795 -0.0038265385591741102
leaf_weight=33801.922755345702 419.50404316186905 226.69292722642422 470.66427183151245 190.53917089104652 679.97945104539394 571.05072367191315 166.44254614412785 494.07193079590797 292.89294980466366 189.10248462855816 508.77971689403057 8099.1188417822123 710.32054242491722 6842.2503946721554
leaf_count=146581 2146 1000 2302 875 3301 2599 827 2470 1342 902 2259 36043 3112 30571
internal_value=-0.000127134 -0.00282467 -0.00149448 -3.24766e-05 -0.00233121 0.00492561 0.00533391 -0.00726202 0.00961971 0.0138236 7.32102e-05 0.00177974 -0.000282348 -0.00283708
internal_weight=53663.3 3700.94 3281.44 2810.77 1971.8 797.744 838.977 1174.05 648.438 481.995 49962.4 8607.9 41354.5 7552.57
internal_count=236330 17764 15618 13316 9370 3599 3946 5771 3071 2244 218566 38302 180264 33683
is_linear=0
shrinkage=0.03


Tree=220
num_leaves=15
num_cat=2
split_feature=43 46 39 2 39 19 10 46 19 40 38 1 10 10
split_gain=22.4604 41.1632 39.5213 28.0486 47.7033 34.6984 30.1032 27.3917 57.0453 51.8132 60.4528 45.945 93.1446 59.1593
threshold=0.38750000000000007 0 2.4115980245615991 0.9496784075522523 -1.0738947517226278 -7.38812462561601 1.662491743238913 1 -4.7037714904691681 1.4733676904593993 0.22027631228557096 0.019471781734455924 0.5427530736718279 2.1339561498417932
decision_type=10 1 8 8 10 2 8 1 2 8 10 10 8 8
left_child=1 2 -1 4 5 -3 -6 8 -2 -9 -11 13 -13 -10
right_child=7 3 -4 -5 6 -7 -8 9 11 10 -12 12 -14 -15
leaf_value=0.0021828969978239434 -0.0039980520451034802 0.0022304708195967828 0.019425944153014227 0.0016554085985739759 -0.0015872962404342513 -0.018110299742613668 0.011960416918042451 -0.00072852135793208359 0.00014050471806639479 -0.018759505842864344 -0.0035980180721057521 0.010221203501449829 -0.00092422514980381712 0.021555890543702029
leaf_weight=7851.0806430727243 2269.8419604897499 102.67424288392067 111.68801812827587 3093.7356831729412 4520.8269725888968 255.22886170446873 142.65998086333275 18327.842177152634 12732.430402263999 279.30855982005596 1344.9953363388777 1337.8959854096174 1348.4587936252356 107.1650915145874
leaf_count=34488 9975 458 491 13694 19622 1153 611 81040 55447 1350 6585 5771 5883 459
internal_value=-2.22085e-05 0.000916456 0.00244575 -0.000587575 -0.00197121 -0.012373 -0.00114816 -0.000422148 0.000433472 -0.00118475 -0.00630396 0.00108378 0.0046439 0.000335884
internal_weight=53825.8 16077.9 7962.77 8115.13 5021.39 357.903 4663.49 37747.9 17795.8 19952.1 1624.3 15526 2686.35 12839.6
internal_count=237027 70517 34979 35538 21844 1611 20233 166510 77535 88975 7935 67560 11654 55906
cat_boundaries=0 1 2
cat_threshold=173 880
is_linear=0
shrinkage=0.03


Tree=221
num_leaves=15
num_cat=0
split_feature=1 30 1 10 10 30 20 21 38 30 2 41 19 34
split_gain=19.7818 49.0751 43.0746 40.9029 80.0921 43.0512 36.3022 44.5431 27.722 22.8509 49.5564 60.0626 53.0565 49.222
threshold=0.032856810192967344 1.5000000000000002 0.038320598074669719 0.1820291051953272 -1.1023777553909027 5.5000000000000009 -1.0000000180025095e-35 -0.19501604895929847 -0.72841821088690561 3.5000000000000004 0.99728675485049123 0.95000000000000007 3.4917613228338062 -0.34637235604473554
decision_type=8 2 8 8 10 2 8 10 10 2 10 2 2 10
left_child=9 2 -2 4 -3 8 -5 -8 -6 -1 11 13 -13 -11
right_child=1 3 -4 6 5 -7 7 -9 -10 10 -12 12 -14 -15
leaf_value=0.00051945510416903228 0.00590482517586446 -0.0082600851571129289 -0.01290767323047533 -0.010872966109611337 0.0077682547594835373 4.9513166083469655e-05 0.015703839412224342 -0.0046413556175397873 0.02789622274491884 -0.0042044821846095688 0.0014334869841646002 -0.0091064502181687559 0.00052840420983568572 0.0001290933821754858
leaf_weight=29956.313300609589 181.08904814720154 126.65441571176052 250.59524320065975 158.49768021702766 92.765790194272995 93.325174286961555 188.67216359078884 182.06491047143936 256.95416598021984 3066.3393565416336 6559.1925749480724 1617.2873691171408 750.60169067978859 10112.386700347066
leaf_count=130918 778 582 1114 682 405 407 801 806 1096 13608 29568 7506 3532 44200
internal_value=7.87489e-05 0.00342897 -0.00506092 0.00677954 0.0122851 0.0182111 0.000735124 0.00585305 0.0229215 -2.03867e-05 -0.000751848 -0.00167418 -0.0060629 -0.000881638
internal_weight=53592.7 1530.62 431.684 1098.93 569.7 443.045 529.235 370.737 349.72 52062.1 22105.8 15546.6 2367.89 13178.7
internal_count=236003 6671 1892 4779 2490 1908 2289 1607 1501 229332 98414 68846 11038 57808
is_linear=0
shrinkage=0.03


Tree=222
num_leaves=15
num_cat=0
split_feature=39 11 11 40 39 11 40 11 11 38 40 36 40 40
split_gain=25.4036 68.3298 44.8586 35.6969 32.8034 65.7122 59.6511 93.167 77.5654 68.2203 54.8492 43.2276 40.3781 49.0794
threshold=1.9599887713377362 -0.14910472758952523 2.029749964309405 1.0465784018879136 1.1672008633511177 1.7388701813775997 1.3042398413207419 -0.1058736913444409 0.4049016383298894 1.540317004513033 0.13329341652266261 -0.75886522228618947 1.6870672059675229 0.75108364923937965
decision_type=10 8 10 10 10 10 10 8 8 10 10 10 10 10
left_child=4 -2 3 -3 12 6 8 9 10 -8 -6 -9 13 -1
right_child=1 2 -4 -5 5 -7 7 11 -10 -11 -12 -13 -14 -15
leaf_value=-7.9359892171523586e-05 0.025673121912705505 0.01095009550611133 0.015582082754126416 -0.0016124602096799169 0.007157289092075244 0.0058262350056729039 0.017673180001414841 -0.021519072185728495 -0.0021543016819262698 -0.0060867139677204902 -0.014750518030549567 -0.002026965043229021 -0.0075071248834362881 0.0028554490289401917
leaf_weight=39597.558232337236 107.27270801365376 230.08575923740864 184.48725636303425 1328.7451762259007 108.56308950483799 782.09165744483471 376.79266676306725 99.261238291859627 1532.8806171864271 145.45561522245407 1000.3220786452293 1691.4519316852093 594.03265455365181 5881.3329458236694
leaf_count=172341 476 999 779 6108 499 3435 1719 544 7048 728 4626 8167 2929 25921
internal_value=5.55748e-05 0.00349973 0.00199667 0.00029977 -6.80984e-05 -0.0022053 -0.00348224 3.85966e-05 -0.00655337 0.0110656 -0.0125609 -0.00322094 0.000198438 0.000300714
internal_weight=53660.3 1850.59 1743.32 1558.83 51809.7 5736.82 4954.73 2312.96 2641.77 522.248 1108.89 1790.71 46072.9 45478.9
internal_count=236319 8362 7886 7107 227957 26766 23331 11158 12173 2447 5125 8711 201191 198262
is_linear=0
shrinkage=0.03


Tree=223
num_leaves=15
num_cat=2
split_feature=40 38 20 16 11 46 46 45 25 39 0 33 0 23
split_gain=22.4295 44.1084 22.9764 20.459 88.2718 58.7605 54.2502 50.379 33.3188 29.8823 59.4327 32.6324 29.9084 29.5077
threshold=-2.326509925832196 -2.9303608724780625 -0.97956216734931079 0.13463233177686551 -1.5375078327488063 0 1 1.2226832905500911 -0.55632977386700155 -1.3513121520578169 0.010166786532881009 -0.88655614828486151 0.018681365106878494 0.0090268943020521703
decision_type=10 10 8 8 10 1 1 10 10 10 10 10 10 10
left_child=2 -2 -1 4 6 8 13 -8 -6 10 11 -7 -11 -3
right_child=1 3 -4 -5 5 9 7 -9 -10 12 -12 -13 -14 -15
leaf_value=-0.017302636261374089 0.015206109724243945 0.0061033684664722788 0.00098240915497163433 -0.00030187965266100772 0.018008671130656503 -0.00043553609618545932 -0.014358989904066611 0.0030900153579456278 0.0063962036898310747 0.0047976811465034394 0.0023029191264645936 -0.022894195467044964 -0.0063873382210579465 -0.008483576454012676
leaf_weight=127.27124984562397 159.87483564019203 432.50364965200424 110.71054692566395 47869.317393764853 314.22029902040958 89.4227175116539 589.62257951498032 193.9716160595417 776.04885037243366 1855.7296167016029 543.00282347202301 159.04111218452454 234.46650952100754 164.20810082554817
leaf_count=582 689 1900 490 211197 1343 399 2591 838 3356 7850 2425 714 1024 729
internal_value=-9.82244e-05 -5.63977e-05 -0.00909973 -0.000105093 0.0016522 0.0039218 -0.00485997 -0.00993001 0.00978727 0.00163694 -0.00329376 -0.0151409 0.00351857 0.00198286
internal_weight=53619.4 53381.4 237.982 53221.6 5352.24 3971.93 1380.31 783.594 1090.27 2881.66 791.467 248.464 2090.2 596.712
internal_count=236127 235055 1072 234366 23169 17111 6058 3429 4699 12412 3538 1113 8874 2629
cat_boundaries=0 1 2
cat_threshold=14 306
is_linear=0
shrinkage=0.03


Tree=224
num_leaves=15
num_cat=0
split_feature=45 30 23 39 41 14 15 27 36 40 12 36 30 41
split_gain=19.2702 22.2771 18.839 25.7549 29.0083 27.5054 24.5772 19.3574 25.359 42.3214 37.857 44.331 59.3398 37.2799
threshold=0.42396179803737616 3.5000000000000004 0.059816163208428315 0.065972116720942761 0.15000000000000005 0.76545703810695376 0.46958543464325253 0.11276023929392952 -0.28805754310525838 -0.56764810546917766 0.036627164676839526 -2.306956404212253 1.0000000180025095e-35 0.95000000000000007
decision_type=8 2 10 8 2 10 10 10 10 10 2 8 2 2
left_child=1 -1 7 4 -4 -5 -6 -2 10 13 11 12 -9 -10
right_child=2 -3 3 5 6 -7 -8 8 9 -11 -12 -13 -14 -15
leaf_value=-0.00047116191677696863 0.00087518648619782377 -0.014404457692981716 0.0064309830319854659 0.012831252338013461 -0.01157962361967527 -5.1012408177513662e-06 0.0041249903638044209 -0.012880480495913763 0.0017523725223229441 -0.00050980405923045614 -0.0066959190703375178 -0.0014622974901030935 0.012319369589360642 0.011005897095990145
leaf_weight=242.18932074308395 13478.117423415184 170.96939307451248 290.03806439042091 379.53656919300556 240.56253612041473 244.54535800218582 133.18938933312893 95.922021374106407 4641.1824940294027 21401.6517881006 1167.9922251403332 10345.091792732477 419.36198483407497 418.77657443284988
leaf_count=1086 59419 799 1225 1609 1027 1098 574 412 20000 94636 5478 45427 1755 1812
internal_value=-6.43853e-05 -0.00644105 -1.37153e-05 0.00355637 -0.000565792 0.0078806 -0.00602151 -0.000102856 -0.000445478 7.38122e-05 -0.00158699 -0.00103189 0.00747242 0.00253842
internal_weight=53669.1 413.159 53256 1287.87 663.79 624.082 373.752 51968.1 38490 26461.6 12028.4 10860.4 515.284 5059.96
internal_count=236357 1885 234472 5533 2826 2707 1601 228939 169520 116448 53072 47594 2167 21812
is_linear=0
shrinkage=0.03


Tree=225
num_leaves=15
num_cat=0
split_feature=24 23 42 16 45 19 11 9 8 15 16 19 45 12
split_gain=22.5588 38.07 34.0757 30.1929 63.6896 39.473 39.1079 49.5999 44.2819 46.0576 38.8501 41.8872 35.9482 35.9018
threshold=-0.0077109640857598851 0.022169054949827963 0.70714285714285718 0.29588789822391387 0.50047235117009803 -0.8863176760927497 -0.28392785765339273 0.77154512828230348 -1.0947958135798401 0.16364893325070931 0.64174587234207026 -5.1686599641595325 1.2875549839134568 0.0096799399521399175
decision_type=10 10 10 8 10 2 10 10 10 10 10 2 10 2
left_child=1 -1 -3 4 -2 10 7 8 -6 -10 11 -5 -8 -13
right_child=3 2 -4 5 6 -7 12 -9 9 -11 -12 13 -14 -15
leaf_value=0.00061446299531853568 -0.017940738069212335 0.017716541692322937 -0.00029940915699281116 -0.0082843202850094149 0.0013263528747804226 -0.00054651607487456622 0.0046108313105201809 0.014168037147099919 0.0020828544893285862 -0.0047932378576360738 0.020191850752718767 0.0085952112204404005 -0.0091422665876331136 0.0015774685761458637
leaf_weight=18031.155686557293 206.09778967499733 214.05587488412857 162.82525898516178 325.97975662350655 2026.1408788561821 19104.813669875264 1360.158431276679 152.81319454312325 1031.496951520443 5650.928538903594 97.720025807619095 766.89162644743919 186.02794829010963 4269.4932721853256
leaf_count=78622 933 921 699 1414 8865 85574 5957 665 4505 24969 416 3323 797 18386
internal_value=-3.60507e-05 0.000814602 0.0101265 -0.00048128 -0.00181755 9.65808e-05 -0.00148135 -0.00224965 -0.00255366 -0.00373032 0.00234366 0.00198143 0.00290803 0.00266098
internal_weight=53586.6 18408 376.881 35178.6 10613.7 24564.9 10407.6 8861.38 8708.57 6682.43 5460.08 5362.36 1546.19 5036.38
internal_count=236046 80242 1620 155804 46691 109113 45758 39004 38339 29474 23539 23123 6754 21709
is_linear=0
shrinkage=0.03


Tree=226
num_leaves=15
num_cat=1
split_feature=39 0 12 38 40 35 19 45 19 19 19 46 23 1
split_gain=24.3351 62.0337 62.3259 49.7197 31.3651 35.4452 28.3209 24.7983 43.805 42.2712 88.8008 57.5985 39.9859 36.4089
threshold=-1.803152513603415 0.011063466436233561 0.038872087988195261 -2.9303608724780625 -1.6320170662874254 -1.7120124883529815 -6.0132474820851707 0.74908634428331589 -7.9506579133339157 -2.9132059231556444 -0.65008575834535176 0 0.0093179277644017695 0.0048546617483577479
decision_type=10 8 2 10 8 10 2 8 2 2 2 1 10 8
left_child=1 6 4 -2 5 -3 -1 8 -5 12 11 -11 -10 -9
right_child=3 2 -4 7 -6 -7 -8 13 9 10 -12 -13 -14 -15
leaf_value=-0.0043146168768640348 0.018283862046276911 -0.00014120425196277624 -0.01246502938236955 0.016316840925510646 -0.0062171202272572725 0.01819413651307759 -0.022163706933959224 0.00673704151271579 -0.0031525023015570447 0.0032054641725479229 -0.0025083215911014031 0.020074439331562124 -0.013648901780194444 0.00031163302242279449
leaf_weight=142.54912282526493 126.21088595688343 162.12058772146702 219.03469933569431 115.32141554355621 127.12516516447067 218.30183593928814 191.20414547622204 798.73424208164215 1456.2247439324856 1667.2218891084194 5122.8311077058315 187.66468334197998 414.86219362914562 42774.954736039042
leaf_count=623 525 716 1068 495 567 933 918 3486 6400 7298 23535 801 1847 187461
internal_value=9.12356e-05 -0.00438705 0.00057292 0.000182217 0.00633164 0.0105769 -0.0148875 0.00013526 -0.00130086 -0.00154862 -0.000471929 0.00513548 -0.00553998 0.000430934
internal_weight=53724.4 1060.34 726.582 52664 507.548 380.422 333.753 52537.8 8964.13 8848.8 6977.72 1854.89 1871.09 43573.7
internal_count=236673 4825 3284 231848 2216 1649 1541 231323 40376 39881 31634 8099 8247 190947
cat_boundaries=0 1
cat_threshold=23
is_linear=0
shrinkage=0.03


Tree=227
num_leaves=15
num_cat=0
split_feature=6 39 16 11 8 40 40 5 30 12 39 11 9 11
split_gain=21.8167 30.9105 27.6981 57.9201 44.5759 40.5131 54.1744 56.7487 53.4128 37.6436 29.7863 86.3384 94.1605 71.8208
threshold=1.8722430411592763 -0.49569516541271452 0.8592520716370875 1.4542664686947069 0.19474115177806639 0.27784756318926312 1.4733676904593993 1.0378815533652928 1.5000000000000002 0.024711238728042484 0.41545778425267871 -0.4804177987285268 0.4186564839373843 -1.5375078327488063
decision_type=10 10 10 10 10 10 10 10 2 2 10 8 10 10
left_child=2 -2 10 4 -4 8 7 -7 -5 -8 -1 12 -12 -14
right_child=1 -3 3 5 -6 6 9 -9 -10 -11 11 -13 13 -15
leaf_value=0.00037820053145159679 0.0099180212659278622 -0.0043909896170659084 0.008967680236763519 0.012553179374705568 -0.0017633170538922565 0.014318028724340723 -0.0047772690089695749 -0.0022214115003477762 -0.0072083970581923902 0.01588061752389628 -0.0024151923603673731 -0.0025913648569624945 0.025473243574467199 0.0058088613782010931
leaf_weight=33151.530367910862 138.62128187716007 1645.5507334023714 387.18450629711151 167.32206019759178 2826.8287652730942 1019.299631267786 380.82820019125938 225.06578081846237 392.91403560340405 89.639296367764473 1408.9594746530056 10371.090656265616 182.27731788158417 1379.8307980298996
leaf_count=143686 621 7934 1736 712 13071 4405 1765 1002 1751 395 6185 46760 781 6038
internal_value=2.23336e-05 -0.00323017 0.000134567 0.00214796 -0.000446774 0.00579947 0.0080765 0.0113327 -0.0011897 -0.000592668 -0.000103546 -0.00129994 0.00320161 0.00825087
internal_weight=53766.9 1784.17 51982.8 5489.08 3214.01 2275.07 1714.83 1244.37 560.236 470.467 46493.7 13342.2 2971.07 1562.11
internal_count=236842 8555 228287 24837 14807 10030 7567 5407 2463 2160 203450 59764 13004 6819
is_linear=0
shrinkage=0.03


Tree=228
num_leaves=15
num_cat=1
split_feature=12 39 33 40 44 36 40 45 46 45 9 45 38 40
split_gain=20.7198 54.2632 90.0195 45.6798 40.8106 39.1611 71.8757 49.7834 50.1688 55.0659 45.776 57.5433 44.8163 47.5088
threshold=0.016863392459373534 -1.5985108934726602 -1.0416101677403018 -1.7976266053651186 -0.079702725284289552 -0.085426179730152499 -0.67989866804164201 1.1024351850577789 0 0.81231962657031553 0.5575920492498031 1.3530086981928648 -1.3271474214018126 -0.060167525232830039
decision_type=2 8 10 10 10 10 10 10 1 8 8 8 10 10
left_child=1 2 -1 -3 -5 -2 7 8 -7 -10 11 12 -8 -14
right_child=5 3 -4 4 -6 6 10 -9 9 -11 -12 -13 13 -15
leaf_value=0.0080986317178496896 -0.0019504213964701479 0.017492166475023451 -0.018144744474593032 0.01818074250370735 0.00048651106633588082 0.0018589477254603967 0.014941673763970029 0.00026576930089765446 -0.0052668877830062862 0.016414357025867323 0.0014601713875503049 0.0043304459912190726 -0.0074291016531533461 -0.0016451153528270763
leaf_weight=172.27262680232525 12232.507416129112 134.27296882867813 331.46741072833538 107.84560191631317 26531.670262783766 627.14962013065815 105.92782492935658 1207.0065407305956 118.33700948953629 720.72798828780651 5085.6562042981386 976.19263875484467 2112.7815579175949 3231.3950746506453
leaf_count=768 54181 556 1520 485 116726 2720 444 5156 519 3100 22777 4164 9265 14169
internal_value=-0.000108617 0.000471252 -0.0091869 0.000656329 0.000564938 -0.000707311 0.000365298 0.00478714 0.00848218 0.0131754 -0.000664773 -0.00234607 -0.00354767 -0.00394138
internal_weight=53695.2 27277.5 503.74 26773.8 26639.5 26417.7 14185.2 2673.22 1466.21 839.065 11512 6426.3 5450.1 5344.18
internal_count=236550 120055 2288 117767 117211 116495 62314 11495 6339 3619 50819 28042 23878 23434
cat_boundaries=0 1
cat_threshold=581
is_linear=0
shrinkage=0.03


Tree=229
num_leaves=15
num_cat=0
split_feature=30 5 30 15 11 11 39 40 11 37 39 20 2 30
split_gain=25.1737 54.7673 41.4821 49.5428 132.393 70.087 47.9448 44.6341 164.742 78.5254 70.2073 47.6518 52.3572 45.0533
threshold=5.5000000000000009 -0.92167741385715984 3.5000000000000004 0.38132046772270262 -1.600517049591518 0.92507532073345267 2.5706467476917658 -1.7429079314650811 -0.81624010835502825 -2.4114378402575984 -1.803152513603415 -0.13671161054001821 1.1315878330214677 2.5000000000000004
decision_type=2 10 2 10 8 10 10 8 8 10 10 10 8 2
left_child=2 -2 7 4 -4 -6 -5 8 9 -1 -9 13 -13 -12
right_child=1 -3 3 6 5 -7 -8 10 -10 -11 11 12 -14 -15
leaf_value=-0.0046281729008544837 -0.005608548210381056 0.0024926386667437138 -0.016158670230994505 -0.0031791076849850513 0.0026306406494240884 -0.011387054060625611 0.015865063372834012 -0.017458426018253891 -0.008101529485310139 0.024499274188979792 -0.0021464433246222588 0.0023667586132326951 -0.0013116304130614516 0.001938575028262301
leaf_weight=102.09597609937191 834.09222561120987 6835.7087172865868 386.78786793351173 8997.8855593055487 5238.7214442789555 332.11044819653034 110.81137676537037 191.58279122412205 360.43608535826206 382.84592485427856 9389.6056452691555 12376.85920612514 4837.2373513877392 3268.2765131890774
leaf_count=482 3724 30054 1741 41289 22469 1453 491 914 1601 1621 41025 53430 21931 14096
internal_value=1.55307e-05 0.00160548 -0.000250003 -0.00154017 0.00058655 0.00177606 -0.00293028 0.000379172 0.00713666 0.0183974 0.000186844 0.000305816 0.00133295 -0.00109099
internal_weight=53645.1 7669.8 45975.3 15066.3 5957.62 5570.83 9108.7 30908.9 845.378 484.942 30063.6 29872 17214.1 12657.9
internal_count=236321 33778 202543 67443 25663 23922 41780 135100 3704 2103 131396 130482 75361 55121
is_linear=0
shrinkage=0.03


Tree=230
num_leaves=15
num_cat=0
split_feature=40 35 40 39 39 35 20 11 38 39 30 30 38 35
split_gain=22.2399 56.0792 70.8335 48.1395 122.787 46.0416 59.1409 50.2298 37.9198 50.1935 35.1935 40.8063 36.5403 40.3846
threshold=0.41210572229896647 -1.1775941871991893 0.92195596613414355 0.85801550348664568 1.4518149305398589 1.1121946927579429 1.5255813876183575 2.247408396823686 -1.0019074336547027 0.41545778425267871 1.5000000000000002 4.5000000000000009 1.7126600263866145 1.6972600442769006
decision_type=10 10 10 10 10 10 8 10 10 10 2 2 10 10
left_child=3 2 -2 -1 -5 6 8 10 9 -3 12 -12 13 -7
right_child=1 5 -4 4 -6 7 -8 -9 -10 -11 11 -13 -14 -15
leaf_value=-0.00013479546549087157 0.0018644031509123802 0.027403814226622598 -0.015332856066702819 -0.0092793229305700147 0.010092589922862822 0.0035007125718173908 -0.0051248248209965043 0.012925010267820563 0.0022946436773859272 0.00011420236131682226 -0.0077757951939719724 0.00099622146119672191 0.010853669403746366 -0.010601272187998825
leaf_weight=33309.437455907464 435.0146805793047 116.00692673027515 413.56363448500633 1389.065825715661 364.13938312232494 492.1588698476553 969.70867010951042 184.744513630867 13178.589588403702 117.1277606934309 1466.4965909719467 702.17624074220657 277.97736994922161 277.6897769421339
leaf_count=144939 1905 480 2049 6458 1604 2157 4564 817 57974 519 7168 3322 1325 1274
internal_value=5.44975e-05 0.000891806 -0.00659783 -0.000390551 -0.00522137 0.00125271 0.00199493 -0.00188223 0.00251314 0.014262 -0.00277012 -0.00494404 0.00173341 -0.00165669
internal_weight=53693.9 18631.3 848.578 35062.6 1753.21 17782.7 14381.4 3401.24 13411.7 233.135 3216.5 2168.67 1047.83 769.849
internal_count=236555 83554 3954 153001 8062 79600 63537 16063 58973 999 15246 10490 4756 3431
is_linear=0
shrinkage=0.03


Tree=231
num_leaves=15
num_cat=1
split_feature=27 7 33 34 24 8 17 16 14 46 13 16 24 9
split_gain=26.1678 31.8254 40.0642 30.9357 43.0397 29.942 37.2032 26.8519 25.3059 26.203 24.0173 23.8987 55.3773 56.5356
threshold=0.092307692307690578 -0.63851101893599516 -2.5210552553321848 -0.16028200439302107 -0.032968370023491088 -1.473805459684111 -0.58394070380951046 0.077444765745572769 0.29166666666666652 0 21.509157431393692 0.24162537428098219 -0.0086184409170102488 0.3748837583420454
decision_type=10 8 8 10 10 8 2 10 10 1 10 8 10 10
left_child=-1 2 10 4 7 6 -3 -4 9 -7 -2 12 -10 -14
right_child=1 5 3 -5 -6 8 -8 -9 11 -11 -12 -13 13 -15
leaf_value=0.0012603242209731338 -0.0055223263924857879 0.0015484636839744026 0.016207700541933854 -0.00045815704490438967 -0.0050531959236726071 -0.00090165719691829736 0.020556909780896981 0.00036676203008775908 0.0032507407191813254 0.0044853503443728982 0.010740481016398207 8.7838053911569458e-05 -0.0051115279500068781 0.011083823149512976
leaf_weight=11641.4473079741 100.38535265624523 271.44986793398857 110.70860220491886 4281.7758198231459 4148.4380777031183 1311.3817582130432 132.15333317220211 478.8167075663805 1213.802955314517 2106.0960675626993 332.94256436824799 24032.86214389652 3289.2853355109692 196.85668641328812
leaf_count=51331 451 1164 468 18612 18271 5743 562 2079 5226 9031 1454 106627 14541 862
internal_value=2.36246e-06 -0.000346475 -0.00187785 -0.00230837 -0.00397596 9.86492e-05 0.00811901 0.0035623 -4.52876e-06 0.00243206 0.00693343 -0.000295082 -0.00224915 -0.00416792
internal_weight=53648.4 42007 9453.07 9019.74 4737.96 32553.9 403.603 589.525 32150.3 3417.48 433.328 28732.8 4699.94 3486.14
internal_count=236422 185091 41335 39430 20818 143756 1726 2547 142030 14774 1905 127256 20629 15403
cat_boundaries=0 1
cat_threshold=771
is_linear=0
shrinkage=0.03


Tree=232
num_leaves=15
num_cat=1
split_feature=2 1 18 5 10 11 39 41 15 11 30 46 45 23
split_gain=26.8374 68.6042 22.0158 21.4855 19.9616 64.5569 64.0883 82.1051 63.3889 50.3634 61.445 52.3807 43.7266 40.938
threshold=0.28864698770703151 0.0086515869836778173 -1.0537866956002329 2.0451403195037252 0.68744402378882452 -0.18175695159608038 0.46772567244585855 0.35000000000000003 0.41757715128322143 1.775606696789451 2.5000000000000004 0 0.65051327427453298 -0.02628033538740079
decision_type=8 10 2 10 10 10 10 2 10 10 2 1 10 10
left_child=1 -1 -3 4 -2 -6 8 -8 -7 10 12 -12 -9 -10
right_child=3 2 -4 -5 5 6 7 9 13 -11 11 -13 -14 -15
leaf_value=-0.010031670575253194 -0.00019830998790216302 0.024933954966603469 0.0081210797314219055 -0.0036250139176056424 0.0072411273509695442 -0.0044926388281965714 -0.0074291526791445224 -0.0090358672955388655 -0.0028536515458373202 0.0059826317415615851 0.0003764765949556989 -0.0077930380826281868 0.0043850053233890369 0.0069996719913357919
leaf_weight=134.42487950623035 39105.469699442387 115.75603629648685 194.0223972350359 1393.0312420427799 1392.5050703585148 689.3572494238615 1495.8768934234977 236.98593434691429 439.78100100159645 1162.151664301753 1373.4597043544054 1439.7714519947767 1918.4208092689514 2553.8634590655565
leaf_count=587 171078 477 812 6612 6085 2963 6804 1083 1881 5054 6408 6967 8465 11108
internal_value=0.000100181 0.00736158 0.0149869 3.81796e-05 0.000137358 0.0011701 0.000416871 -0.00115258 0.00366117 0.000388469 -0.00092938 -0.00384363 0.00287447 0.00554749
internal_weight=53644.9 444.203 309.778 53200.7 51807.6 12702.2 11309.7 7626.67 3683 6130.79 4968.64 2813.23 2155.41 2993.64
internal_count=236384 1876 1289 234508 227896 56818 50733 34781 15952 27977 22923 13375 9548 12989
cat_boundaries=0 1
cat_threshold=628
is_linear=0
shrinkage=0.03


Tree=233
num_leaves=15
num_cat=2
split_feature=24 23 44 11 16 20 17 46 46 35 10 38 11 45
split_gain=28.1068 35.0071 25.7429 23.4269 39.82 31.5648 36.8948 23.9735 23.5479 31.8761 23.0686 41.4178 47.8227 40.4405
threshold=-0.0066537769831162821 0.031925229265286743 0.0033082836995594199 1.4826077082928479 0.8248597622458852 1.0602044740668657 0.78442521849271019 0 1 -0.2619062974937193 0.68744402378882452 -0.76099403164951085 -0.32873970316550244 0.61790708267087802
decision_type=10 10 10 10 10 8 2 1 1 10 8 10 10 10
left_child=1 3 -3 5 -5 -1 7 -7 9 -6 -2 -12 -13 -14
right_child=10 2 -4 4 8 6 -8 -9 -10 -11 11 12 13 -15
leaf_value=0.00082266361865224776 -0.00093113420904192539 0.018965114233571737 3.7407414321530605e-05 -0.00096381167119524583 -0.0011427450361447291 -0.0026696858739285283 0.00048850582805319348 -0.015793674192648911 0.0037503764910240497 0.018538550736901253 -0.0067582586054166288 0.0088144290632611536 -0.0063065774939508098 0.0013962397363707663
leaf_weight=16372.541744023561 25363.672816470265 156.93335145711899 105.63164646923542 750.61443158984184 95.295246809720993 252.03995294868946 670.91599163413048 276.71206238120794 528.52971856296062 305.80329142510891 589.18267963826656 706.98657055199146 664.54789137840271 6769.4084068089724
leaf_count=71187 111708 667 450 3261 416 1138 3104 1288 2318 1309 2636 3100 3149 30546
internal_value=4.62852e-05 0.000953959 0.0116311 0.000802381 0.00417592 0.000477614 -0.00419934 -0.0100462 0.00829201 0.0136173 -0.000473387 0.00085605 0.00141473 0.00070011
internal_weight=53608.8 19515 262.565 19252.5 1680.24 17572.2 1199.67 528.752 929.628 401.099 34093.8 8730.13 8140.94 7433.96
internal_count=236277 85138 1117 84021 7304 76717 5530 2426 4043 1725 151139 39431 36795 33695
cat_boundaries=0 1 2
cat_threshold=468 316
is_linear=0
shrinkage=0.03


Tree=234
num_leaves=15
num_cat=0
split_feature=23 11 24 24 16 39 39 2 19 1 0 0 9 9
split_gain=24.9616 27.5553 28.5942 20.7629 27.9581 38.4004 47.8041 37.9517 33.5093 40.6713 54.5481 33.0184 31.9532 30.5221
threshold=0.059816163208428315 -1.5686660065396432 0.0042223107215883246 0.0061826143868339298 0.12061705451440315 -0.95870183067897152 -0.20688349916218537 1.5369621323867606 -4.7037714904691681 0.018330904614227473 0.012317738078641744 0.018487471751966935 -0.7787368138952796 -1.1547660429531079
decision_type=10 8 8 10 8 10 10 10 2 10 10 10 10 8
left_child=3 -2 -3 4 5 7 11 -1 9 -6 -11 12 -7 -10
right_child=1 2 -4 -5 8 6 -8 -9 13 10 -12 -13 -14 -15
leaf_value=-0.0024323877326168429 -0.0099091825921025726 0.02012791056980217 0.003860657892773157 -0.0009889843791747459 -0.0011512666943433063 0.006550753732720239 -0.0019405695774975449 0.0086543410414347335 -0.004168916406528075 0.0062000528171842102 -0.01439129490303599 -0.0041146108629881153 0.017633186048838814 0.0005118140186368067
leaf_weight=1377.7606247216463 107.43463346362114 98.08922977745533 1079.4178445339203 18672.027535408735 2112.2415738105774 550.55378621816635 449.82351741194725 337.46773353219032 1306.5676369816065 143.84624360501766 496.22441507875919 133.85144850611687 424.6450519412756 26308.117841623724
leaf_count=6087 465 406 4648 82993 9228 2304 1925 1487 5723 627 2308 581 1771 115617
internal_value=-8.52148e-05 0.00402937 0.00537385 -0.00018703 0.000258245 0.00288771 0.00627967 -0.000213576 -2.61156e-05 -0.00317655 -0.00973951 0.0096013 0.0115065 0.00028892
internal_weight=53598.1 1284.94 1177.51 52313.1 33641.1 3274.1 1558.87 1715.23 30367 2752.31 640.071 1109.05 975.199 27614.7
internal_count=236170 5519 5054 230651 147658 14155 6581 7574 133503 12163 2935 4656 4075 121340
is_linear=0
shrinkage=0.03


Tree=235
num_leaves=15
num_cat=4
split_feature=24 0 2 11 19 9 1 46 46 46 46 44 23 10
split_gain=21.5699 31.8925 28.0734 25.1739 47.4954 47.4684 39.3421 33.0272 31.9613 30.6815 29.409 26.1271 23.4421 23.0588
threshold=-0.0066537769831162821 0.0016401704781389495 0.2514333905949715 1.4826077082928479 4.9908963769151677 0.35388907716755491 0.0092841187203926284 0 1 2 3 -0.11194530016622643 0.042745031296641152 1.0517091507735346
decision_type=10 10 10 10 2 10 10 1 1 1 1 8 8 10
left_child=3 -2 -3 4 11 10 8 13 -7 -6 -5 -1 -13 -8
right_child=1 2 -4 5 9 6 7 -9 -10 -11 -12 12 -14 -15
leaf_value=-0.012473190431685266 -0.015148453272881602 0.014595209256140947 -0.00036030089317080964 -0.0091993732346434421 0.00046928586102599291 0.0045163587513743367 -0.0013085502340727359 -0.0014986052804243795 0.025901436661975023 -0.010116702631818318 0.0034100131320482885 0.00091614924422138574 0.011807141235634472 0.015914450661642193
leaf_weight=119.94065834581852 120.88017547130585 103.34503203630447 33856.150216639042 267.35017101466656 425.23223757743835 131.48892802000046 93.504820019006729 389.44532506167889 155.95880581438541 577.01698398590088 379.62011136114597 16583.116443172097 169.88977891206741 251.85945470631123
leaf_count=553 548 432 150122 1159 1911 574 405 1701 689 2693 1633 72107 708 1087
internal_value=8.806e-05 -0.000367562 -0.000310505 0.000882328 0.000552081 0.00439449 0.00838945 0.00458951 0.0176225 -0.00576034 -0.00194945 0.000930227 0.00103357 0.0110353
internal_weight=53624.8 34080.4 33959.5 19544.4 17875.2 1669.23 1022.26 734.81 287.448 1002.25 646.97 16872.9 16753 345.364
internal_count=236322 151102 150554 85220 77972 7248 4456 3193 1263 4604 2792 73368 72815 1492
cat_boundaries=0 1 2 3 4
cat_threshold=348 86 692 531
is_linear=0
shrinkage=0.03


Tree=236
num_leaves=15
num_cat=0
split_feature=19 16 13 39 23 38 37 44 36 0 25 35 36 37
split_gain=21.6934 65.5956 57.1253 34.7737 52.6984 42.8579 58.4389 40.5175 39.6578 37.0249 33.8521 32.9182 85.379 40.8979
threshold=-0.65008575834535176 0.65410829105214174 35.248684421414161 0.1826082132192163 0.01819629568296666 0.53075676730610744 0.96308277922119623 -0.047081953406111925 0.10347551248285188 0.0067550622043892694 0.8869352618005667 -1.3710502322534033 -0.62132452350279899 -2.5744765505544014
decision_type=2 10 8 8 10 10 10 8 10 8 10 10 10 10
left_child=1 3 10 5 7 11 -7 -5 -8 -6 -2 12 13 -1
right_child=2 -3 -4 4 9 6 8 -9 -10 -11 -12 -13 -14 -15
leaf_value=-0.0078279304776432655 -0.014551151285203462 0.019761717985748224 -0.00025267802390465863 0.01133846023178239 0.017228387296733979 -0.0060848456021302399 -0.0077134245870061364 0.00053230906362614126 0.0091343975347776673 0.0043230596298176674 0.00027286076714789739 6.9876384673309705e-05 0.024424292715241325 0.0036317198141326938
leaf_weight=308.65582823753357 395.89234590530396 152.31236100196838 27251.425789430737 332.35049922764301 340.83945874869823 1933.5478273630142 165.29353933036327 3569.5757226645947 443.79368087649345 487.50741466879845 210.01599688827991 15603.697958126664 156.70219619572163 2345.0715003460646
leaf_count=1398 1756 646 121732 1478 1471 8571 755 15443 1962 2109 931 67634 676 10086
internal_value=0.000123697 0.000749647 -0.00045697 0.000629267 0.00294969 0.000104355 -0.00353876 0.00147937 0.00451151 0.00977537 -0.00949194 0.000609047 0.0035917 0.00227446
internal_weight=53696.7 25839.3 27857.3 25687 4730.27 20956.8 2542.64 3901.93 609.087 828.347 605.908 18414.1 2810.43 2653.73
internal_count=236648 112229 124419 111583 20501 91082 11288 16921 2717 3580 2687 79794 12160 11484
is_linear=0
shrinkage=0.03


Tree=237
num_leaves=15
num_cat=0
split_feature=30 8 2 13 45 38 40 2 11 13 39 30 40 39
split_gain=22.3117 46.6426 59.6186 56.0029 46.551 46.743 58.9056 48.2444 74.984 51.181 55.3121 81.9719 80.0012 84.599
threshold=3.5000000000000004 0.43197135362651101 1.3028654421151451 56.450593223947287 0.42396179803737616 2.0364972356535502 2.6645802179636413 0.99319122843762553 -1.7519302789099749 34.102883867686913 0.61803854605345954 5.5000000000000009 0.30925414985748317 0.086109014388072211
decision_type=2 10 10 8 8 10 10 8 8 10 8 2 10 10
left_child=1 3 -3 -1 -2 6 7 9 -9 -6 12 -12 13 -11
right_child=4 2 -4 -5 5 -7 -8 8 -10 10 11 -13 -14 -15
leaf_value=0.00030974985571540994 -0.01571967445877728 0.003500609023645347 -0.0022758240636531635 -0.0048824155920328439 -0.0088430229029765033 -0.0095351358703621106 0.02160253604559664 -0.018367368091792634 0.0022681081915918049 -0.0026196390524930277 -0.0077558125547852247 0.0011027690662350576 0.0049653291975624639 0.0051505769931909206
leaf_weight=19069.587448179722 172.87159432470798 7757.1387979537249 2020.4514771103859 2062.7593419998884 765.66988281905651 496.21685862541199 99.818062826991081 152.63777981698513 6305.7293279469013 6958.5102690458298 2221.2135850936174 1620.8095335364342 2412.6712321490049 1530.079943716526
leaf_count=82844 813 33838 9350 9075 3360 2578 481 699 28162 30331 10413 7297 10456 6712
internal_value=6.91046e-05 0.000593746 0.00230586 -0.000199135 -0.000644094 -0.000521678 -0.000314768 -0.000424143 0.00175277 -0.00133121 -0.000935371 -0.00402554 0.000156414 -0.00121463
internal_weight=53646.2 30909.9 9777.59 21132.3 22736.2 22563.4 22067.1 21967.3 6458.37 15509 14743.3 3842.02 10901.3 8488.59
internal_count=236409 135107 43188 91919 101302 100489 97911 97430 28861 68569 65209 17710 47499 37043
is_linear=0
shrinkage=0.03


Tree=238
num_leaves=15
num_cat=0
split_feature=12 1 44 10 19 9 11 37 1 10 30 2 35 16
split_gain=19.5011 60.129 66.3674 56.6554 60.9823 57.4802 52.8927 76.1924 82.8093 51.0969 50.8324 57.543 62.3836 56.9689
threshold=0.01662048384045765 0.014673994727139301 0.0094810552405102284 0.38776543956185655 0.79056289368215882 0.5093240378201519 0.58464214319630103 -0.55529821760860043 0.016276676857664627 1.6999877324492199 1.5000000000000002 0.94568651444807028 -0.98616625277180636 0.40254079062290354
decision_type=2 8 10 10 2 10 8 10 8 10 2 10 10 10
left_child=1 3 -3 4 -1 9 10 -8 -9 -5 13 12 -12 -2
right_child=6 2 -4 5 -6 -7 7 8 -10 -11 11 -13 -14 -15
leaf_value=0.00017514437003393659 -0.0048054297308534766 0.016575309063357701 -0.010059400579552779 0.0058982184329743857 -0.0045326109286421157 8.160128468760691e-05 -0.008695388534902879 -0.0043442146656712368 0.0019041027937500541 -0.0084292617003170842 -0.009977029599431541 0.0033768964590438549 0.00028257009972424015 0.0018396675789836227
leaf_weight=14779.886844038963 3014.3400798141956 381.04908211529255 100.0042280703783 3674.1419348567724 2964.6620904505253 4570.9122261852026 1467.947982981801 3843.4410667866468 3774.5963380336761 229.92718100547791 574.29571324586868 6325.5576879233122 6118.0593276917934 1877.7402628958225
leaf_count=64057 13415 1593 426 16046 13355 21054 6498 17431 16538 1009 2570 27807 26732 8109
internal_value=-2.9517e-05 0.000545246 0.0109462 0.000350317 -0.000613512 0.00236668 -0.000597982 -0.002461 -0.00124985 0.00503503 0.000348 0.00132766 -0.000611416 -0.00225627
internal_weight=53696.6 26700.6 481.053 26219.5 17744.5 8474.98 26996 9085.99 7618.04 3904.07 17910 13017.9 6692.36 4892.08
internal_count=236640 117540 2019 115521 77412 38109 119100 40467 33969 17055 78633 57109 29302 21524
is_linear=0
shrinkage=0.03


Tree=239
num_leaves=15
num_cat=0
split_feature=33 35 13 13 39 40 39 11 40 35 40 16 29 39
split_gain=23.2951 45.3629 50.8609 31.0665 53.8621 49.7973 52.467 41.663 37.0093 33.9251 49.7196 35.0869 34.0635 32.9402
threshold=-2.5210552553321848 -2.9176194786609888 37.171269870305231 35.248684421414161 -0.030535922663856574 -1.7429079314650811 -1.803152513603415 -0.36365319412780772 -0.34695794430289834 -1.339990669646183 -0.59643355968359335 0.062752152315030132 15.000000000000002 -1.4061985539785444
decision_type=8 10 10 8 8 8 8 8 10 10 10 10 2 10
left_child=1 -1 -3 4 9 7 -7 13 -6 10 -2 -11 -12 -5
right_child=3 2 -4 5 8 6 -8 -9 -10 11 12 -13 -14 -15
leaf_value=-0.0062243404308815658 -0.0012744663184975484 0.013010174101959104 -0.0094856319672223365 0.0072128300060640962 -0.022813635233339898 -0.017966831563321815 5.5113722291473958e-06 -0.0039541419587821617 -0.0062606091289332177 0.0034960019400059783 0.0040723899922826068 -0.0054130003220961122 0.01975245149994119 0.0236975319595376
leaf_weight=232.60069294273853 1196.8724986165762 504.72292126715183 102.13324047625065 470.11900691688061 139.32907894253731 136.64700077474117 46956.255486622453 212.19202671945095 740.81173850595951 508.20069319009781 371.0932554602623 1730.1648226380348 183.4418478757143 139.01035958528519
leaf_count=1038 5248 2181 475 1978 617 680 207270 918 3275 2212 1568 7567 775 573
internal_value=-7.49108e-05 0.00485363 0.00913176 -0.000154197 -0.00243454 7.80332e-05 -5.04413e-05 0.0073565 -0.00910786 -0.000943326 0.00217712 -0.00338374 0.00951741 0.0112968
internal_weight=53623.6 839.457 606.856 52784.1 4869.91 47914.2 47092.9 821.321 880.141 3989.77 1751.41 2238.37 554.535 609.129
internal_count=236375 3694 2656 232681 21262 211419 207950 3469 3892 17370 7591 9779 2343 2551
is_linear=0
shrinkage=0.03


Tree=240
num_leaves=15
num_cat=2
split_feature=44 44 46 1 9 45 46 1 30 45 16 16 1 9
split_gain=21.389 22.81 51.2407 40.7061 35.62 31.5021 31.2396 35.5763 45.6638 33.6369 47.9425 33.2429 31.1243 42.924
threshold=-0.13770084031650745 -0.0028963565532159953 0 0.0045340069709821976 -1.624438471537297 0.99665663197156518 1 0.0046453865518241745 2.5000000000000004 0.61340714895583515 0.47897680456547037 0.25945647552051104 0.02208249380186186 1.5295145327382789
decision_type=8 8 1 8 8 10 1 10 2 10 8 10 10 8
left_child=-1 6 3 -3 -4 -5 -2 8 -8 10 11 -9 13 -6
right_child=1 2 4 5 12 -7 7 9 -10 -11 -12 -13 -14 -15
leaf_value=-0.009252754750666491 -0.00057943700555593812 0.019670649636158728 -0.01026706267954359 -0.0010186572590096877 -0.0011504294322322479 0.0025506170743575143 0.0032332082447907333 0.0048811093634731099 -0.011459351347904061 0.0014227188125127063 0.0018538194870533953 0.020504542761813904 0.0028706084751187943 -0.0065796971788952031
leaf_weight=211.33423943817616 10190.9010245502 97.249373316764832 393.91744358837605 3784.9992059618235 14536.690538972616 5376.3296488672495 343.15273231267929 230.0993977189064 408.02306413650513 14092.731362879276 809.176403388381 273.51874214410782 1496.8610004037619 1431.4371371567249
leaf_count=968 44624 407 1768 16509 64369 23337 1503 1017 1942 61841 3708 1208 6628 6730
internal_value=5.39605e-05 9.2471e-05 -0.00051823 0.0012914 -0.0014565 0.00107647 0.000720975 0.00154047 -0.00479319 0.00185321 0.0064288 0.0136003 -0.00125285 -0.00164094
internal_weight=53676.4 53465.1 27117.5 9258.58 17858.9 9161.33 26347.6 16156.7 751.176 15405.5 1312.79 503.618 17465 15968.1
internal_count=236559 235591 119748 40253 79495 39846 115843 71219 3445 67774 5933 2225 77727 71099
cat_boundaries=0 1 2
cat_threshold=720 912
is_linear=0
shrinkage=0.03


Tree=241
num_leaves=15
num_cat=0
split_feature=44 32 33 36 35 1 33 32 37 40 1 36 30 40
split_gain=24.463 20.4565 26.7636 26.8904 27.7822 27.1944 24.9285 26.2829 23.6455 28.5872 30.0027 27.3502 38.1098 42.3252
threshold=-0.13770084031650745 -0.19069274966621272 0.78300190101061251 -2.9178211828125371 -2.1714188817068183 0.016050695928751215 0.87112660586856039 -0.43035023965381475 -1.5659205117258168 -1.6320170662874254 0.010816341799779356 -1.811682224487146 1.5000000000000002 -0.14645106705452629
decision_type=8 10 8 10 10 10 8 10 10 10 10 10 2 10
left_child=-1 2 3 -2 5 -5 -4 -8 9 10 -3 -11 -13 -14
right_child=1 8 6 4 -6 -7 7 -9 -10 11 -12 12 13 -15
leaf_value=-0.010031140798782893 -0.00927481142446911 0.0080979380247844027 -0.011989567287808126 0.0093480791166198427 -0.00038028252409385053 -0.0072092252161440424 -0.0055431163673099991 0.0021739833272903407 0.00037082025964127365 0.015545272731025869 -0.010474467180424267 -0.0080747126128996073 0.010536925454806726 -0.0085083831946847158
leaf_weight=205.89749653637409 286.26214249432087 116.24190032482147 289.26172144711018 466.60542941093445 17014.81802931428 102.0214189440012 1012.1890120506287 642.54058876633644 32127.586489804089 231.15476857125759 198.57752056419849 176.86732065677643 578.33319495618343 119.92726212739944
leaf_count=946 1275 489 1298 1977 75116 493 4691 2920 141393 961 872 774 2416 497
internal_value=4.69037e-05 8.76618e-05 -0.000676452 -0.000311765 -0.000160655 0.00630416 -0.00401001 -0.00255147 0.000539011 0.00431222 -0.00357872 0.00656972 0.0040501 0.00719192
internal_weight=53568.3 53362.4 19813.7 17869.7 17583.4 568.627 1943.99 1654.73 33548.7 1421.1 314.819 1106.28 875.128 698.26
internal_count=236118 235172 87770 78861 77586 2470 8909 7611 147402 6009 1361 4648 3687 2913
is_linear=0
shrinkage=0.03


Tree=242
num_leaves=15
num_cat=0
split_feature=39 11 30 40 41 36 38 40 35 39 39 38 40 15
split_gain=17.7672 38.8365 33.3343 27.6383 31.8002 29.0459 22.7218 31.5849 21.3991 57.5772 36.3987 74.9607 72.4872 39.8329
threshold=2.1360955966638504 2.0921551643894545 1.0000000180025095e-35 1.3259151083592704 0.75000000000000011 0.81264241248032465 2.6300836929250067 1.9593816533199087 1.0726958192508407 -1.0054662064602138 -1.0559787094162867 0.1884379822611825 -1.4379943154183528 0.11122397731808441
decision_type=10 10 2 10 2 10 10 10 8 8 10 10 10 10
left_child=8 2 -2 -4 5 -5 7 -6 10 -10 11 13 -12 -1
right_child=1 -3 3 4 6 -7 -8 -9 9 -11 12 -13 -14 -15
leaf_value=-0.0042730654157338635 -0.0098476011385064972 0.019743690387733857 0.013190937294148443 0.0012575671634647509 -0.0082351410928986207 0.022821063123136393 -0.015618107923529995 0.0078709414255632333 0.0098686879579736979 -0.0024709408049964029 0.013564155241306228 -0.010490855940877392 0.00047833843595200353 0.0011935695823019109
leaf_weight=1776.6917628496885 172.76496978104115 112.38166569173336 220.82346570491791 133.40725672245026 199.19777125120163 88.766510128974915 91.336267396807671 220.13817942142487 353.91205069422722 5284.0998808145523 374.65405569970608 781.05550618469715 40108.098185613751 3642.0531917363405
leaf_count=7977 768 466 932 587 877 405 474 993 1553 24511 1599 3638 175359 15946
internal_value=0.000148302 0.00368469 0.00192288 0.00413527 0.00126574 0.0104848 -0.00286946 0.000206437 6.38813e-05 -0.00168025 0.000274841 -0.00186391 0.000602763 -0.000603394
internal_weight=53559.4 1238.82 1126.43 953.669 732.846 222.174 510.672 419.336 52320.6 5638.01 46682.6 6199.8 40482.8 5418.74
internal_count=236085 5502 5036 4268 3336 992 2344 1870 230583 26064 204519 27561 176958 23923
is_linear=0
shrinkage=0.03


Tree=243
num_leaves=15
num_cat=2
split_feature=23 24 37 16 46 7 20 46 14 7 8 9 16 11
split_gain=16.4497 33.0279 17.2117 28.7874 20.8072 24.7398 16.2416 39.5765 39.6694 26.0376 25.9783 24.6894 27.8973 33.2342
threshold=0.059816163208428315 0.0042223107215883246 0.094984405480652748 0.32785632954211968 0 -0.47561980132455978 1.4821551061581835 1 0.83333333333333426 0.49095897554023726 1.7793345966835681 1.055511361218519 0.72853813896657393 1.4826077082928479
decision_type=10 8 10 8 1 8 8 1 8 10 10 10 8 10
left_child=6 -2 4 -4 5 -3 -1 11 9 -9 -11 -8 -13 -14
right_child=1 2 3 -5 -6 -7 7 8 -10 10 -12 12 13 -15
leaf_value=-7.7915513655260417e-05 0.017963282956159499 -0.0011085098868797675 -0.012391639296913308 0.0021880126371184327 -0.00065922454885279636 0.01661644723643502 -0.010667142637172838 -0.023806172757399886 -0.00086011038556494117 -0.0017315889643394833 -0.015395762843246034 0.020150388433910541 -0.0036078529359539293 0.012296636942934572
leaf_weight=50410.016134612262 114.02152620255947 104.95462676882744 161.01240547001362 416.57596909999847 296.13399587571621 200.87040488421917 90.962353348731995 114.93524195998907 670.64689913392067 272.54453632235527 226.29590417444706 86.906458795070648 303.83906874060631 180.33004535734653
leaf_count=221742 472 444 704 1829 1263 842 409 558 3253 1273 1092 397 1423 808
internal_value=-9.91681e-05 0.00322971 0.00166644 -0.00201803 0.00517696 0.0103629 -0.000182016 -0.00286385 -0.00589293 -0.0113846 -0.008111 0.00305534 0.00543963 0.00244478
internal_weight=53650 1293.57 1179.55 577.588 601.959 305.825 52356.5 1946.46 1284.42 613.776 498.84 662.038 571.076 484.169
internal_count=236509 5554 5082 2533 2549 1286 230955 9213 6176 2923 2365 3037 2628 2231
cat_boundaries=0 1 2
cat_threshold=51 564
is_linear=0
shrinkage=0.03


Tree=244
num_leaves=15
num_cat=3
split_feature=1 25 1 15 39 46 46 46 14 16 43 16 40 1
split_gain=20.561 44.7823 33.9735 34.0669 35.2018 35.7181 32.2148 29.7278 29.4682 26.9018 26.5082 25.2556 23.0342 42.7413
threshold=0.032856810192967344 -0.32280697304517475 0.027723178217689898 0.37769937739611653 -0.078403728797820635 0 1 2 0.2780219580992499 0.8366407625320712 0.58571428571428574 0.69614060145775503 -0.89987225746567989 0.038320598074669719
decision_type=10 10 10 8 10 1 1 1 10 10 10 8 10 10
left_child=2 6 -1 7 5 -5 -2 -4 -3 10 -6 12 -8 -14
right_child=1 8 3 4 9 -7 11 -9 -10 -11 -12 -13 13 -15
leaf_value=-5.3097504711575393e-05 -0.0026638398094703994 -0.013682780329505222 -0.0023378965167688264 0.018710534855044193 0.0016602232233758965 -0.0038710001055898141 0.017984841155702539 -0.021363026272475796 0.0011900153990113457 0.0041159500640771309 -0.016300137687939996 0.02248837358712806 0.016890211143777589 -0.0069870934507095805
leaf_weight=51149.294465772808 169.16249552369118 136.93266560137272 145.31196044385433 106.15605223178864 103.45683492720127 119.15527260303497 126.84971250593662 168.11402653157711 644.82985112071037 148.22946351766586 235.07563745975494 152.4690624922514 102.70922555029392 158.85236111283302
leaf_count=225488 732 650 672 458 455 525 552 770 2823 649 1034 645 437 685
internal_value=-6.24344e-05 0.00339837 -0.00016202 -0.0055418 -0.00184657 0.00774199 0.00879792 -0.0136203 -0.001555 -0.00635141 -0.0109212 0.0121929 0.00799454 0.00266568
internal_weight=53666.6 1491.81 52174.8 1025.5 712.073 225.311 710.043 313.426 781.763 486.762 338.532 540.88 388.411 261.562
internal_count=236575 6524 230051 4563 3121 983 3051 1442 3473 2138 1489 2319 1674 1122
cat_boundaries=0 1 2 3
cat_threshold=344 529 786
is_linear=0
shrinkage=0.03


Tree=245
num_leaves=15
num_cat=0
split_feature=33 40 6 8 40 33 16 36 45 30 2 41 8 40
split_gain=21.4241 28.3958 34.4906 21.6712 18.9954 34.2438 31.4927 29.9216 23.0749 21.5725 55.2465 54.1692 65.4462 53.3054
threshold=2.121031464231574 0.17728031258484492 1.5573597146988643 -2.4319077272830008 2.4305133542163921 -0.12629063886755423 0.72070007767295807 2.3306095192296334 1.0545285931221502 3.5000000000000004 1.018281365298487 0.95000000000000007 0.28005875594875423 1.6870672059675229
decision_type=8 8 10 10 10 10 10 10 10 2 10 2 10 10
left_child=3 2 -2 -1 9 6 -6 8 -7 11 -11 13 -13 -5
right_child=1 -3 -4 4 5 7 -8 -9 -10 10 -12 12 -14 -15
leaf_value=-0.0086725021639742373 -0.0039443221169024644 -0.0074444420906040467 0.017658523365760553 0.00027375887484478952 0.007986610532349326 0.0063496367759480676 -0.014419904273943457 -0.0061874392904107227 0.021289639312756892 -0.0016313401303957517 0.0017574323079490712 -0.0034740117022080091 0.0057872563838026444 -0.0070982672491009821
leaf_weight=247.25220958888531 180.42773951590061 731.1941734701395 92.913842543959618 24799.261610046029 90.400310337543488 234.78350406885147 121.42429116368294 85.55968114733696 159.56681761145592 16114.991670936346 5909.9356177151203 872.17196352779865 3123.5312802791595 905.32401654869318
leaf_count=1111 806 3576 434 107614 436 1115 600 442 722 71392 26495 3786 13687 4369
internal_value=-6.96715e-05 -0.0043878 0.00376294 1.35113e-05 5.61299e-05 0.00495881 -0.00492852 0.00933443 0.0127719 -1.03807e-05 -0.000721648 0.000517141 0.0037621 1.14542e-05
internal_weight=53668.7 1004.54 273.342 52664.2 52417 691.735 211.825 479.91 394.35 51725.2 22024.9 29700.3 3995.7 25704.6
internal_count=236585 4816 1240 231769 230658 3315 1036 2279 1837 227343 97887 129456 17473 111983
is_linear=0
shrinkage=0.03


Tree=246
num_leaves=15
num_cat=0
split_feature=30 2 11 40 11 37 39 16 1 0 40 30 12 45
split_gain=22.8266 61.7646 56.004 48.4343 171.054 75.5629 68.2444 57.736 48.6359 46.1976 43.6549 54.8431 44.5717 56.9524
threshold=3.5000000000000004 0.99319122843762553 -1.8557645007819981 -1.7429079314650811 -0.85340177302642062 -2.4114378402575984 -1.803152513603415 0.26232741617356986 0.024470770073484541 0.0074977914447814627 -1.3212038023646784 1.5000000000000002 0.01541108919017538 1.0356267648996507
decision_type=2 8 8 8 8 10 10 8 10 8 10 2 2 8
left_child=3 -2 -3 4 5 -1 -5 8 -8 -4 11 -9 -12 -14
right_child=1 2 9 6 -6 -7 7 10 -10 -11 12 -13 13 -15
leaf_value=-0.0039280420269252291 -0.0017368354525720041 -0.018667792042345383 -0.005853173527355658 -0.01733256609304145 -0.0075530375504497286 0.025343152180228541 -0.0012909683672042581 -0.00028765625056260605 -0.012261989381750323 0.0028154662266124753 0.0025964247516635898 0.021921500443427236 -0.0025662658523181513 0.0015085678507862678
leaf_weight=96.854309156537056 15923.123510047793 109.77534337341785 598.96909676492214 185.43361502885818 371.1172871440649 375.61924460530281 6883.3035182505846 196.05247929692268 374.24698941409588 6108.8976214081049 9363.5029830336571 193.85492271184921 5141.8919636160135 7692.0053158253431
leaf_count=461 70681 505 2782 893 1654 1584 30086 861 1743 27440 40799 831 22754 33318
internal_value=7.00135e-06 -0.000714086 0.00167367 0.000538192 0.007585 0.0193857 0.000337779 0.000453338 -0.0018728 0.00203385 0.00120125 0.0110264 0.00102378 -0.000124738
internal_weight=53614.6 22740.8 6817.64 30873.9 843.591 472.474 30030.3 29844.9 7257.55 6707.87 22587.3 389.907 22197.4 12833.9
internal_count=236392 101408 30727 134984 3699 2045 131285 130392 31829 30222 98563 1692 96871 56072
is_linear=0
shrinkage=0.03


Tree=247
num_leaves=15
num_cat=3
split_feature=45 45 46 12 30 38 11 46 45 10 46 20 19 45
split_gain=17.1673 57.127 68.2056 40.2074 38.5717 57.3373 41.5121 40.3662 51.0221 40.1968 55.4186 38.5062 37.9044 36.3903
threshold=1.0475926253791639 1.0956700425620676 0 0.013608745654749782 2.5000000000000004 1.0314530475032557 1.332328848071777 1 0.91962677911608248 0.37599961417208616 2 0.52976421678985453 2.1467667335677603 1.1658624169638268
decision_type=8 8 1 2 2 10 10 1 10 10 1 10 2 8
left_child=3 2 11 4 9 7 -7 8 -6 10 -1 -2 -11 -3
right_child=1 13 -4 -5 5 6 -8 -9 -10 12 -12 -13 -14 -15
leaf_value=-0.0021160390696744681 0.0054162608858976894 -0.0019766751407136866 0.00018073884120160778 -0.0014721351535870082 0.00024927031635159835 -0.010405957428790727 0.0087944429508228106 0.0015861819543043821 -0.010483702971843003 0.012196878539537943 0.0051696245758113737 0.015215871980205414 0.0032487034868376075 0.00080731910846365031
leaf_weight=2343.6703745424747 1633.1048827767372 6134.9258359223604 2365.2875200361013 15852.107486024499 1071.4448399096727 751.30664631724358 109.1373392790556 5193.2518397122622 624.36439819633961 609.32712210714817 1540.6052579879761 462.42171953618526 1402.3585021421313 13519.049465313554
leaf_count=10303 7063 27085 10384 70628 4760 3741 529 23101 2733 2621 6593 2060 6217 58561
internal_value=4.03874e-05 0.00063398 0.00369483 -0.000444936 0.000748578 -0.000642583 -0.00789755 0.000273697 -0.0037189 0.00257508 0.000787341 0.00760463 0.00600597 -6.22591e-05
internal_weight=53612.4 24114.8 4460.81 29497.6 13645.5 7749.51 860.444 6889.06 1695.81 5895.96 3884.28 2095.53 2011.69 19654
internal_count=236379 105153 19507 131226 60598 34864 4270 30594 7493 25734 16896 9123 8838 85646
cat_boundaries=0 1 2 3
cat_threshold=481 194 263
is_linear=0
shrinkage=0.03


Tree=248
num_leaves=15
num_cat=1
split_feature=39 30 40 39 11 40 11 36 16 11 5 35 46 10
split_gain=24.8362 28.4342 24.291 27.0882 46.1142 38.0437 86.0319 63.0403 57.5882 56.1331 57.4982 48.1306 39.8881 43.4377
threshold=2.1360955966638504 1.0000000180025095e-35 2.8825564170788116 1.076180794366749 1.6665900934903779 1.2391643403162049 -0.31744374586258611 -0.75886522228618947 0.56108792112388428 0.35796627258066155 -0.025998440715937297 0.97979270331504298 0 0.46472067700462633
decision_type=10 2 10 8 10 10 8 10 8 8 10 10 1 8
left_child=2 -2 3 -1 5 9 -7 -8 -9 11 -11 -5 13 -10
right_child=1 -3 -4 4 -6 6 7 8 12 10 -12 -13 -14 -15
leaf_value=0.00012251583327849052 -0.0064226021193595417 0.0059702494352315526 0.013297507007105186 -0.0064635982539091768 0.003661197906891663 0.011340144020023004 -0.021464610745250735 0.01213238964801182 0.010213987817229847 0.0044837099648576866 -0.0061297149875600039 -0.019804991344937531 0.00031250156046843433 -0.010685225259800753
leaf_weight=45022.489872440696 188.0441472530365 1085.0761991143227 111.14481329917908 950.75324369966984 1141.1293689310551 460.52518416941166 140.59835712611675 242.00173418223858 93.839067369699478 760.05128517746925 1130.6233618557453 325.99865905940533 1276.2058267444372 727.83372776955366
leaf_count=196540 835 4818 563 4343 5016 2103 758 1138 457 3479 5247 1568 6060 3632
internal_value=-1.96102e-05 0.00410399 -0.000120594 -0.000151663 -0.00185224 -0.00288652 -0.00042615 -0.00264744 -0.00143023 -0.00516247 -0.00186198 -0.00999756 -0.00304488 -0.00810684
internal_weight=53656.3 1273.12 52383.2 52272 7249.56 6108.43 2941 2480.48 2339.88 3167.43 1890.67 1276.75 2097.88 821.673
internal_count=236557 5653 230904 230341 33801 28785 14148 12045 11287 14637 8726 5911 10149 4089
cat_boundaries=0 1
cat_threshold=139
is_linear=0
shrinkage=0.03


Tree=249
num_leaves=15
num_cat=1
split_feature=45 44 2 38 0 45 40 46 39 30 30 36 40 6
split_gain=18.5491 33.7062 34.0359 34.9831 33.4958 27.302 27.1734 26.1823 49.6277 25.2764 24.9427 22.3845 22.3496 25.8221
threshold=1.3035283162150055 -0.074236961727395537 1.337155959677734 0.84439789204142046 0.021919913609868589 1.3283192644819228 0.53054742283309808 0 -0.011040579351153733 2.5000000000000004 3.5000000000000004 -0.62132452350279899 -1.4047547763865105 0.41876606335447214
decision_type=8 8 10 8 8 8 10 1 10 2 2 10 10 8
left_child=-1 -2 3 5 6 7 -5 8 -3 -4 -8 -9 -7 -14
right_child=1 2 9 4 -6 12 10 11 -10 -11 -12 -13 13 -15
leaf_value=-0.00019080826791275919 -0.0070614873045652003 0.016280163918223931 -0.010472129115592244 -0.013202362847636489 0.011341466052443822 -0.0073617354581679501 0.0041895080740305922 0.0027973650780968424 -0.0082952719978928377 0.0011234287941176394 -0.010002521096204241 0.020100693414700905 0.0054187395804479593 -0.00099230279312668241
leaf_weight=48009.727382197976 365.91160379350185 123.06605862081051 293.79761023819447 230.06684471666813 124.74882684648037 161.22849208116531 309.33485281467438 94.787725150585175 157.06684082746506 377.95661449432373 161.27991780638695 256.82088141143322 2239.8531603813171 751.52185605466366
leaf_count=212349 1646 515 1299 1004 544 691 1363 405 678 1693 751 1069 9438 3185
internal_value=6.1226e-07 0.00162537 0.00223941 0.00315935 -0.00241382 0.00437811 -0.00498792 0.0100303 0.00260042 -0.00402721 -0.000781031 0.0152214 0.00321734 0.00381016
internal_weight=53657.2 5647.44 5281.53 4609.78 825.43 3784.35 700.682 631.742 280.133 671.754 470.615 351.609 3152.6 2991.38
internal_count=236630 24281 22635 19643 3662 15981 3118 2667 1193 2992 2114 1474 13314 12623
cat_boundaries=0 1
cat_threshold=384
is_linear=0
shrinkage=0.03


Tree=250
num_leaves=15
num_cat=0
split_feature=45 39 15 40 45 1 10 10 10 15 20 40 11 23
split_gain=22.2162 37.0363 44.6853 35.0924 28.8162 55.4392 31.5591 50.8552 60.842 49.7377 45.2771 40.8537 32.996 29.9615
threshold=1.7064686704748417 0.027490865063417452 0.70067750217808777 -0.45676049289450799 1.3035283162150055 0.0089118199853492341 1.7863637175386811 0.80271598549440804 0.23468691255688204 0.76812983120005363 -0.12107190728765306 -1.5029426819349327 0.51939010961883325 -0.036700616956723296
decision_type=10 8 10 10 8 8 10 10 10 10 10 10 10 8
left_child=4 3 -3 -2 -1 -6 7 8 9 11 -9 -7 -10 -13
right_child=1 2 -4 -5 5 6 -8 10 12 -11 -12 13 -14 -15
leaf_value=-5.9113170433473501e-05 -0.009212627648006155 -0.019112975433401576 0.00024251393469130024 0.013699019552422568 -0.0089764606125389713 -0.006375661145343792 -0.0083087277023883872 -0.0037887910355474783 -0.010870880725746986 -0.011036298819797596 0.012505143008561117 0.014607653546646006 0.0011980858273293964 0.0049968563670321408
leaf_weight=47894.838123224676 94.202582001686096 231.5641416311264 192.7644986063242 134.2351920902729 352.92085385322571 237.12191639840603 195.90881660580635 182.5926838517189 423.47246661782265 171.47299647331238 836.85320256650448 341.32190796732903 381.51440186798573 1891.1066452413797
leaf_count=211808 408 1008 846 574 1514 1033 833 780 1824 761 3624 1438 1676 8040
internal_value=9.9269e-05 -0.00535926 -0.010517 0.00426066 0.000167614 0.00232904 0.00320239 0.00372484 0.00197049 0.0041694 0.00957829 0.00526546 -0.00520641 0.00652487
internal_weight=53561.9 652.766 424.329 228.438 52909.1 5014.29 4661.37 4465.46 3446.01 2641.02 1019.45 2469.55 804.987 2232.43
internal_count=236167 2836 1854 982 233331 21523 20009 19176 14772 11272 4404 10511 3500 9478
is_linear=0
shrinkage=0.03


Tree=251
num_leaves=15
num_cat=1
split_feature=13 40 44 15 35 36 45 40 34 40 32 6 46 36
split_gain=21.8483 47.1639 45.9615 63.5612 40.9641 44.0541 30.6149 25.5485 34.9189 26.4195 26.2197 24.9119 24.256 21.7855
threshold=35.76229400586373 -1.7429079314650811 0.034987434377075348 0.21135119660952426 -1.3710502322534033 -0.64649801819029351 0.89875501437520411 -0.94838891393250169 -1.8742623363905795 -1.0377526376513082 0.51745108374516324 1.0000000180025095e-35 0 -0.005929230971611227
decision_type=8 8 10 10 8 10 8 10 10 10 10 10 1 10
left_child=4 2 3 11 5 7 12 9 -9 -1 -10 -2 -6 -14
right_child=1 -3 -4 -5 6 -7 -8 8 10 -11 -12 -13 13 -15
leaf_value=-0.0015940974371985636 0.0081481730833428533 0.00012892685984218773 -0.0082875888465175004 0.022160748009905064 0.0080333389359502436 0.016379878999740652 -0.005923760255988844 0.0095057021619616537 -0.0026681477687596654 -0.016568172591350065 0.011589635483584958 -0.0073001279135762528 -0.0041059027104110579 0.010485741724756909
leaf_weight=1099.4410492777824 278.4354642778635 46809.823796443641 131.30357727408409 253.43178008496761 251.55355596542358 149.027802079916 2213.0243866592646 463.71304608881474 771.38686043024063 107.75680553913116 126.35710187256336 130.2358221411705 726.86443372070789 95.561637744307518
leaf_count=4900 1193 206779 564 1044 1108 648 9690 1967 3314 469 532 545 3195 412
internal_value=3.74417e-05 0.000252652 0.00745981 0.0106596 -0.00166626 0.00105721 -0.0039144 0.000108148 0.00291548 -0.00305585 -0.000555803 0.00316832 0.000242514 -0.00227747
internal_weight=53607.9 47603.2 793.407 662.103 6004.69 2717.68 3287 2568.65 1361.46 1207.2 897.744 408.671 1073.98 822.426
internal_count=236360 210125 3346 2782 26235 11830 14405 11182 5813 5369 3846 1738 4715 3607
cat_boundaries=0 1
cat_threshold=810
is_linear=0
shrinkage=0.03


Tree=252
num_leaves=15
num_cat=1
split_feature=39 38 7 16 19 38 37 15 19 45 46 0 39 13
split_gain=19.5961 58.5491 63.2263 51.3165 47.0246 66.8273 43.6479 49.8401 36.8738 33.936 37.2162 32.7689 32.5246 39.5687
threshold=-1.0559787094162867 0.16431645110281123 -0.21572201332288146 0.090561935131198854 -6.2841430939976428 0.66074271111780403 -1.2199158939915844 0.13054944686843239 -9.1492635282092873 0.88894889947076583 0 0.019971613223793674 -0.5187481499629113 36.495969951083929
decision_type=10 10 8 8 2 10 8 10 2 10 1 10 10 10
left_child=1 2 6 11 5 9 7 -1 -8 -5 -11 -2 -6 -14
right_child=3 -3 -4 4 12 -7 8 -9 -10 10 -12 -13 13 -15
leaf_value=-0.0037709076759779342 0.0071433012496731072 -0.008520566030864294 0.0045616228776779602 0.0010942589998105951 0.0021162118472923355 0.016562563651882658 0.0095560015441483095 0.0049772369832254528 -0.0074134726445932086 0.0043763375531166602 -0.012709084511236417 -0.0083838384341042797 -0.0041055922317439399 9.680315116748058e-05
leaf_weight=1279.4783184975386 1325.9863937199116 917.84241710603237 1636.8203186392784 307.49235683679581 6762.7204288095236 103.9966567158699 116.13829632103443 1064.5759153962135 1524.2830953598022 128.57785311341286 786.35540708899498 126.30561259388924 2128.2615543156862 35408.622113980353
leaf_count=5719 5538 4264 7143 1377 28994 475 531 4615 6820 564 3511 557 9313 156965
internal_value=-1.04525e-06 -0.00153862 -0.000385506 0.000212804 3.54982e-05 -0.00550897 -0.00242412 0.000206416 -0.00616145 -0.00750584 -0.0103768 0.00574481 0.000202717 -0.000142494
internal_weight=53617.5 6539.14 5621.3 47078.3 45626 1326.42 3984.48 2344.05 1640.42 1222.43 914.933 1452.29 44299.6 37536.9
internal_count=236386 29092 24828 207294 201199 5927 17685 10334 7351 5452 4075 6095 195272 166278
cat_boundaries=0 1
cat_threshold=64
is_linear=0
shrinkage=0.03


Tree=253
num_leaves=15
num_cat=3
split_feature=38 2 10 38 46 46 39 38 16 9 11 19 38 46
split_gain=17.2939 26.2584 30.6617 37.832 31.6465 25.9615 22.3344 58.5627 53.1597 46.3533 51.9222 43.916 76.2469 40.4409
threshold=2.6300836929250067 1.7771103308217147 0.8294600641506702 -1.8161648431361599 0 1 -1.1929641045859751 0.22796957868653941 0.10638838318563694 -1.5142443323625432 -0.43407399619699055 -5.454417602712426 -0.045010696535307114 2
decision_type=8 10 8 10 1 1 10 10 8 10 8 2 10 1
left_child=1 6 3 4 -3 -2 7 9 -8 10 -1 12 -10 -14
right_child=5 2 -4 -5 -6 -7 8 -9 11 -11 -12 -13 13 -15
leaf_value=-0.0019832732317245643 0.0040840168500545747 0.0044395149111019954 -0.0052295609627231966 0.0086916781787800632 -0.013205459759157384 -0.0095197780442869574 0.0046245225319536719 -0.011994032285378755 -0.009039063237210803 0.0011888333336625401 -0.015429536696931256 6.3372204361035014e-05 0.012729152332265582 -0.0013298656057102176
leaf_weight=967.50088465213776 174.80016762018204 211.74047324061394 273.00615713000298 968.72907498478889 133.05105286836624 376.14456734061241 2188.1345772147179 473.52113829553127 1274.4173849225044 2850.8935994952917 344.55697356164455 42481.201697468758 221.29781837761402 768.28353381156921
leaf_count=4352 903 914 1290 4309 592 1964 9255 2295 5665 12552 1616 186729 971 3427
internal_value=-6.47337e-05 -9.43601e-06 0.00377977 0.00567766 -0.00279684 -0.0053047 -0.00012672 -0.00211075 6.96874e-05 -0.000960513 -0.00560437 -0.000154037 -0.0042158 0.00202405
internal_weight=53707.3 53156.3 1586.53 1313.52 344.792 550.945 51569.8 4636.47 46933.3 4162.95 1312.06 44745.2 2264 989.581
internal_count=236834 233967 7105 5815 1506 2867 226862 20815 206047 18520 5968 196792 10063 4398
cat_boundaries=0 1 2 3
cat_threshold=295 276 192
is_linear=0
shrinkage=0.03


Tree=254
num_leaves=15
num_cat=1
split_feature=40 19 38 30 37 9 40 40 38 46 30 33 12 10
split_gain=20.5818 57.9637 71.0356 60.2833 100.608 65.6268 70.9382 54.2473 62.0811 43.8879 42.7797 89.4254 46.5958 41.7644
threshold=-0.45676049289450799 2.8797568435096048 -0.67409129023219028 1.5000000000000002 -0.42039087454214003 -0.22370432514243813 -0.89987225746567989 -0.093706817300669015 -0.97895998138937301 0 3.5000000000000004 -1.4301411146338563 0.015045325937613626 0.8161357378387154
decision_type=8 2 10 2 10 8 10 10 10 1 2 8 2 10
left_child=1 3 -3 4 9 6 -6 10 -9 -1 12 -12 -2 -5
right_child=7 2 -4 13 5 -7 -8 8 -10 -11 11 -13 -14 -15
leaf_value=-0.0022009846752120326 0.0027189733176953674 -0.0068166170643957835 0.014312907873508035 0.0019067537722780804 -0.0014864273242264255 -0.0087004330149117251 0.011065549675138134 0.0063064341024620732 -0.00022270233020673408 -0.010835016091490122 0.015612929095790188 -0.006372566233355261 -0.0034012692822242801 -0.010872792910844791
leaf_weight=971.06009986996651 1933.7053102850914 185.65669257938862 549.6352286785841 10034.230999350548 794.49605815112591 389.04474703967571 812.64629136025906 1362.3710310906172 29138.816782027483 1214.8098740875721 166.16306276619434 3228.8684961944818 2631.4554415494204 225.71836511790752
leaf_count=4372 8365 828 2367 43419 3550 1670 3505 5901 129659 5445 714 14278 11500 981
internal_value=-0.000135801 0.000799359 0.00895795 0.000378066 -0.00265386 0.00221083 0.00488962 -0.000504938 7.09005e-05 -0.00708625 -0.00270871 -0.00525384 -0.000808588 0.00161529
internal_weight=53638.7 15177.3 735.292 14442 4182.06 1996.19 1607.14 38461.4 30501.2 2185.87 7960.19 3395.03 4565.16 10259.9
internal_count=236554 66137 3195 62942 18542 8725 7055 170417 135560 9817 34857 14992 19865 44400
cat_boundaries=0 1
cat_threshold=291
is_linear=0
shrinkage=0.03


Tree=255
num_leaves=15
num_cat=2
split_feature=24 12 0 1 40 38 39 40 15 10 46 46 45 40
split_gain=20.149 27.8966 58.2973 37.8079 49.0014 57.5556 42.3405 41.0726 37.1249 77.7893 52.7773 52.2153 44.9758 40.2437
threshold=0.0057902009172376987 0.01541108919017538 0.0070498323738007506 0.0086993406182063783 -0.89987225746567989 -0.16420122751442986 -0.49569516541271452 -0.13812220152899193 0.33505215766736823 0.55423638378219298 0 1 1.1002752897966654 0.85377504382062852
decision_type=10 2 8 10 10 10 10 10 10 10 1 1 10 10
left_child=1 3 -3 4 -1 6 -6 -8 11 13 12 -5 -11 -10
right_child=-2 2 -4 8 5 -7 7 -9 9 10 -12 -13 -14 -15
leaf_value=-0.0057378180413160552 -0.00076751947875146776 -0.0086318341814183314 1.6565111595463012e-05 0.011843495212972059 0.010339167867685264 -0.00086705868160162787 -0.003291486837394551 0.0053353383267381168 -0.0039123425150351925 0.023905658606340377 0.0033019481817731546 0.0015324859480869331 0.0010401309715914171 0.0066307236207117223
leaf_weight=1065.8308979421854 20256.880639150739 719.00831362605095 18580.700870521367 923.45642323791981 785.25017900764942 5004.9750135391951 771.15384250879288 1358.9433341026306 1701.164552628994 256.06610602140427 883.06530816853046 860.83980239927769 110.52068373560905 392.98170718550682
leaf_count=4663 89993 3111 81804 3908 3339 22313 3333 5911 7361 1113 3907 3708 479 1746
internal_value=-2.11899e-05 0.000431359 -0.000309933 0.0014445 0.00027052 0.00108527 0.00442848 0.0022114 0.00349717 0.00162357 0.00751614 0.00697973 0.0167772 -0.00191175
internal_weight=53670.8 33414 19299.7 14114.2 8986.15 7920.32 2915.35 2130.1 5128.09 3343.8 1249.65 1784.3 366.587 2094.15
internal_count=236689 146696 84915 61781 39559 34896 12583 9244 22222 14606 5499 7616 1592 9107
cat_boundaries=0 1 2
cat_threshold=292 744
is_linear=0
shrinkage=0.03


Tree=256
num_leaves=15
num_cat=0
split_feature=40 37 39 39 30 35 38 10 15 30 1 16 37 0
split_gain=22.1394 66.9056 52.0699 65.808 73.0844 46.777 46.1697 43.5536 66.1264 74.6336 55.2519 84.2787 50.9664 79.1824
threshold=0.46606760069135905 2.1180737053391039 0.41545778425267871 1.4518149305398589 5.5000000000000009 -1.3022461211689549 -0.97895998138937301 0.42103305746688113 0.55783314944731088 1.5000000000000002 0.02591642086121608 0.43928709717530662 -0.42039087454214003 0.019524607146286236
decision_type=10 10 8 10 2 10 10 10 10 2 10 8 10 8
left_child=1 2 7 4 -4 -2 -7 8 9 12 -10 -12 -1 -14
right_child=5 -3 3 -5 -6 6 -8 -9 10 -11 11 -13 13 -15
leaf_value=-0.005515499143377128 -0.007288348854126445 0.018676885541383168 -0.0058120761843409915 0.0087781991247358158 0.0048263860247990181 0.014338572550841124 0.0010821583211723846 0.0025483093649027312 -0.0054124738091145177 0.0012558997600279934 -0.010694024644190723 0.018356607027252954 0.0015043911365512548 -0.013609417965862359
leaf_weight=2902.5116885900497 585.01978557556868 156.1084528118372 3915.1112819761038 368.83545333147049 674.37415736913681 229.94115974009037 16707.587570801377 5214.7178417593241 3288.0989218652248 15844.134300559759 140.97506281733513 215.46166568994522 2975.1417446732521 338.38799898326397
leaf_count=12938 2769 708 17516 1624 3028 986 75049 22537 14438 68607 612 910 12916 1536
internal_value=0.000106352 -0.000318997 -0.000406832 -0.00325754 -0.00424178 0.000980735 0.00127048 5.12203e-05 -0.000456158 0.000162967 -0.00419388 0.00688845 -0.00262036 -7.53828e-05
internal_weight=53556.4 36033.9 35877.8 4958.32 4589.49 17522.5 16937.5 30919.4 25704.7 22060.2 3644.54 356.437 6216.04 3313.53
internal_count=236174 157370 156662 22168 20544 78804 76035 134494 111957 95997 15960 1522 27390 14452
is_linear=0
shrinkage=0.03


Tree=257
num_leaves=15
num_cat=0
split_feature=27 38 36 40 30 41 40 41 30 35 40 38 30 0
split_gain=19.8696 27.5062 21.4004 38.6899 34.0654 49.8765 51.6049 34.046 58.2565 57.0622 47.0499 55.4867 40.6696 35.2388
threshold=0.11276023929392952 0.58808757588939342 -0.30398399591338476 -1.8610102854390049 5.5000000000000009 0.75000000000000011 -0.96592268904918954 0.65000000000000002 3.5000000000000004 0.7831125544186831 -0.4450207499511829 -1.2259798621036917 1.5000000000000002 0.028783828566132871
decision_type=10 8 10 10 2 2 10 2 2 10 10 10 2 10
left_child=1 -1 -2 -4 7 6 -6 10 9 -9 -5 -12 -11 -10
right_child=2 -3 3 4 5 -7 -8 8 13 12 11 -13 -14 -15
leaf_value=0.0017031109056472216 -0.0014166096757202448 -0.0014226944446942709 0.012011717470389661 0.0013340564760408985 -0.005424700588780757 -0.0019887943540912861 0.0063517352185834385 0.0048469458501693256 -0.0029766654143867375 0.0027666598529922175 0.010933972121158927 -0.0029985133709083045 -0.0043096131063010083 0.015260685753997099
leaf_weight=10653.346356734633 11927.066989175975 3314.9221812337637 233.35732252895832 3839.0229621380568 379.59507840871811 1496.7401188462973 2460.3889711201191 3836.6228133738041 3160.0657088309526 1474.250331312418 255.11137808859348 9095.6724566370249 1430.7143521010876 88.500398188829422
leaf_count=46486 52738 15136 962 16600 1645 6728 10640 16470 14853 6530 1075 39752 6586 403
internal_value=-1.1861e-05 0.000960814 -0.000354446 0.000102422 -2.90253e-06 0.0024343 0.00476417 -0.00045973 0.000860869 0.00245007 -0.00145987 -0.00260713 -0.00072128 -0.00243452
internal_weight=53645.4 13968.3 39677.1 27750 27516.7 4336.72 2839.98 23180 9990.15 6741.59 13189.8 9350.78 2904.96 3248.57
internal_count=236604 61622 174982 122244 121282 19013 12285 102269 44842 29586 57427 40827 13116 15256
is_linear=0
shrinkage=0.03


Tree=258
num_leaves=15
num_cat=0
split_feature=9 15 39 2 45 38 35 30 0 39 9 15 30 39
split_gain=22.985 54.1783 30.0869 39.0108 28.9896 27.8887 25.3097 51.9676 54.3523 46.7419 47.7224 46.5004 35.5669 46.4237
threshold=-1.7189852790298679 0.1914893617021283 -1.258802540749171 1.0055762081402242 0.90238486338150914 -2.9303608724780625 0.76898356273977397 4.5000000000000009 0.0043057123852359895 -0.53038152223194002 1.971731327133754 0.26464982957713018 1.5000000000000002 -0.020343768163491007
decision_type=8 8 10 10 10 8 8 2 10 8 8 8 2 8
left_child=1 2 3 -1 -4 -2 -7 9 -9 11 12 -8 -11 -14
right_child=5 -3 4 -5 -6 6 7 8 -10 10 -12 -13 13 -15
leaf_value=-0.019271265760505384 0.012888998597033888 0.010640175033388445 0.01424364989642204 -0.0048251610774786872 -0.0051922860223518425 0.00038381107700588834 -0.0064386827501892036 -0.01026244799633166 0.0043488504824960089 -0.0012199874876495805 0.0070510945382747919 0.0066425840763458368 0.0012110010446201741 -0.0073645168862000532
leaf_weight=250.29284380376339 142.94642999768257 182.53632268309593 95.385754436254501 503.98418064415455 190.93162666261196 42149.686620883644 330.24884520471096 248.71182170510292 2020.4036105424166 2492.2573858201504 362.12301878631115 866.3785584717989 689.50485557317734 3150.8049104064703
leaf_count=1202 606 794 416 2343 848 184303 1450 1167 9189 11028 1720 3792 3070 14845
internal_value=2.02801e-06 -0.00404647 -0.00669949 -0.00980826 0.00154491 9.71865e-05 5.97739e-05 -0.00128352 0.00270934 -0.00243363 -0.00340949 0.00300894 -0.00401784 -0.00582569
internal_weight=53676.2 1223.13 1040.59 754.277 286.317 52453.1 52310.1 10160.4 2269.12 7891.32 6694.69 1196.63 6332.57 3840.31
internal_count=236773 5603 4809 3545 1264 231170 230564 46261 10356 35905 30663 5242 28943 17915
is_linear=0
shrinkage=0.03


Tree=259
num_leaves=15
num_cat=0
split_feature=33 36 1 7 37 40 20 39 0 10 40 33 40 11
split_gain=27.8518 23.3391 43.8688 40.8086 40.148 61.9159 52.1869 53.8625 47.6156 38.5183 35.9148 58.8675 45.6715 33.4287
threshold=2.0171145763090483 -0.11999110862890781 0.014171956114303904 -0.71701516963528478 0.12194841993657611 1.0676364887636098 -0.322809332376433 0.45672440341936399 0.0031791378772759288 0.53174705819705426 0.53054742283309808 -0.76366681269210479 1.6263017757335707 -0.93081238233023833
decision_type=10 8 8 10 10 10 10 10 10 8 10 10 10 8
left_child=1 2 4 9 5 6 7 8 -1 -4 13 -12 -13 -6
right_child=-2 -3 3 -5 10 -7 -8 -9 -10 -11 11 12 -14 -15
leaf_value=0.014523912674606725 -0.0045201021403761584 0.00069576094681571233 -0.0038629646151921247 -0.00091300699873243124 -0.011458824205876288 -0.0080730182932475785 0.0043957854809172385 -0.012768608409045279 0.00015757123568384639 -0.013584887954642747 -0.009256883976142322 0.0062426582331781711 -0.0077336890707217993 -0.0027342875259450485
leaf_weight=205.36278241872787 1163.3928659707308 30250.455090522766 1884.6391142904758 4548.3770398050547 484.12071594595909 594.14767769724131 4184.7578832954168 270.85518899559975 5793.2338841110468 450.26911970973015 382.51386632025242 1201.9753723740578 245.73235472291708 2031.957878023386
leaf_count=879 5582 133096 8685 20172 2122 2795 18015 1200 24878 2057 1803 5322 1234 9004
internal_value=5.11024e-05 0.000153186 -0.00058354 -0.00257257 0.000306892 0.00126765 0.00180572 7.26501e-05 0.000672758 -0.0057877 -0.00213268 0.00106223 0.00383355 -0.0044517
internal_weight=53691.8 52528.4 22277.9 6883.29 15394.7 11048.4 10454.2 6269.45 5998.6 2334.91 4346.3 1830.22 1447.71 2516.08
internal_count=236844 231262 98166 30914 67252 47767 44972 26957 25757 10742 19485 8359 6556 11126
is_linear=0
shrinkage=0.03


Tree=260
num_leaves=15
num_cat=0
split_feature=45 30 45 1 10 38 11 39 35 19 1 9 30 41
split_gain=20.2885 32.6038 24.5172 30.4069 20.8663 75.6522 55.7105 71.4823 59.3106 54.2355 68.2669 49.4077 46.6413 82.6913
threshold=0.42396179803737616 3.5000000000000004 0.44822071137130221 0.0060426099080760666 0.68744402378882452 -0.76099403164951085 -0.18175695159608038 0.25014625419750636 -0.6603507771112701 0.79056289368215882 0.019471781734455924 0.5575920492498031 1.5000000000000002 0.15000000000000005
decision_type=8 2 8 10 8 8 8 8 8 2 10 10 2 2
left_child=1 -1 3 -2 9 -6 -7 -8 -9 11 -11 12 13 -4
right_child=2 -3 4 -5 5 6 7 8 -10 10 -12 -13 -14 -15
leaf_value=0.00067830805586998493 -0.0017406157201693721 -0.015973522725132416 -0.005436299359154035 0.020813990368488983 -0.0066228439553504383 0.0075924700730025541 0.0054339763605530909 -0.0080822679661199485 0.00050193844321149382 -0.0033587000267757041 0.0045413924011395773 0.0047559668150137071 0.00071105341136173418 0.00071092331319081521
leaf_weight=244.88646444678307 99.352478221058846 175.32267707586288 3504.5512163937092 103.75578467547894 1058.9415208250284 1281.9909989237785 2531.6687331795692 787.85940570384264 7858.4043761640787 7872.0731868594885 1116.1154686361551 2056.2985207289457 20427.572450906038 4475.2055746167898
leaf_count=1099 454 833 15619 456 4732 5618 10922 3718 35636 35509 4872 8894 88650 19400
internal_value=9.60443e-06 -0.00647909 6.20904e-05 0.0102172 2.12309e-05 0.00103795 0.00169381 0.00101112 -0.000288699 -0.00032734 -0.00237374 0.000277024 -4.87488e-05 -0.00199224
internal_weight=53594 420.209 53173.8 203.108 52970.7 13518.9 12459.9 11177.9 8646.26 39451.8 8988.19 30463.6 28407.3 7979.76
internal_count=236412 1932 234480 910 233570 60626 55894 50276 39354 172944 40381 132563 123669 35019
is_linear=0
shrinkage=0.03


Tree=261
num_leaves=15
num_cat=0
split_feature=30 41 19 34 20 41 8 11 37 1 30 16 9 11
split_gain=25.3317 53.887 86.004 60.6757 59.6816 52.481 48.9782 60.3876 46.3689 39.8891 44.037 37.0157 36.5257 39.9156
threshold=3.5000000000000004 0.95000000000000007 3.3170063191334811 -0.34637235604473554 1.7469676429967214 0.95000000000000007 0.36009518114644828 -0.43407399619699055 2.4995131842838956 0.045745034173317052 5.5000000000000009 0.12061705451440315 1.470952831164402 -0.71976763288972434
decision_type=2 2 2 8 10 2 10 10 10 8 2 8 10 10
left_child=5 3 -3 11 -4 -1 -7 -8 -9 10 12 -2 13 -5
right_child=1 2 4 9 -6 6 7 8 -10 -11 -12 -13 -14 -15
leaf_value=-8.6307267978885849e-06 0.0025668446257076914 -0.0081900609140992085 0.0044001734690829481 -0.0034282785681797956 -0.011145309991368065 -0.0019646451355839916 0.012037549769895586 0.0037922532952093173 -0.015664531070651154 0.016546195221611295 0.0029520315319491838 -0.0041638271934834681 -0.0088503031680202335 0.0011085518139927872
leaf_weight=26503.601441040635 882.29492326080799 2042.7595017850399 1146.3446742892265 2401.9567216038704 265.28294299542904 1089.3876618742943 880.40151116251945 2299.3985373079777 106.00240014493465 133.47937114536762 4856.2625682353973 4236.6904259026051 446.60269605368376 6305.1641861349344
leaf_count=115762 3808 9633 5472 10451 1317 4743 3793 10254 539 568 21091 18988 2139 27855
internal_value=-6.49924e-05 -0.000825199 -0.00426979 -0.000205576 0.00142091 0.000494361 0.00353441 0.00535801 0.00287352 0.000807587 0.000645943 -0.003001 -0.000579376 -0.000145481
internal_weight=53595.6 22716.8 3454.39 19262.5 1411.63 30878.8 4375.19 3285.8 2405.4 14143.5 14010 5118.99 9153.72 8707.12
internal_count=236413 101322 16422 84900 6789 135091 19329 14586 10793 62104 61536 22796 40445 38306
is_linear=0
shrinkage=0.03


Tree=262
num_leaves=15
num_cat=1
split_feature=35 36 12 15 36 21 45 40 39 15 46 45 16 16
split_gain=22.3342 40.5148 38.9194 27.9807 29.5678 21.4382 29.6797 31.502 47.3933 32.6895 27.6955 24.9011 29.3939 31.3158
threshold=-1.9878571511154044 -0.97936345362086641 0.043544364269850776 0.11122397731808441 -1.5597693486653632 -0.52868872549559265 1.3035283162150055 -1.5392883309559509 -1.3513121520578169 0.23821391710688838 0 1.7064686704748417 0.032872673740418266 0.31478472843449362
decision_type=8 10 2 8 10 10 8 10 10 10 1 8 10 10
left_child=1 2 3 -1 -5 6 7 8 9 10 -2 12 -7 -14
right_child=5 -3 -4 4 -6 11 -8 -9 -10 -11 -12 -13 13 -15
leaf_value=-0.0010934789065220115 0.0081851829968476765 0.021294595435202037 -0.010328971126697015 0.0097871549704389334 -0.0053074970770271091 0.0068570733973886142 0.0041164808018890366 6.6843394187319298e-05 0.023294773145388106 0.016484600281661502 -0.0096375351947788138 -0.0073490564386189915 -0.0019309138371403733 7.5665989564133342e-05
leaf_weight=595.16620489954948 110.99579879641533 96.716209888458252 187.45929343998432 708.41552801430225 132.83812464028597 479.6255959123373 2065.5303401499987 15735.102748289704 119.73094320297241 96.904665574431419 180.07559122145176 466.20525595545769 10151.052262559533 22498.014953501523
leaf_count=2576 478 420 936 2994 585 2095 8723 69115 502 407 793 2048 44562 100337
internal_value=2.44192e-05 0.00337706 0.00218611 0.00387951 0.00736929 -8.73501e-05 0.000738313 0.000306456 0.00758793 0.0022772 -0.00284322 -0.0005374 -0.000439354 -0.000548608
internal_weight=53623.8 1720.6 1623.88 1436.42 841.254 51903.2 18308.3 16242.8 507.707 387.976 291.071 33594.9 33128.7 32649.1
internal_count=236571 7511 7091 6155 3579 229060 80018 71295 2180 1678 1271 149042 146994 144899
cat_boundaries=0 1
cat_threshold=22
is_linear=0
shrinkage=0.03


Tree=263
num_leaves=15
num_cat=1
split_feature=30 1 10 37 33 30 37 1 9 40 38 10 46 1
split_gain=17.7073 48.1312 73.7949 40.8291 72.1468 83.0693 49.0131 45.4417 48.7112 49.5065 93.0345 96.7391 51.8175 51.6762
threshold=3.5000000000000004 0.045745034173317052 0.36522158389955156 0.3892068939431686 0.46205590353721976 4.5000000000000009 0.26033732563089335 0.025368915252497036 1.4168661231994879 -0.96592268904918954 -0.82582606571283668 0.57763579863428538 0 0.0067000205756674834
decision_type=2 8 10 8 10 2 10 10 8 10 10 10 1 10
left_child=-1 3 -3 6 -5 -6 7 8 9 12 11 -11 -2 -14
right_child=1 2 -4 4 5 -7 -8 -9 -10 10 -12 -13 13 -15
leaf_value=0.00047545266685931615 0.00096116553493946094 0.028088960963648407 -0.0066497488090091726 -0.0048462080938094874 -0.0053723879919018889 0.0045903856494153494 0.0055725122910303864 -0.0075095224906469981 -0.011406216643995135 0.0094430868605552051 -0.00020473333460726854 -0.0096782441133453512 -0.024493714190535643 -0.0054304955482504733
leaf_weight=30931.767862714827 1259.1588220447302 118.14414255321026 90.902620136737823 4729.1342515870929 1175.0277954041958 2057.802009344101 1364.5597717314959 748.34782361984253 315.12938617914915 1806.337939530611 7570.4830302447081 265.80224065482616 136.17508508265018 1131.3233138769865
leaf_count=135319 5439 509 398 21995 5773 9436 5964 3338 1463 7638 32919 1181 612 4910
internal_value=8.13102e-06 -0.000626676 0.0133691 -0.000762235 -0.00248888 0.000963843 0.000180606 -0.000379195 5.38836e-05 0.00035977 0.00133959 0.00695561 -0.00337012 -0.00759482
internal_weight=53700.1 22768.3 209.047 22559.3 7961.96 3232.83 14597.3 13232.8 12484.4 12169.3 9642.62 2072.14 2526.66 1267.5
internal_count=236894 101575 907 100668 37204 15209 63464 57500 54162 52699 41738 8819 10961 5522
cat_boundaries=0 1
cat_threshold=692
is_linear=0
shrinkage=0.03


Tree=264
num_leaves=15
num_cat=0
split_feature=33 31 38 40 10 40 39 39 38 40 10 41 39 35
split_gain=21.9129 23.197 61.0337 32.3215 56.8233 52.4888 49.2924 73.6576 104.358 81.3868 55.8515 49.9846 47.6069 43.4013
threshold=2.0171145763090483 -0.4560234160859114 0.55300268084990456 0.46606760069135905 -0.41120563173792318 -0.4450207499511829 -1.023661760372365 -0.5187481499629113 -0.14706524158836423 -1.2929908372390331 -0.667928752126981 0.95000000000000007 -0.29244068199758411 -0.58037677151516298
decision_type=10 10 10 10 8 10 10 10 10 10 8 2 10 10
left_child=1 2 -1 5 -5 6 -3 11 9 -9 -10 -8 -12 -7
right_child=-2 3 -4 4 -6 13 7 8 10 -11 12 -13 -14 -15
leaf_value=0.00013906587488659398 -0.0039782950665127326 -0.0010125052617462251 -0.0047862799808477382 0.0067563885759858548 0.00097835133349772458 0.0024264362423580192 0.0049675556905494052 0.021208270619910461 -0.0053395835594226403 -0.006437323968041201 0.0015201078505821819 0.017717698860967614 0.01625077889672543 -0.0018868828670893711
leaf_weight=10883.948677808046 1159.7797789424658 4064.9716216772795 2848.9775691255927 1768.4684371948242 11084.667333327234 2501.2986461520195 3283.0145494937897 91.976716130971909 251.05191667377949 1672.7792098075151 322.52603547275066 294.80416302382946 508.46215128898621 12822.538395956159
leaf_count=47841 5569 18010 13048 7617 49815 10888 13944 398 1091 7258 1376 1252 2181 56065
internal_value=8.26549e-05 0.00017328 -0.000885466 0.000549438 0.00177799 -6.27385e-05 0.00157148 0.00320544 -0.000396551 -0.00488509 0.00690174 0.00606459 0.0106195 -0.0011817
internal_weight=53559.3 52399.5 13732.9 38666.6 12853.1 25813.4 10489.6 6424.61 2846.8 1764.76 1082.04 3577.82 830.988 15323.8
internal_count=236353 230784 60889 169895 57432 112463 45510 27500 12304 7656 4648 15196 3557 66953
is_linear=0
shrinkage=0.03


Tree=265
num_leaves=15
num_cat=1
split_feature=27 7 1 35 40 1 19 46 39 20 12 45 36 11
split_gain=18.7829 21.5812 38.5864 43.0617 37.9487 29.2889 29.4972 37.1764 29.1146 53.6065 33.421 30.2102 28.625 27.8626
threshold=0.085106382978722514 -0.48658800833015459 0.013877982198986638 -2.0787232251000596 -1.6320170662874254 0.018525181555048433 -5.8472612399133856 0 0.46772567244585855 -0.15254047895414943 0.016386898314154946 0.78084824437603129 0.089649778280870382 2.812529275802341
decision_type=10 8 8 10 8 8 2 1 10 10 2 8 8 10
left_child=-1 2 3 -2 -3 -6 7 -7 11 10 -10 -5 -4 -8
right_child=1 4 12 8 5 6 13 -9 9 -11 -12 -13 -14 -15
leaf_value=0.0012564911128908078 0.0072778475274354083 0.0079989947538342872 -0.0052504569461398684 -0.0035710779616621316 -0.00028172377607142484 -0.01805337859541389 0.0032770820217705148 0.00090897042835051765 -0.0062446562093639744 0.00043670219497851827 -0.021556235296600185 0.0013584070669553703 0.00086726251826823371 -0.011207989396537069
leaf_weight=10839.571422941983 649.47510361671448 552.31091092526913 2807.2230753451586 1461.5088171809912 25338.121693424881 120.00898335874081 4517.3065234571695 279.51781836152077 402.57279281318188 807.26689532399178 187.90092533826828 4659.7005642652512 907.51937159895897 113.17764075100422
leaf_count=47825 2727 2335 12736 6380 112562 561 19659 1271 1786 3645 857 19957 3941 482
internal_value=0.000141578 -0.000140989 -0.00122704 -7.30497e-05 0.000276658 0.000133623 0.0022223 -0.00550729 -0.000716832 -0.00460701 -0.011395 0.000177531 -0.00375757 0.00289965
internal_weight=53643.2 42803.6 11883.2 8168.43 30920.4 30368.1 5030.01 399.527 7518.95 1397.74 590.474 6121.21 3714.74 4630.48
internal_count=236724 188899 52029 35352 136870 134535 21973 1832 32625 6288 2643 26337 16677 20141
cat_boundaries=0 1
cat_threshold=785
is_linear=0
shrinkage=0.03


Tree=266
num_leaves=15
num_cat=1
split_feature=25 16 21 46 24 8 8 30 41 12 41 12 33 39
split_gain=18.1201 24.8694 23.5622 22.1413 23.0862 21.1167 21.1063 27.4446 25.8388 23.959 23.8877 19.5823 33.7135 29.6567
threshold=-1.5667270175419075 0.17356377560290323 -0.54004195080626261 0 0.064971080066945061 1.9625343731217084 -0.29894855905417 2.5000000000000004 0.25000000000000006 0.011870877491636905 0.35000000000000003 0.018618184509572051 -1.6896884625929116 -1.5985108934726602
decision_type=8 10 10 1 8 8 10 2 2 2 2 2 10 10
left_child=1 -1 3 4 -2 -5 -3 10 9 -9 -8 12 -4 -14
right_child=2 6 11 5 -6 -7 7 8 -10 -11 -12 -13 13 -15
leaf_value=0.0043299809785890498 0.0023611533090922986 -0.0066451345227698981 0.0056995607817278736 0.0004273358529308846 0.016638332813206147 -0.01306684401989822 -0.0038235358723827826 0.015898607721464817 -0.0052939944094177686 -0.0015315136018610941 0.013727922833987728 -0.0010133327712682275 -0.0085492388455532149 0.00029033638824658953
leaf_weight=443.97130651772022 6069.041352763772 1011.5720411986113 1020.8919487372041 8941.5752362310886 94.014275372028351 95.605082340538502 105.98105078935623 100.12549152970314 982.83692713081837 195.32935112714767 175.94184352457523 15056.680684417486 337.84820994734764 18975.414320416749
leaf_count=1916 26119 4371 4398 39507 391 445 454 437 4385 845 739 67081 1552 83927
internal_value=9.59141e-05 -0.00215925 0.000230745 0.00121823 0.00260133 0.000269996 -0.00329192 -0.00108938 -0.00296493 0.00470242 0.00722498 -0.0001936 0.000413581 0.000131361
internal_weight=53606.8 3015.76 50591.1 15200.2 6163.06 9037.18 2571.79 1560.21 1278.29 295.455 281.923 35390.8 20334.2 19313.3
internal_count=236567 13147 223420 66462 26510 39952 11231 6860 5667 1282 1193 156958 89877 85479
cat_boundaries=0 1
cat_threshold=120
is_linear=0
shrinkage=0.03


Tree=267
num_leaves=15
num_cat=1
split_feature=38 39 5 44 46 12 30 41 12 1 8 39 35 8
split_gain=20.6185 40.6457 19.5468 19.4341 19.1087 18.6701 20.1812 49.3925 63.9862 47.551 52.0871 61.1171 48.8574 46.6022
threshold=-2.9303608724780625 -1.5592038279691527 2.0451403195037252 -0.13770084031650745 0 0.091416869715538654 3.5000000000000004 0.95000000000000007 0.011721833880562055 0.0088083045585202694 0.41082724699448342 -0.088422104549335676 0.21004114720945363 0.1656758139898433
decision_type=8 10 8 8 1 2 2 2 2 10 10 10 10 8
left_child=1 -1 3 4 -2 6 7 -5 -9 -10 -11 -12 -13 -8
right_child=2 -3 -4 5 -6 -7 13 8 9 10 11 12 -14 -15
leaf_value=-0.0023343448955760529 0.0015445622475387018 0.022705551926452357 -0.0036323577612965762 -1.1911598236269931e-05 -0.016460647913334264 0.010262790690201249 0.00042593530278100644 0.010495400844598777 -0.0078830869276795591 -0.0031395928293688844 0.016168121850729855 0.012765916683665692 -9.1576328069632474e-05 -0.0023742513149017405
leaf_weight=128.22797304391861 92.816621974110603 94.563932597637177 1390.6138301938772 25541.221060939133 107.34946759045124 148.92286813259125 13051.847086325288 912.89317122101784 411.60417096316814 860.0271342843771 389.45519585907459 336.98668527603149 1138.8334845453501 9050.6193794831634
leaf_count=594 428 395 6611 111381 495 652 56897 4002 1883 3733 1659 1444 5023 41583
internal_value=-9.62653e-05 0.00881263 -0.000135053 -4.09231e-05 -0.00914516 -4.01431e-06 -3.5571e-05 0.000476657 0.0035504 0.00150235 0.00294348 0.00575 0.00291044 -0.000721253
internal_weight=53656 222.792 53433.2 52042.6 200.166 51842.4 51693.5 29591 4049.8 3136.91 2725.3 1865.28 1475.82 22102.5
internal_count=236780 989 235791 229180 923 228257 227605 129125 17744 13742 11859 8126 6467 98480
cat_boundaries=0 1
cat_threshold=181
is_linear=0
shrinkage=0.03


Tree=268
num_leaves=15
num_cat=3
split_feature=25 46 8 44 46 46 12 12 43 38 12 24 43 36
split_gain=20.2116 24.2031 18.6273 17.7893 44.1514 39.0638 32.8307 30.1046 28.8433 28.2116 31.5926 40.2582 32.0049 29.1215
threshold=-1.8415148878881882 0 -0.33717091101292362 -0.0024628866703029421 1 2 0.024537470469408917 0.0064472905307515942 0.73214285714285732 -2.6065503240709633 0.034818532602005729 -0.033887287533827214 0.81666666666666676 -0.2051895091241602
decision_type=8 1 10 8 1 1 2 2 8 8 2 8 8 8
left_child=1 -1 -3 5 6 7 -5 -2 -7 -9 11 -11 -12 -13
right_child=3 2 -4 4 -6 8 -8 9 -10 10 12 13 -14 -15
leaf_value=-0.0084015644270868384 -0.0045800603628437311 -0.005633175902322856 0.0037800222958382563 0.002877965152068633 -0.0012759661143010256 -0.0012237288657112144 -0.0018735597425844617 0.016448564679737154 0.0027847995493580262 0.0084351933828844244 -0.0064220886754458523 -0.00036364238170013392 0.0066475648889644766 0.0029030322980339142
leaf_weight=552.37071591615677 648.45486123859882 317.31461499631405 438.39455144107342 4749.1167251616716 19388.574740715325 10956.119589999318 1797.2486534267664 110.65772464871407 1885.004510819912 876.21253818273544 721.00928385555744 3738.1261302754283 210.34468474984169 7140.0405554175377
leaf_count=2434 2957 1365 1909 20614 86187 48073 7936 486 8143 3783 3283 16512 940 31623
internal_value=-9.23796e-05 -0.0037613 -0.000191927 2.25508e-07 -0.000557107 0.000550118 0.00157021 0.00167906 -0.000633098 0.00200088 0.00186199 0.00228395 -0.00343107 0.00178118
internal_weight=53529 1308.08 755.709 52220.9 25934.9 26286 6546.37 13444.8 12841.1 12796.4 12685.7 11754.4 931.354 10878.2
internal_count=236245 5708 3274 230537 114737 115800 28550 59584 56216 56627 56141 51918 4223 48135
cat_boundaries=0 1 2 3
cat_threshold=531 656 47
is_linear=0
shrinkage=0.03


Tree=269
num_leaves=15
num_cat=0
split_feature=1 25 10 24 12 15 16 11 11 12 8 1 25 40
split_gain=19.6124 52.7622 38.7689 22.8441 25.7738 24.0754 23.1493 40.3121 32.2093 77.6646 38.0361 37.3665 29.7128 28.2241
threshold=0.032856810192967344 -0.45028653629033472 -1.0406120379634858 -0.0066537769831162821 0.057540361112727999 0.95390429884542682 0.84034306872669517 1.4037111515892116 0.54488197310641284 0.015557521127552348 -0.71839955215224138 0.007528984703684038 -0.27039532866739674 0.23042350802118625
decision_type=10 10 10 10 2 10 10 10 10 2 10 10 10 10
left_child=3 -2 -3 6 5 -5 8 -8 -1 11 -11 -10 13 -13
right_child=1 2 -4 4 -6 -7 7 -9 9 10 -12 12 -14 -15
leaf_value=0.0009783430374467033 0.0097025259917160548 -0.016518950093454537 0.0010991551024459383 -0.00073383585631695556 -0.011754732186921612 0.0035986402084996951 -7.0105927131502708e-05 0.0083642928628469924 -0.0024780429849408305 -0.012980447569127296 -0.0035730003836183378 -0.005543288581325711 0.012923614085005032 0.0095602678592469365
leaf_weight=13393.699569568038 646.35457472503185 122.65453065931797 730.10768696665764 31669.560696139932 176.7157696634531 1188.2095500230789 1152.2024583220482 904.77548468112946 605.64300785213709 498.33057980239391 1675.8272704035044 225.60800589621067 409.50184348225594 201.5598758906126
leaf_count=57998 2772 583 3207 140323 833 5611 5304 3935 2669 2221 7457 972 1781 882
internal_value=-6.46513e-05 0.00330689 -0.00159699 -0.000162276 -0.000639455 -0.000576117 0.000664354 0.00366234 0.00029988 -0.00220859 -0.0057788 0.00317591 0.00724959 0.00163902
internal_weight=53600.8 1499.12 852.762 52101.6 33034.5 32857.8 19067.1 2056.98 17010.2 3616.47 2174.16 1442.31 836.67 427.168
internal_count=236548 6562 3790 229986 146767 145934 83219 9239 73980 15982 9678 6304 3635 1854
is_linear=0
shrinkage=0.03


Tree=270
num_leaves=15
num_cat=1
split_feature=30 2 11 13 15 39 16 46 11 11 8 12 11 36
split_gain=17.2437 52.9249 50.028 42.7225 51.8508 56.3043 67.4312 45.5929 39.1118 36.3211 43.4961 50.1806 45.4236 43.3274
threshold=3.5000000000000004 0.99319122843762553 -1.8016020315758714 34.395309909129978 0.21135119660952426 -0.10855294356849236 0.46251569679999532 0 -0.97106133768605185 2.029749964309405 0.17563582221160903 0.013186414564661587 0.45493113096107668 -1.1907052434819716
decision_type=2 8 8 10 10 10 10 1 10 10 10 2 10 10
left_child=-1 3 -3 8 5 6 7 -5 -2 10 11 -4 -13 -12
right_child=1 2 9 4 -6 -7 -8 -9 -10 -11 13 12 -14 -15
leaf_value=0.00041609335901750125 0.0018590980878975037 -0.01677549347786057 -0.0035580458424396876 0.010087018811524504 -0.0019439566581106011 0.013937510791190561 -0.014602281453356979 -0.00082038241175282826 -0.012383458494083953 0.014688902945820021 -0.016809215223409862 0.0070339266508181652 -0.0028647629113328172 -0.00038175340304176221
leaf_weight=30821.912566423416 242.10407228767872 121.77059261500835 692.10230955481529 524.17451277375221 13095.444890543818 351.65643644332886 210.46379271149635 940.82821880280972 582.20976009964943 184.06715929508209 142.64428482949734 2466.4994132369757 496.00788223743439 2718.5000750496984
leaf_count=134863 1071 567 3007 2246 58591 1476 901 4040 2568 824 675 10553 2217 12947
internal_value=-4.63752e-05 -0.000672331 0.00153763 -0.00161806 -0.00125255 0.00320166 0.000879031 0.00318701 -0.00822822 0.00189498 0.00151161 0.00367619 0.00537254 -0.00125645
internal_weight=53590.4 22768.5 6821.59 15946.9 15122.6 2027.12 1675.47 1465 824.314 6699.82 6515.75 3654.61 2962.51 2861.14
internal_count=236546 101683 30790 70893 67254 8663 7187 6286 3639 30223 29399 15777 12770 13622
cat_boundaries=0 1
cat_threshold=30
is_linear=0
shrinkage=0.03


Tree=271
num_leaves=15
num_cat=1
split_feature=39 11 11 40 20 40 39 15 18 46 37 40 37 39
split_gain=20.3897 53.4782 40.9138 33.6296 35.781 28.254 32.3007 51.9182 55.7495 40.4033 49.4854 36.7107 72.3552 69.6462
threshold=1.9599887713377362 -0.1273756794031822 2.029749964309405 1.0465784018879136 0.37335950987584204 2.8825564170788116 1.1672008633511177 0.67371932390273548 1.417383975924756 0 0.26906352733993139 0.46606760069135905 2.0404739968946211 0.85801550348664568
decision_type=10 8 10 10 10 10 8 10 2 1 8 10 10 10
left_child=5 -2 3 -3 -5 6 11 9 -9 10 -8 12 13 -1
right_child=1 2 -4 4 -6 -7 7 8 -10 -11 -12 -13 -14 -15
leaf_value=-0.00028510562911312852 0.022115173020571789 0.010391106474655873 0.014747807565487228 -0.01719563011074584 -0.00025253857460354835 0.014233111626530263 0.010191366605598667 0.0046209840789440994 -0.0029387939890462645 -0.012125412410185322 -0.0082138938865750147 0.0015620441354625592 0.021988217357350702 -0.0084821574530004364
leaf_weight=34038.892092198133 113.32596336305141 228.93973489105701 181.04910187423229 113.75888951122761 1202.3000091612339 112.09851893782616 201.88739110529423 1217.8674314841628 3071.9757779687643 734.60784973204136 336.73936828970909 10942.990897133946 119.13188055157661 949.19759547710419
leaf_count=148289 500 991 761 512 5558 566 949 5498 14586 3429 1582 48175 545 4450
internal_value=-7.06626e-05 0.00302455 0.00165096 3.12435e-05 -0.00183571 -0.000181293 -0.00021535 -0.00237246 -0.000786851 -0.00766702 -0.00123277 4.56976e-05 -0.000427261 -0.000509845
internal_weight=53564.8 1839.37 1726.05 1545 1316.06 51725.4 51613.3 5563.08 4289.84 1273.23 538.627 46050.2 35107.2 34988.1
internal_count=236391 8322 7822 7061 6070 228069 227503 26044 20084 5960 2531 201459 153284 152739
cat_boundaries=0 1
cat_threshold=71
is_linear=0
shrinkage=0.03


Tree=272
num_leaves=15
num_cat=1
split_feature=39 11 40 15 35 19 39 20 11 39 37 45 30 46
split_gain=20.2297 49.088 47.5492 63.7713 55.3517 50.4145 56.3387 48.8122 58.3043 55.1292 77.6306 53.6585 52.4751 54.6325
threshold=-0.5187481499629113 -1.9147650664834674 -0.13812220152899193 0.30111139371919976 -1.339990669646183 2.8240374434321729 0.54486852180598511 -0.17595099600380751 -0.64003368891998746 0.64165296614913714 1.3254735038027337 0.87123853286870145 2.5000000000000004 0
decision_type=8 8 10 10 10 2 10 10 8 10 10 8 2 1
left_child=1 -1 5 -4 -5 -2 -7 11 9 -9 12 -6 -11 -14
right_child=2 -3 3 4 7 6 -8 8 -10 10 -12 -13 13 -15
leaf_value=-0.0078174187557226871 -0.0032333771486612599 0.0013239205568670142 0.0043654917364491152 -0.008027442790030077 0.0025239208321718759 0.0061442821083169102 -0.0075054158558468843 0.001407393479016063 -0.00010992093433497185 0.020018978913873834 -0.0072327404666823443 -0.0051953154625514614 0.017770801070791997 -0.0013580080103847477
leaf_weight=539.36139646172523 7500.8507725894451 14119.716821059585 3032.9143579900265 782.44122206419706 1120.4185626208782 1110.6948533803225 350.18186435103416 2409.5451145023108 18540.410318955779 461.33610568940639 206.83323994278908 2872.6367346197367 200.57740350067616 343.96798039972782
leaf_count=2415 32736 61536 12970 3654 4963 4831 1615 10469 83530 1918 975 12497 901 1529
internal_value=3.29783e-05 0.000982477 -0.00032469 0.000248775 -0.000216166 -0.00224069 0.00284358 2.04844e-05 0.000570933 0.00404657 0.00923595 -0.00302847 0.0126602 0.00617725
internal_weight=53591.9 14659.1 38932.8 29971.1 26938.2 8961.73 1460.88 26155.7 22162.7 3622.26 1212.71 3993.06 1005.88 544.545
internal_count=236539 63951 172588 133406 120436 39182 6446 116782 99322 15792 5323 17460 4348 2430
cat_boundaries=0 1
cat_threshold=269
is_linear=0
shrinkage=0.03


Tree=273
num_leaves=15
num_cat=1
split_feature=43 46 23 1 1 30 15 2 43 15 20 10 39 35
split_gain=23.5047 34.2168 30.5876 37.0605 60.1363 41.6808 30.0743 28.2818 28.2493 26.2839 31.4212 28.4387 25.7115 61.373
threshold=0.2678571428571429 0 0.025370868900639557 0.017517397864015846 0.031539114346907586 2.5000000000000004 0.56585224425386504 1.3962112780118843 0.10555555555555557 0.11515408103045734 -0.88210165055134404 -0.79447927497369808 -0.49569516541271452 -1.3710502322534033
decision_type=10 1 10 8 10 2 8 8 10 10 10 8 8 10
left_child=1 7 3 -3 5 -5 -7 -1 -6 10 11 -2 13 -11
right_child=9 2 -4 4 8 6 -8 -9 -10 12 -12 -13 -14 -15
leaf_value=-0.0025459527295618209 -0.0033096058238567126 0.0027696644669927984 0.0076374428457991342 0.00083860252643575938 0.018198851450229023 -0.014051091166394579 0.0042839689920227261 0.0069782798100337419 -0.0023784367138499117 0.0075738473411150684 5.4685435461910165e-06 -0.013019605254434841 -0.00055485746144743199 0.00033392953518826784
leaf_weight=2543.4323238581419 774.00164586305618 5278.6195821389556 864.39712578058243 452.16877160966396 145.95914548635483 499.40388317406178 90.855786606669426 305.55792459845543 94.237605571746826 1184.4761250913143 1251.4272715002298 416.69495695829391 30777.384631313384 8956.1397585272789
leaf_count=11188 3467 23094 3797 2005 641 2235 397 1352 419 5069 5456 1832 136775 39004
internal_value=1.75781e-06 0.00129118 0.00236087 0.00165874 -0.00289928 -0.0060223 -0.0112045 -0.00149839 0.0103533 -0.000304011 -0.00332089 -0.00678784 -0.000123186 0.00118622
internal_weight=53634.8 10274.6 7425.64 6561.24 1282.63 1042.43 590.26 2848.99 240.197 43360.1 2442.12 1190.7 40918 10140.6
internal_count=236731 45128 32588 28791 5697 4637 2632 12540 1060 191603 10755 5299 180848 44073
cat_boundaries=0 1
cat_threshold=322
is_linear=0
shrinkage=0.03


Tree=274
num_leaves=15
num_cat=0
split_feature=23 37 16 32 38 1 36 37 35 40 30 37 30 38
split_gain=21.9607 25.5629 29.6615 21.124 20.528 26.6056 20.3933 62.8451 56.2717 35.2419 45.7963 33.9026 36.7305 45.445
threshold=0.070797697818552732 0.087027320021287977 0.33096406604598194 -0.89473055427171277 -2.6065503240709633 0.01181801425179178 -0.75886522228618947 0.13043531187207855 -1.7718065238259648 -1.9491247540910772 4.5000000000000009 -0.24886693109228139 1.5000000000000002 -0.89320487016603245
decision_type=10 10 8 10 10 10 10 10 10 10 2 10 2 10
left_child=3 -2 -3 -1 5 -5 7 11 -8 10 -10 12 -6 -14
right_child=1 2 -4 4 6 -7 8 -9 9 -11 -12 -13 13 -15
leaf_value=-0.0017896077225663548 0.0094850794650067471 -0.01245583383448446 0.0044271725222913101 0.020108065814402457 -0.0055078275066273103 -5.5237834897375451e-05 0.021977517688276042 -0.0082918299665159702 0.021784288430320171 0.00013029486508892572 -0.0026298034078322914 0.0050494607264307328 0.0036353674496129593 -0.003955482727436177
leaf_weight=6293.2554546743631 451.97146160900593 124.3803558498621 299.22842098772526 95.313782542943954 1306.0616239011288 133.50574915111065 97.118467435240746 1035.8647303134203 143.87046228349209 39723.0337966308 122.07000261545181 895.12726873159409 1723.4026764184237 1192.1919330433011
leaf_count=28115 1903 541 1302 391 5812 588 422 4708 601 175266 511 3941 7405 5265
internal_value=-8.13068e-05 0.00460379 -0.000702965 -0.000159915 6.11374e-05 0.00883399 1.58228e-05 -0.00159088 0.000262765 0.000204547 0.0108887 -0.000220787 -0.00134754 0.000528544
internal_weight=53636.4 875.58 423.609 52760.8 46467.6 228.82 46238.7 6152.65 40086.1 39989 265.94 5116.78 4221.66 2915.59
internal_count=236771 3746 1843 233025 204910 979 203931 27131 176800 176378 1112 22423 18482 12670
is_linear=0
shrinkage=0.03


Tree=275
num_leaves=15
num_cat=0
split_feature=1 11 10 15 0 15 1 30 1 11 18 33 40 35
split_gain=22.8705 32.2279 82.449 48.3168 43.3114 35.0145 23.5631 22.8561 21.9188 32.3214 23.6065 21.0237 26.7344 34.3148
threshold=0.032856810192967344 -0.52699610973355837 0.063433897731691821 0.31458894274872157 0.019971613223793674 0.59674224745798099 0.045745034173317052 1.5000000000000002 0.027723178217689898 -0.87904540959591049 -0.66693066594961059 -2.2302763204397791 0.64961729805269652 -2.9176194786609888
decision_type=10 10 10 10 10 10 10 2 10 10 2 8 10 10
left_child=8 7 3 -3 -4 -6 -7 -2 11 10 -10 12 13 -1
right_child=1 2 4 -5 5 6 -8 -9 9 -11 -12 -13 -14 -15
leaf_value=-0.0047422966616037501 -0.013426116296110483 0.00026584750695449248 0.017105993124657073 0.023454066420913643 -0.011917653837838701 -0.0020799584364289804 0.014966086169532216 0.0013144960456890878 -0.022165326487793523 -0.0013953362878468664 -0.0037188490361435129 -0.00016934712678256354 -0.0099301644003393138 0.007974258540530646
leaf_weight=236.99361737072468 128.42849446833134 112.02996116876602 101.17893001437187 282.9716267734766 237.11679849028587 246.70383906364441 92.514027193188667 294.64935836195946 127.94712077081203 779.6561407148838 122.89036816358566 49844.439437262714 106.45159611850977 865.61109597980976
leaf_count=1057 591 498 423 1205 1045 1078 395 1304 615 3453 540 220041 525 3743
internal_value=-5.67077e-05 0.00358848 0.00633792 0.0170464 -6.24366e-05 -0.0033168 0.0028644 -0.00336682 -0.000162048 -0.00447257 -0.0136171 -7.41833e-05 0.00381824 0.00522291
internal_weight=53579.6 1495.59 1072.52 395.002 677.514 576.335 339.218 423.078 52084 1030.49 250.837 51053.5 1209.06 1102.6
internal_count=236513 6539 4644 1703 2941 2518 1473 1895 229974 4608 1155 225366 5325 4800
is_linear=0
shrinkage=0.03


Tree=276
num_leaves=15
num_cat=2
split_feature=44 46 1 10 12 45 12 15 46 1 10 12 42 45
split_gain=21.7341 45.0622 41.5306 39.0823 70.3441 77.1567 29.3527 51.2358 29.0602 34.5115 33.7691 31.9 31.7891 31.6249
threshold=-0.0028963565532159953 0 0.0045340069709821976 -0.84280811379089537 0.030622690316962031 0.74908634428331589 0.0054906363935447742 0.47722519048409878 1 0.004753353578648466 0.094694690099241988 0.01078910291035204 0.29285714285714287 0.65651688653634643
decision_type=8 1 8 8 2 10 2 10 1 10 10 2 10 10
left_child=8 2 -2 4 5 -4 7 -3 -1 10 12 13 -10 -11
right_child=1 6 3 -5 -6 -7 -8 -9 9 11 -12 -13 -14 -15
leaf_value=-0.00052964463939800038 0.019085065143972478 0.015318681417705829 -0.024236261130358806 0.0015320275779033817 -0.017736031481305672 0.00062608743658975599 -0.0017920533239333249 -0.0054953190819530835 0.0011545930220197465 0.0098154503485537968 0.0021250332633451913 0.0012134034440441021 -0.015486359393916301 0.0026436691445566166
leaf_weight=10251.639528162777 101.91669221222401 231.46837642788887 109.8938249796629 9676.4472247064114 245.01878637075424 1776.4900205433369 14785.204977869987 183.14509269595146 154.02704347670078 792.23363070189953 383.05044592916965 12799.892828956246 295.87452934682369 1822.0138341784477
leaf_count=45049 426 1011 499 42298 1156 7727 65956 821 703 3564 1813 56293 1323 8025
internal_value=0.000109997 -0.000487127 0.000894028 0.000721756 -0.00294681 -0.000942467 -0.00156876 0.00621173 0.000720839 0.00150911 -0.00440387 0.00183226 -0.00988798 0.00484616
internal_weight=53608.3 27109.6 11909.8 11807.8 2131.4 1886.38 15199.8 414.613 26498.7 16247.1 832.952 15414.1 449.902 2614.25
internal_count=236664 119894 52106 51680 9382 8226 67788 1832 116770 71721 3839 67882 2026 11589
cat_boundaries=0 1 2
cat_threshold=976 912
is_linear=0
shrinkage=0.03


Tree=277
num_leaves=15
num_cat=4
split_feature=44 39 20 46 1 46 46 10 12 45 19 46 16 8
split_gain=19.5052 35.5254 47.68 45.7427 38.4773 43.5895 33.8794 41.1097 60.4686 46.482 29.8991 29.2889 47.1678 61.1559
threshold=-0.00090676017468920478 0.85801550348664568 -0.040964844482474845 0 0.0042756671942933812 1 2 -0.84280811379089537 0.029952045967160997 1.0229456804513275 1.3881643878415486 3 0.71661233907151334 0.39040617330722077
decision_type=10 10 10 1 8 1 1 10 2 8 2 1 10 10
left_child=1 11 3 -3 -4 -6 7 8 9 -2 -5 12 -1 -14
right_child=6 2 4 10 5 -7 -8 -9 -10 -11 -12 -13 13 -15
leaf_value=-0.0016030578320663064 -0.0067833393529308748 -0.014164617665956138 -0.014723543197995275 0.0037829565024502859 -0.0039691176959550413 0.0019535112713684696 -0.0016040373964808473 0.0014822825265773071 -0.015977116202329757 0.003198398156721469 -0.0096275745907404581 0.0017836723522703869 0.011920146188494558 -0.0052520008584605576
leaf_weight=5610.1315591782331 729.38040269911289 456.09840445965528 151.39678639173508 363.82964567840099 1589.1462595537305 3647.359024092555 14130.35493773222 8962.3942825645208 278.98706042766571 962.29332287609577 239.87987558543682 15643.880446746945 536.39521206915379 276.36983889341354
leaf_count=24504 3208 2118 767 1673 7240 16823 63111 39195 1305 4170 1115 67759 2327 1235
internal_value=-2.45637e-05 0.000512003 -0.00144545 -0.00723056 -0.000296226 0.000148163 -0.000634973 0.000618709 -0.00329328 -0.00111989 -0.00158977 0.00108435 -0.000620885 0.00608812
internal_weight=53577.9 28514.5 6447.71 1059.81 5387.9 5236.51 25063.4 10933.1 1970.66 1691.67 603.71 22066.8 6422.9 812.765
internal_count=236550 125561 29736 4906 24830 24063 110989 47878 8683 7378 2788 95825 28066 3562
cat_boundaries=0 1 2 3 4
cat_threshold=816 712 976 388
is_linear=0
shrinkage=0.03


Tree=278
num_leaves=15
num_cat=2
split_feature=43 46 19 46 1 1 15 1 11 9 16 40 19 40
split_gain=23.0897 48.245 40.7679 47.7694 47.1431 40.4764 35.7473 49.7779 45.8002 44.4705 42.9591 50.1696 78.1855 43.8215
threshold=0.41428571428571431 0 -4.7037714904691681 1 0.005388263615983587 0.010310099878498282 0.59295499021526454 0.02591642086121608 1.7016431600282005 -1.1190534957148743 0.39887570224719082 -0.46702324845757881 2.2458606612433378 -0.15465797741729187
decision_type=10 1 2 1 10 10 8 10 10 10 10 10 2 10
left_child=1 -1 -2 4 -4 -6 7 8 9 -5 13 12 -12 -8
right_child=2 -3 3 6 5 -7 10 -9 -10 -11 11 -13 -14 -15
leaf_value=-0.00083195709594008804 -0.003488798432151509 0.0021000821455473121 0.013580102237103491 -0.0060563542568933242 -0.0014014487370437607 0.0025845168757133163 -0.01766568094403238 -0.0096631280704142838 -0.011636540382898341 0.0021232833977459782 -0.0092825998012302739 -0.0019536902026247634 0.01442643859640818 -0.0042871489522404646
leaf_weight=8823.8601109459996 3505.9976393580437 11769.627770550549 275.7103023827076 643.66203606128693 3478.7040222287178 6687.0598579645157 272.3710295855999 402.18826864659786 239.07622340321541 7083.1164323687553 173.03997796773911 8803.4024646729231 395.16410727798939 1054.690856128931
leaf_count=38700 15552 51832 1165 2887 15202 29194 1203 1799 1052 30871 746 40096 1725 4639
internal_value=5.64983e-05 0.000844589 -0.000435201 -7.1331e-05 0.00155804 0.00122049 -0.000964281 0.000503754 0.00102854 0.00143495 -0.00211281 -0.00139344 0.00717046 -0.00714459
internal_weight=53607.7 20593.5 33014.2 29508.2 10441.5 10165.8 19066.7 8368.04 7965.85 7726.78 10698.7 9371.61 568.204 1327.06
internal_count=236663 90532 146131 130579 45561 44396 85018 36609 34810 33758 48409 42567 2471 5842
cat_boundaries=0 1 2
cat_threshold=848 848
is_linear=0
shrinkage=0.03


Tree=279
num_leaves=15
num_cat=2
split_feature=10 38 19 16 9 46 20 39 16 16 44 0 39 46
split_gain=18.2688 63.8226 44.6777 49.9176 46.1377 41.6993 40.5223 49.0333 46.7787 37.853 63.1425 37.6544 36.6718 55.8714
threshold=0.68744402378882452 -0.85810509697790727 0.79056289368215882 0.68348116335536846 0.5575920492498031 0 -0.41728813948621618 0.41545778425267871 0.66265060240963869 0.85555754519457394 -0.018573817054099623 0.0029576349069315132 1.0936492677068308 1
decision_type=10 10 2 10 8 1 10 10 10 10 10 10 8 1
left_child=2 -2 3 4 11 -5 -3 -8 -9 -10 -11 -1 -13 -14
right_child=1 6 -4 5 -6 -7 7 8 9 10 -12 12 13 -15
leaf_value=0.0052793992282543405 -0.0071596714932077128 -0.0068468755102900781 -0.0021690527898133105 0.01757082588050924 0.0043278301566740543 -0.0030286307025116648 0.0048767361668854746 0.0057711139052616205 -0.0028630929957854604 0.008129628406110645 -0.00047944842712364097 -0.00032097655319905584 0.0063742834115785522 -0.016083797864517389
leaf_weight=1058.6756096482277 811.99567328393459 496.70207646489143 9220.3812384754419 246.43877913057804 2124.1177690625191 130.70215527713299 3380.5417327582836 1334.6879926919937 3056.6251262947917 984.17388123273849 3347.4547130316496 26996.153180345893 137.43706518411636 288.97577993571758
leaf_count=4593 3664 2155 41509 1066 9159 570 14600 5952 13946 4442 15535 117507 643 1354
internal_value=-1.71413e-05 0.00094121 -0.000337014 0.000208725 7.32889e-05 0.0109137 0.00146852 0.00181514 0.0006244 -0.000311897 0.00149081 -0.00024542 -0.000460558 -0.00908762
internal_weight=53615.1 13412.2 40202.9 30982.5 30605.4 377.141 12600.2 12103.5 8722.94 7388.25 4331.63 28481.2 27422.6 426.413
internal_count=236695 60294 176401 134892 133256 1636 56630 54475 39875 33923 19977 124097 119504 1997
cat_boundaries=0 1 2
cat_threshold=406 525
is_linear=0
shrinkage=0.03


Tree=280
num_leaves=15
num_cat=0
split_feature=32 35 13 39 38 39 35 38 15 2 15 30 8 39
split_gain=18.9134 25.6632 23.963 40.8076 26.383 24.5621 54.5344 40.056 35.5109 23.1133 44.8572 53.2575 57.0197 45.2433
threshold=-0.70378890079590828 -1.9878571511154044 34.979574028757142 -0.030535922663856574 -2.2900319394445194 -0.98884515999362288 -1.339990669646183 -1.0452144928781455 0.14211983355288973 0.66303653334956325 0.2081474494946482 2.5000000000000004 0.28005875594875423 -0.12761153257839333
decision_type=10 10 8 10 10 10 10 10 8 8 8 2 10 10
left_child=-1 -2 3 5 -4 8 7 -7 -3 10 13 12 -12 -6
right_child=1 2 4 -5 9 6 -8 -9 -10 -11 11 -13 -14 -15
leaf_value=-0.0012192031955475997 0.0051432823193764618 -0.0079100514542444003 0.01240959876861247 -0.010410538691906841 0.0036347495107663156 0.0242041262548243 -0.0018232833252238652 0.0027655553720999388 0.0048259615781924238 -0.00012057462453571586 0.00070004742353389218 -0.00070553710160662329 0.0087113592660836795 0.01683747829613692
leaf_weight=8716.9373249337077 956.28773820400238 685.94122005999088 153.34281514585018 478.16393586993217 1091.6664135456085 137.19986815750599 848.83631403744221 174.23247694969177 267.07423198223114 29441.019321613014 2009.037384301424 7042.6903025507927 1320.3120610266924 290.35811093449593
leaf_count=38889 4121 3090 645 2124 4651 575 3645 742 1160 130856 8532 30939 5536 1210
internal_value=5.87515e-05 0.000307093 0.000200694 -0.00259217 0.000376316 -0.000782436 0.00214177 0.0126694 -0.00432784 0.000328523 0.00145255 0.000773096 0.00389365 0.00650962
internal_weight=53613.1 44896.2 43939.9 2591.45 41348.4 2113.28 1160.27 311.432 953.015 41195.1 11754.1 10372 3329.35 1382.02
internal_count=236715 197826 193705 11336 182369 9212 4962 1317 4250 181724 50868 45007 14068 5861
is_linear=0
shrinkage=0.03


Tree=281
num_leaves=15
num_cat=0
split_feature=38 40 40 35 39 38 40 35 39 20 37 37 38 39
split_gain=22.4466 32.7416 52.3952 37.9155 38.7023 74.0967 31.9488 97.3247 55.0578 46.2387 41.6303 49.5258 45.7674 65.6862
threshold=2.6300836929250067 2.23283889851727 1.8109724888670573 -0.18034269949706502 1.7852061703538777 1.0314530475032557 0.75108364923937965 -0.92245401666519544 1.2252419226289806 -0.016211804774728143 1.835358159396643 -0.034148891930878826 1.0481912326927421 0.17288497270640477
decision_type=10 10 10 10 10 10 10 10 10 10 10 10 10 10
left_child=1 2 6 -3 5 -5 -1 -8 10 -10 11 -9 -13 -14
right_child=-2 3 -4 4 -6 -7 7 8 9 -11 -12 12 13 -15
leaf_value=-0.00029634204946071672 -0.0061640613868790533 -0.0049169067229050574 -0.0063041793072731618 0.033450839399014894 0.0030484343696780699 0.0027150180655476528 -0.0085476243697074957 -6.536072107121936e-05 -0.014405600189465469 0.00034345811888920945 -0.010744916475910762 0.0090767110881940696 -0.011767217560333004 0.0050175335799683626
leaf_weight=41189.177711233497 523.05145019292831 222.09169749170542 1177.7106155902147 127.86505010724068 398.60214602947235 148.62834215164185 771.78441832214594 1431.0800219029188 193.51620638370514 3181.2907850444317 151.76984921097755 2390.5400018393993 235.95939914882183 1429.9020937085152
leaf_count=179978 2765 1103 5760 575 1815 742 3625 6201 875 14441 747 10406 1047 6475
internal_value=-3.85669e-05 2.29784e-05 -7.52946e-05 0.00567336 0.00917825 0.0176003 6.98238e-05 0.00160977 0.00248795 -0.000542335 0.00429917 0.00473404 0.00642325 0.00258404
internal_weight=53573 53049.9 52152.7 897.187 675.096 276.493 50975 9785.84 9014.06 3374.81 5639.25 5487.48 4056.4 1665.86
internal_count=236555 233790 229555 4235 3132 1317 223795 43817 40192 15316 24876 24129 17928 7522
is_linear=0
shrinkage=0.03


Tree=282
num_leaves=15
num_cat=0
split_feature=44 40 39 11 39 15 35 11 37 19 11 44 35 44
split_gain=20.304 24.764 24.2189 70.1864 44.9581 40.1364 34.1529 32.1505 49.7218 27.57 30.7129 25.5091 62.8182 28.7145
threshold=-0.0031133214347575443 2.8825564170788116 0.91996759701168396 2.1654184360741673 1.5217550398495128 0.65419381366723262 0.12819003034567675 -0.62811081586591366 1.2757046913365617 5.2980302502257208 2.4620479835561913 -0.047081953406111925 -0.6603507771112701 -0.018891472201633789
decision_type=8 8 10 10 10 10 10 8 10 2 10 10 10 10
left_child=1 2 9 5 -5 6 -4 8 -7 10 11 12 -1 -13
right_child=-2 -3 3 4 -6 7 -8 -9 -10 -11 -12 13 -14 -15
leaf_value=-0.0042196205039450345 -0.00059098645066816343 0.014419072456104846 -0.0014882634467810905 0.0010043720841992 0.021785952784136173 0.016652417672154807 -0.010201926668290244 -0.0012491319507299955 -0.0081105607903553239 0.0082203506316897035 -0.013250994489041329 -0.00090863104275392033 0.007197790559503257 0.0015408617001920605
leaf_weight=594.51088538765907 27169.328115880489 105.84828548133373 780.77098352462053 191.12529280781746 175.71343237161636 212.53662815690041 839.74469673633575 3277.2278060019016 101.23221926391125 454.34232805669308 128.59165355563164 7222.3216133117676 1540.4503393918276 10642.393259346485
leaf_count=2752 120214 512 3691 826 729 910 3900 15214 477 1975 550 31423 6714 46064
internal_value=-1.61054e-05 0.000578527 0.000517039 -0.00123481 0.0112726 -0.0021351 -0.00603852 -0.000361723 0.00865932 0.000992198 0.00082504 0.000922122 0.0040136 0.00055063
internal_weight=53436.1 26266.8 26161 5578.35 366.839 5211.51 1620.52 3591 313.769 20582.6 20128.3 19999.7 2134.96 17864.7
internal_count=235951 115737 115225 25747 1555 24192 7591 16601 1387 89478 87503 86953 9466 77487
is_linear=0
shrinkage=0.03


Tree=283
num_leaves=15
num_cat=0
split_feature=39 30 40 40 30 15 11 39 1 38 10 40 39 11
split_gain=23.038 30.0858 27.6926 33.7649 51.9971 31.9219 50.6996 73.7869 59.8782 26.4444 25.5197 22.7835 56.6838 104.504
threshold=2.1360955966638504 1.0000000180025095e-35 2.8825564170788116 1.6870672059675229 5.5000000000000009 0.71193532429386008 0.77066631992934986 1.3899232382372873 0.0086993406182063783 2.213966976848003 -0.41120563173792318 1.3042398413207419 1.1672008633511177 0.45493113096107668
decision_type=10 2 10 8 2 10 10 10 10 10 8 10 10 8
left_child=2 -2 3 11 5 10 7 -7 -9 -3 -5 12 -1 -14
right_child=1 9 -4 4 -6 6 -8 8 -10 -11 -12 -13 13 -15
leaf_value=0.00021900653511333114 -0.006753795804664826 0.0082600330060272637 0.014122714639289081 0.0023182918553156938 0.0073619099107723124 -0.0090633487774213969 -0.0091130187727092096 -0.0069118862687723775 0.018061727467621833 -0.0035230092179666071 -0.01362510047322839 0.0027776955453526547 -0.010773266364109114 0.00022787234919269489
leaf_weight=43970.490822404623 188.73252034187317 868.27865432202816 113.92413714528084 105.25375966727734 318.91487148404121 270.76684883236885 590.44095037132502 115.65098309516907 286.62725575268269 206.94633910059929 531.90410222858191 2667.4803214967251 1222.616070240736 2102.0088217407465
leaf_count=191937 840 3755 572 510 1523 1376 3028 601 1374 1022 2646 12068 5728 9556
internal_value=5.50157e-05 0.00404104 -4.20776e-05 -7.57022e-05 -0.00368784 -0.00557074 -0.00276988 0.0028467 0.0108886 0.00598061 -0.0109962 8.5471e-05 -6.69276e-05 -0.00383792
internal_weight=53560 1263.96 52296.1 52182.2 2219.56 1900.64 1263.49 673.045 402.278 1075.22 637.158 49962.6 47295.1 3324.62
internal_count=236536 5617 230919 230347 11058 9535 6379 3351 1975 4777 3156 219289 207221 15284
is_linear=0
shrinkage=0.03


Tree=284
num_leaves=15
num_cat=1
split_feature=31 38 23 16 11 27 40 11 35 37 38 11 1 46
split_gain=22.3651 41.046 21.4513 23.8029 26.463 20.3883 20.1786 54.0545 42.5687 40.8793 32.5089 30.7054 40.8107 36.3685
threshold=2.8134948386717658 0.41412261259765581 0.091682838211805742 0.32785632954211968 0.24034284805055436 0.092307692307690578 0.46606760069135905 -0.87904540959591049 -1.3710502322534033 2.1180737053391039 -1.0019074336547027 1.9174994465480419 0.0083580400563935103 0
decision_type=10 10 8 8 10 10 10 8 10 10 10 10 10 1
left_child=2 -2 5 -4 -5 -1 9 -8 -9 -7 -10 13 -13 -12
right_child=1 -3 3 4 -6 6 7 8 10 -11 11 12 -14 -15
leaf_value=0.0011206903880576651 0.0046750746023360833 -0.014596199741938579 -0.0028537153673436257 0.018861584908710254 0.00049639374209893854 -0.00085261843856444363 0.0065302514695370611 -0.010718108602972693 0.013046969274545243 0.015922775004387532 -0.0025037415175229592 0.016940331545299669 0.002021290133336759 0.0010479066803934212
leaf_weight=11444.782624639571 158.88060739636421 239.76076103746891 153.03408828377724 168.08142924308777 117.92884856462479 27626.476767957211 1259.8705620914698 312.96634732186794 167.92073771357536 121.38061834871769 4231.2959247678518 199.13958251476288 799.30533395707607 6641.3396836519241
leaf_count=50502 699 1174 655 697 516 120846 5439 1515 720 547 19517 876 3443 29731
internal_value=2.50357e-06 -0.00698908 5.61531e-05 0.00658543 0.0115618 6.28658e-07 -0.000309503 0.000636284 3.03179e-05 -0.000773526 0.000318398 0.000127518 0.00513537 -0.000336654
internal_weight=53642.2 398.641 53243.5 439.044 286.01 52804.5 41359.7 13611.8 12352 27747.9 12039 11871.1 998.445 10872.6
internal_count=236877 1873 235004 1868 1213 233136 182634 61241 55802 121393 54287 53567 4319 49248
cat_boundaries=0 1
cat_threshold=139
is_linear=0
shrinkage=0.03


Tree=285
num_leaves=15
num_cat=0
split_feature=2 40 1 44 15 8 0 16 39 38 40 19 36 35
split_gain=18.8578 32.4754 26.9994 49.2602 23.5089 20.6693 18.5077 16.6683 15.1264 67.0136 35.5096 46.1959 32.9062 61.9331
threshold=0.36155949371166679 -0.86742686093011201 0.012758112060194456 0.0071832072310577142 0.41379310344827552 -0.10213974240303411 0.0047649151376634542 0.3471365638766522 -1.304623496206299 0.22796957868653941 -1.4717421129516608 -9.1492635282092873 0.634286973118109 0.89620543002065445
decision_type=8 8 10 10 10 10 10 10 10 10 10 2 10 10
left_child=1 -1 4 6 5 -3 -4 -8 9 12 -10 -12 -2 -14
right_child=8 2 3 -5 -6 -7 7 -9 10 -11 11 -13 13 -15
leaf_value=0.014985016472006389 -0.0017561895206311112 -0.0029511914844427738 0.021900539625203504 -0.011973260275757527 -0.0080114669429731892 0.012399437904280377 -0.0020033552120355493 0.01228367440827274 0.0068412179791477431 -0.015061348784806888 -0.011748317649914256 -0.00017608319604620241 0.022561649772274612 -0.0045652754549842627
leaf_weight=174.91833606362343 3340.4909351915121 188.61251574754715 99.683448418974876 94.706916466355324 335.49956864118576 122.24800941348076 112.61185888946056 188.92453807592392 633.77219703793526 318.57952819764614 302.51755331456661 47349.108533456922 136.70680825412273 150.87202985584736
leaf_count=731 14958 798 412 404 1483 522 474 781 2708 1576 1385 208984 597 673
internal_value=-0.000213985 0.00331752 0.00141634 0.00661426 -0.00261183 0.00328385 0.0111863 0.007055 -0.000303662 -0.00208697 -0.0001575 -0.000251999 -0.000909431 0.00865492
internal_weight=53549.3 1317.21 1142.29 495.927 646.36 310.861 401.22 301.536 52232 3946.65 48285.4 47651.6 3628.07 287.579
internal_count=236486 5605 4874 2071 2803 1320 1667 1255 230881 17804 213077 210369 16228 1270
is_linear=0
shrinkage=0.03


Tree=286
num_leaves=15
num_cat=0
split_feature=32 31 7 36 34 7 38 38 40 1 1 32 38 31
split_gain=21.2937 26.234 24.6341 24.177 28.7894 41.9128 34.6473 29.7754 32.7922 34.0816 28.7743 28.046 24.8813 30.9066
threshold=-0.19069274966621272 0.11254988746171173 0.79414067889541495 -2.9178211828125371 -1.6571741863182037 -0.60135276958218042 0.20416593743620734 -1.5020257269951001 -0.093706817300669015 0.005388263615983587 0.01678323449312492 -0.3952635232834229 -1.3567324343399301 -1.0134703080314011
decision_type=10 10 10 10 10 10 10 10 10 8 10 10 10 10
left_child=2 -2 3 -1 6 7 11 10 -9 -10 -6 12 -5 -14
right_child=1 -3 -4 4 5 -7 -8 8 9 -11 -12 -13 13 -15
leaf_value=-0.0081871156624851726 0.0017701315270865939 -3.5420890516307928e-05 -0.0031686567092620091 0.0011913940439689141 0.005330525205065645 0.00059709409199561094 -0.012414479763979441 -0.0063293228120281262 0.013503813386982377 -0.0020260443682176455 -0.0095168644698960733 -0.0081210582935851688 0.0054715891373161366 0.018336298920993966
leaf_weight=328.71919944882393 10557.514163263142 23016.464393638074 3077.8040890991688 497.94993852078915 625.46848124265671 10226.201377645135 99.864379644393921 2167.3916615247726 127.35034546256065 1713.9650498703122 134.57778826355934 122.45971949398518 521.53563626110554 248.24616378545761
leaf_count=1480 46144 101580 14212 2176 2685 45031 458 9612 554 7610 643 540 2305 1085
internal_value=7.19218e-05 0.000532703 -0.000705685 -0.000253215 -9.01419e-05 -0.000486244 0.00387264 -0.00280576 -0.00383693 -0.000884817 0.00261212 0.00512293 0.00645581 0.00980226
internal_weight=53465.5 33574 19891.5 16813.7 16485 14995 1490.06 4768.75 4008.71 1841.32 760.046 1390.19 1267.73 769.782
internal_count=236115 147724 88391 74179 72699 66135 6564 21104 17776 8164 3328 6106 5566 3390
is_linear=0
shrinkage=0.03


Tree=287
num_leaves=15
num_cat=0
split_feature=30 12 11 41 14 2 12 1 30 8 16 39 34 2
split_gain=16.2532 51.2202 61.7605 40.8502 50.6803 44.631 44.4998 47.6656 45.9393 63.9757 43.6447 52.2244 41.1846 39.2879
threshold=3.5000000000000004 0.067211349813508237 0.19579238990829287 0.95000000000000007 0.78254053420509984 0.4786537057649573 0.011796602531649656 0.012281990839023113 1.0000000180025095e-35 0.76497942599799817 0.64992996808418679 0.37093414621228415 0.68712836780982578 0.99319122843762553
decision_type=2 2 10 2 8 8 2 10 2 10 8 10 10 8
left_child=3 13 -3 4 5 -1 -5 -8 9 -9 11 12 -10 -2
right_child=1 2 -4 6 -6 -7 7 8 10 -11 -12 -13 -14 -15
leaf_value=0.0064040850242370129 -0.0015776981412605605 0.023561526691065843 -0.0053290486349455695 0.0085686769475194317 -0.0031052620506434926 0.00025013011889205575 -0.0021199684498283706 -0.014559058454912276 0.0016833464626487158 0.0081006701514134086 0.00088339036554823183 0.023953546700393933 0.020107334615600429 0.0011654082775695684
leaf_weight=1106.1591772735119 15863.050293020904 158.73369735479355 104.86540101468563 1023.7409027516842 4000.0675937831402 21348.628663174808 1682.5390971899033 216.89018675684929 389.00272457301617 212.585583075881 493.04755364358425 231.4997850805521 142.97577010095119 6666.8755069226027
leaf_count=4667 70577 691 473 4515 17857 93141 7563 936 1667 917 2180 986 619 30115
internal_value=-2.12087e-06 -0.000609471 0.0122935 0.000446714 1.43979e-06 0.000556 0.00312252 0.0014469 0.00499796 -0.00341365 0.00787726 0.012324 0.00691466 -0.000765823
internal_weight=53640.7 22793.5 263.599 30847.1 26454.9 22454.8 4392.28 3368.54 1686 429.476 1256.53 763.478 531.978 22529.9
internal_count=236904 101856 1164 135048 115665 97808 19383 14868 7305 1853 5452 3272 2286 100692
is_linear=0
shrinkage=0.03


Tree=288
num_leaves=15
num_cat=0
split_feature=33 40 44 38 36 40 40 40 37 38 37 41 35 36
split_gain=19.4844 17.1941 24.7841 23.1347 16.8749 41.6559 35.1247 54.4975 46.5717 53.7761 45.3798 59.1516 59.5613 90.0143
threshold=2.0171145763090483 -2.326509925832196 -0.004231934244847301 -2.9303608724780625 -0.1975438679617586 -1.9491247540910772 -0.051672705047420879 1.0465784018879136 0.36201334257714129 1.5031408212335216 0.15350540597879561 0.25000000000000006 -1.3710502322534033 -0.6340260808323156
decision_type=10 8 10 8 10 10 10 10 10 10 10 2 8 10
left_child=1 2 -1 -3 6 -6 10 8 -8 -10 11 12 13 -5
right_child=-2 3 -4 4 5 -7 7 -9 9 -11 -12 -13 -14 -15
leaf_value=0.0031594348343522843 -0.0038359724838260036 0.011276926012927745 -0.01724498629092264 0.00061132815429415467 0.015108631835767451 0.00043067703540172606 0.003660714438985697 -0.0036519234766872449 -0.0032533273797224881 0.019051361251116804 -0.0061888214947032616 0.004542039075329009 -0.0037452307157326789 0.027681620550407786
leaf_weight=90.596207678318024 1150.8497772067785 156.97683416306973 112.32126700878143 2403.7542706280947 164.96472282707691 32473.384397089481 4815.7861762791872 1878.5372903496027 1699.2541837096214 93.244146719574928 1716.9008686542511 1501.3504476845264 5291.5629785060883 105.91038098931313
leaf_count=422 5546 676 513 10460 677 142926 20864 8853 7592 419 7668 6572 23370 454
internal_value=8.43503e-06 9.34152e-05 -0.00841453 0.000128026 9.23076e-05 0.000509469 -0.000605599 0.000844458 0.00212623 -0.0019938 -0.00172214 -0.000891996 -0.00194225 0.00185905
internal_weight=53655.4 52504.5 202.917 52301.6 52144.6 32638.3 19506.3 8486.82 6608.28 1792.5 11019.5 9302.58 7801.23 2509.66
internal_count=237012 231466 935 230531 229855 143603 86252 37728 28875 8011 48524 40856 34284 10914
is_linear=0
shrinkage=0.03


Tree=289
num_leaves=15
num_cat=1
split_feature=45 46 16 1 20 38 10 43 11 0 10 45 10 45
split_gain=18.1433 83.2897 67.4914 50.0732 73.5306 55.5018 49.8904 43.1185 39.361 38.711 54.167 36.9288 36.174 50.5098
threshold=1.2045552689931824 0 0.17057284664892011 0.013130767101608877 -0.89570363582216028 -0.2609481632068345 -0.25726158197280019 0.95000000000000007 2.1654184360741673 0.012003624260039177 0.25677085087399104 1.343648145669762 0.90030119454612201 1.3035283162150055
decision_type=10 1 8 10 10 10 8 10 8 10 10 10 10 10
left_child=-1 6 -3 5 -5 9 11 -8 -6 10 -4 -2 -7 -14
right_child=1 2 3 4 8 12 7 -9 -10 -11 -12 -13 13 -15
leaf_value=-0.00029730381424749003 0.0078965944843629211 0.0062678553331779628 -0.0083073239269202681 -0.0147243287693095 0.0022957802479853951 -0.0093500686303106244 0.016753507976410242 0.00014251890559592093 -0.0079817117013914647 0.013316292142386362 0.012775287999432429 -0.0055740134857933258 -0.0080749793322741972 0.013469939612004787
leaf_weight=43198.662557423115 401.55055703222752 1300.3204107582569 349.60955123603344 255.24142701923847 4357.9586019217968 1470.2188962101936 592.43201670050621 183.70060904324055 353.52313342690468 204.10440345108509 147.97931790351868 320.70180927217007 223.77516135573387 158.59529158473015
leaf_count=191800 1711 5582 1478 1118 18930 6448 2506 781 1506 865 624 1353 1007 710
internal_value=-2.72826e-05 0.00110223 -1.59774e-05 -0.0011093 0.00064718 -0.00451393 0.0075916 0.0128737 0.00150934 0.00264428 -0.00190934 0.0019208 -0.00722484 0.000976727
internal_weight=53518.4 10319.7 8821.33 7521.01 4966.72 2554.28 1498.38 776.133 4711.48 701.693 497.589 722.252 1852.59 382.37
internal_count=236419 44619 38268 32686 21554 11132 6351 3287 20436 2967 2102 3064 8165 1717
cat_boundaries=0 1
cat_threshold=531
is_linear=0
shrinkage=0.03


Tree=290
num_leaves=15
num_cat=1
split_feature=2 10 24 46 45 45 39 10 11 11 44 40 40 2
split_gain=15.0998 51.2465 13.4309 22.4034 33.4045 31.7536 37.4576 41.5697 43.8614 31.2337 31.2283 36.5112 26.1317 25.8512
threshold=0.2514333905949715 -0.096947065690111592 0.0059972955986521701 0 1.5607679488264727 1.2618109749973461 1.2252419226289806 -0.7827492180492247 -0.49200389876630002 0.66850193543690939 0.010081624320103705 0.55476642366435158 -0.3166678169109059 0.55882785921861544
decision_type=8 10 10 1 10 10 10 10 10 8 10 10 10 10
left_child=1 -1 -2 5 -5 6 7 8 13 12 -7 -12 -9 -4
right_child=2 -3 3 4 -6 10 -8 9 -10 -11 11 -13 -14 -15
leaf_value=0.020330711270947353 0.00035002361188842039 -0.0074836993546753749 0.0037406389596600018 -0.0012205582476682074 -0.013586270812534391 0.0087327722633945438 -0.006127927563535712 0.0077843599897765613 0.004742871139490166 -0.0026039503643922406 -0.0074131868976113164 0.0094961762706191714 0.0018431111807290144 -0.0085080605254961635
leaf_weight=119.1046067327261 33409.761128045619 103.291454449296 179.15282936394215 12156.374124012887 189.97731232643127 764.94225431978703 825.47570894658566 975.24517914652824 418.28020411729813 890.83701692521572 294.60891678929329 174.65269936621189 2086.4940882921219 945.77192711830139
leaf_count=500 146932 439 781 54552 832 3233 3851 4182 1811 3954 1272 799 9080 4226
internal_value=1.57978e-05 0.00764621 -1.74615e-05 -0.000634235 -0.00142053 0.000651833 -0.000209252 0.000689258 -0.00347213 0.00231865 0.00503355 -0.00105293 0.00375474 -0.00654159
internal_weight=53534 222.396 53311.6 19901.8 12346.4 7555.46 6321.26 5495.78 1543.2 3952.58 1234.2 469.262 3061.74 1124.92
internal_count=236444 939 235505 88573 55384 33189 27885 24034 6818 17216 5304 2071 13262 5007
cat_boundaries=0 1
cat_threshold=568
is_linear=0
shrinkage=0.03


Tree=291
num_leaves=15
num_cat=0
split_feature=39 1 30 11 33 39 1 10 9 9 1 11 39 20
split_gain=16.4346 25.9877 18.3211 41.0568 52.8009 45.9179 39.156 34.3556 35.0092 61.3985 44.0981 38.22 33.1021 30.6482
threshold=2.5706467476917658 0.019665348580613532 5.5000000000000009 -1.1267223570242348 1.1580984565101147 -0.94311330362188384 0.013877982198986638 0.41011860852674575 -0.42320693938309334 0.70743383878903232 0.021290873333464699 0.26298912067078312 -0.66811718961496702 -0.14457682022531471
decision_type=10 10 2 10 10 10 10 10 10 10 10 10 10 10
left_child=2 -2 -1 5 7 6 -4 13 11 -10 -11 -9 -7 -5
right_child=1 -3 3 4 -6 12 -8 8 9 10 -12 -13 -14 -15
leaf_value=-0.00028262374500979867 0.010336174643348319 -0.0056240661807436436 -0.012086299545221644 0.00026158912995069398 0.010722348259343203 0.025666282858829857 0.011112714746485083 0.006788086646109256 0.0093548601541367099 -0.0031677594260892021 0.01314829505789868 -0.016549232533854433 0.0075725230505240366 -0.0052503829028992394
leaf_weight=45546.2800584957 306.87030936777592 121.83246463537216 179.26800374686718 2074.5593404620886 405.60485729575157 96.698689982295036 90.843947499990463 94.080567210912704 950.81094127893448 1027.8721073865891 164.12673012912273 157.99787802994251 774.84306368231773 1603.1577640771866
leaf_count=201240 1363 517 788 8941 1831 409 410 398 4200 4726 728 687 3362 7141
internal_value=-7.0603e-06 0.00577565 -5.47663e-05 0.00130579 0.000377319 0.00652531 -0.00416583 -0.000330144 0.0024601 0.00371143 -0.0008305 -0.00791262 0.00984843 -0.00214886
internal_weight=53594.8 428.703 53166.1 7619.86 6478.21 1141.65 270.112 6072.61 2394.89 2142.81 1192 252.078 871.542 3677.72
internal_count=236741 1880 234861 33621 28652 4969 1198 26821 10739 9654 5454 1085 3771 16082
is_linear=0
shrinkage=0.03


Tree=292
num_leaves=15
num_cat=0
split_feature=33 37 29 10 45 40 15 16 41 43 10 15 10 9
split_gain=15.8509 19.5765 28.2378 16.6978 16.2545 29.7371 57.389 65.8963 59.707 31.5029 31.8571 38.2663 42.3718 37.2941
threshold=2.7121522566027489 2.7290928358271018 15.000000000000002 0.94401166464015196 0.74908634428331589 1.0074796076896464 0.60431511983655939 0.60408012867273941 0.35000000000000003 0.15476190476190479 -0.75948140232893802 0.59674224745798099 0.37599961417208616 -0.26281176822313601
decision_type=8 10 2 10 10 10 10 10 2 10 8 10 10 10
left_child=1 4 3 -3 5 9 -7 -8 -9 -1 -11 13 -13 -12
right_child=-2 2 -4 -5 -6 6 7 8 -10 10 11 12 -14 -15
leaf_value=0.0070136908823609867 -0.0058222754096716135 0.022950619745089641 -0.0056212419727523543 0.0058219413718867581 0.00023846306721093849 -0.018257912436776325 0.012486407750565134 -0.02046756408981313 -0.0022686932763718343 -0.0045472392819054042 -0.00039329552335898115 -0.0079214651241036899 0.00060200560128001674 0.0061227243903138572
leaf_weight=479.13323651254177 407.96748565137386 84.779504373669624 97.710429325699806 132.5422278046608 43710.645976826549 233.2855210006237 214.69444878399372 184.06845839321613 1010.6593371704221 1612.7351450920105 1908.6370903104544 868.95062206685543 1299.9665494114161 1338.1056758463383
leaf_count=2110 2007 431 482 640 191965 1081 991 894 4917 7189 8337 3916 5876 5898
internal_value=-2.88943e-06 4.28434e-05 0.00738282 0.0132197 -2.28838e-06 -0.00115136 -0.00479451 -0.00245314 -0.00521916 -0.000348894 -0.000860061 0.000244306 -0.0028335 0.00230276
internal_weight=53583.9 53175.9 315.032 217.322 52860.9 9150.24 1642.71 1409.42 1194.73 7507.53 7028.4 5415.66 2168.92 3246.74
internal_count=236734 234727 1553 1071 233174 41209 7883 6802 5811 33326 31216 24027 9792 14235
is_linear=0
shrinkage=0.03


Tree=293
num_leaves=15
num_cat=1
split_feature=45 19 16 27 15 37 33 7 40 29 40 40 44 46
split_gain=21.4556 25.7011 51.3261 15.8244 21.5306 20.2136 21.0672 23.1628 18.2953 27.4528 24.5121 24.3129 18.2756 18.0766
threshold=0.42396179803737616 -2.8661561651386793 0.60000086984854273 0.11276023929392952 0.95390429884542682 0.3892068939431686 -0.29946989573696731 0.50170153997866029 1.0859989737695608 13.000000000000002 -0.63618884327887537 -1.0377526376513082 -0.13770084031650745 0
decision_type=8 2 10 10 8 8 10 10 10 2 10 10 10 1
left_child=1 -1 -3 5 12 -2 7 -7 10 -10 11 -8 -5 -6
right_child=3 2 -4 4 13 6 8 -9 9 -11 -12 -13 -14 -15
leaf_value=-0.019137618170650721 0.0016703071460009594 0.0079777301009373545 -0.015990796060331075 -0.01064004040096196 -0.0010673554233529678 -0.00068793527122296973 -0.003584307217280638 -0.0099147995516589635 0.0078349433986573888 -0.0022436993820978799 -0.0020789565597195583 0.01499268253061856 -0.00036957899227392065 0.0071628381274928378
leaf_weight=101.71215894818306 9380.0973944440484 179.73958030343056 129.80295664072037 146.58685010671616 387.96922339498997 579.37707461416721 100.10500413179398 416.1730348020792 587.64437392354012 404.07586418092251 2204.6139560490847 148.96713860332966 38220.511175490916 607.2165759652853
leaf_count=467 40871 799 630 683 1788 2639 442 1918 2739 1916 9870 636 168542 2821
internal_value=-4.48903e-05 -0.00678871 -0.00225907 8.52451e-06 -0.000298131 0.000881461 -0.000784734 -0.00460531 0.000329355 0.003747 -0.00106158 0.00767622 -0.000411581 0.00403627
internal_weight=53594.6 411.255 309.543 53183.3 39362.3 13821.1 4440.96 995.55 3445.41 991.72 2453.69 249.072 38367.1 995.186
internal_count=236761 1896 1429 234865 173834 61031 20160 4557 15603 4655 10948 1078 169225 4609
cat_boundaries=0 1
cat_threshold=674
is_linear=0
shrinkage=0.03


Tree=294
num_leaves=15
num_cat=0
split_feature=7 8 10 40 20 40 10 11 40 15 40 30 13 7
split_gain=18.5822 37.0723 66.9913 24.3506 30.6794 28.1672 23.62 67.3651 93.1964 100.579 76.5783 62.4157 58.4702 59.0772
threshold=1.3325341180060308 0.79141817358397193 0.052761617962444822 0.7788013013547026 1.9331101305987328 0.18458015527684832 -0.84280811379089537 -0.60592446717876947 -1.7429079314650811 0.16364893325070931 -1.002746323103848 3.5000000000000004 49.699639049844883 -1.6149613986750941
decision_type=8 8 8 8 10 10 10 10 8 10 10 2 10 10
left_child=6 -2 -3 4 5 -4 7 8 11 -10 -9 -1 13 -11
right_child=1 2 3 -5 -6 -7 -8 10 9 12 -12 -13 -14 -15
leaf_value=0.013273766720831257 -0.0073360391364466326 0.0093253609705335073 -0.0014249147708448992 -9.6026787126915288e-05 0.0078755055665570371 -0.011326081071409349 0.00037341931346750884 -0.0048359207918687716 0.0017010471910537434 0.0066535756223910954 0.0048944691966271462 -0.0031434293651723378 -0.002292944012465715 -0.010641155715594345
leaf_weight=486.07320307195187 917.02005560696125 512.72021976113319 441.60070176422596 1791.0927005857229 127.06991621851921 625.20029976963997 38492.44084957242 1007.7532709389925 1830.4819156080484 184.81920862197876 2552.1147932857275 353.92213441431522 1697.9901954084635 2486.87881334126
leaf_count=2133 4192 2355 1999 8701 587 2920 168956 4503 8004 809 11003 1541 7578 11118
internal_value=-0.000139761 -0.0020018 -0.000586349 -0.00231431 -0.00561383 -0.0072788 2.80588e-05 -0.00122524 -0.0029245 -0.00419618 0.00213409 0.00640097 -0.0066648 -0.00942441
internal_weight=53507.2 4414.7 3497.68 2984.96 1193.87 1066.8 49092.5 10600 7040.17 6200.17 3559.87 839.995 4369.69 2671.7
internal_count=236399 20754 16562 14207 5506 4919 215645 46689 31183 27509 15506 3674 19505 11927
is_linear=0
shrinkage=0.03


Tree=295
num_leaves=15
num_cat=1
split_feature=2 15 1 46 11 16 15 10 30 1 13 33 19 8
split_gain=16.3233 45.1591 37.5705 26.3752 22.695 18.2377 42.9488 58.3793 51.4951 68.1793 33.3453 41.1273 38.0078 49.7438
threshold=0.31279342163208884 0.26136766515364096 0.0097095243635471184 0 -0.42224763612007898 0.31800449924325602 0.32469033969171507 -0.096947065690111592 1.5000000000000002 0.024470770073484541 36.495969951083929 -2.020283540510849 -0.051371642871932424 -0.73093858040129278
decision_type=8 8 10 1 8 10 10 10 2 8 10 10 2 10
left_child=1 -1 -3 -4 -5 6 7 8 9 -2 11 -7 -12 -14
right_child=5 2 3 4 -6 10 -8 -9 -10 -11 12 -13 13 -15
leaf_value=0.01765268280808974 -0.0024198018870254809 -0.010517888281297714 -0.0061521677215016658 0.021390362496606984 0.0024897334443083068 0.005646321572684989 -0.0026529674932936351 0.0077224772423020154 0.001082652017631038 -0.021545996863725707 0.0023969543737221485 -0.0048596828042934493 -0.0063753007224181613 0.00034861546808704979
leaf_weight=168.52692466974258 2853.5719092786312 180.99831795692444 99.457106709480286 105.59514634311199 119.07886873185635 396.93732541054487 6724.2692724168301 885.51716105639935 7447.3241031616926 168.56593190133572 8455.493398308754 1923.639399163425 1024.9584788158536 22903.715201675892
leaf_count=697 12737 801 415 442 500 1725 29632 3804 32211 822 36371 8460 4518 103067
internal_value=7.72547e-05 0.00468313 9.74026e-05 0.00616247 0.0114193 1.75962e-05 -0.000754766 0.000370669 -0.00025793 -0.00355415 0.000420056 -0.0030461 0.000669297 5.8061e-05
internal_weight=53457.6 673.656 505.129 324.131 224.674 52784 18079.2 11355 10469.5 3022.14 34704.7 2320.58 32384.2 23928.7
internal_count=236202 2855 2158 1357 942 233347 79206 49574 45770 13559 154141 10185 143956 107585
cat_boundaries=0 1
cat_threshold=148
is_linear=0
shrinkage=0.03


Tree=296
num_leaves=15
num_cat=1
split_feature=31 20 11 0 15 45 44 45 45 46 12 30 44 11
split_gain=17.3508 19.0683 33.9471 25.0964 24.5855 19.8334 46.5121 54.6884 46.0164 58.4889 35.6952 46.8759 52.103 37.6179
threshold=0.98853664025542443 1.620778464694675 1.7388701813775997 0.026548090438384225 0.8914659090021273 1.0475926253791639 -0.069675069352657479 0.95211976407700494 1.1002752897966654 0 0.013965136902663039 2.5000000000000004 -0.005351854053950565 0.48010068026776775
decision_type=8 8 10 10 8 8 10 10 8 1 2 2 10 8
left_child=1 5 3 4 -3 6 7 -1 9 -7 11 12 -8 -12
right_child=-2 2 -4 -5 -6 8 10 -9 -10 -11 13 -13 -14 -15
leaf_value=0.013095533335581019 -0.0014738672774374548 -0.014507739030503987 0.0063334238022544325 0.004101968753756082 -0.0034827525165785078 0.00746482316225192 0.0064261911431161695 -0.0087181425730750734 0.00026200351393974972 0.0003848718026186314 -0.0005086684468793857 -0.0009125380383525495 0.0003515805202385231 -0.0041085996920724533
leaf_weight=439.65644434094429 6369.0448480248451 334.6092644110322 235.53141608834267 165.67828206717968 403.92828711122274 1996.3233276307583 2121.5582784935832 126.66525217890739 16501.037748664618 2208.8160322904587 8435.0214973241091 7235.5706311389804 3149.8841161131859 3776.8565115332603
leaf_count=1990 28593 1630 1074 763 1982 8680 9160 586 71773 9690 37258 32410 13752 17066
internal_value=-5.4665e-06 0.000193236 -0.00362291 -0.00625726 -0.00860493 0.000288573 -0.00027517 0.00815 0.000976785 0.00377432 -0.000471412 0.00065486 0.00280392 -0.0016245
internal_weight=53500.2 47131.1 1139.75 904.216 738.538 45991.4 25285.2 566.322 20706.2 4205.14 24718.9 12507 5271.44 12211.9
internal_count=236407 207814 5449 4375 3612 202365 112222 2576 90143 18370 109646 55322 22912 54324
cat_boundaries=0 1
cat_threshold=481
is_linear=0
shrinkage=0.03


Tree=297
num_leaves=15
num_cat=2
split_feature=23 11 11 1 1 10 46 1 31 9 20 46 15 37
split_gain=23.7872 25.6084 20.9317 29.7958 28.2704 27.1444 23.7355 17.2592 15.744 24.1339 21.4975 31.4286 24.5338 20.9618
threshold=0.059816163208428315 -1.5686660065396432 0.26298912067078312 0.012162489931622817 0.0094931079987233807 0.22377329218713113 0 0.0065141399064095372 0.96841926001654632 1.3224363814329794 1.4821551061581835 1 0.91840217588395279 -0.15218584006543648
decision_type=8 8 10 10 10 10 1 10 8 8 8 1 8 10
left_child=8 -2 3 5 -4 7 -5 -3 10 -10 13 -12 -13 -1
right_child=1 2 4 6 -6 -7 -8 -9 9 -11 11 12 -14 -15
leaf_value=-0.00048572838310867314 -0.0091731331185487004 -0.0019281708291475918 -0.010170900629176215 -0.0068763776519075682 0.0059027637811498489 0.024219561847103332 0.0085689798068520739 0.0122509947097956 -0.0021957710859234684 0.0030977476518001083 0.0017534640837096782 -0.010435810700372975 -0.00043531131225554523 0.00083209983173427595
leaf_weight=19129.742384284735 111.5686843842268 106.73354624211788 150.73451006412506 159.64691726863384 244.28784550726414 126.83524821698666 158.91557028889656 248.31826476752758 5488.3818759173155 893.36884522438049 662.16261602938175 594.50704754143953 349.23171073198318 25113.066905468702
leaf_count=83515 485 453 668 677 1065 543 672 1054 24488 4186 3038 2907 1696 111138
internal_value=4.42064e-05 0.00402606 0.00532377 0.00808374 -0.000330386 0.0127136 0.000906384 0.00805248 -5.61891e-05 -0.00145105 0.000138238 -0.00326056 -0.00670814 0.000262315
internal_weight=53537.5 1307.04 1195.47 800.45 395.022 481.887 318.562 355.052 52230.5 6381.75 45848.7 1605.9 943.739 44242.8
internal_count=236585 5617 5132 3399 1733 2050 1349 1507 230968 28674 202294 7641 4603 194653
cat_boundaries=0 1 2
cat_threshold=276 628
is_linear=0
shrinkage=0.03


Tree=298
num_leaves=15
num_cat=2
split_feature=33 38 39 37 13 39 46 1 34 11 10 8 46 10
split_gain=18.1811 38.6236 50.8727 33.711 33.3336 44.3228 32.5441 36.5451 28.9085 24.049 33.0968 23.5164 49.5025 30.4246
threshold=-1.6896884625929116 -1.9647579263516317 0.15322805972329642 -1.9932604932324511 35.248684421414161 -0.030535922663856574 0 0.011009381043227589 -0.95755743139335181 -0.28392785765339273 -0.20325807677350213 -1.5423355382503889 1 -0.80609832474327481
decision_type=8 10 10 10 10 8 1 10 10 8 10 8 1 10
left_child=1 3 8 -1 5 6 -2 -8 -3 10 -7 12 -6 -13
right_child=4 2 -4 -5 11 9 7 -9 -10 -11 -12 13 -14 -15
leaf_value=-0.00083348885514495264 0.0045384698420967047 0.0056632701148112679 -0.0033401826518802773 -0.020265299449046828 -0.0051529084809305839 -0.0097684039499096823 0.00058560025026858236 -0.0066180710853434941 0.019525662580323996 -0.01384456971511203 0.010863131539007885 -0.0015615859106897915 0.012335815317751382 0.00043162832172471749
leaf_weight=329.96798385679722 679.5279738754034 1364.2679711431265 573.65984481573105 96.61396099627018 219.30675259232521 188.70249363780022 1353.6103354841471 1179.4769736975431 143.40290798246861 428.97879038751125 98.379790097475052 8410.8992765843868 375.23977613449097 37957.251202203333
leaf_count=1480 2971 5910 2695 414 945 846 5835 5259 622 1922 429 37046 1616 168008
internal_value=4.72781e-05 0.00253571 0.00422153 -0.00559786 -7.5825e-05 -0.00272677 -0.0012098 -0.00277057 0.00710177 -0.00942226 -0.00257054 0.000146474 0.00602514 6.98127e-05
internal_weight=53399.3 2507.91 2081.33 426.582 50891.4 3928.68 3212.62 2533.09 1507.67 716.061 287.082 46962.7 594.547 46368.2
internal_count=235998 11121 9227 1894 224877 17262 14065 11094 6532 3197 1275 207615 2561 205054
cat_boundaries=0 1 2
cat_threshold=130 720
is_linear=0
shrinkage=0.03


Tree=299
num_leaves=15
num_cat=1
split_feature=37 38 11 38 40 35 11 0 46 11 34 30 39 15
split_gain=17.2819 20.7018 28.5637 19.6628 33.1511 27.7444 25.3926 23.5743 51.4668 30.6962 27.0002 25.239 29.7376 40.5527
threshold=-2.853962678139657 -2.6065503240709633 -0.86624238851950941 -2.1690781294094301 -0.91692436407124134 -2.1714188817068183 0.75585277441758958 0.028783828566132871 0 0.19579238990829287 0.7495141344544356 1.0000000180025095e-35 -1.1742517064196811 0.66203903741867409
decision_type=8 8 10 8 10 8 10 10 1 10 10 2 10 10
left_child=-1 2 -2 4 -3 6 -5 -7 9 10 -9 -10 -13 -14
right_child=1 3 -4 5 -6 7 -8 8 11 -11 -12 12 13 -15
leaf_value=-0.0088000045261029114 0.017477193020646976 -0.0090128220537706114 -0.00075894838577074636 0.0067331375917194002 0.0071816317705883596 -0.0003144318353221315 -0.0081193810286019855 -0.0022191566444489021 -0.002951032386574117 -0.0091487859313020368 0.014548400693871684 0.019254118640888593 0.00031386852533665842 0.012600803936535971
leaf_weight=196.48602257668972 132.84972693026066 490.34130355715752 166.73662166297436 843.06397141516209 139.06853960454464 49202.309576518834 109.35021617263556 300.64091119170189 211.31929323077202 385.00400492548943 110.17219710350037 176.43422041833401 522.04338167607784 441.1180674135685
leaf_count=910 568 2138 723 3608 585 217442 487 1356 962 1762 493 788 2312 1970
internal_value=-0.000137725 -0.000104104 0.00763108 -0.000149318 -0.00537829 -8.53747e-05 0.00496122 -0.000179926 0.00289006 -0.00313165 0.00251644 0.00641028 0.00821251 0.00601282
internal_weight=53426.9 53230.5 299.586 52930.9 629.41 52301.5 952.414 51349 2146.73 795.817 410.813 1350.91 1139.6 963.161
internal_count=236104 235194 1291 233903 2723 231180 4095 227085 9643 3611 1849 6032 5070 4282
cat_boundaries=0 1
cat_threshold=139
is_linear=0
shrinkage=0.03


end of trees

feature_importances:
btc_ret_72=370
mkt_ret_72=363
ret_256=258
dow=257
vol_w=251
btc_ret_24=246
sym=197
beta=182
mkt_ret_24=164
stoch_288=159
ret_128=140
stoch_96=135
atr_pct=128
vol_ratio=124
mkt_ret_8=118
ema_dist_200=117
btc_ret_8=115
ret_64=78
vol_d=60
mkt_ret_4=59
ret_32=57
ema_slope_50=57
breadth_24=56
taker_dev=54
ret_16=52
rel_ret_24=52
taker_8=48
btc_ret_4=41
ret_8=37
btc_ret_1=36
xs_rank_72=35
stoch_24=32
rsi=29
mkt_ret_1=18
ema_dist_50=15
ema_dist_20=13
trades_z=11
vol_z=9
xs_rank_24=8
ret_4=7
upper_wick=6
hour=5
ret_1=1

parameters:
[boosting: gbdt]
[objective: binary]
[metric: binary_logloss]
[tree_learner: serial]
[device_type: cpu]
[data_sample_strategy: bagging]
[data: ]
[valid: ]
[num_iterations: 300]
[learning_rate: 0.03]
[num_leaves: 15]
[num_threads: 4]
[seed: 11]
[deterministic: 0]
[force_col_wise: 0]
[force_row_wise: 0]
[histogram_pool_size: -1]
[max_depth: -1]
[min_data_in_leaf: 400]
[min_sum_hessian_in_leaf: 0.001]
[bagging_fraction: 0.7]
[pos_bagging_fraction: 1]
[neg_bagging_fraction: 1]
[bagging_freq: 1]
[bagging_seed: 27648]
[bagging_by_query: 0]
[feature_fraction: 0.7]
[feature_fraction_bynode: 1]
[feature_fraction_seed: 4989]
[extra_trees: 0]
[extra_seed: 22223]
[early_stopping_round: 0]
[early_stopping_min_delta: 0]
[first_metric_only: 0]
[max_delta_step: 0]
[lambda_l1: 0]
[lambda_l2: 10]
[linear_lambda: 0]
[min_gain_to_split: 0]
[drop_rate: 0.1]
[max_drop: 50]
[skip_drop: 0.5]
[xgboost_dart_mode: 0]
[uniform_drop: 0]
[drop_seed: 21136]
[top_rate: 0.2]
[other_rate: 0.1]
[min_data_per_group: 100]
[max_cat_threshold: 32]
[cat_l2: 10]
[cat_smooth: 10]
[max_cat_to_onehot: 4]
[top_k: 20]
[monotone_constraints: ]
[monotone_constraints_method: basic]
[monotone_penalty: 0]
[feature_contri: ]
[forcedsplits_filename: ]
[refit_decay_rate: 0.9]
[cegb_tradeoff: 1]
[cegb_penalty_split: 0]
[cegb_penalty_feature_lazy: ]
[cegb_penalty_feature_coupled: ]
[path_smooth: 0]
[interaction_constraints: ]
[verbosity: -1]
[saved_feature_importance_type: 0]
[use_quantized_grad: 0]
[num_grad_quant_bins: 4]
[quant_train_renew_leaf: 0]
[stochastic_rounding: 1]
[linear_tree: 0]
[max_bin: 255]
[max_bin_by_feature: ]
[min_data_in_bin: 3]
[bin_construct_sample_cnt: 200000]
[data_random_seed: 74]
[is_enable_sparse: 1]
[enable_bundle: 1]
[use_missing: 1]
[zero_as_missing: 0]
[feature_pre_filter: 1]
[pre_partition: 0]
[two_round: 0]
[header: 0]
[label_column: ]
[weight_column: ]
[group_column: ]
[ignore_column: ]
[categorical_feature: 46]
[forcedbins_filename: ]
[precise_float_parser: 0]
[parser_config_file: ]
[objective_seed: 24011]
[num_class: 1]
[is_unbalance: 0]
[scale_pos_weight: 1]
[sigmoid: 1]
[boost_from_average: 1]
[reg_sqrt: 0]
[alpha: 0.9]
[fair_c: 1]
[poisson_max_delta_step: 0.7]
[tweedie_variance_power: 1.5]
[lambdarank_truncation_level: 30]
[lambdarank_norm: 1]
[label_gain: ]
[lambdarank_position_bias_regularization: 0]
[eval_at: ]
[multi_error_top_k: 1]
[auc_mu_weights: ]
[num_machines: 1]
[local_listen_port: 12400]
[time_out: 120]
[machine_list_filename: ]
[machines: ]
[gpu_platform_id: -1]
[gpu_device_id: -1]
[gpu_device_id_list: ]
[gpu_use_dp: 0]
[num_gpu: 1]

end of parameters

pandas_categorical:[]
