tree
version=v4
num_class=1
num_tree_per_iteration=1
label_index=0
max_feature_idx=46
objective=binary sigmoid:1
feature_names=vol_d vol_w vol_ratio ret_1 ret_2 ret_4 ret_8 ret_16 ret_32 ret_64 ret_128 ret_256 atr_pct rsi stoch_24 stoch_96 stoch_288 ema_dist_20 ema_dist_50 ema_dist_200 ema_slope_50 vol_z taker_1 taker_8 taker_dev trades_z body upper_wick lower_wick hour dow mkt_ret_1 btc_ret_1 mkt_ret_4 btc_ret_4 mkt_ret_8 btc_ret_8 mkt_ret_24 btc_ret_24 mkt_ret_72 btc_ret_72 breadth_24 xs_rank_24 xs_rank_72 rel_ret_24 beta sym
feature_infos=[0.00052815257285610321:0.32200409337103308] [0.0017681497233405178:0.15114284116552595] [0.096899893637738585:2.6488389739903981] [-6.7439252589666143:6.824934105850736] [-6.1343957645781186:6.9849973030921477] [-5.8145339439821431:5.8966670330955759] [-4.9154920641650834:5.6455616907338353] [-4.7988070675390464:5.3765480864204847] [-3.7698607615868118:4.4313640175974323] [-4.5526624194116962:4.3989813964608224] [-4.225822447306065:4.5242801305944846] [-5.6393561349127115:5.6944290831404754] [0.001854416062408731:1.0169892010256218] [0:98.385825955312484] [0:1] [0:1] [0:1] [-6.8421098957312454:8.8721317139828511] [-7.9318818641313769:9.6603765891867255] [-25.323214328631941:14.211010731033992] [-2.5392894889454651:9.1279914549416823] [-6.5737700620381219:5.4665894185089376] [-0.48448074489536191:0.48642615183304927] [-0.34651279881037167:0.47463252447521709] [-0.37047981682307718:0.33304917038811305] [-6.4620543530466081:5.5929171548997223] [-1:1] [0:1] [0:1] [0:22] [0:6] [-8.67288987925388:7.3499954238517287] [-9.0357795633810571:9.3586633506186754] [-6.3546634702206672:6.9033954562585116] [-7.285067626945799:6.2937281352962673] [-5.4315490751676316:5.5130522845373404] [-6.2089260769812986:5.518842989227605] [-4.5672843646418864:4.770867185434156] [-4.909094252859628:4.8409525958633326] [-3.2784195061451658:3.8131348467622841] [-3.8179481386363885:4.0146718798546717] [0:1] [0.10000000000000001:1] [0.10000000000000001:1] [-1.0589438330651799:2.0849530993778389] [0.30139038882084707:3.0698903829091435] -1:1:0:2:5:4:8:6:9:3:7
tree_sizes=1784 1819 1808 1830 1823 1836 1803 1824 1838 1827 1810 1827 1825 1817 1820 1822 1812 1805 1822 1810 1818 1820 1817 1820 1802 1812 1826 1830 1824 1836 1833 1816 1842 1807 1814 1823 1841 1806 1822 1822 1816 1825 1825 1833 1827 1809 1816 1807 1822 1821 1826 1822 1812 1828 1818 1812 1851 1806 1808 1807 1819 1836 1831 1803 1815 1815 1846 1817 1828 1811 1809 1825 1823 1827 1826 1821 1806 1822 1815 1812 1826 1809 1831 1835 1823 1825 1835 1825 1821 1816 1818 1821 1817 1811 1805 1814 1840 1819 1803 1821 1813 1843 1812 1803 1818 1813 1827 1815 1823 1822 1796 1818 1805 1835 1811 1835 1795 1811 1813 1813 1813 1809 1823 1793 1822 1809 1810 1822 1840 1821 1819 1804 1840 1822 1834 1819 1838 1815 1814 1810 1808 1826 1836 1820 1820 1832 1823 1793 1820 1844 1799 1810 1821 1816 1807 1813 1810 1802 1833 1804 1819 1831 1847 1803 1820 1816 1828 1841 1825 1805 1825 1826 1815 1838 1841 1827 1799 1815 1806 1827 1832 1817 1814 1824 1830 1803 1806 1828 1825 1816 1822 1826 1811 1806 1808 1809 1808 1833 1817 1822 1829 1814 1801 1809 1827 1811 1793 1806 1818 1801 1809 1819 1821 1839 1810 1812 1815 1820 1801 1820 1820 1800 1795 1834 1822 1838 1827 1807 1807 1831 1803 1782 1811 1795 1823 1819 1818 1837 1804 1809 1804 1798 1800 1830 1831 1795 1779 1833 1831 1817 1806 1822 1846 1801 1824 1813 1833 1808 1810 1818 1821 1821 1822 1816 1827 1805 1813 1819 1815 1832 1808 1792 1810 1802 1803 1812 1822 1829 1815 1814 1822 1825 1810 1816 1824 1812 1804 1807 1817 1813 1807 1837 1786 1821 1813 1825 1828 1801 1823 1814

Tree=0
num_leaves=15
num_cat=1
split_feature=39 46 30 11 2 10 30 17 45 11 0 37 11 40
split_gain=352.011 233.978 218.844 180.227 156.094 128.053 120.918 109.522 112.111 116.034 102.616 98.8724 92.3344 83.9357
threshold=0.85801550348664568 0 2.5000000000000004 2.029749964309405 1.1007540257493564 -1.1681424311725912 4.5000000000000009 1.3536331007367106 1.16817192334088 0.54488197310641284 0.017076961376950021 -1.5659205117258168 -1.0145555769667107 -1.7429079314650811
decision_type=10 1 2 8 8 8 2 2 8 10 10 10 10 10
left_child=1 5 4 6 -2 10 -4 8 9 -7 -1 -3 -8 -13
right_child=2 11 3 -5 -6 7 12 -9 -10 -11 -12 13 -14 -15
leaf_value=-0.58351103680506322 -0.57968981504125139 -0.57786812046591607 -0.59801502691249098 -0.57502133592709181 -0.59041310687094495 -0.57894820946347281 -0.56802605261248451 -0.58705300289559526 -0.57485082334171522 -0.58714452251332494 -0.59762807820584707 -0.5730212573016582 -0.59079012167716027 -0.58579609533560095
leaf_weight=2543.9938428401947 3063.1809501647949 1636.3931846618652 2922.7545125484467 503.32880258560181 2017.9118204116821 8724.1360809803009 159.27253890037537 1544.0013222694397 4735.8873543739319 1884.1504673957825 556.41964888572693 463.79795598983765 3266.1212847232819 20314.948031663895
leaf_count=11069 13328 7120 12717 2190 8780 37959 693 6718 20606 8198 2421 2018 14211 88391
internal_value=-0.584122 -0.582841 -0.588671 -0.592166 -0.583952 -0.580483 -0.593538 -0.579452 -0.578686 -0.580405 -0.58608 -0.584945 -0.589688 -0.585506
internal_weight=54336.3 42403.7 11932.6 6851.48 5081.09 19988.6 6348.15 16888.2 15344.2 10608.3 3100.41 22415.1 3425.39 20778.7
internal_count=236419 184500 51919 29811 22108 86971 27621 73481 66763 46157 13490 97529 14904 90409
cat_boundaries=0 1
cat_threshold=752
is_linear=0
shrinkage=1


Tree=1
num_leaves=15
num_cat=1
split_feature=39 30 46 38 30 9 45 36 1 38 30 0 16 1
split_gain=390.14 243.559 205.931 149.561 147.419 131.74 113.559 113.198 101.243 100.051 106.2 94.8932 145.877 93.781
threshold=0.85801550348664568 2.5000000000000004 0 1.5031408212335216 4.5000000000000009 -1.7189852790298679 1.2150108939445896 -1.2923765509451104 0.004940233674529575 1.0685111007688302 3.5000000000000004 0.017745130745419797 0.077444765745572769 0.0048546617483577479
decision_type=10 2 1 10 2 8 8 10 10 10 2 10 10 10
left_child=2 3 5 7 -3 -1 13 -2 -6 -4 -11 12 -8 -7
right_child=1 4 9 -5 8 6 11 -9 -10 10 -12 -13 -14 -15
leaf_value=-0.0098194040834336978 -0.020630243697954277 -0.013221539285258491 7.5492365080154531e-05 -0.010098054894625161 -0.02791045245532818 0.017886084531093922 0.033194227249775006 0.0038442164026094841 -0.0033343381655947571 -0.001865033587559113 -0.016218095885458431 0.001092790431133483 0.0090189976025760957 0.0023996822431526523
leaf_weight=625.18752698600292 167.90802225470543 3117.3722199946642 20454.021912321448 999.47943612933159 147.80192285776138 351.12265568971634 234.31804428994656 3924.0791005641222 3592.2486614882946 1333.3079188466072 704.09868560731411 1243.374556094408 3120.4703059494495 14330.859211727977
leaf_count=2720 731 13612 89015 4351 644 1526 1018 17070 15650 5804 3065 5402 13550 62303
internal_value=6.07528e-05 -0.00472491 0.00141032 0.000246868 -0.00841132 0.00363099 0.00407389 0.0027921 -0.00437739 -0.000557128 -0.00688023 0.00818403 0.0108012 0.00278196
internal_weight=54345.7 11948.9 42396.8 5091.47 6857.42 19905.3 19280.1 4091.99 3740.05 22491.4 2037.41 4598.16 3354.79 14682
internal_count=236461 52058 184403 22152 29906 86519 83799 17801 16294 97884 8869 19970 14568 63829
cat_boundaries=0 1
cat_threshold=752
is_linear=0
shrinkage=0.03


Tree=2
num_leaves=15
num_cat=3
split_feature=40 6 45 46 9 24 46 46 38 1 38 1 40 39
split_gain=351.615 248.992 195.199 118.187 91.121 87.1323 80.8083 80.2785 75.125 72.1427 67.5081 73.8695 73.5783 78.0284
threshold=1.6870672059675229 1.2779479419286515 1.2045552689931824 0 -1.7189852790298679 -0.019609260442695061 1 2 1.4686978965374144 0.0048546617483577479 -1.3963147451623739 0.017365360264248179 -1.7429079314650811 -1.1929641045859751
decision_type=10 10 8 1 10 10 1 1 10 10 10 10 10 10
left_child=1 2 3 4 -1 -5 -4 -2 -3 -6 11 -7 -12 -14
right_child=7 8 6 5 9 10 -8 -9 -10 -11 12 -13 13 -15
leaf_value=-0.012436947848990961 -0.016130158050530675 -0.0046108762674321258 0.0095907212631403376 0.0027705561982761615 0.016932030749339324 0.0069325488095823068 0.0032706213895263704 -0.0061558233620506364 -0.015136338196853753 0.0024943185678306221 0.012064063830597238 -0.011000861246932208 -0.010047958864800647 -0.00213062883851668
leaf_weight=350.87537690997124 1092.1327425688505 3514.3200229257345 2551.5927634388208 4357.0162898153067 309.72711443901062 1299.3628940731287 6449.0536720901728 2311.6064777076244 733.62492230534554 12690.060103669763 301.22284433245659 236.21474015712738 1190.4393266439438 17028.722178220749
leaf_count=1531 4766 15303 11071 18964 1341 5648 28027 10088 3200 55163 1307 1027 5180 74149
internal_value=-0.000138095 0.00048559 0.00111775 0.000171035 0.00243843 -0.00106998 0.00508524 -0.00945937 -0.00645991 0.00285106 -0.00190581 0.00412056 -0.00240743 -0.00265318
internal_weight=54416 51012.2 46764.3 37763.6 13350.7 24413 9000.65 3403.74 4247.94 12999.8 20056 1535.58 18520.4 18219.2
internal_count=236765 221911 203408 164310 58035 106275 39098 14854 18503 56504 87311 6675 80636 79329
cat_boundaries=0 1 2 3
cat_threshold=240 595 131
is_linear=0
shrinkage=0.03


Tree=3
num_leaves=15
num_cat=1
split_feature=39 46 30 11 2 39 19 45 30 1 11 0 11 38
split_gain=322.909 224.765 222.552 201.518 141.969 135.827 139.96 134.936 120.586 103.979 101.942 90.2917 85.2696 84.3283
threshold=0.85801550348664568 0 2.5000000000000004 2.0921551643894545 1.1007540257493564 -1.0738947517226278 -9.1492635282092873 1.2724157480147971 4.5000000000000009 0.0061150993928719066 0.54488197310641284 0.01792903437055653 -0.50321449207147173 0.71212472616994094
decision_type=10 1 2 8 8 10 2 8 2 10 10 10 10 10
left_child=1 5 4 8 -2 -1 -7 10 -4 -10 -8 12 -9 -3
right_child=2 13 3 -5 -6 6 7 11 9 -11 -12 -13 -14 -15
leaf_value=-0.0022848535511820005 0.0043758897886805393 -4.3156651368962611e-05 -0.013799341662577376 0.01147490585865703 -0.0058476847323199032 -0.022422105128610828 0.0048986665730777011 0.02233167964131768 -0.021951764556233756 -0.0038269507892535219 -0.0015720386008607199 0.0020808712695973984 0.0093939673976630011 -0.0050022426138238291
leaf_weight=3067.1262448728085 3092.3240503966808 18794.457888275385 2907.4697315990925 441.40017522871494 2007.4266899228096 161.44184708595276 11249.441218152642 733.8204942792654 304.25324036180973 3143.9856431484222 2715.6171594709158 764.94460685551167 1270.4239032566547 3682.471892863512
leaf_count=13322 13440 81803 12761 1921 8763 701 48818 3171 1333 13722 11805 3318 5495 16059
internal_value=-2.39902e-05 0.00120062 -0.00438989 -0.00793993 0.000347992 0.00351543 0.00457118 0.00484483 -0.00930418 -0.00548503 0.00364016 0.010885 0.0142182 -0.000857103
internal_weight=54336.6 42439.7 11896.9 6797.11 5099.75 19962.8 16895.7 16734.2 6355.71 3448.24 13965.1 2769.19 2004.24 22476.9
internal_count=236432 184492 51940 29737 22203 86630 73308 72607 27816 15055 60623 11984 8666 97862
cat_boundaries=0 1
cat_threshold=752
is_linear=0
shrinkage=0.03


Tree=4
num_leaves=15
num_cat=1
split_feature=39 30 46 39 19 16 38 35 39 0 45 30 38 35
split_gain=293.569 206.753 161.761 133.078 135.302 144.5 125.403 121.813 109.589 101.584 89.2297 88.5821 87.0356 86.9611
threshold=0.85801550348664568 2.5000000000000004 0 -1.1929641045859751 -9.1492635282092873 0.090561935131198854 1.4041492577238197 -1.2670852685522576 2.1360955966638504 0.020220746751655003 1.16817192334088 1.5000000000000002 -1.3963147451623739 0.96189808060690474
decision_type=10 2 1 10 2 10 10 10 10 10 10 2 10 10
left_child=2 6 3 11 -5 9 7 -2 -3 -6 -7 -1 -4 -9
right_child=1 8 12 4 5 10 -8 13 -10 -11 -12 -13 -14 -15
leaf_value=-0.011667191219624036 -0.02281532109110224 -0.0087631195967101012 0.0053760347468269683 -0.02109327890319156 0.018662294151480626 0.0022146786299363152 -0.0084434337952316169 0.0065842745723146455 0.0038825710758634041 -0.0095113381106120502 0.0069921622540335231 0.00055599171536102664 -0.0010790511148596222 -0.003733534941606657
leaf_weight=769.48163019120693 148.99942807853222 6108.7829387784004 2060.8041405230761 179.4806901216507 914.47952465713024 11212.680139571428 1100.6228410452604 2902.858461022377 680.25131373107433 125.35423016548157 5128.1768669337034 1688.9676916897297 20388.772497594357 976.03555892407894
leaf_count=3347 651 26790 8947 784 3955 48649 4816 12613 2983 544 22169 7341 88820 4246
internal_value=9.69722e-05 -0.00406178 0.0012647 0.0032238 0.00414056 0.00441311 0.000485075 0.00293966 -0.00749219 0.0152077 0.00371733 -0.00330157 -0.000484148 0.00398511
internal_weight=54385.7 11917.6 42468.2 20018.6 17560.2 17380.7 5128.52 4027.89 6789.03 1039.83 16340.9 2458.45 22449.6 3878.89
internal_count=236655 52099 184556 86789 76101 75317 22326 17510 29773 4499 70818 10688 97767 16859
cat_boundaries=0 1
cat_threshold=752
is_linear=0
shrinkage=0.03


Tree=5
num_leaves=15
num_cat=1
split_feature=40 14 40 12 36 45 35 40 15 39 11 46 35 24
split_gain=304.24 180.753 169.298 163.63 197.311 191.014 112.071 108.015 197.033 163.56 90.7467 88.742 77.1926 77.1117
threshold=1.6870672059675229 0.76190476190476264 -0.56764810546917766 0.032066573611576089 -0.21263457927127294 1.2150108939445896 -2.0787232251000596 -1.7429079314650811 0.19486031339430446 -1.1521373970194577 -0.91775354655715802 0 1.981760259531159 -0.020425210484776603
decision_type=10 10 8 2 8 8 10 10 10 10 10 1 8 10
left_child=1 3 -3 5 -5 6 -1 8 10 -9 -8 -11 -4 -13
right_child=-2 2 12 4 -6 -7 7 9 -10 11 -12 13 -14 -15
leaf_value=0.01134922307686634 -0.0087573141233961965 0.0063366564136789622 -0.0035071967283270013 -0.0094392102520250171 0.0028171144710610269 0.0073455950078985897 0.014131564763554707 -0.0069365987858178661 0.035508216189204724 0.0038990593262565967 -0.01016650308869799 0.004190908454664753 -0.013648284106160487 -0.00088853295338302317
leaf_weight=946.60514974594116 3365.3372819572687 1562.9622755497694 9018.8391796350479 2526.3382224440575 2207.3727458566427 5480.4159809798002 268.03674015402794 2358.7665496468544 216.56206333637238 8070.9773216247559 265.59715567529202 3322.4603015035391 722.23977866768837 13939.645344436169
leaf_count=4111 14765 6796 39318 10985 9598 23717 1163 10271 939 35012 1152 14452 3161 60720
internal_value=-3.49886e-05 0.000543232 -0.00280116 0.00149831 -0.00373008 0.00220896 0.0012489 0.000908876 0.0120654 0.000602391 0.00207352 0.00130681 -0.00427232 9.09216e-05
internal_weight=54272.2 50906.8 11304 39602.8 4733.71 34869.1 29388.7 28442 750.196 27691.8 533.634 25333.1 9741.08 17262.1
internal_count=236160 221395 49275 172120 20583 151537 127820 123709 3254 120455 2315 110184 42479 75172
cat_boundaries=0 1
cat_threshold=112
is_linear=0
shrinkage=0.03


Tree=6
num_leaves=15
num_cat=3
split_feature=40 6 45 46 46 46 1 10 45 11 12 40 11 17
split_gain=264.787 182.282 182.334 110.652 96.585 82.2449 82.0844 85.2152 86.2337 80.6603 71.7976 69.9531 123.243 88.2207
threshold=1.5956037031214281 1.2779479419286515 1.1818972534362657 0 1 2 0.0048546617483577479 -1.0273715956442557 0.75355126082330504 0.57119316807658882 0.033404000373913043 -1.7429079314650811 -0.50321449207147173 -0.94995459494556556
decision_type=10 10 8 1 1 1 10 8 8 10 2 10 10 2
left_child=1 2 5 -4 -2 6 -1 8 -8 -9 -10 12 13 -7
right_child=4 -3 3 -5 -6 11 7 9 10 -11 -12 -13 -14 -15
leaf_value=0.01713824459183648 -0.014343954288404674 -0.0055531768598212758 0.0017336029787712937 0.0079616520802163002 -0.0042637757218517676 0.0066613316592719247 -0.025819383697980688 0.0042242224261885945 -0.00039475338359495882 -0.0021013991637842734 -0.020142469806723039 -0.0013183731329345532 -0.010751930687592354 0.032491861846608468
leaf_weight=303.97720880806446 1251.9783047586679 4082.2914587855339 5722.7162111103535 4675.814021140337 2752.3625114709139 351.05773560702801 138.95479445159435 7794.9591853171587 1861.9725646823645 2356.8930061012506 171.93233828246593 22544.749997794628 216.22283588349819 175.71801370382309
leaf_count=1308 5512 17845 24838 20189 12083 1519 603 33788 8082 10259 752 98264 936 758
internal_value=-7.44312e-05 0.000516116 0.00105216 0.00454839 -0.00748963 3.89463e-05 0.00198658 0.0016009 -0.0037792 0.00275502 -0.00215447 -0.00101805 0.00797759 0.0157225
internal_weight=54401.6 50397.3 46315 10398.5 4004.34 35916.4 12628.7 12324.7 2172.86 10151.9 2033.9 23287.7 742.999 526.776
internal_count=236736 219141 201296 45027 17595 156269 54792 53484 9437 44047 8834 101477 3213 2277
cat_boundaries=0 1 2 3
cat_threshold=396 131 240
is_linear=0
shrinkage=0.03


Tree=7
num_leaves=15
num_cat=1
split_feature=39 30 46 2 30 9 2 38 1 1 36 35 41 30
split_gain=265.246 215.748 166.033 128.037 116.984 111.396 97.5201 86.6381 126.526 74.3924 71.7867 70.1704 104.981 94.298
threshold=0.85801550348664568 2.5000000000000004 0 1.10586807013985 4.5000000000000009 -1.7189852790298679 0.42331143839496865 -1.291373886775028 0.017046200527051535 0.012878827939526471 -0.071968009692923024 0.68266206841376398 0.35000000000000003 1.0000000180025095e-35
decision_type=10 2 1 8 2 8 10 10 10 10 10 10 2 2
left_child=2 3 5 11 -3 -1 -7 8 -4 -6 -10 12 -2 -14
right_child=1 4 7 -5 9 6 -8 -9 10 -11 -12 -13 13 -15
leaf_value=-0.010113976834307356 -0.0028045145099101802 -0.011641684571170997 0.0078329758307444635 -0.0051598936286618956 -0.0071417277991039892 0.013472755491637753 0.0033913702609749768 -0.00091491755902901243 -0.014050053681944506 0.0015790020638017347 0.01292738735669405 -0.0015883154813956934 0.00085314877243960324 0.017287126559229423
leaf_weight=512.79081951081753 591.30094376206398 3114.0929932743311 2220.335060402751 1987.0439218431711 2240.5123486369848 907.05935582518578 15262.809394687414 23056.391419351101 414.75746710598469 1440.9817703068256 103.79423797130585 1088.9204349219799 459.09414568543434 993.39072354137897
leaf_count=2242 2564 13770 9620 8711 9836 3917 66002 100440 1805 6309 451 4743 1990 4311
internal_value=8.43986e-05 -0.0038692 0.00119406 0.000781642 -0.00736911 0.0035242 0.00396487 -0.000314949 0.0047195 -0.0037333 -0.00850778 0.00455472 0.00781951 0.0121341
internal_weight=54393.3 11915.3 42477.9 5119.75 6795.59 16682.7 16169.9 25795.3 2738.89 3681.49 518.552 3132.71 2043.79 1452.48
internal_count=236711 52234 184477 22319 29915 72161 69919 112316 11876 16145 2256 13608 8865 6301
cat_boundaries=0 1
cat_threshold=240
is_linear=0
shrinkage=0.03


Tree=8
num_leaves=15
num_cat=1
split_feature=40 14 40 12 45 17 38 9 30 40 30 46 40 15
split_gain=304.522 154.251 172.529 171.09 181.569 133.665 121.032 94.8284 106.755 92.2718 87.46 87.0899 84.8869 117.13
threshold=1.6870672059675229 0.74459548873973225 -0.58166541068976751 0.032500806749536253 1.2150108939445896 -0.93303926910002277 -1.3963147451623739 -1.5142443323625432 1.5000000000000002 -0.060167525232830039 3.5000000000000004 0 -1.5799783755273065 0.14970421545362508
decision_type=10 10 8 2 8 2 10 10 2 10 2 1 10 10
left_child=1 3 -3 4 6 -5 7 -1 -9 12 -4 -2 13 -8
right_child=11 2 10 5 -6 -7 9 8 -10 -11 -12 -13 -14 -15
leaf_value=-0.0039502232023907406 -0.015803184482878947 0.0065534534464665433 -0.0013893961517815524 -0.01151286318176001 0.0072841987261671346 -0.00039669264810669361 -0.0031263303352723763 -0.0020097284704057592 0.014115789171380757 0.0023697593183163571 -0.0069210931157797917 -0.0053133471809529952 -0.0018052036208716317 0.021470724845294338
leaf_weight=514.47031582891941 1051.2959563285112 1689.4792508929968 6039.0530732870102 1427.4596710503101 5446.2458839416504 3018.7762376219034 349.67959804832935 478.28896021842957 1580.8723147064447 13971.679889202118 4479.5893357545137 2299.1455732285976 11568.226353928447 332.96083986759186
leaf_count=2229 4661 7332 26356 6221 23485 13132 1518 2069 6836 60793 19595 10128 50284 1439
internal_value=4.19478e-05 0.000619334 -0.0023195 0.00154704 0.00226609 -0.00398336 0.00131481 0.00751009 0.0103786 0.000704137 -0.00374952 -0.0087049 -0.00119583 0.00900776
internal_weight=54247.2 50896.8 12208.1 38688.7 34242.4 4446.24 28796.2 2573.63 2059.16 26222.5 10518.6 3350.44 12250.9 682.64
internal_count=236078 221289 53283 168006 148653 19353 125168 11134 8905 114034 45951 14789 53241 2957
cat_boundaries=0 1
cat_threshold=131
is_linear=0
shrinkage=0.03


Tree=9
num_leaves=15
num_cat=1
split_feature=38 45 40 12 37 36 40 46 19 13 24 44 40 36
split_gain=271.133 149.804 112.013 108.05 157.569 137.759 116.189 100.604 90.1201 99.4229 88.8318 83.2511 83.0646 79.4043
threshold=1.3468833293474443 1.3035283162150055 1.6555125547933505 0.032500806749536253 -1.6673769028775485 -0.065164385318406681 -1.5799783755273065 0 -8.1869864002425263 37.390415958516506 -0.021633618345585828 -0.074236961727395537 2.23283889851727 1.0877863103183343
decision_type=10 8 10 2 10 10 10 1 2 10 10 8 10 10
left_child=1 2 3 4 -1 -5 8 10 -6 -10 -8 -3 -4 -2
right_child=13 11 12 5 6 -7 7 -9 9 -11 -12 -13 -14 -15
leaf_value=0.0096180185088719644 -0.0030467739372414377 -0.0089473355513722385 -0.011145210770202864 -0.0091325239152183213 0.030985114552033063 0.0021468948897803994 0.003781189687173535 0.0018853445682532608 -0.0084211008776620515 0.013618906190579276 -0.002181515660401014 0.0067346426067692276 0.0038368700590263641 -0.010749972287694632
leaf_weight=1826.7589782178402 2621.58215290308 317.29522353410721 1265.2430430203676 2202.3192318975925 155.70655703544617 1736.0920449793339 2636.8736931830645 18407.617648825049 262.94836397469044 565.05178302526474 14957.27752225101 4693.337341427803 445.05620574951172 2235.6342063099146
leaf_count=7895 11497 1378 5589 9623 671 7558 11474 79785 1140 2437 65298 20284 1967 9842
internal_value=0.000149049 0.000813585 0.000258835 0.000560737 0.00104149 -0.0041676 0.000615396 0.000335984 0.010735 0.00660268 -0.0012855 0.00572575 -0.00724691 -0.00660713
internal_weight=54328.8 49471.6 44460.9 42750.6 38812.2 3938.41 36985.5 36001.8 983.707 828 17594.2 5010.63 1710.3 4857.22
internal_count=236438 215099 193437 185881 168700 17181 160805 156557 4248 3577 76772 21662 7556 21339
cat_boundaries=0 1
cat_threshold=263
is_linear=0
shrinkage=0.03


Tree=10
num_leaves=15
num_cat=0
split_feature=38 45 30 39 11 30 11 41 38 40 39 40 39 41
split_gain=260.728 122.498 105.322 93.5394 152.736 123.826 104.04 87.528 89.618 75.9219 113.93 83.9566 137.412 136.433
threshold=1.3468833293474443 1.2045552689931824 2.5000000000000004 0.98644843202397803 1.6665900934903779 2.5000000000000004 -1.0290090832524517 0.75000000000000011 2.6300836929250067 0.30925414985748317 0.81185631633787458 -1.7429079314650811 -1.803152513603415 0.35000000000000003
decision_type=10 8 2 10 10 2 10 2 10 10 10 10 10 2
left_child=1 3 7 9 5 -5 -7 -2 -9 10 11 13 -13 -1
right_child=2 -3 -4 4 -6 6 -8 8 -10 -11 -12 12 -14 -15
leaf_value=0.0037892763173593413 -0.010508087222231715 0.0036866092544027606 -0.01085200309534773 1.2921382002083178e-05 0.0078530844621769926 0.016474424201667389 -0.010374380584909313 0.0048270115624115114 -0.014995148577568278 0.0030217863136790262 -0.017001876529760495 -0.02040081072206601 -0.00018028032965835669 0.033969395716541895
leaf_weight=1119.2269880026579 738.12757016718388 9561.3894261717796 2533.8802331089973 2232.3680404573679 909.42581284046173 127.0500408411026 2996.163792103529 1377.1025641858578 231.0559289753437 8307.5935137122869 351.50604575872421 296.4203589707613 23481.036525264382 143.86908228695393
leaf_count=4840 3243 41311 11181 9721 3980 558 13252 6039 1021 36151 1536 1291 102044 617
internal_value=-1.42123e-05 0.000638188 -0.00662282 -9.18746e-05 -0.00345497 -0.00538624 -0.0092331 -0.00202883 0.00190395 0.000534188 -0.000280555 -3.9137e-05 -0.000440829 0.00746667
internal_weight=54406.2 49526 4880.17 39964.7 6265.01 5355.58 3123.21 2346.29 1608.16 33699.7 25392.1 25040.6 23777.5 1263.1
internal_count=236785 215301 21484 173990 27511 23531 13810 10303 7060 146479 110328 108792 103335 5457
is_linear=0
shrinkage=0.03


Tree=11
num_leaves=15
num_cat=1
split_feature=6 46 2 9 20 45 39 30 39 10 11 11 43 45
split_gain=238.997 155.919 119.234 95.4443 80.687 80.2568 81.4185 169.203 90.5631 84.3125 130.52 86.1147 86.035 82.0498
threshold=1.0383598219640213 0 0.37335188355977628 -1.7189852790298679 1.4821551061581835 1.3035283162150055 0.69352394609326851 2.5000000000000004 2.1360955966638504 -0.97262671643214949 -0.61741069661293557 0.51939010961883325 0.5634920634920636 1.1046582913784246
decision_type=10 1 10 8 10 8 10 2 10 10 10 10 10 10
left_child=1 2 -1 -4 -3 6 9 -8 -9 10 12 -11 -5 -13
right_child=-2 4 3 5 -6 -7 7 8 -10 11 -12 13 -14 -15
leaf_value=0.014580747735046131 -0.0052132130895202831 -0.00058416332398108194 -0.0095109056207846408 -0.0012542820947413905 -0.010067321547491417 0.0071612278694462789 0.0050925097082452466 -0.0082420648590231984 0.014406827415665088 0.0054886447801563666 0.0082667266722078695 -0.0060257815596328748 -0.013823760597439432 0.005888017074881003
leaf_weight=707.48267963528633 6974.7611215114594 24099.435584872961 604.61195024847984 1531.319504827261 825.57540135085583 2847.8469876646996 1857.3683384209871 2404.4398077577353 161.10437053442001 8582.501770734787 882.63513551652431 1280.8364299237728 712.38603602349758 861.81201794743538
leaf_count=3046 30595 105110 2648 6626 3643 12243 8066 10574 711 37029 3815 5564 3085 3722
internal_value=-3.26923e-05 0.000731199 0.00254437 0.00214708 -0.000901818 0.00248513 0.0017529 -0.00178783 -0.0067694 0.00288396 -0.0014476 0.00414676 -0.00528877 -0.00122874
internal_weight=54334.1 47359.4 22434.3 21726.9 24925 21122.3 18274.4 4422.91 2565.54 13851.5 3126.34 10725.2 2243.71 2142.65
internal_count=236477 205882 97129 94083 108753 91435 79192 19351 11285 59841 13526 46315 9711 9286
cat_boundaries=0 1
cat_threshold=752
is_linear=0
shrinkage=0.03


Tree=12
num_leaves=15
num_cat=2
split_feature=40 14 40 2 12 36 38 46 30 35 38 39 46 40
split_gain=227.67 150.058 137.015 133.591 114.852 212.888 125.85 114.389 88.4297 108.354 82.0783 145.853 76.4001 75.1642
threshold=1.6870672059675229 0.76190476190476264 -0.56764810546917766 0.37335188355977628 0.032500806749536253 -0.21263457927127294 -2.6065503240709633 0 3.5000000000000004 2.3191118655384275 -0.067848257589007616 -1.1521373970194577 1 0.85377504382062852
decision_type=10 10 8 10 2 10 10 1 2 8 10 10 1 10
left_child=1 3 10 -1 6 -6 -5 -8 9 13 -3 -12 -2 -4
right_child=12 2 8 4 5 -7 7 -9 -10 -11 11 -13 -14 -15
leaf_value=0.010973384498830606 -0.014178260902627809 -0.0035507692721856257 -0.0024143388946345451 0.022297319212873756 -0.0093979879461758148 0.0037288685252453314 0.0034943729125256357 -1.2318061754843184e-05 -0.0071407345803662058 -0.018263967329876007 -0.010475469274838011 0.016617125187785534 -0.0043219659093769102 0.0057332487343802847
leaf_weight=1279.7186634987593 1035.5915687680244 552.96674597263336 3931.1290381103754 256.25590996444225 2407.9339425861835 2050.8336977213621 15380.411216899753 18354.080394372344 4074.9739928245544 310.81585142016411 221.77043510973454 803.62188112735748 2293.9834400266409 1364.4600761681795
leaf_count=5530 4635 2393 17155 1101 10532 8906 66479 79833 17898 1374 962 3481 10162 5981
internal_value=0.000112285 0.000609183 -0.00244646 0.00147559 0.0011567 -0.00336539 0.0017507 0.00158807 -0.00378318 -0.00133439 0.00572489 0.010713 -0.00747622 -0.000308184
internal_weight=54318.5 50989 11259.7 39729.2 38449.5 4458.77 33990.7 33734.5 9681.38 5606.4 1578.36 1025.39 3329.58 5295.59
internal_count=236422 221625 49244 172381 166851 19438 147413 146312 42408 24510 6836 4443 14797 23136
cat_boundaries=0 1 2
cat_threshold=696 131
is_linear=0
shrinkage=0.03


Tree=13
num_leaves=15
num_cat=2
split_feature=6 40 45 35 30 15 11 15 30 38 1 46 1 46
split_gain=215.171 169.265 108.114 96.2526 90.4738 195.327 179.583 125.48 121.253 107.33 105.862 86.9753 84.1238 104.303
threshold=1.0598153701632491 1.6870672059675229 1.2150108939445896 -0.19782424040903185 3.5000000000000004 0.33173076923076933 -1.7098461523058881 0.44376947732315297 1.5000000000000002 -1.5804255627066601 0.024068757011864266 0 0.016647760472591821 1
decision_type=10 10 8 10 2 10 8 10 2 10 10 1 10 1
left_child=1 2 4 -3 7 6 -6 8 10 -10 -1 -9 13 -8
right_child=-2 3 -4 -5 5 -7 12 11 9 -11 -12 -13 -14 -15
leaf_value=-0.0026909507574923584 -0.0049053973501340595 -0.016181299539879682 0.0043528879576081392 -0.00306758356329502 -0.017422945384641564 -0.0036325603703031223 0.014277310691838206 0.010492504699770096 0.013881225693123743 0.0011369437197581091 -0.022723949944761263 0.0029968423328104329 -0.0043175200931663965 0.0036110315827811634
leaf_weight=5024.9905223846436 6734.2183592021465 695.30628922581673 8205.4273833036423 1785.7682858407497 348.02148741483688 10276.736403495073 1053.2604305446148 1661.7175534963608 672.95517931878567 4623.4366994649172 239.5165788680315 8439.6857896000147 823.82420308887959 3733.4078630059958
leaf_count=21812 29615 3093 35326 7945 1511 44840 4570 7189 2905 20069 1045 36751 3585 16173
internal_value=0.000109617 0.000820236 0.00124044 -0.00679283 0.000547286 -0.00112821 0.00318992 0.0018637 -0.000422925 0.00277933 -0.00364374 0.0042524 0.00449727 0.00602021
internal_weight=54318.3 47584.1 45103 2481.07 36897.6 16235.3 5958.51 20662.3 10560.9 5296.39 5264.51 10101.4 5610.49 4786.67
internal_count=236429 206814 195776 11038 160450 70679 25839 89771 45831 22974 22857 43940 24328 20743
cat_boundaries=0 1 2
cat_threshold=96 140
is_linear=0
shrinkage=0.03


Tree=14
num_leaves=15
num_cat=2
split_feature=40 6 45 46 30 38 18 1 40 30 46 35 30 30
split_gain=208.67 164.225 129.034 91.0925 86.6577 180.301 110.826 93.3914 119.559 101.091 77.3208 73.7085 75.6536 83.4422
threshold=1.6870672059675229 1.3688808521291833 1.1791811602757998 0 3.5000000000000004 0.36879784664072618 -0.40880746159943754 0.01678323449312492 -1.7429079314650811 1.5000000000000002 1 -0.94517759044698357 5.5000000000000009 2.5000000000000004
decision_type=10 10 8 1 2 10 2 10 10 2 1 10 2 2
left_child=1 2 4 -4 6 10 7 8 9 -1 -6 -2 13 -13
right_child=11 -3 3 -5 5 -7 -8 -9 -10 -11 -12 12 -14 -15
leaf_value=0.0032804222139186062 -0.025269270237862299 -0.005648546287074915 0.0011902595588931407 0.0066811650122319882 -0.0023773363651390612 -0.0066507907874116994 0.0035525734555118724 -0.0077913820081434238 -0.0005346332566192859 0.030672192855210952 0.0025934716646458921 -0.0026729064222746342 0.0054464673722184635 -0.013235196895354569
leaf_weight=301.0764602124691 183.76705932617188 3623.4408052414656 5690.1781306415796 5224.5290131866932 4936.7822942435741 4470.2703301012516 10504.002554088831 1477.3724152296782 8088.2136080265045 196.19032935798168 6503.3089691996574 1345.6280296295881 430.91033485531807 1349.7935177087784
leaf_count=1299 823 15959 24604 22429 21513 19590 45684 6447 35092 841 28228 5965 1921 6065
internal_value=2.41456e-05 0.000498331 0.000969395 0.0038295 0.00011278 -0.00154916 0.00139858 -0.000851148 0.000350789 0.0144791 0.000448388 -0.0072635 -0.00612792 -0.00799158
internal_weight=54325.5 51015.4 47391.9 10914.7 36477.2 15910.4 20566.9 10062.9 8585.48 497.267 11440.1 3310.1 3126.33 2695.42
internal_count=236460 221686 205727 47033 158694 69331 89363 43679 37232 2140 49741 14774 13951 12030
cat_boundaries=0 1 2
cat_threshold=392 523
is_linear=0
shrinkage=0.03


Tree=15
num_leaves=15
num_cat=1
split_feature=38 46 30 2 9 24 39 37 39 39 15 30 19 40
split_gain=228.229 110.632 94.2463 90.4105 86.8935 85.3594 82.2706 82.5327 69.9445 66.0942 127.778 139.78 92.307 70.0101
threshold=1.4041492577238197 0 2.5000000000000004 0.42331143839496865 -1.7189852790298679 -0.013272953992628509 0.90522502107544822 0.34339190993790092 0.44698073876507471 0.79876584247338178 0.68132973025893528 2.5000000000000004 1.2347169397387949 0.72421935293573936
decision_type=10 1 2 10 8 10 10 10 10 10 10 2 2 10
left_child=1 3 6 -1 -5 -3 7 -2 -9 -6 -11 12 -12 -13
right_child=2 5 -4 4 9 -7 -8 8 -10 10 11 13 -14 -15
leaf_value=0.010170301760746956 -0.019593955477175167 0.0021885574391563179 -0.010726540145249585 -0.0095093327422155621 0.0028315524502799919 -0.0017364852690010483 -0.0078384680871342229 0.0006194853567187185 0.017468699960312761 -0.0078350805262198137 0.031781682966222913 -0.012787875991509942 0.0069946650626421429 0.00073067552389516788
leaf_weight=1173.6641850322485 109.13758823275566 6668.4140783846378 2293.306867852807 600.05612297356129 17101.537614092231 19680.248589143157 1045.4166173785925 593.82703404128551 344.60914002358913 1663.5694751739502 146.13316598534584 468.851508051157 1099.6281899809837 1227.9413747191429
leaf_count=5034 478 29030 10208 2632 73705 85990 4644 2591 1508 7270 630 2068 4774 5441
internal_value=1.40246e-05 0.000592006 -0.00653848 0.00208845 0.00165981 -0.000742386 -0.00192041 0.00400374 0.00692574 0.00197279 -0.00121484 0.00254176 0.0101322 -0.00305776
internal_weight=54216.3 49830 4386.3 23481.4 22307.7 26348.7 2092.99 1047.57 938.436 21707.7 4606.12 2942.55 1245.76 1696.79
internal_count=236003 216574 19429 101554 96520 115020 9221 4577 4099 93888 20183 12913 5404 7509
cat_boundaries=0 1
cat_threshold=752
is_linear=0
shrinkage=0.03


Tree=16
num_leaves=15
num_cat=2
split_feature=40 6 46 39 19 16 30 37 40 8 43 46 45 2
split_gain=198.049 147.747 119.596 112.823 91.4575 90.1828 87.7891 97.1371 90.278 89.2039 76.5048 76.2285 76.2238 70.1731
threshold=1.6870672059675229 1.0383598219640213 0 -1.258802540749171 -9.6876650180156627 0.086235233283700571 3.5000000000000004 0.47562386613756985 -0.58166541068976751 -0.73093858040129278 0.95000000000000007 1 1.3035283162150055 1.0530729475287326
decision_type=10 10 1 10 2 10 2 10 10 10 10 1 10 10
left_child=1 2 3 10 -5 -6 9 12 -9 -7 -1 -2 -8 -11
right_child=11 -3 -4 4 5 6 7 8 -10 13 -12 -13 -14 -15
leaf_value=-0.0056409215987582861 -0.013795010132479217 -0.003921066482438112 -0.00041576473376015593 -0.021301102147470618 0.012117591378309712 -0.00053774263930230696 0.0015253566436941497 0.013310318152466142 -0.0062035459879405432 0.0081047588716450653 0.01539497346739015 -0.003934807161402736 0.012050415303013732 0.0019088569018059312
leaf_weight=1911.2923093736172 1033.6043262332678 6078.7676537185907 23525.005958080292 124.13696050643921 1042.2143718451262 2142.4085116535425 4726.5690577030182 226.98066738247871 2181.9858787059784 5787.3030249029398 159.72788707911968 2265.0267180502415 703.42912907898426 2307.4342124760151
leaf_count=8292 4676 26728 102562 543 4466 9219 20395 975 9516 24895 689 10102 2996 9958
internal_value=2.0119e-06 0.000464088 0.00105933 0.00268584 0.00340337 0.00357483 0.00307585 0.000685221 -0.00431746 0.004904 -0.00395234 -0.00711038 0.00290847 0.00634313
internal_weight=54215.9 50917.3 44838.5 21313.5 19242.5 19118.3 18076.1 7838.96 2408.97 10237.1 2071.02 3298.63 5430 8094.74
internal_count=236012 221234 194506 91944 82963 82420 77954 33882 10491 44072 8981 14778 23391 34853
cat_boundaries=0 1 2
cat_threshold=752 131
is_linear=0
shrinkage=0.03


Tree=17
num_leaves=15
num_cat=0
split_feature=38 30 11 39 35 30 38 11 39 30 40 38 39 34
split_gain=202.872 100.614 103.981 97.6432 192.907 195.992 150.349 116.289 111.367 116.801 105.118 158.418 101.211 91.2994
threshold=1.3468833293474443 2.5000000000000004 1.6014430465954312 0.46772567244585855 -1.1775941871991893 2.5000000000000004 -0.58576294356686487 -0.4804177987285268 2.1360955966638504 5.5000000000000009 0.30925414985748317 0.84439789204142046 0.62878750701685149 1.808794005741811
decision_type=8 2 8 10 10 2 10 8 10 2 10 10 10 8
left_child=3 13 -3 10 -5 6 -6 12 9 -7 -1 -12 -8 -2
right_child=1 2 -4 4 5 8 7 -9 -10 -11 11 -13 -14 -15
leaf_value=0.00061964786055535319 0.0019787808316886241 -0.012546013178081515 0.0051095431038398528 -0.016428594910518873 -0.010509764378250018 -0.00699458622735343 -0.001659114848126778 0.0029287755484849885 0.010125953405795435 0.001061355380987552 0.0077243253481035683 -0.0057153018700113398 0.020643584222526129 -0.011631779603649202
leaf_weight=29239.632135301828 1740.3301665633917 2174.4769844710827 342.46667964756489 737.86411510407925 624.26324771344662 5544.5468063950539 249.18835102021694 4481.0061921924353 478.62998913228512 2283.192713573575 4251.9860802292824 961.06543542444706 666.32942149043083 584.33989092707634
leaf_count=126670 7654 9715 1526 3235 2707 24430 1078 19449 2119 10016 18399 4174 2881 2591
internal_value=-0.000134213 -0.00598878 -0.010133 0.000439313 -0.00157461 -0.000798693 0.00331947 0.0049357 -0.00378411 -0.00464648 0.00132014 0.00524043 0.0146208 -0.0014776
internal_weight=54359.3 4841.61 2516.94 49517.7 15065 14327.2 6020.79 5396.52 8306.37 7827.74 34452.7 5213.05 915.518 2324.67
internal_count=236644 21486 11241 215158 65915 62680 26115 23408 36565 34446 149243 22573 3959 10245
is_linear=0
shrinkage=0.03


Tree=18
num_leaves=15
num_cat=1
split_feature=38 46 30 11 39 10 0 24 16 39 30 15 1 6
split_gain=179.286 108.641 102.6 110.464 97.9846 94.3251 96.8534 83.3125 83.9927 75.563 149.256 111.816 100.051 98.7108
threshold=1.4329404396638303 0 2.5000000000000004 1.5713669345142782 0.89163017410738432 -1.3701447939899289 0.017243432032658768 -0.018136352898559579 0.15151515151515146 0.65458403489921824 2.5000000000000004 0.68132973025893528 0.021290873333464699 0.92267637089513188
decision_type=10 1 2 10 10 8 10 10 8 10 2 10 8 10
left_child=1 5 4 -4 -2 6 -1 8 -3 -7 11 -11 -12 -13
right_child=2 7 3 -5 -6 9 -8 -9 -10 10 12 13 -14 -15
leaf_value=-0.0014363389277162145 0.0055248046621281643 0.012322281854389768 -0.01321807760668986 0.006748336841885751 -0.0076400567361294934 0.0035712702376302957 -0.019665449744357036 -0.0016543886946764595 0.0010817625646932065 -0.0025180621217684726 -0.0067442423646795254 0.015833606000225691 0.0083748692319650479 -0.00081265786991949012
leaf_weight=1631.7325437963009 997.19679039716721 683.48893877863884 1853.3916298747063 281.634472027421 1018.6210589855909 16093.521206244826 303.01356710493565 21463.85635574162 4377.2345873266459 1012.3737972378731 2813.0899844020605 977.44453079998493 449.07239639759064 473.35871568322182
leaf_count=7039 4354 2957 8323 1260 4548 69231 1329 93845 19046 4373 12428 4198 1972 2068
internal_value=-1.3268e-05 0.000481908 -0.00599796 -0.0105651 -0.00113246 0.00195465 -0.00437776 -0.00083764 0.00262119 0.00251881 -0.000440659 0.005122 -0.0046437 0.010434
internal_weight=54429 50278.2 4150.84 2135.03 2015.82 23753.6 1934.75 26524.6 5060.72 21818.9 5725.34 2463.18 3262.16 1450.8
internal_count=236971 218486 18485 9583 8902 102638 8368 115848 22003 94270 25039 10639 14400 6266
cat_boundaries=0 1
cat_threshold=752
is_linear=0
shrinkage=0.03


Tree=19
num_leaves=15
num_cat=0
split_feature=40 2 30 8 15 1 35 40 13 40 39 14 30 15
split_gain=186.832 98.2989 99.6562 97.3206 90.3118 84.1472 79.0468 79.0072 87.9606 72.6947 79.0892 67.9668 63.3624 185.357
threshold=1.6870672059675229 0.65249376741959175 1.5000000000000002 0.2517575056545413 0.20481123962159528 0.0087557787585511981 1.5887278257402191 -0.63618884327887537 37.801278490871056 0.18458015527684832 2.0073191655261482 0.7018777009242827 3.5000000000000004 0.38832051214959823
decision_type=10 10 2 10 10 10 10 8 10 10 10 10 2 10
left_child=1 2 3 -1 -4 -2 12 -6 -9 -8 -11 -10 -3 -14
right_child=5 6 4 -5 7 -7 9 8 11 10 -12 -13 13 -15
leaf_value=0.0038886070709108094 -0.014517817659835472 0.0010590989520848349 0.008360698218520899 0.016022684650673007 0.007114281211744543 -0.0038380648481670322 0.0018873849144805017 -0.015260776413569365 0.001909662340581127 -0.013127039422108886 0.0093183690652437288 -0.0044479090487495061 0.0025314759986449775 -0.0044687906220179686
leaf_weight=1798.5740736722946 915.78297831118107 22627.745288163424 1431.5739149302244 885.96811577677727 1264.244499668479 2389.8674242049456 663.52065561711788 358.89099346101284 4513.3934768587351 1109.6760988384485 154.45097418129444 2264.3782753348351 5886.4587855935097 8046.9280623346567
leaf_count=7762 4147 98114 6173 3829 5458 10736 2907 1551 19559 4934 684 9905 25456 35266
internal_value=6.90505e-05 0.000517528 0.0028258 0.00793777 0.00142345 -0.0068316 -0.00023369 0.000232757 -0.000994539 -0.00613859 -0.010333 -0.000217755 7.92328e-05 -0.00151168
internal_weight=54311.5 51005.8 12517 2684.54 9832.48 3305.65 38488.8 8400.91 7136.66 1927.65 1264.13 6777.77 36561.1 13933.4
internal_count=236481 221598 54237 11591 42646 14883 167361 36473 31015 8525 5618 29464 158836 60722
is_linear=0
shrinkage=0.03


Tree=20
num_leaves=15
num_cat=0
split_feature=6 40 30 37 40 35 40 33 35 35 40 2 34 33
split_gain=154.661 115.02 96.0371 227.49 124.331 104.321 86.6544 85.74 79.0096 71.6101 68.2919 65.0522 87.2623 91.7466
threshold=1.3688808521291833 1.6870672059675229 3.5000000000000004 0.39893679730922771 0.41210572229896647 -1.0989719752276288 1.0676364887636098 0.47074601512509656 0.76898356273977397 -0.27091212372686685 -0.58166541068976751 1.018281365298487 -0.34637235604473554 0.61091760703454678
decision_type=10 10 2 10 10 10 10 10 10 10 10 8 8 10
left_child=1 2 4 11 -1 6 -6 -5 -7 -3 -9 12 -4 -14
right_child=-2 9 3 7 5 8 -8 10 -10 -11 -12 -13 13 -15
leaf_value=0.00063178528950576262 -0.0055626681946792872 -0.014706449925597654 -0.0044111889964688171 -0.0079334074999942109 0.0021918476272684471 0.0078300522707830267 -0.020204056439729435 0.014668901053615881 2.3980309367783264e-05 -0.0029668439440277811 -0.0024537388898989371 0.0047885468331898525 0.0031973525199585238 -0.0058802671528865678
leaf_weight=19150.992591544986 4228.3082520961761 598.88920070230961 2769.8409392684698 4249.3678707629442 405.70256043970585 5581.3994511067867 240.40656609833241 223.4546495527029 1474.8318077921867 2049.6973823159933 2046.5556256771088 3655.4642135351896 6467.1073814481497 1175.98908855021
leaf_count=82878 18785 2711 11997 18628 1761 24127 1049 965 6418 9225 9033 15844 27992 5107
internal_value=-5.99158e-05 0.000405615 0.000745748 -0.000795597 0.00192732 0.00514351 -0.00632223 -0.00542364 0.00620084 -0.00566669 -0.000711281 0.0013514 0.000141348 0.00179479
internal_weight=54318 50089.7 47441.1 20587.8 26853.3 7702.34 646.109 6519.38 7056.23 2648.59 2270.01 14068.4 10412.9 7643.1
internal_count=236520 217735 205799 89566 116233 33355 2810 28626 30545 11936 9998 60940 45096 33099
is_linear=0
shrinkage=0.03


Tree=21
num_leaves=15
num_cat=0
split_feature=39 11 11 2 38 12 36 37 40 39 38 39 40 35
split_gain=169.442 143.153 128.835 91.8753 85.7035 102.875 164.87 110.551 100.269 116.032 82.9317 82.1281 139.649 81.9664
threshold=0.85801550348664568 1.775606696789451 -1.0145555769667107 0.42331143839496865 0.54124529018092982 0.029952045967160997 -0.22799944974321737 -1.6673769028775485 -0.016297238413190765 0.41545778425267871 -0.82582606571283668 -1.2113195412087638 -0.58166541068976751 -1.1775941871991893
decision_type=10 8 10 10 8 2 10 10 10 10 10 8 8 10
left_child=3 2 -2 -1 5 7 -7 -5 -9 10 -10 -6 -13 -4
right_child=1 -3 13 4 11 6 -8 8 9 -11 -12 12 -14 -15
leaf_value=0.0067889727723373528 0.010702178852855512 0.0055432673274875928 -0.018963253806549615 0.0091673120551884705 -0.0207578011579806 -0.0080674595899433103 0.0032879619256556501 2.7198647069848301e-05 0.015739679982400955 -0.00045988227066514015 0.0050904999571365298 0.013010354114201395 -0.0025812355368488816 -0.004598542462169823
leaf_weight=2270.4938323646784 475.02662229537964 1482.4062692672014 363.03020547330379 1814.8685239702463 195.83803105354309 2473.3877714127302 2136.5329282134771 15510.292357981205 744.55087126791477 3461.0816194117069 5372.3544089049101 542.82369719445705 7994.8891444504261 9390.1295320540667
leaf_count=9782 2081 6508 1624 7791 854 10796 9251 67109 3211 15006 23219 2345 34890 41675
internal_value=5.08062e-05 -0.00314294 -0.00440605 0.000931 0.000598921 0.0013277 -0.0028089 0.0020373 0.00151808 0.00392981 0.00641029 -0.00202925 -0.00157587 -0.0051521
internal_weight=54227.7 11710.6 10228.2 42517.1 40246.6 31513.1 4609.92 26903.1 25088.3 9577.99 6116.91 8733.55 8537.71 9753.16
internal_count=236142 51888 45380 184254 174472 136383 20047 116336 108545 41436 26430 38089 37235 43299
is_linear=0
shrinkage=0.03


Tree=22
num_leaves=15
num_cat=0
split_feature=6 45 45 11 16 16 12 36 38 35 1 38 1 12
split_gain=165.777 121.924 66.815 87.2175 143.809 76.1335 72.0218 110.795 78.1071 68.2214 67.755 64.4833 63.2675 74.3344
threshold=1.337084398311241 1.2045552689931824 0.7740435275211538 1.775606696789451 0.85555754519457394 0.62851373432612723 0.026527434377462241 -0.21986217602774574 -1.4635819411174202 -2.0787232251000596 0.0061150993928719066 1.4686978965374144 0.022953387641471548 0.016158494519936391
decision_type=10 8 10 8 8 10 2 10 10 10 10 10 10 2
left_child=1 2 5 6 -5 -1 8 -8 10 -10 -4 -2 13 -11
right_child=11 -3 3 4 -6 -7 7 -9 9 12 -12 -13 -14 -15
leaf_value=-0.00033162872602668332 -0.0034687496466472888 0.0035263188002323856 -0.01382313079779213 -0.0037682792841687695 0.016460398469319081 -0.0058136342209286146 -0.0078201379381131041 0.0011673381136226959 0.014129567334048987 0.0015266013403498477 0.0098189364377554104 -0.011932656349353137 0.016957671495587381 -0.0019848652460728927
leaf_weight=6149.8449653089046 3330.6694299578667 9781.2765592336655 110.79964771866798 534.85854148864746 753.10019248723984 3614.5973860770464 2366.3618638962507 2564.4115335643291 311.35531686246395 12954.567678198218 1242.8678774237633 1066.9388168901205 191.15223130583763 9320.5525384396315
leaf_count=26750 14730 42120 476 2328 3289 15909 10375 11183 1346 56299 5327 4841 827 40622
internal_value=3.23851e-05 0.000524936 -0.0002076 0.000486989 0.0080956 -0.00236483 0.000147126 -0.003153 0.000822471 0.00040476 0.00779662 -0.00554466 0.000208349 5.70711e-05
internal_weight=54293.4 49895.7 40114.5 30350 1287.96 9764.44 29062.1 4930.77 24131.3 22777.6 1353.67 4397.61 22466.3 22275.1
internal_count=236422 216851 174731 132072 5617 42659 126455 21558 104897 99094 5803 19571 97748 96921
is_linear=0
shrinkage=0.03


Tree=23
num_leaves=15
num_cat=0
split_feature=6 45 39 39 10 1 16 44 36 45 2 2 23 7
split_gain=145.998 109.386 81.8157 77.5054 69.0732 93.9753 72.6547 68.9747 62.347 62.0924 59.4736 73.5729 54.7643 54.2714
threshold=1.3073761974915075 1.3035283162150055 0.85801550348664568 2.1360955966638504 -0.83063569511583812 0.021290873333464699 0.2325302903866894 -0.074236961727395537 -0.77294713276345883 1.2187228279324527 0.97676350687611924 0.6117750854293037 -0.028812623182031868 -0.57728776222438383
decision_type=10 8 10 10 8 10 10 8 10 10 10 10 10 10
left_child=1 2 4 8 5 9 -7 -3 -4 10 11 13 -12 -1
right_child=-2 7 3 -5 -6 6 -8 -9 -10 -11 12 -13 -14 -15
leaf_value=-0.0087577843468525981 -0.0051045803849954965 -0.0079942200680369752 -0.011758994527003299 0.006166816579559785 0.0014138569326650418 -0.016362281017216925 0.00039586320920397005 0.0055289585181803142 -0.0026627949835047295 0.00789763887292135 0.0097824562495012462 -0.0060962136837256443 -0.0001152655553225075 0.0045232186271930031
leaf_weight=341.21743515133858 4604.1534442305565 356.32050634920597 741.45905561745167 808.93914870917797 26377.466901764274 628.05074055492878 365.89894495904446 4840.6066506803036 7105.5164473503828 708.22086223959923 628.46896883845329 3125.7421052604914 2372.2045735567808 1302.7911060601473
leaf_count=1477 20521 1549 3293 3596 114304 2748 1589 20789 31435 3032 2712 13547 10276 5637
internal_value=1.8636e-07 0.00047399 -7.3438e-06 -0.0026233 0.000624829 -0.00157148 -0.0102507 0.00458819 -0.00353617 -0.000543142 -0.00132162 -0.0034006 0.00198335 0.00173044
internal_weight=54307.1 49702.9 44506 8655.91 35850.1 9472.59 993.95 5196.93 7846.98 8478.65 7770.42 4769.75 3000.67 1644.01
internal_count=236505 215984 193646 38324 155322 41018 4337 22338 34728 36681 33649 20661 12988 7114
is_linear=0
shrinkage=0.03


Tree=24
num_leaves=15
num_cat=0
split_feature=38 45 30 11 39 39 30 11 11 11 39 37 39 25
split_gain=161.761 104.098 85.5972 100.039 94.6252 84.4447 181.231 128.378 117.009 109.387 88.4322 84.3989 74.0755 73.5473
threshold=1.4329404396638303 1.3035283162150055 2.5000000000000004 1.5404044795580571 0.89163017410738432 0.79876584247338178 2.5000000000000004 2.029749964309405 -0.52699610973355837 -1.0290090832524517 1.5799472496552178 0.2511115144742187 2.1360955966638504 -0.2156376284983523
decision_type=10 8 2 10 10 10 2 8 8 10 10 10 10 10
left_child=1 5 4 -4 11 -1 8 9 -7 -8 -9 -2 -11 -3
right_child=2 13 3 -5 -6 6 7 10 -10 12 -12 -13 -14 -15
leaf_value=0.00056739411313680107 -0.020406567424304065 0.0080359678042164085 -0.01257241539737426 0.0062325819373490812 -0.0077448328076023696 0.016708390354157856 0.012556565062411477 -8.9995283492604427e-05 0.0003865980640477796 -0.0095963393701340976 0.031700050779819029 0.0080906702015462097 0.0040845618821186043 0.00080784985689798076
leaf_weight=35951.995238140225 94.660722985863686 2542.7185354828835 1830.3908029198647 289.26965129375458 1018.2048288136721 437.24278075993061 224.93298859894276 213.17481358349323 3407.9989125132561 4322.7944044917822 114.84089443087578 899.979491725564 382.65339857339859 2520.2817869782448
leaf_count=155801 418 10877 8304 1298 4583 1885 988 936 14842 19375 502 3927 1702 10843
internal_value=-9.84328e-05 0.000372413 -0.00579592 -0.00998889 -0.00135289 -8.62985e-05 -0.00266564 -0.00628043 0.00228108 -0.0074944 0.0116485 0.00520244 -0.00847749 0.00444661
internal_weight=54251.1 50118.6 4132.51 2119.66 2012.85 45055.6 9103.64 5258.4 3845.24 4930.38 328.016 994.64 4705.45 5063
internal_count=236281 217751 18530 9602 8928 196031 40230 23503 16727 22065 1438 4345 21077 21720
is_linear=0
shrinkage=0.03


Tree=25
num_leaves=15
num_cat=2
split_feature=38 45 46 10 0 46 36 37 1 33 45 11 7 1
split_gain=143.701 115.576 78.2637 78.1127 66.3854 64.4655 62.4521 58.5678 58.3349 56.0402 53.2397 68.7295 48.608 52.0837
threshold=1.4686978965374144 1.2724157480147971 0 -1.2037492964534706 0.020755129281904292 1 1.0877863103183343 -1.4031164959675204 0.011872524770484916 -0.60028455113739854 0.7703845257317441 -1.6323180237845316 -1.0148352218873107 0.018147279195627006
decision_type=10 8 1 10 10 1 10 10 10 10 10 10 10 10
left_child=1 2 3 4 10 12 9 8 -4 -2 -1 -12 13 -3
right_child=6 5 7 -5 -6 -7 -8 -9 -10 -11 11 -13 -14 -15
leaf_value=-0.023031627719723703 -0.012486598916752873 0.005821372785878509 0.0075939307056411198 0.0022731933530834247 -0.022010232224836727 0.0020858840459652582 -0.0094355641414747907 -0.00150010078083517 -0.0024511314500555111 0.00045641954586739058 -0.011673340140556024 0.0025512518096011722 0.010626020028165473 -0.01951062466435978
leaf_weight=95.942163869738579 356.91320984065533 229.13935641944408 1306.9593539834023 14315.559369727969 162.21359014511108 4307.928575783968 1900.354440331459 25716.411389380693 853.71130041778088 1674.2605777531862 399.58135129511356 1196.2832549214363 1707.3614414930344 95.296958550810814
leaf_count=418 1600 972 5610 61904 720 18530 8595 112473 3709 7480 1734 5161 7282 411
internal_value=-2.3962e-05 0.000407494 -0.000137953 0.00152139 -0.00425646 0.00419136 -0.0055405 -0.00110077 0.00363198 -0.00186793 -0.00243487 -0.00106089 0.00857123 -0.00198032
internal_weight=54317.9 50386.4 44046.7 16169.6 1854.02 6339.73 3931.53 27877.1 2160.67 2031.17 1691.81 1595.86 2031.8 324.436
internal_count=236599 218924 191729 69937 8033 27195 17675 121792 9319 9080 7313 6895 8665 1383
cat_boundaries=0 1 2
cat_threshold=240 565
is_linear=0
shrinkage=0.03


Tree=26
num_leaves=15
num_cat=1
split_feature=6 23 45 24 39 9 46 39 10 12 37 2 45 39
split_gain=132.619 99.7902 89.323 73.1484 69.31 72.8773 76.508 68.8523 83.6298 78.4717 68.2185 68.2029 72.925 66.7113
threshold=1.337084398311241 0.059816163208428315 1.2045552689931824 0.0042223107215883246 -1.3513121520578169 -0.41262192240752632 0 0.78413514254632943 -0.83063569511583812 0.030961047603232487 -1.3378547394783487 0.61556588927580569 0.7740435275211538 2.1360955966638504
decision_type=10 8 8 8 10 10 1 10 8 2 10 10 10 10
left_child=1 2 7 -3 -4 -6 -7 8 9 10 -1 -12 -13 -9
right_child=-2 3 4 -5 5 6 -8 13 -10 -11 11 12 -14 -15
leaf_value=0.0053018892867105769 -0.005118969291270546 0.032150790903220795 -0.0064216006344067012 0.0064794466191319035 0.007187353334609215 0.010033376452500227 9.184941096335877e-05 -0.0037351765096539755 0.0010801109327676721 -0.010554769159372772 0.0025154696718387029 -0.011911230881962363 -0.0025664672839876964 0.0058296158803217814
leaf_weight=1143.2338724285364 4379.5336689651012 101.74143381416798 685.47308395802975 1053.2062811404467 3030.4040606170893 787.93840415775776 5074.1505912393332 7712.5573122352362 22511.383125215769 942.76009304821491 1662.0957377701998 952.06189484894276 3476.605240508914 708.35100091993809
leaf_count=4908 19583 442 2950 4572 12930 3365 21901 34222 97612 4153 7193 4147 15072 3150
internal_value=-0.000119909 0.00032029 0.000112646 0.00899745 0.00270763 0.00341777 0.00146017 -0.000523406 0.000136238 -0.00246048 -0.00139249 -0.00265565 -0.00459769 -0.00292464
internal_weight=54221.5 49842 48687 1154.95 9577.97 8892.49 5862.09 39109 30688.1 8176.76 7234 6090.76 4428.67 8420.91
internal_count=236200 216617 211603 5014 41146 38196 25266 170457 133085 35473 31320 26412 19219 37372
cat_boundaries=0 1
cat_threshold=530
is_linear=0
shrinkage=0.03


Tree=27
num_leaves=15
num_cat=1
split_feature=7 40 46 10 0 35 40 35 15 30 30 41 16 11
split_gain=156.444 94.6647 84.8714 91.4953 97.2919 78.6136 70.0207 66.4205 79.1098 114.214 62.6219 66.0557 61.5193 58.4256
threshold=1.3325341180060308 1.6870672059675229 0 -1.1681424311725912 0.017745130745419797 -0.92245401666519544 2.4305133542163921 1.0726958192508407 0.68916935287768155 2.5000000000000004 1.5000000000000002 0.65000000000000002 0.68348116335536846 0.51939010961883325
decision_type=10 10 1 8 10 10 10 10 8 2 2 2 10 10
left_child=1 2 3 4 -1 -3 -7 8 13 -10 11 -2 -13 -5
right_child=10 5 -4 7 -6 6 -8 -9 9 -11 -12 12 -14 -15
leaf_value=-0.0001836554946898153 -0.0099096998306822531 -0.023711776540414193 -0.00025039063969191318 0.0036098905392431017 -0.01472952398593857 -0.006483922134978129 0.0057526132923235371 -0.002456350049626996 0.013839214123311051 0.0029873229213272495 -0.0075150709416177668 0.012320213614864409 -0.0022328743644584354 -0.001092772462979277
leaf_weight=2589.9156666100025 421.85170488059521 178.52110368013382 24809.548010572791 11018.647031366825 482.61247153580189 1720.0662926584482 547.61212615668774 1779.3632822483778 1509.6544633954763 2068.0118727535009 3123.8891237974167 446.8328665047884 605.27674272656441 3026.1660270541906
leaf_count=11152 1862 824 108262 47251 2126 7778 2480 7766 6449 9039 14001 1958 2693 13032
internal_value=0.000171713 0.000661579 0.000959681 0.00229409 -0.0025088 -0.00508104 -0.00351669 0.00305677 0.00361452 0.00759227 -0.00511659 -1.68993e-05 0.00400565 0.00259657
internal_weight=54328 49730.1 47283.9 22474.4 3072.53 2446.2 2267.68 19401.8 17622.5 3577.67 4597.85 1473.96 1052.11 14044.8
internal_count=236673 216159 205077 96815 13278 11082 10258 83537 75771 15488 20514 6513 4651 60283
cat_boundaries=0 1
cat_threshold=752
is_linear=0
shrinkage=0.03


Tree=28
num_leaves=15
num_cat=1
split_feature=38 39 39 30 35 11 35 11 30 11 46 9 1 39
split_gain=153.288 95.4601 125.027 153.938 105.313 90.9283 85.8536 79.6675 78.7248 74.1847 71.5963 90.9841 76.702 71.0958
threshold=1.4329404396638303 2.1360955966638504 0.93687248228760756 2.5000000000000004 -1.2670852685522576 -1.0598982034302729 0.96189808060690474 1.775606696789451 2.5000000000000004 1.5110404442705443 0 -1.7189852790298679 0.0048546617483577479 0.89163017410738432
decision_type=10 10 10 2 10 10 10 10 2 10 1 8 10 10
left_child=1 2 10 4 -4 -5 -6 -7 13 -10 11 -1 -13 -2
right_child=8 -3 3 5 6 7 -8 -9 9 -11 -12 12 -14 -15
leaf_value=-0.0089420844217309153 0.0044833028714888461 0.010871295057037732 -0.024271824658200561 0.01238579549701781 0.0055206970935985887 -0.0092740586870026665 -0.0057473727328016888 0.0039648516743507611 -0.011840787727893912 0.0041356199806175343 -0.00020541055283736446 0.016416243612138542 0.0023916566606412798 -0.0068058719696810488
leaf_weight=619.23882204294205 981.27540162205696 774.88621750473976 125.49013122916222 201.57771907746792 2439.2763859927654 3723.692518979311 800.78639386594296 453.83465769886971 1809.901564925909 300.35400658845901 21865.483070150018 348.02310329675674 18775.671580836177 1007.8265411555767
leaf_count=2723 4289 3409 565 881 10551 16781 3514 2002 8274 1352 95268 1481 80590 4562
internal_value=3.4562e-05 0.000491107 0.00032596 -0.00317147 0.00165106 -0.00687313 0.00272666 -0.00782979 -0.0055358 -0.00955808 0.000977549 0.00228608 0.00265533 -0.00124206
internal_weight=54227.3 50128 49353.1 7744.66 3365.55 4379.1 3240.06 4177.53 4099.36 2110.26 41608.4 19742.9 19123.7 1989.1
internal_count=236242 217765 214356 34294 14630 19664 14065 18783 18477 9626 180062 84794 82071 8851
cat_boundaries=0 1
cat_threshold=752
is_linear=0
shrinkage=0.03


Tree=29
num_leaves=15
num_cat=1
split_feature=6 45 30 15 11 20 10 1 38 46 35 1 39 1
split_gain=116.29 98.9376 75.0188 163.968 173.787 123.523 83.7772 78.1386 90.7147 78.3901 76.5964 70.9985 97.6203 104.435
threshold=1.337084398311241 1.2045552689931824 3.5000000000000004 0.34185204673878283 -1.6323180237845316 -0.12917434993354868 0.78895043881708304 0.014100014576668431 -2.6065503240709633 0 -1.2360465579288455 0.016647760472591821 -1.0559787094162867 0.0064478873849161114
decision_type=10 8 2 10 8 10 10 10 10 1 10 10 10 10
left_child=1 2 5 4 -4 7 11 8 -1 -9 -7 12 13 -6
right_child=-2 -3 3 -5 6 10 -8 9 -10 -11 -12 -13 -14 -15
leaf_value=0.023098184763766585 -0.0047780968411010767 0.0029939002806240369 -0.016030129180693103 -0.0039958541253613655 -0.023310347194116315 -0.0059616627350544656 -0.016308993582259457 0.0006115850235819787 -0.00054496874523563422 -0.010052186687805248 0.003500346002081765 -0.0041290382385377545 0.008478109782217606 0.0019733792070788826
leaf_weight=138.79163429141045 4428.2963650226593 9777.923895701766 433.96385850012302 11299.196345597506 153.63070467114449 817.76414300501347 177.34670205414295 997.9832257181406 7924.8061180859804 1632.8483405858278 11211.147055178881 801.19398908317089 3215.4072958827019 1439.8226518034935
leaf_count=591 19868 41962 1888 49785 665 3588 769 4355 34271 7120 48802 3494 13867 6211
internal_value=-0.0001241 0.000288778 -0.000369057 -0.00184361 0.00206543 0.000768188 0.00344762 -0.00157688 -0.000109914 -0.00605573 0.00285267 0.00410008 0.00547684 -0.000594491
internal_weight=54450.1 50021.8 40243.9 17520.6 6221.37 22723.3 5787.4 10694.4 8063.6 2630.83 12028.9 5610.05 4808.86 1593.45
internal_count=237236 217368 175406 76679 26894 98727 25006 46337 34862 11475 52390 24237 20743 6876
cat_boundaries=0 1
cat_threshold=195
is_linear=0
shrinkage=0.03


Tree=30
num_leaves=15
num_cat=1
split_feature=38 30 1 2 34 37 46 0 36 1 41 2 2 10
split_gain=119.995 128.434 132.599 127.266 92.591 72.4135 70.4594 92.1203 89.6224 67.1339 61.5084 59.2031 57.9207 82.0579
threshold=0.54124529018092982 1.5000000000000002 0.022371022403984451 0.77906494661794479 -1.0102708553253796 2.0404739968946211 0 0.020755129281904292 -0.22799944974321737 0.0045340069709821976 0.95000000000000007 0.37335188355977628 0.94206780254955269 -0.29018675981599501
decision_type=10 2 8 8 10 10 1 8 10 10 2 10 10 8
left_child=5 3 -3 -2 -5 6 -1 9 -9 -8 -6 -11 13 -13
right_child=1 2 -4 4 10 -7 7 8 -10 11 -12 12 -14 -15
leaf_value=-0.00060726965073939099 0.0097007078574858248 -0.0051298785587591388 0.0068261769513712428 -0.024024928581084605 -0.0039279271437999783 0.02341301258634268 0.019397604930388761 -0.0079136342981475736 0.002453227054489675 0.011706538194972839 0.0048427263510473278 -0.0018258637965538245 0.0044457946291230396 0.003296585479323209
leaf_weight=17546.393181338906 1337.0270795971155 9559.6537366509438 906.03850635886192 144.09779454767704 1666.4405941665173 117.95490305125713 205.21886105835438 1551.1102077662945 1438.4006332010031 603.02462965250015 1250.9028293788433 5257.8208255320787 6619.5643944591284 6035.004862383008
leaf_count=76591 5774 42459 3975 634 7309 523 873 6784 6232 2558 5503 22571 28542 26000
internal_value=1.30862e-05 -0.00228261 -0.00408929 0.00201571 -0.00136122 0.000880088 0.000806438 0.00194815 -0.00293408 0.00272999 -0.000163537 0.00253488 0.00221975 0.000912122
internal_weight=54238.7 14864.2 10465.7 4398.47 3061.44 39374.5 39256.5 21710.1 2989.51 18720.6 2917.34 18515.4 17912.4 11292.8
internal_count=236328 65654 46434 19220 13446 170674 170151 93560 13016 80544 12812 79671 77113 48571
cat_boundaries=0 1
cat_threshold=263
is_linear=0
shrinkage=0.03


Tree=31
num_leaves=15
num_cat=0
split_feature=38 1 45 15 31 24 1 36 1 2 37 15 31 38
split_gain=128.094 84.0483 81.4679 73.9422 65.8799 59.4192 66.9887 57.5875 69.989 56.7301 54.2853 74.053 52.1057 49.1148
threshold=0.54124529018092982 0.022656916813949764 1.3035283162150055 0.40608695652173904 -0.69251432228483067 -0.01302292775838648 0.015042494792206389 -0.2795919952240164 0.014171956114303904 1.337155959677734 -1.7842672868464209 0.11898527729352808 2.8134948386717658 2.6300836929250067
decision_type=8 8 8 8 10 10 10 10 10 8 10 10 10 10
left_child=2 4 5 -3 -2 6 -1 8 10 -4 11 -7 13 -6
right_child=1 3 9 -5 12 7 -8 -9 -10 -11 -12 -13 -14 -15
leaf_value=0.0037309629897317878 -0.0081676858837986949 -0.011044578851227022 0.006373696508015711 0.0082966398710842253 -0.0014647510530614324 -0.0027632841528745741 -0.0026537928590222234 0.0008006367857571917 -0.0060780485106067973 -0.004142654041633614 -0.0013469050335121837 0.017333555740215844 -0.015815684165176112 -0.011412310768183262
leaf_weight=7695.2611956447363 1904.5575955659151 204.73986414074898 3484.7586224079132 1050.5448697805405 11056.312409505248 311.80632126331329 1822.616696819663 16468.674351140857 2828.934065759182 524.91766004264355 5839.4289905875921 334.92333477735519 236.46920348703861 455.8792423158884
leaf_count=33251 8423 888 14854 4583 48822 1334 7929 71596 12386 2258 25327 1431 1068 2106
internal_value=4.5323e-05 -0.00232158 0.000943314 0.00507968 -0.00300528 0.000482385 0.00250682 -0.000265602 -0.0021495 0.00499009 -0.000429349 0.00774977 -0.00216217 -0.00186823
internal_weight=54219.8 14908.5 39311.3 1255.28 13653.2 35301.6 9517.88 25783.8 9315.09 4009.68 6486.16 646.73 11748.7 11512.2
internal_count=236256 65890 170366 5471 60419 153254 41180 112074 40478 17112 28092 2765 51996 50928
is_linear=0
shrinkage=0.03


Tree=32
num_leaves=15
num_cat=1
split_feature=6 46 15 9 10 1 30 16 41 10 16 34 45 16
split_gain=131.823 84.7824 77.9906 87.9197 76.8363 95.6651 71.8892 126.841 93.4691 87.0024 85.561 69.3444 65.4006 63.2795
threshold=1.337084398311241 0 0.24134591943892283 -0.59431087090268475 -1.1681424311725912 0.016905012004062251 3.5000000000000004 0.33096406604598194 0.8500000000000002 1.8364077014563964 0.55231787267123389 -0.33753157107994697 0.75825209771169544 0.62445687571976072
decision_type=10 1 10 8 8 10 2 10 2 10 10 10 10 10
left_child=1 4 3 -3 5 12 7 -4 11 -10 -9 -8 -1 -5
right_child=-2 2 6 13 -6 -7 8 10 9 -11 -12 -13 -14 -15
leaf_value=-0.022989578254179632 -0.0050240422119780508 0.00024303624477335051 -0.0059649906363287899 0.010780133822860046 0.0023553953058981993 -0.01320844127723011 -0.0071322430100122236 0.0062459668799873117 -0.010237445639478832 0.015782222565711643 -0.00025175215291475497 -0.00012185920692310682 0.00096915020047283538 -0.013382309243331336
leaf_weight=97.156002819538116 4390.5150814503431 4445.3976633697748 2538.1426820158958 1254.6542334705591 20590.597498625517 614.30542831122875 1681.9925940781832 2557.0419803410769 2169.9977139681578 113.43082016706467 6297.5875799059868 5091.9883950799704 2370.8715293556452 97.30563659965992
leaf_count=426 19744 19272 11057 5437 88772 2687 7394 11134 9684 506 27565 22369 10211 423
internal_value=-4.64087e-05 0.000392294 -0.000781687 0.00228675 0.00169335 -0.00271709 -0.00165262 -6.61187e-05 -0.00364592 -0.00888172 0.00162959 -0.0018705 -6.29731e-05 0.00895558
internal_weight=54311 49920.5 26247.5 5797.36 23672.9 3082.33 20450.2 11392.8 9057.41 2283.43 8854.63 6773.98 2468.03 1351.96
internal_count=236681 216937 114841 25132 102096 13324 89709 49756 39953 10190 38699 29763 10637 5860
cat_boundaries=0 1
cat_threshold=752
is_linear=0
shrinkage=0.03


Tree=33
num_leaves=15
num_cat=0
split_feature=37 30 2 1 38 9 16 16 30 10 16 40 40 35
split_gain=111.658 247.958 155.351 128.442 96.1907 84.955 83.5592 69.783 99.6292 89.2933 83.5728 85.5172 74.534 135.144
threshold=0.3892068939431686 2.5000000000000004 1.0763244450922149 0.02208249380186186 1.4329404396638303 -1.6691652982158918 0.24770787135672576 0.12061705451440315 1.5000000000000002 -0.84280811379089537 0.32785632954211968 -1.7429079314650811 1.0465784018879136 -0.90379122189939165
decision_type=10 2 10 8 10 8 8 8 2 8 10 10 10 10
left_child=4 2 6 -3 5 -1 -2 8 -7 10 11 -9 -11 -14
right_child=1 3 -4 -5 -6 7 -8 9 -10 12 -12 -13 13 -15
leaf_value=-0.0059665548444116185 -0.0048807225505938341 -0.005806589979145624 -0.0034971305818841851 0.004909548557723146 -0.018421194362351481 -0.0026608060375655409 0.0067430302945862518 0.012902735502455 0.0083579035762935353 0.0023253832234514365 0.0045668953716693512 -0.005527914648534916 -0.018882910725238924 -0.00018012191188154046
leaf_weight=1445.5213449150324 627.83758720755577 10008.833750143647 2769.6730299592018 1111.4836488068104 217.97683435678482 1013.7925693541765 4492.0579297691584 230.82346050441265 2670.8087110668421 21662.873527303338 1160.2838400900364 3996.6960052698851 394.98451913893223 2460.450435757637
leaf_count=6301 2711 44601 12234 4871 981 4379 19469 989 11480 93579 5005 17315 1762 10812
internal_value=4.80261e-06 -0.00184784 0.00221829 -0.00473206 0.00100403 0.00113011 0.00531091 0.00143719 0.00532719 0.000956295 -0.00253748 -0.00449352 0.00172476 -0.0028241
internal_weight=54264.1 19009.9 7889.57 11120.3 35254.2 35036.2 5119.9 33590.7 3684.6 29906.1 5387.8 4227.52 24518.3 2855.43
internal_count=236489 83886 34414 49472 152603 151622 22180 145321 15859 129462 23309 18304 106153 12574
is_linear=0
shrinkage=0.03


Tree=34
num_leaves=15
num_cat=0
split_feature=40 6 36 12 40 37 15 39 37 38 37 39 39 36
split_gain=130.639 85.1728 92.9169 177.258 125.16 99.3267 96.4936 95.9921 78.5237 69.7752 68.4584 92.565 85.9436 92.1489
threshold=1.6870672059675229 0.92267637089513188 -0.28805754310525838 0.033404000373913043 -1.7429079314650811 -1.7842672868464209 0.098180134160375021 -1.3513121520578169 -0.48696212853890092 -1.5020257269951001 0.40712520682647041 -1.0054662064602138 -0.5187481499629113 -1.2577761931790545
decision_type=10 10 8 2 8 10 10 8 10 8 10 10 10 10
left_child=1 2 3 5 8 6 -1 -6 -4 -9 11 -7 13 -13
right_child=-2 -3 4 -5 7 10 -8 9 -10 -11 -12 12 -14 -15
leaf_value=-0.0014833959472563434 -0.0058448960056012049 -0.0026653544465723997 0.0059364640425503363 -0.0088469743583589906 -0.0074112058597199599 -0.0052712343694265168 0.0150795319345133 0.013167506073458266 0.032299998414296129 0.0018261183934078641 -0.0051584608459577233 0.016844795410016059 0.00015338608922723781 0.0031303997530372045
leaf_weight=538.5665103495121 3245.3623322695494 7215.517877548933 226.69522704184055 2181.3600314110518 993.76463554799557 2039.4887824058533 752.31359389424324 488.28869798779488 183.07937256991863 24963.53556831181 2310.8503305315971 601.30810275673866 7044.7275296896696 1605.3495032936335
leaf_count=2302 14849 31961 970 9609 4318 8819 3201 2087 777 108155 10084 2582 30422 6915
internal_value=-1.76837e-05 0.000353148 0.00084944 -0.000880622 0.00194929 0.000291384 0.00821105 0.00169064 0.018204 0.00204879 -0.000465717 0.00049844 0.0017747 0.00692667
internal_weight=54390.2 51144.8 43929.3 17074 26855.4 14892.6 1290.88 26445.6 409.775 25451.8 13601.7 11290.9 9251.39 2206.66
internal_count=237051 222202 190241 73934 116307 64325 5503 114560 1747 110242 58822 48738 39919 9497
is_linear=0
shrinkage=0.03


Tree=35
num_leaves=15
num_cat=0
split_feature=40 6 36 1 35 40 7 1 0 15 38 37 37 35
split_gain=118.562 83.7212 111.861 152.109 137.177 111.518 91.8345 90.5573 89.0958 95.2799 87.7958 80.7036 68.8294 62.8366
threshold=1.5956037031214281 0.92267637089513188 -0.2051895091241602 0.015950055880905794 -2.0787232251000596 -1.6320170662874254 -0.78660077943992845 0.014673994727139301 0.0086274336799163232 0.39893614980447972 -2.6065503240709633 -1.2504271033451291 -1.279992707317583 -0.60535529606763605
decision_type=10 10 10 10 10 10 10 8 10 8 10 10 10 10
left_child=1 2 3 4 -1 11 -5 -7 -9 12 -6 -4 -10 -2
right_child=13 -3 5 6 10 7 -8 8 9 -11 -12 -13 -14 -15
leaf_value=0.010426019189790713 -0.015669218546778805 -0.0026326330676112271 -0.0016653670553331626 -0.011724962067529408 0.021403820270546294 0.00076812138479378253 -0.0025955188013669635 0.014496576779101012 0.013870491347354961 0.0062922128693663005 -0.00049113390228579755 0.02395431169712741 -0.0035976035433030276 -0.0036614722817172418
leaf_weight=1177.350557371974 435.44839859008789 7022.0242013335228 158.54047434031963 1492.9481144249439 156.92162637412548 16993.744646802545 2938.7068640440702 757.32746167480946 218.55366495251656 4041.3261293917894 13130.802139237523 347.17238792777061 1813.9653590172529 3400.8817969113588
leaf_count=5039 2004 31115 680 6560 665 73668 12800 3251 942 17459 56762 1477 7828 15489
internal_value=1.48091e-05 0.000403304 0.000896968 -0.000834477 0.000656177 0.00224151 -0.00569054 0.00194188 0.00485643 0.00363258 -0.000216664 0.016046 -0.00166057 -0.00506162
internal_weight=54085.7 50249.4 43227.4 18896.7 14465.1 24330.6 4431.65 23824.9 6831.17 6073.85 13287.7 505.713 2032.52 3836.33
internal_count=235739 218246 187131 81826 62466 105305 19360 103148 29480 26229 57427 2157 8770 17493
is_linear=0
shrinkage=0.03


Tree=36
num_leaves=15
num_cat=1
split_feature=38 45 39 16 19 1 19 40 30 12 1 10 15 46
split_gain=98.6993 84.5154 81.2726 95.0279 110.553 92.8486 75.7687 127.565 75.8564 78.7904 113.134 73.4946 109.867 98.4715
threshold=2.3167264682209381 1.0475926253791639 -1.1929641045859751 0.090561935131198854 -6.1038941285487356 0.016050695928751215 0.35134972824789346 0.30925414985748317 2.5000000000000004 0.015485807488615574 0.008503436798868046 -0.71350168650622969 0.24134591943892283 0
decision_type=10 8 8 10 2 8 2 10 2 2 10 8 10 1
left_child=1 6 5 -4 -5 -3 7 11 9 10 -8 12 13 -1
right_child=-2 2 3 4 -6 -7 8 -9 -10 -11 -12 -13 -14 -15
leaf_value=0.0066646928940621722 -0.0091071204241275835 0.00075317306852951517 0.010514818387014921 -0.008291411945428975 0.0022825926560022282 -0.011701784305609648 -0.00056717496893899321 0.0061156995662119676 -0.0044402265468123829 -0.0038249549628628196 0.011613113091626524 0.0014044422190115286 -0.0072033147020156146 -0.0039277174301938656
leaf_weight=1415.4307578504086 995.56614683568478 1551.570544809103 1182.6740631312132 922.83521194756031 19454.425992071629 814.27268601953983 2130.6245719790459 3104.0524539500475 7276.4442818313837 2438.9365359693766 1001.8312072902918 7309.3998516052961 2949.6568404585123 1737.3074232935905
leaf_count=6137 4606 6675 5044 3982 84382 3567 9320 13485 32414 10658 4356 31622 12843 7525
internal_value=0.000204324 0.000379958 0.00170315 0.0022826 0.00179989 -0.00356477 -0.000698404 0.000645621 -0.0024253 0.000209505 0.00335292 -0.000623998 -0.00305197 0.000842466
internal_weight=54285 53289.5 23925.8 21559.9 20377.3 2365.84 29363.7 16515.8 12847.8 5571.39 3132.46 13411.8 6102.4 3152.74
internal_count=236616 232010 103650 93408 88364 10242 128360 71612 56748 24334 13676 58127 26505 13662
cat_boundaries=0 1
cat_threshold=46
is_linear=0
shrinkage=0.03


Tree=37
num_leaves=15
num_cat=0
split_feature=38 39 39 30 35 35 11 11 20 11 30 11 39 34
split_gain=107.864 77.1141 77.5782 147.297 96.6739 94.6964 106.454 85.1186 73.1489 69.3179 68.4846 97.5497 95.431 78.4287
threshold=1.4686978965374144 2.1360955966638504 0.85801550348664568 2.5000000000000004 -1.339990669646183 0.96189808060690474 -0.7082078130513193 -1.0598982034302729 0.041295230139777359 1.4826077082928479 2.5000000000000004 1.5713669345142782 0.90522502107544822 1.020467304444969
decision_type=10 10 10 2 10 10 8 10 10 10 2 10 10 10
left_child=1 2 -1 4 -4 6 -6 -5 -8 -9 12 -12 13 -2
right_child=10 -3 3 7 5 -7 8 9 -10 -11 11 -13 -14 -15
leaf_value=0.00081882479582292276 0.013357924132717611 0.0095782797623939608 -0.022620988671375332 0.011408702124487498 0.024690131487403344 -0.0055916152104120414 -0.0067004756266392258 -0.0082875050713570753 0.0063423700149620715 0.0010439939226741079 -0.011268525344934442 0.0079115760604949112 -0.0072039341035617238 -0.0043057454160979726
leaf_weight=40897.027450248599 546.878786444664 804.20008072257042 126.50454121828079 240.74443440139294 234.74052883684635 854.54687449336052 465.91453927755356 3863.2928182035685 2087.6647659242153 876.49005451798439 1717.5706656873226 269.62715582549572 969.47258524596691 374.50530844926834
leaf_count=176804 2374 3540 577 1050 997 3760 2012 17512 9019 3911 7959 1220 4429 1656
internal_value=4.94796e-05 0.000420452 0.00027021 -0.00229202 0.00217917 0.00309997 0.00577417 -0.0056735 0.00394578 -0.00656334 -0.00476531 -0.00863955 -0.000669642 0.00620921
internal_weight=54329.2 50451.1 49646.9 8749.9 3769.37 3642.87 2788.32 4980.53 2553.58 4739.78 3878.05 1987.2 1890.86 921.384
internal_count=236820 219182 215642 38838 16365 15788 12028 22473 11031 21423 17638 9179 8459 4030
is_linear=0
shrinkage=0.03


Tree=38
num_leaves=15
num_cat=0
split_feature=38 2 1 40 39 24 16 39 39 45 36 12 36 39
split_gain=125.308 76.1928 91.3842 88.9274 73.9032 65.4774 77.8308 67.4554 75.6347 65.3082 62.3404 55.9277 65.1673 53.203
threshold=1.3468833293474443 0.38455487936805849 0.0056055056386806702 -0.63618884327887537 2.1360955966638504 -0.0066537769831162821 0.12061705451440315 -0.95870183067897152 -0.088422104549335676 0.7740435275211538 1.8730688270987461 0.034291520371290081 -0.071968009692923024 0.98644843202397803
decision_type=10 10 8 10 10 10 10 10 10 8 10 2 10 10
left_child=1 2 -1 -4 5 6 7 -3 -9 -7 -2 -8 -13 -11
right_child=10 4 3 -5 -6 9 11 8 -10 13 -12 12 -14 -15
leaf_value=-0.01345156519932696 -0.0025174291187720558 0.001561650849922869 0.023007583810524632 0.0052938548370200832 0.0096728672776259551 -0.003574841659043987 0.0013611971134173835 0.016841776009435178 -0.00040393072248654443 0.00056708267642371533 -0.010340446694536364 -0.010309543076481667 0.004719687731392746 -0.0034219800207447959
leaf_weight=173.15397866070271 3449.5749212652445 1111.9675433933735 314.64031687378883 1238.3171066492796 733.98790855705738 5768.4649608880281 13957.869823887944 802.15432666242123 318.04560352861881 20398.991962194443 1243.7261500507593 789.39330446720123 377.43766820430756 3519.4934052228928
leaf_count=754 15558 4804 1335 5315 3218 25293 60466 3426 1359 88238 5736 3484 1633 15641
internal_value=7.14602e-05 0.000515956 0.0066896 0.00900703 0.000291562 0.000143168 0.00160639 0.00682274 0.0119851 -0.000712577 -0.00460811 0.000832539 -0.00544921 -2.10741e-05
internal_weight=54197.2 49503.9 1726.11 1552.96 47777.8 47043.8 17356.9 2232.17 1120.2 29687 4693.3 15124.7 1166.83 23918.5
internal_count=236260 214966 7404 6650 207562 204344 75172 9589 4785 129172 21294 65583 5117 103879
is_linear=0
shrinkage=0.03


Tree=39
num_leaves=15
num_cat=2
split_feature=46 45 40 40 24 2 16 46 38 40 39 2 2 0
split_gain=90.0656 79.129 78.2039 66.1841 60.1095 58.995 57.3241 54.1888 53.5301 70.5947 58.2572 82.6967 57.4222 54.1908
threshold=0 1.2724157480147971 1.5956037031214281 -0.093706817300669015 -0.009265733685836634 0.49628886039198178 0.17356377560290323 1 -1.3963147451623739 -1.7429079314650811 -1.1521373970194577 1.0858945757919012 1.0055762081402242 0.0016401704781389495
decision_type=1 8 10 10 10 10 8 1 10 10 10 10 10 10
left_child=1 -1 4 5 6 -3 -2 -5 -6 -10 12 13 -11 -12
right_child=2 3 -4 7 8 -7 -8 -9 9 10 11 -13 -14 -15
leaf_value=0.00064069904598003467 0.0063794130172278012 0.017106302742678655 -0.006380627205264445 0.0021395953159302479 0.0039881991391464136 -0.0017349240766848272 0.00019201879498034795 0.013808290562638497 0.011716236380525958 -0.013705879052741874 -0.020494962391182633 -0.0053081527176399414 -0.0011127068536593819 -0.00044038916873540945
leaf_weight=18510.428996801376 1607.1761950999498 162.7922561019659 2364.0612484961748 561.541488930583 1411.3241116702557 1103.8245226144791 8088.633596226573 1072.6105241626501 320.11618342995644 754.09496080875397 112.40541815757751 4555.6963896900415 571.52928428351879 13137.753380268812
leaf_count=80293 6913 679 10874 2404 6081 4666 35165 4583 1370 3304 493 20105 2502 57446
internal_value=-0.000150396 0.00136347 -0.00113512 0.00596227 -0.000727735 0.000801678 0.00122316 0.00993299 -0.00163454 -0.00204434 -0.00228059 -0.00182614 -0.00832544 -0.000625846
internal_weight=54334 21411.2 32922.8 2900.77 30558.7 1266.62 9695.81 1634.15 20862.9 19451.6 19131.5 17805.9 1325.62 13250.2
internal_count=236878 92625 144253 12332 133379 5345 42078 6987 91301 85220 83850 78044 5806 57939
cat_boundaries=0 1 2
cat_threshold=624 64
is_linear=0
shrinkage=0.03


Tree=40
num_leaves=15
num_cat=0
split_feature=6 39 16 30 15 38 15 12 40 37 2 30 34 39
split_gain=86.513 75.1841 138.895 122.544 123.843 119.389 114.752 110.27 91.728 91.7041 129.899 117.574 93.5551 89.5338
threshold=0.92267637089513188 -1.0559787094162867 0.10258892499482661 3.5000000000000004 0.26464982957713018 0.17962788836071458 0.11122397731808441 0.025487809616425633 -1.3520012388021725 -0.32534323579996766 1.0055762081402242 1.5000000000000002 0.9609515240676535 -0.19703656759905311
decision_type=10 10 10 2 10 10 10 2 10 10 10 2 10 10
left_child=1 5 13 8 7 6 -1 -5 -4 11 -11 -10 -13 -3
right_child=-2 2 3 4 -6 -7 -8 -9 9 10 -12 12 -14 -15
leaf_value=-0.0069259523456349243 -0.0029197856375845809 0.012454126208426496 0.020640715002967817 0.0067960089812056333 -0.0025921074879028121 -0.013018888160808924 0.0021716162192475233 -0.010737540524168535 -0.0055817368855028025 0.0050467441216093135 -0.0011137367106800083 0.0011739555885602446 0.020303246935626393 -0.0007620091765763639
leaf_weight=1895.0764324367046 8105.5572457462549 1470.8290634900331 225.25446830689907 2349.1655117124319 13787.309887930751 845.25297616422176 3607.7637582570314 364.84163422882557 2943.7346665561199 9931.6771430075169 4458.9692223519087 3387.3503453880548 237.00645641982555 668.50040285289288
leaf_count=8216 36220 6275 970 10058 60526 3676 15591 1583 12710 42853 19487 14604 1019 2859
internal_value=-6.31961e-05 0.000438798 0.000922248 0.000499054 -0.00143878 -0.0025908 -0.000968298 0.00440822 0.0020085 0.0017985 0.00313846 -0.00113765 0.00247729 0.00834
internal_weight=54278.3 46172.7 39824.6 37685.3 16501.3 6348.09 5502.84 2714.01 21184 20958.7 14390.6 6568.09 3624.36 2139.33
internal_count=236647 200427 172944 163810 72167 27483 23807 11641 91643 90673 62340 28333 15623 9134
is_linear=0
shrinkage=0.03


Tree=41
num_leaves=15
num_cat=1
split_feature=46 44 40 15 2 36 9 1 10 16 0 0 9 30
split_gain=92.2574 71.7811 78.5204 86.265 70.2034 63.6165 66.666 56.0489 49.6468 67.4654 61.1928 57.8867 80.1902 55.2865
threshold=0 0.020788414394146332 -1.7429079314650811 0.13054944686843239 0.37335188355977628 1.8730688270987461 -1.7189852790298679 0.0048546617483577479 -1.3936847817495048 0.094594594594594725 0.017577458751559697 0.019732992278963472 -0.94769115897197875 3.5000000000000004
decision_type=1 10 10 10 10 10 8 10 8 10 10 10 8 2
left_child=4 2 3 -2 -1 6 -6 -8 10 11 -9 12 -10 -11
right_child=1 -3 -4 -5 5 -7 7 8 9 13 -12 -13 -14 -15
leaf_value=0.010516648583144758 0.00023414296183682902 -0.0040314894008069172 -0.00059608339792064117 0.02209888732393863 -0.0082304841841170616 -0.0063275634313426114 0.012471566825898452 -0.001410457180688545 0.0032819962448696217 0.0028142327066485446 -0.019453802050850597 -0.0052407440078690182 0.020314940595261836 -0.0003477789905748952
leaf_weight=732.65618616342545 367.12848383188248 5788.489127933979 22082.120476216078 281.53440962731838 612.53564780950546 972.67140702903271 418.4515418112278 1245.5978327542543 506.24273775517941 11656.021665543318 186.11617542803288 213.54445371031761 488.01691593229771 8675.5471380501986
leaf_count=3087 1577 25523 96979 1194 2711 4401 1788 5357 2155 50119 824 919 2057 37742
internal_value=0.000122826 -0.00105169 -0.000291892 0.00991537 0.00142556 0.00115534 0.00146109 0.0017183 0.00151707 0.00187709 -0.00387467 0.008737 0.0117614 0.00146548
internal_weight=54226.7 28519.3 22730.8 648.663 25707.4 24974.7 24002.1 23389.5 22971.1 21539.4 1431.71 1207.8 994.26 20331.6
internal_count=236433 125273 99750 2771 111160 108073 103672 100961 99173 92992 6181 5131 4212 87861
cat_boundaries=0 1
cat_threshold=752
is_linear=0
shrinkage=0.03


Tree=42
num_leaves=15
num_cat=0
split_feature=7 45 30 0 41 16 44 10 11 18 11 16 35 30
split_gain=97.1039 66.525 61.1663 61.9272 59.5973 59.0928 50.5907 50.5613 101.435 101.874 58.0854 56.733 73.1798 72.9951
threshold=1.3037140880886102 1.2045552689931824 1.5000000000000002 0.026548090438384225 0.65000000000000002 0.68348116335536846 -0.074236961727395537 -0.83063569511583812 -0.4804177987285268 -2.3197715077812791 -2.0739197901324373 0.48319484627308734 -0.83063835716726853 2.5000000000000004
decision_type=10 8 2 10 2 10 8 8 10 2 10 10 10 2
left_child=1 7 4 -4 -2 -6 -3 8 9 10 -1 -9 -13 -14
right_child=2 6 3 -5 5 -7 -8 11 -10 -11 -12 12 13 -15
leaf_value=-0.016098088472615249 -0.0085213188231673242 -0.0069882277982113118 -0.0080406274740130578 0.0052016687362399332 0.012028096150523327 -0.0018150329127351874 0.0029645385377427588 0.0016879097129911395 0.0030210963685273857 -0.0070139570719605629 0.002380699456025143 -0.0058111317253509067 0.0023756433768601349 -0.0018806265435494609
leaf_weight=155.65143245458603 443.57184435427189 474.45244857668877 2869.2359842211008 350.39019159972668 491.0598626434803 617.08952131867409 9208.0824852436781 13913.898710548878 2330.5726324021816 4186.3795746266842 2014.7515154033899 2336.2162541151047 6197.0039299726486 8712.5434940010309
leaf_count=678 1975 2066 13044 1575 2147 2766 39419 60223 10112 18211 8728 10266 26912 38661
internal_value=-0.000152996 0.000241086 -0.00423576 -0.00658783 0.000655416 0.00437205 0.00247014 -0.000301041 -0.00232352 -0.00428467 0.000987732 0.000263394 -0.000886219 -0.000111144
internal_weight=54300.9 49529.6 4771.35 3219.63 1551.72 1108.15 9682.53 39847 8687.36 6356.78 2170.4 31159.7 17245.8 14909.5
internal_count=236783 215276 21507 14619 6888 4913 41485 173791 37729 27617 9406 136062 75839 65573
is_linear=0
shrinkage=0.03


Tree=43
num_leaves=15
num_cat=1
split_feature=46 24 16 45 20 39 10 19 43 45 1 1 16 45
split_gain=77.945 74.5326 75.5652 67.3125 59.293 56.107 52.4738 69.6361 78.6145 63.2407 63.6646 62.1039 56.1729 82.3881
threshold=0 -0.021633618345585828 0.1674237616808634 1.0475926253791639 1.4821551061581835 2.4115980245615991 -0.90714964795032194 0.30399012044575635 0.18333333333333338 0.75355126082330504 0.011928559635714637 0.0098387976390536293 0.28343495941358582 0.81231962657031553
decision_type=1 10 8 8 10 10 10 2 10 10 10 10 8 10
left_child=3 2 -2 6 5 -3 9 8 -8 -1 11 -11 -10 -14
right_child=1 4 -4 -5 -6 -7 7 -9 12 10 -12 -13 13 -15
leaf_value=-0.020118823543233869 0.010834193921956921 -0.0013847869799973309 0.00079469209246903845 0.0030693139465239397 -0.0077671054493141491 0.013816944471804399 -0.0073392660472370507 -0.0021395748203100616 0.00071340471128783988 -0.0035177995949963216 -0.0098829800126151619 0.010904622178413257 0.01756550807969123 0.0044427352831808509
leaf_weight=201.98864367604256 793.38144899904728 26245.415256559849 4226.3838811218739 10564.621824458241 1313.3931813240051 210.41474477946758 551.25477020442486 4086.2843410074711 1836.767557784915 764.73877176642418 700.28778176009655 401.65220053493977 568.17026862502098 1731.3208998590708
leaf_count=882 3394 115048 18405 45468 5999 943 2377 18021 7855 3296 3059 1728 2430 7431
internal_value=-4.16799e-05 -0.000960743 0.00239984 0.00136564 -0.00156922 -0.00125871 -0.000294414 0.000720198 0.00321242 -0.00458043 -0.00280081 0.00149911 0.00463299 0.0077472
internal_weight=54196.1 32789 5019.77 21407.1 27769.2 26455.8 10842.5 8773.8 4687.51 2068.67 1866.68 1166.39 4136.26 2299.49
internal_count=236336 143789 21799 92547 121990 115991 47079 38114 20093 8965 8083 5024 17716 9861
cat_boundaries=0 1
cat_threshold=624
is_linear=0
shrinkage=0.03


Tree=44
num_leaves=15
num_cat=0
split_feature=39 11 11 10 30 2 37 30 18 41 12 11 16 2
split_gain=89.9606 151.057 128.79 109.348 107.153 97.7162 96.8896 84.4069 161.248 128.368 91.0034 90.5069 102.041 84.7827
threshold=0.46772567244585855 -0.52699610973355837 1.5713669345142782 0.42103305746688113 2.5000000000000004 0.94568651444807028 0.078406780505797719 1.5000000000000002 -0.18403269397047373 0.15000000000000005 0.030622690316962031 -1.6323180237845316 0.098619127609881049 0.65610063064035684
decision_type=10 8 10 8 2 10 10 2 2 2 2 10 8 10
left_child=3 -2 4 7 5 6 -3 9 11 -1 -10 12 -9 -11
right_child=1 2 -4 -5 -6 -7 -8 8 10 13 -12 -13 -14 -15
leaf_value=-0.0068038473119847315 0.0048397577604118785 -0.0054031362635913746 0.0031088999886781802 0.004183731332586778 -0.0064778257676408888 -0.0046072304586808272 0.0072955251179621346 0.0054267944692176695 -0.0042677033797654659 0.0081762311727471334 0.0079222707837644183 0.0034790233383920348 -0.01210020367994177 -0.0014618242946449526
leaf_weight=3576.2855245321989 2672.7941041141748 772.4917763620615 2677.5367283076048 7096.1590360850096 7366.4490664750338 2990.0368779152632 1747.9356144070625 494.86155949532986 5481.5358408689499 1057.8181081861258 603.44612434506416 13350.101170361042 727.90335753560066 3551.1735438704491
leaf_count=15480 11692 3334 11803 30754 33283 13241 7550 2133 23870 4533 2618 57420 3150 15369
internal_value=-2.02915e-05 -0.00173649 -0.0028689 0.000850347 -0.00411332 -0.000946425 0.00339751 2.90825e-05 0.00105065 -0.00254727 -0.00304781 0.00276291 -0.00502042 0.000763136
internal_weight=54166.5 18227.2 15554.5 35939.3 12876.9 5510.46 2520.43 28843.1 20657.8 8185.28 6084.98 14572.9 1222.76 4608.99
internal_count=236230 80903 69211 155327 57408 24125 10884 124573 89191 35382 26488 62703 5283 19902
is_linear=0
shrinkage=0.03


Tree=45
num_leaves=15
num_cat=0
split_feature=36 45 36 1 40 37 39 37 6 11 16 7 1 40
split_gain=91.9244 74.1039 77.4641 116.859 99.335 93.9263 69.8274 66.5124 62.2523 66.1057 81.9379 59.5714 75.4902 56.9872
threshold=1.8730688270987461 0.75355126082330504 -0.2795919952240164 0.014171956114303904 -1.6320170662874254 0.40712520682647041 -1.7382987568501616 -1.6673769028775485 0.90497983771542967 1.4826077082928479 0.8592520716370875 -0.73066870678396489 0.017517397864015846 0.033263482365551121
decision_type=10 8 8 8 8 10 8 10 10 8 10 10 8 10
left_child=1 -1 3 5 7 -3 -6 -4 9 -8 -11 12 -5 -2
right_child=13 2 4 11 6 -7 8 -9 -10 10 -12 -13 -14 -15
leaf_value=-0.002293188921136734 0.0051298506720721827 0.0022560566333018409 -0.0077070351185518516 -0.0020418793363245241 -0.02116684262612184 -0.0058540752008391659 0.001605204788109817 0.019283723353181789 -0.0015232995111316174 0.0024450186919754719 0.014476103822570641 -0.0020784317269123913 -0.01351589306831732 -0.0085212277269468076
leaf_weight=9180.9958712309599 320.87221771478653 7952.5862542390823 95.109378859400749 920.51362931728363 113.40033388137817 1522.7703277617693 20152.999368861318 433.00905311107635 5129.6761210560799 1313.9793123155832 827.43787184357643 3382.8134002387524 1176.6373834311962 1705.4705580174923
leaf_count=40334 1425 34184 409 3994 498 6706 87299 1841 22783 5628 3604 14766 5200 7845
internal_value=-9.18009e-05 0.000152101 0.000674356 -0.00106908 0.00160343 0.000947892 0.00135346 0.01437 0.00145427 0.00213974 0.00713948 -0.00455198 -0.00851313 -0.006345
internal_weight=54228.3 52201.9 43020.9 14955.3 28065.6 9475.36 27537.5 528.118 27424.1 22294.4 2141.42 5479.96 2097.15 2026.34
internal_count=236516 227246 186912 64850 122062 40890 119812 2250 119314 96531 9232 23960 9194 9270
is_linear=0
shrinkage=0.03


Tree=46
num_leaves=15
num_cat=0
split_feature=40 39 39 40 39 38 30 20 30 35 39 16 38 10
split_gain=92.0502 76.9848 79.3738 93.1018 147.577 103.094 165.74 86.6182 85.2497 105.842 73.5122 104.358 92.8326 67.7962
threshold=1.6870672059675229 1.9599887713377362 1.1672008633511177 0.41210572229896647 0.85801550348664568 1.0685111007688302 2.5000000000000004 0.0086084761969130157 2.5000000000000004 0.96189808060690474 0.1826082132192163 0.64586015864093438 1.7126600263866145 -0.65664148961875213
decision_type=10 10 10 10 10 10 2 10 2 10 10 10 10 8
left_child=1 2 3 4 13 -5 10 -4 9 -9 12 -12 -7 -1
right_child=-2 -3 7 5 -6 6 -8 8 -10 -11 11 -13 -14 -15
leaf_value=-0.0016624561354481563 -0.004927239677915596 0.0091260815845670279 -0.016282644939810961 0.0045179552780531124 -0.011864283927355989 -0.014649460620720711 -0.0094584178098071139 0.0075804573542297008 -0.0061120885179045152 -0.0088204509823155454 0.017996798593456525 -0.0018090872872764917 0.0164728227870518 0.0011251245905791942
leaf_weight=12501.336484208703 3193.5162581056356 867.17741383612156 432.93670797348022 8540.4513789266348 946.35920771956444 282.31650812923908 1379.5612374544144 1200.4083382487297 2234.5649129748344 491.16420827805996 557.60486637055874 411.20528511703014 112.99602283537388 21076.060078188777
leaf_count=54097 14767 3819 1905 37026 4190 1228 6253 5173 10148 2184 2416 1810 495 91020
internal_value=5.66517e-06 0.000315252 0.000161161 0.000529548 -0.000243866 0.00289393 -0.00215935 -0.00370243 -0.00227737 0.00279445 0.00523744 0.00965772 -0.00556654 8.70832e-05
internal_weight=54227.7 51034.1 50167 45807.9 34523.8 11284.1 2743.68 4359.07 3926.14 1691.57 1364.12 968.81 395.313 33577.4
internal_count=236531 221764 217945 198535 149307 49228 12202 19410 17505 7357 5949 4226 1723 145117
is_linear=0
shrinkage=0.03


Tree=47
num_leaves=15
num_cat=0
split_feature=40 35 39 30 30 39 35 40 23 39 16 38 30 30
split_gain=79.0225 71.8111 71.3297 64.1877 67.8215 72.7965 61.6807 105.609 60.5203 57.1162 126.858 103.781 102.829 101.941
threshold=1.6870672059675229 -0.54176504572223672 2.1360955966638504 5.5000000000000009 1.5000000000000002 2.5706467476917658 1.6362266788090574 0.2033767778092114 0.059816163208428315 -1.0559787094162867 0.090561935131198854 0.1884379822611825 1.5000000000000002 3.5000000000000004
decision_type=10 10 10 2 2 10 10 10 8 10 8 8 2 2
left_child=2 -2 6 4 -3 -6 8 -8 9 11 12 -1 -11 -12
right_child=1 3 -4 -5 5 -7 7 -9 -10 10 13 -13 -14 -15
leaf_value=-0.0008638448577120392 -0.016387649672438515 0.0027197662799353329 0.011338266376008368 0.0085710584861777711 -0.009708938598030464 0.014387592085310527 0.0044716343665781215 -0.01089752329652679 0.007127861627716117 -0.0042708839929063791 0.0016554738565533037 -0.011933161437375139 0.014297299535907122 -0.0014122545182435535
leaf_weight=5602.8134001195431 392.07426834106445 772.76528379321098 514.1469813734293 376.07043884694576 1550.4425139725208 112.90318705141544 623.84792426228523 1100.9912445694208 1168.2958228141069 356.27485831081867 22810.321178123355 872.69776743650436 1032.4434452354908 17010.441012635827
leaf_count=24256 1845 3506 2236 1725 7250 525 2762 5043 5059 1524 98549 3812 4383 74387
internal_value=4.11548e-05 -0.00452143 0.000328127 -0.00281484 -0.00460037 -0.00799713 0.000213985 -0.005345 0.000411307 0.00024529 0.000656997 -0.00237174 0.00953717 0.000344991
internal_weight=54296.5 3204.26 51092.3 2812.18 2436.11 1663.35 50578.1 1724.84 48853.3 47685 41209.5 6475.51 1388.72 39820.8
internal_count=236862 14851 222011 13006 11281 7775 219775 7805 211970 206911 178843 28068 5907 172936
is_linear=0
shrinkage=0.03


Tree=48
num_leaves=15
num_cat=0
split_feature=40 2 17 1 17 24 40 1 16 1 39 19 39 40
split_gain=75.3277 72.6302 79.5437 64.0894 70.3522 61.1943 57.5007 57.3204 52.826 59.7557 55.4335 47.6875 52.7562 75.4491
threshold=1.6870672059675229 0.62311976321320206 -1.3085707403829641 0.013001434293082741 0.19876690056932714 -0.0070661269435642318 2.23283889851727 0.0095371248327150732 0.13463233177686551 0.017046200527051535 1.8245438580862638 -4.8941994904574075 0.37093414621228415 0.43555503510842047
decision_type=10 10 2 8 2 10 10 10 10 10 10 2 10 10
left_child=1 2 -1 4 -4 8 -2 -8 9 -3 11 -10 13 -13
right_child=6 5 3 -5 -6 -7 7 -9 10 -11 -12 12 -14 -15
leaf_value=-0.0073048922444019755 -0.007552123785613713 0.0078441494711956796 0.0037681793820399791 0.0059176660399697292 -0.0028638838562912291 -0.0011657496118145378 -0.006685910526879499 0.0064870826070841268 -0.0071005141118703702 -0.005134310186057812 0.012488930478744067 0.0010620646945631428 -0.0019717827934949881 0.010435650011445179
leaf_weight=694.69881305098534 2000.5184830874205 1800.8668701499701 3576.9852533489466 4277.5833195447922 2395.3078679889441 26063.071416720748 516.25876219570637 673.47223085165024 752.70332218706608 380.33084516227245 327.26182173192501 5766.7151514589787 4194.3900991231203 883.00830890238285
leaf_count=2991 9265 7684 15394 18382 10455 113787 2434 3111 3256 1664 1436 24848 18374 3804
internal_value=6.45868e-06 0.000285963 0.00245127 0.00311898 0.00110792 -0.000304477 -0.00445855 0.000762856 0.00128664 0.00556802 0.000499467 0.000150656 0.000660047 0.00232057
internal_weight=54303.2 51112.9 10944.6 10249.9 5972.29 40168.3 3190.25 1189.73 14105.3 2181.2 11924.1 11596.8 10844.1 6649.72
internal_count=236885 222075 47222 44231 25849 174853 14810 5545 61066 9348 51718 50282 47026 28652
is_linear=0
shrinkage=0.03


Tree=49
num_leaves=15
num_cat=0
split_feature=38 39 39 15 1 43 19 45 39 38 15 39 36 1
split_gain=88.4249 77.2256 68.5928 72.0105 100.998 75.084 77.7654 58.8617 58.393 102.07 110.279 86.5401 84.6992 83.2771
threshold=2.4351927170351155 2.1360955966638504 0.93687248228760756 0.65419381366723262 0.0083580400563935103 0.2678571428571429 1.2347169397387949 0.6769583106636391 -1.0559787094162867 0.16431645110281123 0.11122397731808441 -0.5187481499629113 -1.2246425163888206 0.016647760472591821
decision_type=10 8 10 8 10 10 2 8 10 10 10 10 10 10
left_child=1 2 8 -4 7 -6 -7 -5 9 10 -1 12 -10 -12
right_child=-2 -3 3 4 5 6 -8 -9 11 -11 13 -13 -14 -15
leaf_value=-0.0066134311373079076 -0.0099715727344094583 0.0080078018596942396 -0.0073596178128827253 0.00074770673546510332 0.013561251664843801 0.014477220254726159 -0.00093878978007286512 -0.011275379196194077 0.011789419449229897 -0.010981319547716599 0.0049857961286193919 0.00016505038158599425 0.0025120998638685408 -0.004871393401196523
leaf_weight=1829.1184300780296 779.84437701106071 1089.7113926559687 2039.3999988585711 541.4529764354229 392.64396917819977 305.16691797971725 4481.0290934741497 1116.3802665323019 1005.3712547719479 984.08041474223137 2821.5861331373453 28688.562825754285 7022.014672011137 1051.2073528915644
leaf_count=7951 3693 4824 9095 2474 1755 1336 20126 5073 4294 4309 12134 124318 30252 4601
internal_value=-7.24129e-06 0.000140205 -2.52917e-05 -0.0024267 -0.000946602 0.00111913 7.22674e-05 -0.00736767 0.000466264 -0.00211037 -0.000562812 0.000935918 0.00368724 0.00230457
internal_weight=54147.6 53367.7 52278 8876.07 6836.67 5178.84 4786.2 1657.83 43401.9 6685.99 5701.91 36715.9 8027.39 3872.79
internal_count=236235 232542 227718 39859 30764 23217 21462 7547 187859 28995 24686 158864 34546 16735
is_linear=0
shrinkage=0.03


Tree=50
num_leaves=15
num_cat=2
split_feature=46 37 40 11 39 40 35 45 40 46 11 10 11 18
split_gain=84.7681 68.4925 71.5821 117.618 73.5052 62.0587 66.1716 61.041 60.7709 103.952 57.2788 72.0407 76.7642 55.8412
threshold=0 -1.6673769028775485 -1.7429079314650811 -0.85340177302642062 -1.2368476687161232 1.5956037031214281 -0.60535529606763605 1.2776982327279967 0.41210572229896647 1 0.86336971405484964 -1.0549041815184024 -0.50321449207147173 1.0937256572917839
decision_type=1 8 8 10 10 10 10 8 10 1 10 8 10 2
left_child=7 -2 3 -3 -4 -6 -7 10 13 -10 11 12 -1 -9
right_child=1 2 4 -5 5 6 -8 8 9 -11 -12 -13 -14 -15
leaf_value=-0.0055035075062541475 0.0050062315847459156 0.022556675694501746 -0.0080070256018310946 -0.0045273924609965325 -0.00082702866175382616 -0.020181461598687278 -0.0041133825122448113 0.0044325758516133495 -0.0015599412447185775 0.018895543356028534 -0.0031712995623417125 0.0023862135462697298 0.0068477618047676353 -0.010160384538718046
leaf_weight=2181.6917500793934 1582.5397354513407 280.34499411284924 1506.8376784622669 281.37257692217827 26944.036695376039 251.34713207185268 2058.3317887485027 1587.5987909138203 352.29491482675076 602.2249368429184 2844.8515946120024 12924.961865261197 561.73490817844868 267.23992137610912
leaf_count=9482 6792 1194 6615 1202 117859 1190 9550 6671 1516 2583 12492 55899 2412 1141
internal_value=-0.000108973 -0.00106353 -0.00137204 0.00914798 -0.00156706 -0.00123272 -0.00594143 0.00136376 0.00547683 0.0115877 0.000737728 0.00144905 -0.00295882 0.00228685
internal_weight=54227.4 32904.8 31322.3 561.718 30760.6 29253.7 2309.68 21322.6 2809.36 954.52 18513.2 15668.4 2743.43 1854.84
internal_count=236598 144402 137610 2396 135214 128599 10740 92196 11911 4099 80285 67793 11894 7812
cat_boundaries=0 1 2
cat_threshold=624 64
is_linear=0
shrinkage=0.03


Tree=51
num_leaves=15
num_cat=0
split_feature=40 39 40 37 40 10 40 40 0 36 10 12 36 37
split_gain=69.2297 82.648 68.2317 63.1822 105.931 109.182 97.0928 81.1156 72.2382 70.5023 66.8194 64.2879 150.392 124.426
threshold=1.6870672059675229 2.1360955966638504 2.23283889851727 0.48426603659211115 -0.58166541068976751 -0.47738682405060395 0.30925414985748317 1.2016660919322455 0.0097414163197507477 -0.4581916596587377 -1.5741426812072217 0.029952045967160997 -0.25208161887339237 -1.6673769028775485
decision_type=8 10 10 10 10 8 10 10 10 10 10 2 10 10
left_child=1 3 -2 6 5 8 11 10 -5 -7 -6 13 -13 -1
right_child=2 -3 -4 4 7 9 -8 -9 -10 -11 -12 12 -14 -15
leaf_value=0.0080275011309153006 -0.0076830611782826913 0.011917617327515109 0.0013762067834577642 -0.011767458837699007 0.016282424728916313 -0.0085099223035440836 0.0033784876626759886 0.0030471427849509615 0.0077343431129909814 0.019079815237418758 -0.0037694338029333305 -0.0089088148796469795 0.0024503341897765974 -0.00020629024629416538
leaf_weight=1781.9968569278717 2028.8999127149582 523.88970549404621 1177.8036502450705 334.21354903280735 141.98821423947811 91.818237602710724 9192.0405655503273 2015.5631821602583 330.05750334262848 556.69156308472157 10745.259161770344 2231.7483231574297 1965.1190243661404 21104.856146484613
leaf_count=7554 9424 2265 5499 1453 616 401 39765 9033 1432 2398 47400 9872 8497 90980
internal_value=-9.31115e-05 0.000176005 -0.00436171 5.18405e-05 -0.00164273 0.00644514 0.000716172 -0.00246998 -0.00210657 0.0151037 -0.00349322 -0.000188315 -0.00359689 0.000438028
internal_weight=54221.9 51015.2 3206.7 50491.4 14215.6 1312.78 36275.8 12902.8 664.271 648.51 10887.2 27083.7 4196.87 22886.9
internal_count=236589 221666 14923 219401 62733 5684 156668 57049 2885 2799 48016 116903 18369 98534
is_linear=0
shrinkage=0.03


Tree=52
num_leaves=15
num_cat=0
split_feature=38 32 37 40 11 45 40 30 37 35 19 11 40 11
split_gain=70.5152 69.2881 103.703 69.6724 74.7175 65.2971 64.1157 60.2822 69.6916 50.938 49.0661 59.7147 64.0061 47.1647
threshold=2.3167264682209381 -0.19069274966621272 -1.5245958401120399 -1.6320170662874254 -0.94415012656121566 1.2724157480147971 -0.89987225746567989 3.5000000000000004 0.53770606249899522 -0.49531024229619941 -4.4585676068396873 -0.5384129786358508 -1.002746323103848 0.54488197310641284
decision_type=8 10 10 10 8 8 10 2 10 10 2 10 10 10
left_child=1 7 6 4 -4 10 -3 -1 -9 -6 11 -5 -13 -8
right_child=-2 2 3 5 9 -7 13 8 -10 -11 -12 12 -14 -15
leaf_value=0.00015978857975322628 -0.0077563909533439933 0.0031610097710481769 0.025344256121533598 -0.0047916036880653479 -0.010949002688966574 0.0040896090075082572 0.018776926572832052 -0.0015507577436016519 -0.007959959111126744 0.010959339668680302 0.00046595590857952964 -0.0076707939063198893 0.014109390738109793 -0.0035285975427314276
leaf_weight=12010.249045267701 1009.2495786696672 855.35442212224007 198.09852333366871 3164.3601150512695 140.93661904335022 3937.7953584641218 572.79057863354683 5943.1401983052492 2048.1660465747118 251.49287909269333 23389.225172042847 183.2491360604763 322.63708575069904 96.58903269469738
leaf_count=52054 4759 3679 846 13744 612 16866 2432 25773 9210 1069 102547 797 1386 415
internal_value=5.98225e-05 0.000209775 0.0010518 0.000681563 0.0108026 0.000485325 0.0086675 -0.00118402 -0.00320133 0.00301465 -4.05008e-05 -0.00326047 0.00622411 0.0155538
internal_weight=54123.3 53114.1 33112.5 31587.8 590.528 30997.3 1524.73 20001.6 7991.31 392.429 27059.5 3670.25 505.886 669.38
internal_count=236189 231430 144393 137867 2527 135340 6526 87037 34983 1681 118474 15927 2183 2847
is_linear=0
shrinkage=0.03


Tree=53
num_leaves=15
num_cat=1
split_feature=46 10 38 45 11 1 39 11 15 18 38 30 11 39
split_gain=71.376 70.0889 66.9734 64.2997 64.1684 55.995 55.6365 71.3146 58.4375 56.2283 55.6047 74.8843 86.4522 75.3596
threshold=0 -1.1856947994811173 2.4351927170351155 1.0475926253791639 0.44196332934185162 0.0056776920365100786 0.69352394609326851 -0.66331387942076458 0.64634146341463439 -2.4790821107512029 -1.3963147451623739 1.5000000000000002 0.58464214319630103 -0.98884515999362288
decision_type=1 8 10 8 10 10 10 8 10 2 8 2 10 10
left_child=1 5 10 4 6 -1 7 -3 -8 -9 11 -2 13 -13
right_child=2 3 -4 -5 -6 -7 8 9 -10 -11 -12 12 -14 -15
leaf_value=0.017148092300484068 -0.0047642945688554494 -0.00069373468452583673 -0.011168816200570454 0.0044257309107712441 -0.0038127862212951197 -0.005072865431869915 -0.010794595491260712 -0.0074125223837130808 0.002339442136794307 0.0079125165992611421 -0.00092442141515966341 0.0032003771256571231 -0.010590622168886513 0.015694227098896275
leaf_weight=98.507976740598679 711.39680434763432 2064.1894786506891 537.16547948122025 6841.519743680954 2252.596580773592 1796.164823487401 547.20588637888432 227.3136034309864 666.97531028091908 2573.4588833451271 33944.034836277366 984.35995894670486 226.56140269339085 777.29897928237915
leaf_count=423 3081 8836 2574 29371 9920 7784 2422 971 2988 11002 148872 4213 981 3305
internal_value=-1.28257e-05 0.00159218 -0.000750062 0.00227282 0.000501786 -0.00383359 0.00210417 0.00353718 -0.00361962 0.00664677 -0.000594531 0.0035415 0.00652233 0.00877052
internal_weight=54248.7 17067.9 37180.8 15173.3 8331.74 1894.67 6079.14 4864.96 1214.18 2800.77 36643.7 2699.62 1988.22 1761.66
internal_count=236743 73717 163026 65510 36139 8207 26219 20809 5410 11973 160452 11580 8499 7518
cat_boundaries=0 1
cat_threshold=112
is_linear=0
shrinkage=0.03


Tree=54
num_leaves=15
num_cat=2
split_feature=38 45 45 46 45 46 19 1 24 13 1 19 0 19
split_gain=82.0977 63.6327 80.0138 89.1758 69.0474 69.3342 69.7885 72.7745 59.5461 54.9075 80.8319 54.7335 53.6794 51.809
threshold=2.3167264682209381 1.0475926253791639 1.0956700425620676 0 1.1791811602757998 1 -4.3991368815194454 0.015631366246916741 -0.018136352898559579 56.299720232889605 0.01458789679007874 -6.3913857754987928 0.021605821935525658 4.9202242663573807
decision_type=8 8 10 1 10 1 2 10 10 10 10 2 10 2
left_child=1 8 3 13 11 6 7 -6 -1 12 -11 -4 -7 -3
right_child=-2 2 4 -5 5 9 -8 -9 -10 10 -12 -13 -14 -15
leaf_value=0.001890928691804512 -0.0086534703567099549 0.0079058569920161491 -0.010754783607483959 0.00077065133881741511 0.0056630454275964637 0.0032057670332786615 0.010143341688994291 -0.018367101407013076 -0.0015924710790776687 -0.0083253734217803941 0.0020083347305319276 -0.0012437836566233965 -0.0034728923054179201 0.026504423937038793
leaf_weight=5411.063722088933 998.09688107669353 1974.286223962903 583.92176432907581 2434.7889101803303 305.13403430581093 6088.1293109953403 1453.5852950364351 167.59442991018295 23848.097103491426 1301.3018668293953 1411.4519066810608 6608.1593195647001 1308.3825829476118 137.45339316129684
leaf_count=23491 4731 8551 2546 10623 1287 25956 6183 724 104674 5735 6157 28854 5682 612
internal_value=-0.000172479 -1.1264e-05 0.0011413 0.00471575 0.000294088 0.00168332 0.00686856 -0.00306026 -0.00094784 0.000682009 -0.00296109 -0.00202984 0.00202127 0.00919233
internal_weight=54031.4 53033.3 23774.2 4546.53 19227.7 12035.6 1926.31 472.728 29259.2 10109.3 2712.75 7192.08 7396.51 2111.74
internal_count=235806 231075 102910 19786 83124 51724 8194 2011 128165 43530 11892 31400 31638 9163
cat_boundaries=0 1 2
cat_threshold=480 531
is_linear=0
shrinkage=0.03


Tree=55
num_leaves=15
num_cat=0
split_feature=2 13 40 1 1 12 9 37 1 39 13 38 39 39
split_gain=63.3263 75.5193 84.3264 77.7233 73.4496 72.4698 61.9567 92.8241 110.437 58.4533 56.4391 53.4666 67.0416 52.4932
threshold=0.65610063064035684 36.006583485429637 -1.7429079314650811 0.014673994727139301 0.011160289852479294 0.015932723597587409 -1.624438471537297 -1.5659205117258168 0.012701597206060707 -0.4066262398567439 47.507487475944046 2.3167264682209381 2.066749340359169 0.85801550348664568
decision_type=10 8 8 8 10 2 8 10 10 10 10 10 10 10
left_child=1 4 -3 10 -1 -5 -2 8 -8 -10 -4 12 13 -9
right_child=6 2 3 5 -6 -7 7 11 9 -11 -12 -13 -14 -15
leaf_value=0.0026778584297712403 -0.0067688810096017864 0.023932856522194165 0.0035988721118743114 0.019599789204571352 -0.014741478740606637 0.0042904250838749994 0.01071045338214793 -0.00022884748303122533 0.00011840753962047048 -0.022989786882909067 -0.0015535945916184417 -0.0080010164540643604 0.0067798000842430543 -0.0030269983103197303
leaf_weight=396.3670270293951 1430.9823037683964 150.58434575796127 3033.2507552951574 292.03066472709179 466.68531370162964 3744.567415446043 1385.4232414215803 27545.413209825754 807.73057585954666 102.18857738375664 5143.653477191925 894.80066581070423 1060.2661053836346 7717.198456466198
leaf_count=1699 6256 629 13029 1250 2013 16123 5845 119445 3501 441 22451 4280 4716 34758
internal_value=-7.55157e-05 0.00172835 0.00232884 0.00204311 -0.0068024 0.00544369 -0.000658542 -0.000435596 0.00540625 -0.00269846 0.000359792 -0.000797238 -0.000617623 -0.000841905
internal_weight=54171.1 13227.1 12364.1 12213.5 863.052 4036.6 40944 39513 2295.34 909.919 8176.9 37217.7 36322.9 35262.6
internal_count=236436 57194 53482 52853 3712 17373 179242 172986 9787 3942 35480 163199 158919 154203
is_linear=0
shrinkage=0.03


Tree=56
num_leaves=15
num_cat=1
split_feature=46 45 44 24 43 38 1 36 6 38 1 43 21 11
split_gain=69.4798 64.1554 55.4672 49.1798 61.2183 52.1199 45.9119 64.5289 55.4858 42.0756 86.326 40.9415 38.5457 36.8927
threshold=0 1.2724157480147971 -0.04231805080516704 -0.031251120217152199 0.88194444444444453 2.4351927170351155 0.0058326719473964627 -0.2051895091241602 1.3688808521291833 -1.4635819411174202 0.017365360264248179 0.43650793650793657 0.22158996940040451 0.89422694295813121
decision_type=1 8 8 10 10 10 10 10 10 10 10 10 10 10
left_child=1 13 -3 4 -2 6 11 9 -9 10 -8 -5 -13 -1
right_child=3 2 -4 5 -6 -7 7 8 -10 -11 -12 12 -14 -15
leaf_value=0.0012962273039734983 0.0051548213393997197 -0.0046702896998379378 0.0071906387391057515 0.00015338904162956197 -0.0057683453000917503 -0.011270257604749456 0.0061894552440444209 0.0011665836625520446 -0.0041828902779938821 -0.0033600023135210962 -0.012447763698231442 -0.010167425344127212 -0.0018059880295334626 -0.0025013222020634565
leaf_weight=15772.009285122156 2279.5395683944225 406.02934803068638 2506.6352306902409 1158.340504989028 569.58130139112473 442.05206009745598 1072.1670175641775 14761.012144818902 1968.9302432984114 8206.9598246663809 272.20705659687519 1255.3144148588181 824.70571905374527 2686.1555150449276
leaf_count=68236 9887 1737 10581 5136 2476 2150 4560 64622 8965 35970 1220 5527 3630 11816
internal_value=6.58303e-05 0.00139622 0.00552689 -0.000801043 0.00295858 -0.00115969 -0.00100452 -0.000588403 0.000534887 -0.00255444 0.00235177 -0.00436936 -0.00687671 0.000742527
internal_weight=54181.6 21370.8 2912.66 32810.8 2849.12 29961.7 29519.6 26281.3 16729.9 9551.33 1344.37 3238.36 2080.02 18458.2
internal_count=236513 92370 12318 144143 12363 131780 129630 115337 73587 41750 5780 14293 9157 80052
cat_boundaries=0 1
cat_threshold=624
is_linear=0
shrinkage=0.03


Tree=57
num_leaves=15
num_cat=0
split_feature=6 36 12 36 30 40 39 40 45 37 23 39 37 40
split_gain=71.2852 71.3161 131.636 108.073 110.235 94.0717 99.5212 80.9994 74.402 68.2885 62.2384 60.3425 57.1643 70.4358
threshold=1.3688808521291833 -0.28805754310525838 0.026987738430966763 -2.306956404212253 1.0000000180025095e-35 -1.7429079314650811 -1.803152513603415 1.4204165714599706 0.7666111016835252 -1.0618984746628379 0.059816163208428315 -1.4934641290618751 -1.7842672868464209 -0.72309675082276625
decision_type=10 8 2 10 2 8 8 10 8 10 8 10 10 8
left_child=1 2 3 4 -1 9 -7 12 -8 -3 -10 -11 13 -5
right_child=-2 5 -4 7 -6 6 8 -9 10 11 -12 -13 -14 -15
leaf_value=-0.013403249337830951 -0.0037307890822457146 -0.0014427479206736661 -0.0060285009663470874 0.0012125716339436475 0.017887158259943654 -0.024509781231640295 -0.0018823211028708173 -0.011331098718061632 0.0015857448569477721 0.010767891763299413 0.010798203200351967 0.038786426308403524 -0.00038625588340866188 0.020018895832422331
leaf_weight=117.02345661818981 4099.9667296409607 153.9844800978899 3879.3200586885214 499.25513286888599 529.18420425057411 126.84467478096485 5982.4342888593674 570.21055774390697 25190.642434731126 174.41717645525932 668.1749475300312 118.42476433515549 11788.922155469656 270.85971260070801
leaf_count=498 18729 657 17122 2111 2237 560 26400 2631 109340 731 2880 491 50941 1134
internal_value=6.73946e-05 0.000379092 -0.00115465 0.000221257 0.0121028 0.00121454 0.00102105 -0.000372306 0.00113042 0.0147328 0.00182787 0.0230051 0.000133869 0.00799883
internal_weight=54169.7 50069.7 17654.8 13775.5 646.208 32414.9 31968.1 13129.2 31841.3 446.826 25858.8 292.842 12559 770.115
internal_count=236462 217733 76674 59552 2735 141059 139180 56817 138620 1879 112220 1222 54186 3245
is_linear=0
shrinkage=0.03


Tree=58
num_leaves=15
num_cat=0
split_feature=30 41 19 15 11 2 11 20 2 2 0 14 30 32
split_gain=59.2351 157.307 101.574 97.1884 129.581 96.6816 85.2852 77.8095 97.8365 76.102 71.5525 95.4346 70.5434 67.8654
threshold=3.5000000000000004 0.95000000000000007 3.4917613228338062 0.35960144433001157 -1.6323180237845316 0.4786537057649573 0.51939010961883325 -0.12917434993354868 1.0809558926748146 1.552667025640428 0.010799783714051632 0.36911107982183305 1.5000000000000002 -0.23342274625466639
decision_type=2 2 2 10 8 8 10 8 8 10 10 10 2 8
left_child=5 3 -3 4 10 -1 13 9 -9 -7 11 -2 -11 -6
right_child=1 2 -4 -5 6 7 -8 8 -10 12 -12 -13 -14 -15
leaf_value=0.0084436032745117615 0.0097999040201578458 -0.010824265739960259 -0.00057711663797177059 -0.00183289626781898 0.00073220058177938553 -0.0019347661077336552 -0.0049460642634165603 0.0035822599713268627 -0.0012836941469237515 -0.0017318816943292167 -0.026160172156490098 -0.019883046204399162 0.012549424736588844 0.0070778843565327655
leaf_weight=1436.9257178455591 208.00260795652866 2227.6709268689156 1426.950196787715 11437.705786094069 2405.6932870447636 12030.983153969049 927.51603771746159 10652.482399195433 5704.0961377471685 582.73719334602356 183.64766056835651 166.80197116732597 653.01923370361328 4106.8645528256893
leaf_count=6136 895 9956 6578 50481 10328 51946 4000 46232 25372 2545 804 723 2814 17585
internal_value=1.60284e-05 -0.00113447 -0.00683575 -5.94882e-05 0.00247557 0.000871425 0.0035262 0.000501399 0.00188559 -0.00120531 -0.0113375 -0.00358353 0.00585504 0.00473855
internal_weight=54151.1 23090.9 3654.62 19436.2 7998.53 31060.2 7440.07 29623.3 16356.6 13266.7 558.452 374.805 1235.76 6512.56
internal_count=236395 101350 16534 84816 34335 135045 31913 128909 71604 57305 2422 1618 5359 27913
is_linear=0
shrinkage=0.03


Tree=59
num_leaves=15
num_cat=0
split_feature=6 30 41 39 30 40 20 38 11 11 40 11 37 11
split_gain=58.3607 57.0269 134.155 100.542 119.99 106.499 98.3401 95.3073 92.812 102.008 83.6685 225.833 137.145 83.3829
threshold=1.7515906354602111 3.5000000000000004 0.95000000000000007 0.61803854605345954 4.5000000000000009 0.30925414985748317 -0.21390204632631951 1.0481912326927421 1.6325345996922713 -1.2535185208824504 -1.7429079314650811 -0.80296792993455124 -2.4114378402575984 -1.600517049591518
decision_type=10 2 2 10 2 8 10 10 10 8 10 10 8 8
left_child=1 6 3 5 -5 13 10 -7 9 -6 11 12 -1 -3
right_child=-2 2 -4 4 8 7 -8 -9 -10 -11 -12 -13 -14 -15
leaf_value=-0.0090574926990233326 -0.004862888330133203 -0.0095380986080629351 -0.0066342180813086099 -0.011921622600594492 0.021028889990337422 0.0082561501606130717 0.0023925101319873308 -0.010672444320665201 0.011310507474134123 -0.004386581911032127 -0.0017613290835983072 -0.011562670929931709 0.028970510423254978 0.00054562371018693765
leaf_weight=103.93265062570572 2250.7276916056871 781.02131143212318 3323.2343801259995 1240.0334162265062 140.23474423587322 2467.5689201205969 17195.187364175916 256.42693296074867 462.89930108189583 2674.3368699252605 11588.056626647711 309.65661884844303 382.31049224734306 11008.658927813172
leaf_count=460 10375 3398 15007 5641 609 10627 74763 1148 2043 12052 50013 1336 1638 47445
internal_value=-0.000144381 6.10097e-05 -0.00108225 -0.00010979 -0.00401314 0.00110709 0.000925103 0.00644176 -0.000993792 -0.0030503 -0.00111269 0.00823602 0.0208234 -0.000129902
internal_weight=54184.3 51933.6 22354.4 19031.2 4517.5 14513.7 29579.1 2724 3277.47 2814.57 12384 795.9 486.243 11789.7
internal_count=236555 226180 97970 82963 20345 62618 128210 11775 14704 12661 53447 3434 2098 50843
is_linear=0
shrinkage=0.03


Tree=60
num_leaves=15
num_cat=0
split_feature=45 2 17 38 1 36 39 20 40 1 2 39 41 40
split_gain=68.1784 69.3771 81.6028 54.1747 86.3262 103.837 92.7663 123.678 74.7794 74.3503 68.2645 110.909 56.6234 54.0652
threshold=0.75355126082330504 0.64894873455049451 -1.4937015322832561 0.53075676730610744 0.014171956114303904 -0.21263457927127294 0.46772567244585855 -0.064489697721573078 0.66177805286887714 0.016050695928751215 0.9533946248948959 -1.3513121520578169 0.8500000000000002 -1.7976266053651186
decision_type=8 10 2 10 10 8 10 10 10 10 10 8 2 8
left_child=-1 2 -2 4 6 -6 10 -8 9 12 11 -3 -5 -12
right_child=1 3 -4 8 5 -7 7 -9 -10 -11 13 -13 -14 -15
leaf_value=-0.0022282597790780939 -0.0093953953586824613 -0.013587366685319192 0.0032718830540922048 -0.012256650337066063 -0.005113727991338135 0.0014573220574841512 -0.011463978836985935 0.0010122470383126688 0.00036953537222857863 0.00179559247235435 0.016279629053039094 0.002068565740558487 -0.0040461871134374102 0.0046579922677301355
leaf_weight=9527.0666880011559 470.04884785413742 433.35572044551373 10034.639402508736 1233.3702483326197 4211.1261317282915 4434.7853517532349 940.81941543519497 2879.0669478029013 5379.6976609826088 1096.9697837233543 375.05946762859821 4993.5404613614082 1969.6882626265287 6143.939582541585
leaf_count=42081 2034 1876 43203 5389 18522 19188 4102 12720 24385 4804 1587 21430 8681 26322
internal_value=7.4058e-05 0.000566291 0.00269667 -9.07464e-05 0.000662354 -0.00174542 0.00198304 -0.0020825 -0.00198874 -0.00493316 0.00328371 0.000795696 -0.00723602 0.00535053
internal_weight=54123.2 44596.1 10504.7 34091.4 24411.7 8645.91 15765.8 3819.89 9679.73 4300.03 11945.9 5426.9 3203.06 6519
internal_count=236324 194243 45237 149006 105747 37710 68037 16822 43259 18874 51215 23306 14070 27909
is_linear=0
shrinkage=0.03


Tree=61
num_leaves=15
num_cat=1
split_feature=46 9 19 36 42 40 15 1 11 9 23 1 30 32
split_gain=65.9429 67.5627 60.295 59.6422 56.4252 67.6644 98.3392 55.2849 53.14 79.6805 44.8536 51.1675 57.8987 41.7986
threshold=0 -1.7189852790298679 -8.7724866231415977 1.4359488069466226 0.81666666666666676 -1.7429079314650811 0.16364893325070931 0.0048546617483577479 2.029749964309405 0.38541373607991375 0.049488206976955502 0.0046453865518241745 2.5000000000000004 -0.23342274625466639
decision_type=1 8 2 10 10 10 8 8 10 8 10 8 2 10
left_child=1 -1 -3 7 5 6 -2 -4 10 -10 11 12 -7 -13
right_child=4 2 3 -5 -6 8 -8 -9 9 -11 -12 13 -14 -15
leaf_value=-0.0085304322606169145 0.00052138117738093699 -0.011224740931443353 0.012641196705081938 -0.0037686833839390122 -0.0033369021371391023 0.00059773012068372244 0.024287313431902505 0.0017645325644408852 -0.0045314292998653929 0.014013940412838771 0.0062976918654686631 -0.0026812143827202976 -0.013135174490228444 0.00033459830548277213
leaf_weight=623.46043035387993 434.24305702745914 326.53238943219185 418.90410158038139 1746.349474042654 6775.2082185894251 479.5000234246254 235.56418207287788 22589.863762676716 336.83151367306709 521.16482505202293 757.39606542885303 6329.9887454211712 639.34207504987717 11893.419431686401
leaf_count=2770 1863 1429 1782 7862 29936 2105 987 97277 1467 2295 3344 27853 2862 52425
internal_value=4.63091e-05 0.00114673 0.00139104 0.00156191 -0.000949721 -0.000201134 0.00911393 0.00196796 -0.000503049 0.00676509 -0.000816514 -0.0010982 -0.00729653 -0.000713855
internal_weight=54107.8 25705.1 25081.6 24755.1 28402.7 21627.4 669.807 23008.8 20957.6 857.996 20099.6 19342.3 1118.84 18223.4
internal_count=236257 111120 108350 106921 125137 95201 2850 99059 92351 3762 88589 85245 4967 80278
cat_boundaries=0 1
cat_threshold=752
is_linear=0
shrinkage=0.03


Tree=62
num_leaves=15
num_cat=1
split_feature=46 44 39 43 11 9 10 11 16 45 38 19 9 24
split_gain=55.465 62.4697 64.3224 70.7001 71.7961 61.0165 56.4194 53.2348 101.33 86.5728 54.9192 52.3553 49.726 49.2404
threshold=0 0.006353462970394806 0.44698073876507471 0.29285714285714287 -0.42224763612007898 -1.7189852790298679 0.85796315936754086 2.1654184360741673 0.84818621766021252 0.73994361840108314 -1.4635819411174202 -9.1492635282092873 0.52068108456307483 -0.018885959684658473
decision_type=1 10 8 10 8 8 10 10 10 10 10 2 10 10
left_child=5 7 6 -4 12 -1 -3 10 -9 -10 -2 -7 -5 -12
right_child=1 2 3 4 -6 11 -8 8 9 -11 13 -13 -14 -15
leaf_value=-0.0082259886843116768 0.0064333483483642586 -0.0022013526425144017 0.011141102583369571 -0.011818110084957206 -0.0086122413653325035 -0.012278007149631922 0.0051951716040756143 -0.0089210075820048539 0.0017186095664115328 0.030284021701392678 0.002893814847000695 0.0013909447962531976 0.012931847566371977 -0.0013469471550219686
leaf_weight=616.59988316893578 1073.2634598910809 6211.2622251063585 194.06868572533131 93.894966185092926 2937.6197602599859 244.86415384709835 1081.1983775645494 181.52582882344723 170.97458671033382 209.9691049605608 3028.8770215660334 24838.303183957934 242.50698068737984 13025.264943629503
leaf_count=2744 4598 27124 864 413 13307 1079 4742 789 758 911 13220 107233 1078 57585
internal_value=1.19526e-05 -0.00090029 -0.00270188 -0.00605922 -0.0071096 0.00102174 -0.00109911 0.000195997 0.0091952 0.0178352 -0.000104733 0.00125267 0.00588201 -0.000545555
internal_weight=54150.2 28450.4 10760.6 3468.09 3274.02 25699.8 7292.46 17689.9 562.47 380.944 17127.4 25083.2 336.402 16054.1
internal_count=236445 125389 47528 15662 14798 111056 31866 77861 2458 1669 75403 108312 1491 70805
cat_boundaries=0 1
cat_threshold=752
is_linear=0
shrinkage=0.03


Tree=63
num_leaves=15
num_cat=0
split_feature=40 35 30 30 16 38 39 35 40 39 39 39 11 40
split_gain=62.2727 75.9144 73.9233 106.49 93.7473 85.7154 70.6425 64.8878 73.5955 94.5013 133.69 89.2218 97.2773 69.7887
threshold=1.5956037031214281 -0.74783702491892645 1.5000000000000002 4.5000000000000009 0.66265060240963869 0.21189263512999842 2.1360955966638504 1.5887278257402191 0.41210572229896647 0.78413514254632943 1.3899232382372873 1.1672008633511177 1.6014430465954312 1.3495485063792458
decision_type=8 8 2 2 8 8 10 10 10 10 10 10 10 10
left_child=6 -2 4 -4 -3 -5 7 8 9 -1 -11 -10 13 -13
right_child=1 2 3 5 -6 -7 -8 -9 11 10 -12 12 -14 -15
leaf_value=3.6439773389925528e-05 -0.0172137745380696 0.02107037910532426 -0.010312859677979075 -0.014188458827640688 -0.00059501806082571892 0.0064887476054559983 0.011828861027303218 -0.0053658988318804075 0.0035972904840389985 -0.010617405162829226 0.009597527880750481 -0.0072693643017958005 0.0093276489365489625 0.0041205487706143986
leaf_weight=32526.786955222487 330.10966381430626 227.43817986547947 1451.3522549718618 218.82887215912342 737.69162797927856 845.53935699164867 463.20251502096653 1817.4438586235046 10444.052978202701 1549.7692570835352 354.67759351432323 1998.1671720445156 541.32518480718136 630.70833566784859
leaf_count=140474 1576 1014 6850 997 3351 3935 1995 8262 45381 6883 1565 8943 2373 2823
internal_value=1.19062e-05 -0.00368039 -0.0023513 -0.00505443 0.00467427 0.00214512 0.000292182 0.000182661 0.000393623 -0.000344792 -0.00682218 0.00226 -0.00214309 -0.00453149
internal_weight=54137.1 3810.96 3480.85 2515.72 965.13 1064.37 50326.1 49862.9 48045.5 34431.2 1904.45 13614.3 3170.2 2628.88
internal_count=236422 17723 16147 11782 4365 4932 218699 216704 208442 148922 8448 59520 14139 11766
is_linear=0
shrinkage=0.03


Tree=64
num_leaves=15
num_cat=0
split_feature=6 36 12 37 35 37 15 39 39 13 34 38 20 30
split_gain=62.3873 83.639 131.911 78.7792 64.8595 53.1016 94.298 75.3679 82.235 65.2699 66.9273 59.5439 58.2082 55.5346
threshold=0.92267637089513188 -0.28805754310525838 0.030961047603232487 0.38070963865079954 0.1356241391153391 -1.7842672868464209 0.1024590163934427 -1.0054662064602138 -0.5187481499629113 36.495969951083929 -1.6571741863182037 -0.91267768938915006 -0.64544849251934588 1.5000000000000002
decision_type=10 10 2 10 10 10 10 10 10 10 10 10 10 2
left_child=1 2 3 4 5 6 -1 12 11 10 -10 -9 -7 -8
right_child=-2 -3 -4 -5 -6 7 13 8 9 -11 -12 -13 -14 -15
leaf_value=-0.0021013529193597172 -0.0023992499179641006 0.0014574243226168995 -0.0072743319008439344 -0.0048784668668657959 -0.013138293796791923 -0.0089575181756369106 0.00013036858449332709 0.014423971639363771 0.0066693220524046727 0.001812232700193253 -0.0081036100616771883 0.00353575475738435 0.0017377344679499836 0.01955562440331007
leaf_weight=548.51984941959381 8058.6369626224041 28661.723612084985 2688.6839613318443 2523.9915142208338 278.06032761931419 1165.4912569820881 178.89142417907715 643.8930965512991 340.67815896868706 5064.9490405917168 1311.9879290163517 1496.5726892501116 745.68582819402218 501.77371594309807
leaf_count=2324 36319 124428 11982 11160 1204 5055 755 2731 1468 21931 5649 6421 3231 2093
internal_value=3.45759e-05 0.000459986 -0.00117454 -6.22787e-05 0.000931072 0.00126779 0.00714908 0.000590505 0.00175703 0.000122317 -0.00503654 0.00686298 -0.00479722 0.0145261
internal_weight=54209.5 46150.9 17489.2 14800.5 12276.5 11998.4 1229.18 10769.3 8858.08 6717.62 1652.67 2140.47 1911.18 680.665
internal_count=236751 200432 76004 64022 52862 51658 5172 46486 38200 29048 7117 9152 8286 2848
is_linear=0
shrinkage=0.03


Tree=65
num_leaves=15
num_cat=0
split_feature=38 10 2 1 45 38 9 15 44 11 45 37 37 23
split_gain=53.7708 61.2596 51.17 73.5025 53.3984 56.2215 48.4606 57.7838 46.4572 42.429 66.2156 51.0256 63.5059 42.9177
threshold=2.3167264682209381 -0.30084587126346246 0.31279342163208884 0.0088589984638398067 0.74908634428331589 -1.0452144928781455 -1.6691652982158918 0.19486031339430446 -0.069675069352657479 1.6665900934903779 0.86534225062184067 1.4478568162985219 0.80404769041993718 0.059816163208428315
decision_type=10 10 10 8 8 10 8 8 10 10 10 10 10 10
left_child=2 -2 3 -1 5 -4 7 -6 -7 13 -11 12 -12 -8
right_child=1 -3 4 -5 6 8 9 -9 -10 10 11 -13 -14 -15
leaf_value=-0.0065959713968761708 0.016269529951165429 -0.0095501813962985925 0.0041424402535938324 0.014354767474318068 -0.0080058666578175595 0.01034121832959493 0.00010478050399261408 0.010652853911227618 -0.0034839072409575426 0.015989554514861996 0.0035246912757170199 0.013446087203840572 -0.0085026677099855827 0.0067487124471206188
leaf_weight=209.54959212243557 82.259241387248039 865.41847398877144 1093.1911021322012 485.74916584789753 1079.7117018252611 215.71337150037289 38698.285062417388 164.25577335059643 7651.679915368557 355.48015008866787 1608.5875966101885 309.99275980889797 512.74591819941998 885.29657691717148
leaf_count=912 380 4187 4700 2052 4759 972 168325 717 33867 1556 6928 1373 2248 3825
internal_value=-0.000116964 -0.00716253 9.69784e-06 0.00803662 -9.79657e-05 -0.00220594 0.000335524 -0.00547683 -0.00309219 0.000507423 0.00407851 0.00227865 0.000591314 0.000255041
internal_weight=54217.9 947.678 53270.2 695.299 52574.9 8960.58 43614.4 1243.97 7867.39 42370.4 2786.81 2431.33 2121.33 39583.6
internal_count=236801 4567 232234 2964 229270 39539 189731 5476 34839 184255 12105 10549 9176 172150
is_linear=0
shrinkage=0.03


Tree=66
num_leaves=15
num_cat=1
split_feature=46 16 1 11 40 35 24 11 19 8 1 37 11 44
split_gain=62.3563 62.2501 96.5485 67.4104 51.4398 59.8125 53.9677 52.9699 74.4611 50.4579 55.1148 54.7588 49.9021 59.2577
threshold=0 0.2897524320742732 0.017365360264248179 -0.15997268897982858 1.4733676904593993 -0.54176504572223672 0.005599883616870944 -0.43407399619699055 0.74093051194289017 -0.78242534309202016 0.020797413148565622 0.66199342916143378 -0.81624010835502825 -0.030109115550525593
decision_type=1 8 10 10 10 10 10 8 2 10 10 8 8 10
left_child=1 2 -1 12 6 -6 -2 8 -7 -5 11 -11 13 -3
right_child=4 3 -4 9 5 7 -8 -9 -10 10 -12 -13 -14 -15
leaf_value=0.0004415771871779516 0.00051512331261192488 0.019409321852228135 -0.0091902545414145106 -0.004936277163341384 -0.016161517821593394 -0.0039224812531337347 -0.0021066694130618627 -0.0044395284409486238 0.030436811161299496 0.0027950884018444503 0.0073707047052883404 -0.0025318159404664627 0.0076493173114192681 -0.0011992519772857345
leaf_weight=6089.9720946848392 18517.895285785198 129.08785404264927 1096.7040395587683 1130.7255459576845 350.22928887605667 129.29642973840237 11413.168694987893 2213.6168995648623 88.518140181899071 4516.5837018936872 1330.0239701122046 2808.5490164011717 2994.6076351553202 1283.8028075844049
leaf_count=26035 80757 553 4796 4832 1661 590 50185 10309 403 19433 5745 12590 12888 5483
internal_value=-2.48805e-05 0.00123439 -0.00103899 0.00238629 -0.000848147 -0.00474322 -0.000484976 -0.00303904 0.010764 0.000996555 0.00177643 0.000752018 0.00546264 0.000806812
internal_weight=54092.8 21380.1 7186.68 14193.4 32712.7 2781.66 29931.1 2431.43 217.815 9785.88 8655.16 7325.13 4407.5 1412.89
internal_count=236260 92355 30831 61524 143905 12963 130942 11302 993 42600 37768 32023 18924 6036
cat_boundaries=0 1
cat_threshold=624
is_linear=0
shrinkage=0.03


Tree=67
num_leaves=15
num_cat=2
split_feature=6 39 16 2 39 46 40 19 19 40 13 46 15 39
split_gain=55.1271 70.3525 121.962 94.3611 84.7633 71.9538 71.1593 70.4579 70.1497 67.1993 68.5373 65.5154 76.8782 92.8925
threshold=0.92267637089513188 -1.0738947517226278 0.10638838318563694 1.1719568457733953 -0.040975585168344326 0 -0.016297238413190765 -8.1869864002425263 -6.2841430939976428 -1.4379943154183528 36.495969951083929 1 0.68132973025893528 0.73085697152499984
decision_type=10 8 10 10 10 1 10 2 2 10 10 1 10 10
left_child=1 3 4 7 -3 -6 -7 9 -4 10 -1 12 13 -10
right_child=-2 2 8 -5 5 6 -8 -9 11 -11 -12 -13 -14 -15
leaf_value=0.0015273679505995357 -0.0022169865076118647 0.010740447864212814 -0.0067322558998394811 0.0022488448206682316 -0.014827616005771687 -0.013777003171481438 0.016023166013839095 -0.006876583753113316 0.0022537001179390986 -0.0060271170660000642 0.034786861239221839 -0.00028327248535828313 0.0060338654791903291 -0.0052958621787372378
leaf_weight=118.44592896103859 8055.648597151041 1778.9636706411839 1154.2508001774549 2311.4937178939581 229.13674882054329 96.660222992300987 217.43371321260929 3373.7751238495111 9037.6313945353031 208.68476828932762 97.013582214713097 22011.33355371654 3709.7967703640461 1740.9153775274754
leaf_count=514 36355 7543 5017 10027 980 413 926 14656 38379 925 408 96513 16142 7689
internal_value=7.10982e-05 0.000471444 0.000929793 -0.00252431 0.00758724 -0.00274633 0.0065094 -0.00542764 0.000517309 0.00599066 0.0173816 0.000748347 0.00231334 0.00103054
internal_weight=54141.2 46085.5 39976.1 6109.41 2322.19 543.231 314.094 3797.92 37653.9 424.144 215.46 36499.7 14488.3 10778.5
internal_count=236487 200132 173602 26530 9862 2319 1339 16503 163740 1847 922 158723 62210 46068
cat_boundaries=0 1 2
cat_threshold=293 624
is_linear=0
shrinkage=0.03


Tree=68
num_leaves=15
num_cat=2
split_feature=40 46 2 1 15 1 23 15 43 45 46 1 19 12
split_gain=62.2038 65.0943 56.2119 59.562 49.7154 54.0918 46.4845 46.3159 41.2933 39.4972 57.9042 63.2843 51.9459 49.6281
threshold=1.6870672059675229 0 0.28864698770703151 0.0086001636702694798 0.6928019576118456 0.0086993406182063783 0.059816163208428315 0.93049312853845156 0.41428571428571431 1.0356267648996507 1 0.0050305565125486739 -8.4686317941483527 0.016543887209467052
decision_type=10 1 10 8 10 10 10 10 10 8 1 10 2 2
left_child=2 7 3 -1 -3 -6 9 8 -2 13 -11 -12 -13 -4
right_child=1 4 6 -5 5 -7 -8 -9 -10 10 11 12 -14 -15
leaf_value=-0.0064174111551869939 -0.0017924416455327519 -0.0078430093550138514 0.00011272970816747592 0.017083844074755564 -0.0088662960528125799 0.0048453611818659349 0.0058582305275213849 0.00086943237310308354 -0.018423237590856737 -0.0009661422952835871 0.023687541636064832 -0.009897077223282081 0.0021613811216117896 -0.0026009339656885224
leaf_weight=129.56332038342953 179.94088159501553 694.81128616631031 16295.369594663382 330.64283773303032 322.70288243889809 1161.4582810550928 1200.7381928414106 234.52966603636742 548.88558608293533 9716.3870330899954 110.80355182290077 319.78901985287666 13209.512579858303 9650.8265988826752
leaf_count=564 855 3220 71209 1388 1542 5384 5196 1135 2654 42478 466 1411 56579 42261
internal_value=-0.000105977 -0.00419559 0.000146955 0.0104717 -0.00127402 0.00182463 5.08176e-05 -0.0106008 -0.0143971 -9.17778e-05 0.000802999 0.00206221 0.00186926 -0.000897245
internal_weight=54106 3142.33 50963.6 460.206 2178.97 1484.16 50503.4 963.356 728.826 49302.7 23356.5 13640.1 13529.3 25946.2
internal_count=236342 14790 221552 1952 10146 6926 219600 4644 3509 214404 100934 58456 57990 113470
cat_boundaries=0 1 2
cat_threshold=131 270
is_linear=0
shrinkage=0.03


Tree=69
num_leaves=15
num_cat=0
split_feature=23 38 37 39 40 37 37 39 38 11 9 11 39 41
split_gain=61.85 56.7597 95.5293 85.9623 149.191 97.1763 89.0578 83.3824 80.1578 77.9541 76.2134 66.9947 65.279 63.7872
threshold=0.059816163208428315 0.54124529018092982 0.043599681493739106 0.46772567244585855 0.40127961215392388 2.1180737053391039 -0.91897746177833295 -0.10855294356849236 0.28873859994446288 -1.2535185208824504 0.40723353820148922 1.5713669345142782 1.5217550398495128 0.15000000000000005
decision_type=8 8 10 10 10 8 10 10 10 8 10 10 10 2
left_child=1 3 -3 4 13 6 -5 8 -6 10 -8 -11 -13 -1
right_child=-2 2 -4 5 7 -7 9 -9 -10 11 -12 12 -14 -15
leaf_value=-0.00083782573995558958 0.0064660600186123175 -0.011031282465904683 -0.0011131360773617854 -0.015504558520594241 0.026296808375309181 0.027350728681461281 -0.00048431143644765668 0.0055425894761398451 -0.0024991283370715571 -0.0034571777260152467 0.023401526127263126 -0.00034248804247125661 0.013783238721759749 0.0021341627523527034
leaf_weight=13520.844555661082 1292.5592700690031 925.00564454495907 13462.632219538093 427.4023554623127 354.035973995924 90.735737562179565 272.19867978990078 2166.3548467308283 112.17497363686562 7357.1604087501764 204.77241991460323 1065.9813458323479 396.55810709297657 12498.960167989135
leaf_count=58264 5599 4051 60254 1891 1503 403 1173 9258 479 32481 881 4646 1734 53937
internal_value=7.93232e-06 -0.000151194 -0.00175801 0.000450094 0.00128007 -0.0019717 -0.00227313 0.00807181 0.0194612 -0.00164883 0.0100403 -0.00229163 0.0035552 0.00059008
internal_weight=54147.4 52854.8 14387.6 38467.2 28652.4 9814.81 9724.07 2632.57 466.211 9296.67 476.971 8819.7 1462.54 26019.8
internal_count=236554 230955 64305 166650 123441 43209 42806 11240 1982 40915 2054 38861 6380 112201
is_linear=0
shrinkage=0.03


Tree=70
num_leaves=15
num_cat=0
split_feature=32 38 30 37 36 36 45 12 40 11 39 12 40 39
split_gain=63.5269 67.1207 55.6733 72.5516 65.9474 50.7053 50.6707 48.5194 47.3897 79.7799 62.2146 54.9951 47.029 44.1677
threshold=-0.19069274966621272 -2.6065503240709633 3.5000000000000004 0.53770606249899522 -0.2795919952240164 1.8730688270987461 0.78455725568877199 0.015932723597587409 -1.7429079314650811 -0.93081238233023833 -1.3513121520578169 0.031682372492259567 0.058412308027952123 2.1360955966638504
decision_type=10 10 2 10 8 10 8 2 8 8 10 2 10 10
left_child=2 -2 7 4 -4 6 -3 -1 9 11 -10 -9 -7 -8
right_child=1 5 3 -5 -6 12 13 8 10 -11 -12 -13 -14 -15
leaf_value=0.0021582349270850543 0.02034596919642916 -0.0013168130894635614 -0.0048063769431414636 -0.0079592572919896486 0.0015187724261496384 0.0071013478009116036 0.0014353283207113204 0.032522956688092367 -0.013229882918058983 -0.0063081396388803279 -0.0014848998021227554 0.0022372859068975921 -0.0068940870819112782 0.01013704085739644
leaf_weight=5301.8726401478052 148.16825422644615 6667.7866852581501 2828.2809237986803 2120.9829883575439 3100.5888404399157 251.18185432255268 24979.443930134177 123.4399735480547 425.27290581166744 180.18177433311939 6090.3384770452976 93.244333744049072 1277.945063456893 526.5997803658247
leaf_count=22981 631 29451 12296 9644 13448 1119 108448 519 1871 784 26478 425 5995 2333
internal_value=5.26118e-05 0.00084781 -0.00127552 -0.0032108 -0.00150156 0.000756081 0.00101026 1.50719e-06 -0.00165343 0.00828567 -0.00227059 0.0201639 -0.00456393 0.00161889
internal_weight=54115.3 33851.1 20264.2 8049.85 5928.87 33703 32173.8 12214.4 6912.48 396.866 6515.61 216.684 1529.13 25506
internal_count=236423 147977 88446 35388 25744 147346 140232 53058 30077 1728 28349 944 7114 110781
is_linear=0
shrinkage=0.03


Tree=71
num_leaves=15
num_cat=0
split_feature=6 36 12 35 1 12 44 38 8 38 39 16 30 10
split_gain=58.9167 60.4785 103.931 94.7028 74.1583 91.3846 69.4469 61.8444 60.2015 57.1397 60.0255 66.0865 72.9231 62.6084
threshold=1.2779479419286515 -0.2795919952240164 0.027700012398471592 -2.0787232251000596 0.014947293940627016 0.016158494519936391 -0.0028963565532159953 0.49850872790748751 0.40040520101657495 -2.6065503240709633 -1.0559787094162867 0.12061705451440315 3.5000000000000004 1.0000000180025095e-35
decision_type=10 8 2 10 8 2 8 10 8 10 10 10 2 10
left_child=1 2 3 -1 -3 6 -6 9 -7 -5 -11 -12 13 -13
right_child=-2 4 -4 7 5 8 -8 -9 -10 10 11 12 -14 -15
leaf_value=0.0089791089634329475 -0.0031521007302324827 0.00025307856235364272 -0.0055740276457035736 0.020663779295291992 0.033713402448171212 0.0010908088543128574 0.0016554493915462536 -0.0060742852412791421 0.0063883628462693071 -0.0049501484005611274 0.0081526133324660664 -0.0011844638354564017 -0.003505485106705153 0.0052700115216057835
leaf_weight=998.81153257191181 4696.000794544816 22969.390319153666 3612.3395860791206 111.60448634624481 145.76550883054733 5467.1691884547472 101.54077182710171 1596.195224404335 2979.075930327177 1845.3042373210192 1012.7368858009577 2569.9270930141211 3189.6895397752523 2838.1910862475634
leaf_count=4230 21518 100137 16049 461 617 23553 431 7105 12940 7996 4298 11045 13867 12272
internal_value=5.5461e-05 0.000360717 -0.00103936 0.000120389 0.00114677 0.00350499 0.0211267 -0.000558086 0.00296465 0.000207685 -9.44958e-06 0.000943365 8.57019e-05 0.00220633
internal_weight=54133.7 49437.7 17774.8 14162.5 31662.9 8693.55 247.306 13163.6 8446.25 11567.5 11455.8 9610.54 8597.81 5408.12
internal_count=236519 215001 77323 61274 137678 37541 1048 57044 36493 49939 49478 41482 37184 23317
is_linear=0
shrinkage=0.03


Tree=72
num_leaves=15
num_cat=1
split_feature=39 40 46 40 45 15 2 35 40 40 35 39 39 40
split_gain=55.4224 62.1795 58.8754 60.5783 56.5583 52.4417 50.1816 49.1804 72.5099 71.9818 96.1702 93.2799 125.827 71.5738
threshold=2.5706467476917658 1.6870672059675229 0 2.4305133542163921 1.0932997966116296 0.95390429884542682 0.36155949371166679 1.5887278257402191 0.17728031258484492 0.41210572229896647 -1.1775941871991893 0.81185631633787458 1.3452380648521873 0.7788013013547026
decision_type=10 10 1 10 10 10 10 8 8 10 10 10 10 10
left_child=1 6 5 -4 -5 -3 -1 9 -9 11 13 -8 -13 -11
right_child=-2 2 3 4 -6 -7 7 8 -10 10 -12 12 -14 -15
leaf_value=0.0060064794388323189 0.011011205964662539 -0.013720492016234528 -0.004265338715634651 -0.00069236214135145416 0.020426109564527711 0.0066345771213924508 -0.00012156021284286739 0.0032803324154799586 -0.0087894405850392036 0.0022143782821847538 0.0026574670548208694 -0.011753264059920976 0.0064741226486580931 -0.015994055479762632
leaf_weight=1304.1116761118174 402.86244550347328 760.21844811737537 1522.9608595818281 274.36973588168621 184.665039524436 127.5040053576231 31706.333815008402 681.69045653939247 1272.9317287802696 338.77824121713638 13315.403790459037 1334.9458006620407 449.31032039225101 438.81148053705692
leaf_count=5544 1813 3690 7109 1292 851 619 137010 3028 5887 1464 58226 5972 1979 1951
internal_value=6.15947e-05 -2.25663e-05 -0.00431109 -0.00137824 0.00805774 -0.0106371 0.000220293 6.67883e-05 -0.00458474 0.000258785 0.00205671 -0.00049818 -0.00715275 -0.00813366
internal_weight=54114.9 53712 2869.72 1982 459.035 887.722 50842.3 49538.2 1954.62 47583.6 14093 33490.6 1784.26 777.59
internal_count=236435 234622 13561 9252 2143 4309 221061 215517 8915 206602 61641 144961 7951 3415
cat_boundaries=0 1
cat_threshold=131
is_linear=0
shrinkage=0.03


Tree=73
num_leaves=15
num_cat=1
split_feature=33 46 10 37 15 1 45 11 39 40 36 44 19 38
split_gain=56.9473 57.654 71.7647 65.847 73.7051 62.1152 54.0166 58.4659 53.802 58.6631 73.1917 53.4545 51.6271 44.8031
threshold=2.0171145763090483 0 -1.3701447939899289 -1.5659205117258168 0.084267765602671268 0.016905012004062251 1.0280141284734527 -1.0757235581888989 2.5706467476917658 1.5956037031214281 0.16359105121913153 0.039450085854822813 -3.166036717349451 0.21189263512999842
decision_type=10 1 8 8 8 8 8 10 10 10 10 10 2 10
left_child=1 2 12 4 -3 11 -4 -8 9 -5 -11 -6 -1 -12
right_child=-2 3 6 8 5 -7 7 -9 -10 10 13 -13 -14 -15
leaf_value=-0.0073387978595484899 -0.0063684165894061125 -0.0045671697061861376 0.00046565685742883258 -0.00056363386332794561 0.013629462436139135 -0.004479325749842074 0.010209977738508767 0.0028865262775752483 0.013747296613458911 -0.012765238259897437 -0.016277033027357713 -0.0030662259771726433 0.013073442401933822 0.00045153080538450991
leaf_weight=1104.78903837502 1207.7468052059412 561.95986719429493 7895.0748484283686 31664.864766210318 1047.4093454033136 283.98622016608715 1151.3990426361561 6436.1099536418915 217.4044533520937 804.42609529197216 152.64440922439098 202.35075922310352 114.74667182564735 1258.8924327790737
leaf_count=4805 5549 2425 34203 138493 4416 1268 4869 27577 976 3815 712 861 490 5935
internal_value=4.57263e-05 0.000193353 0.00165024 -0.000479536 0.00466908 0.00806087 0.00220401 0.00400983 -0.000797391 -0.000894749 -0.00560241 0.0109234 -0.00532749 -0.00145928
internal_weight=54103.8 52896.1 16702.1 36193.9 2095.71 1533.75 15482.6 7587.51 34098.2 33880.8 2215.96 1249.76 1219.54 1411.54
internal_count=236394 230845 71944 158901 8970 6545 66649 32446 149931 148955 10462 5277 5295 6647
cat_boundaries=0 1
cat_threshold=112
is_linear=0
shrinkage=0.03


Tree=74
num_leaves=15
num_cat=0
split_feature=32 38 12 36 34 34 40 10 33 38 36 40 40 1
split_gain=61.7496 60.266 54.5904 105.659 80.75 50.6224 47.4495 72.7709 56.1331 51.8471 68.484 53.6985 115.854 49.6052
threshold=-0.23342274625466639 -2.6065503240709633 0.027472760818859195 -0.4581916596587377 -1.3432783689053445 1.7411116750761086 0.41210572229896647 -0.45510030188944878 -1.0181543592972431 0.54124529018092982 0.096306809083658199 -0.58166541068976751 -0.96592268904918954 0.013534186904228218
decision_type=10 10 2 10 10 10 10 10 10 10 10 10 10 10
left_child=2 -2 4 -4 -1 6 9 -8 -9 -3 -11 12 -12 -10
right_child=1 5 3 -5 -6 -7 7 8 13 10 11 -13 -14 -15
leaf_value=0.005297555665593188 0.019191878091924613 0.00084539447949652882 -0.0099936881672145709 0.00025962686142658642 -0.0012973875881677139 -0.0040574440024317756 0.0085406407408849527 -0.0077422671814749858 0.00069257938444459294 -0.0098458864052100806 -0.0099861487633897059 -0.0022430667421034687 0.025473856400800455 0.0053307314429640144
leaf_weight=1897.2919230461121 150.6883660107851 18094.40874812007 1700.3056167960167 1918.842322692275 13477.979456856847 1837.5430305302143 1584.6174809336662 533.4376824349165 6511.5279843509197 978.03170602023602 135.66566278040409 2076.3515816181898 187.37801623344421 3038.6578224748373
leaf_count=8155 639 78075 7598 8384 58813 8363 6825 2395 29110 4284 595 9106 807 13337
internal_value=0.000115488 0.000860551 -0.00126216 -0.00457173 -0.000480664 0.000776114 0.00104527 0.00258428 0.00164072 0.000208122 -0.00319846 -0.000459238 0.0107293 0.00217237
internal_weight=54122.7 35128.3 18994.4 3619.15 15375.3 34977.6 33140.1 11668.2 10083.6 21471.8 3377.43 2399.4 323.044 9550.19
internal_count=236486 153536 82950 15982 66968 152897 144534 51667 44842 92867 14792 10508 1402 42447
is_linear=0
shrinkage=0.03


Tree=75
num_leaves=15
num_cat=1
split_feature=45 44 10 16 1 46 35 7 8 10 1 40 40 41
split_gain=53.5533 67.2103 66.8907 76.3694 56.2321 63.3379 49.9538 45.8519 48.9631 78.7874 44.3752 41.6459 40.1099 114.625
threshold=1.3035283162150055 -0.074236961727395537 0.76376542078322884 0.17356377560290323 0.01458789679007874 0 0.58498126509262016 1.3037140880886102 0.8329337574497776 -0.011480230664308885 0.018330904614227473 -1.1142129252520607 -1.7429079314650811 0.35000000000000003
decision_type=8 8 8 8 10 1 10 10 10 10 10 10 10 2
left_child=7 -2 3 6 5 -5 10 12 -9 -10 11 -3 13 -1
right_child=1 2 -4 4 -6 -7 -8 8 9 -11 -12 -13 -14 -15
leaf_value=0.0017406067786285583 -0.0095071175216964107 0.001028950523971311 0.008812460440861784 -0.02165234388545385 0.003095597704489588 -0.002516268192290744 -0.0089136049245379847 -0.0090656983007019586 0.010570794305743729 -0.0032782633199327964 -0.0014517750145608031 0.023175472367106997 -0.00017325579825439415 0.027667971655037586
leaf_weight=1247.6415905505419 363.94118265807629 98.847303912043571 1577.3009197711945 161.28947131335735 1660.5866701006889 1195.5761735737324 94.557004138827324 993.42382633686066 415.35397580265999 2822.6395750790834 129.94665212929249 341.82448530197144 42935.247028619051 165.26162055134773
leaf_count=5378 1596 421 6784 708 7104 5083 405 4447 1871 13059 560 1432 187290 692
internal_value=2.69677e-05 0.00279575 0.00366342 0.00144015 -0.000598719 -0.00510954 0.010561 -0.000294073 -0.00327403 -0.0014747 0.0138861 0.0183408 -9.06981e-06 0.00494636
internal_weight=54203.4 5623.87 5259.93 3682.63 3017.45 1356.87 665.175 48579.6 4231.42 3237.99 570.618 440.672 44348.2 1412.9
internal_count=236830 24093 22497 15713 12895 5791 2818 212737 19377 14930 2413 1853 193360 6070
cat_boundaries=0 1
cat_threshold=256
is_linear=0
shrinkage=0.03


Tree=76
num_leaves=15
num_cat=0
split_feature=2 17 15 40 39 1 39 23 45 45 9 37 1 15
split_gain=47.858 78.0042 68.6759 68.4722 65.9529 62.102 57.3136 53.7622 52.2668 50.2631 48.9694 79.9066 137.781 53.2956
threshold=0.65610063064035684 -1.3325158526058345 0.23484785926982438 -0.65129791112718438 0.095609233111892275 0.031539114346907586 -0.22554161254589913 0.047186064359291964 0.75355126082330504 1.4607407180662306 -1.624438471537297 -1.730175991096025 0.016905012004062251 0.22124446902654862
decision_type=10 2 8 8 10 8 10 10 10 10 8 8 10 8
left_child=1 -1 6 -4 5 9 -3 8 -6 -5 13 12 -12 -2
right_child=10 2 3 4 7 -7 -8 -9 -10 -11 11 -13 -14 -15
leaf_value=-0.007483336389385511 -0.0076840923930317365 0.0040602859282372365 0.0075049951738507007 -0.0046731490746469186 -0.0045448468417188985 0.013704295738781782 0.015639659482617623 0.014843642501567051 0.0029747817600981859 0.013995998578662948 0.0098497311581884212 -0.00068163277459934901 -0.011583651226754484 0.01343313482717746
leaf_weight=808.96459606289864 1326.8082302212715 1422.9241875112057 1307.9599566459656 3241.4088285267353 1020.8601942062378 180.00223551690578 523.18812939524651 277.95514616370201 4311.6204514354467 125.66813389956951 1429.6049870997667 37718.053588122129 323.34603065252304 107.92742304503918
leaf_count=3505 5844 6071 5602 13980 4529 766 2226 1201 18664 524 6001 165692 1440 469
internal_value=-8.15214e-05 0.00148694 0.00207716 0.00111162 0.000191264 -0.00300574 0.0072373 0.00221426 0.0015294 -0.00393699 -0.000588682 -0.000390018 0.00585289 -0.00601357
internal_weight=54126.3 13220.6 12411.6 10465.5 9157.51 3547.08 1946.11 5610.44 5332.48 3367.08 40905.7 39471 1752.95 1434.74
internal_count=236514 57068 53563 45266 39664 15270 8297 24394 23193 14504 179446 173133 7441 6313
is_linear=0
shrinkage=0.03


Tree=77
num_leaves=15
num_cat=0
split_feature=32 30 37 33 37 12 12 15 31 36 1 34 12 36
split_gain=66.4245 58.4121 71.9755 60.5646 54.7293 52.4731 50.1352 52.4746 48.4602 46.7009 49.6372 47.7138 46.6991 40.8082
threshold=-0.23342274625466639 3.5000000000000004 0.53770606249899522 0.78300190101061251 -1.5245958401120399 0.015860747519901994 0.026769489007525075 0.13054944686843239 0.11254988746171173 -0.50137644218385302 0.016523066826214319 -1.5902726430064313 0.043544364269850776 -0.2051895091241602
decision_type=10 2 10 8 10 2 2 8 10 8 10 10 2 8
left_child=1 3 13 5 6 -1 7 -2 -6 11 -11 12 -7 -3
right_child=4 2 -4 -5 8 9 -8 -9 -10 10 -12 -13 -14 -15
leaf_value=0.0030076296598476318 0.00053389526730243078 -0.00421688996698416 -0.0085603715057806767 -0.0065483579318319661 0.0020277963368343583 0.0043581845308374428 -0.001417901946048036 0.014576408634069523 -0.00039680834117672144 -0.001856509904658269 0.0057335116748975581 -0.0070125664766966887 -0.014588277854182173 0.00095171506354905806
leaf_weight=4428.7975426763296 363.18767419457436 2992.7718625068665 1940.5456910580397 1201.2450212389231 11063.417022451758 755.60216338932514 532.88549491763115 697.71122324466705 22473.231792375445 1969.4911875873804 1265.506631270051 1800.9804549068213 128.30494099855423 2530.2070092409849
leaf_count=19129 1533 13039 8864 5334 48196 3272 2327 2922 98544 8555 5462 7876 588 10970
internal_value=-0.000110566 -0.00153842 -0.00360502 -0.000201025 0.000662441 0.000541365 0.00607649 0.00981898 0.000403411 -0.00130566 0.00112117 -0.00422304 0.00147555 -0.00185159
internal_weight=54143.9 19013.5 7463.52 11549.9 35130.4 10348.7 1593.78 1060.9 33536.6 5919.89 3235 2684.89 883.907 5522.98
internal_count=236611 83089 32873 50216 153522 44882 6782 4455 146740 25753 14017 11736 3860 24009
is_linear=0
shrinkage=0.03


Tree=78
num_leaves=15
num_cat=0
split_feature=24 23 16 30 2 37 1 36 0 30 10 30 19 7
split_gain=48.3671 70.2241 58.4003 77.55 88.5313 86.1435 71.5309 60.5504 59.0181 59.5473 57.808 88.4585 55.7342 60.6672
threshold=-0.013272953992628509 0.022169054949827963 0.2897524320742732 3.5000000000000004 1.0763244450922149 0.48426603659211115 0.024470770073484541 -0.29624314621525211 0.0091138812540503059 4.5000000000000009 -1.1184449317377085 1.5000000000000002 0.59687268363701451 -0.92614702901149826
decision_type=10 10 8 2 10 10 10 10 10 2 10 2 2 8
left_child=1 12 6 4 -4 7 -2 -5 -7 -10 -8 -12 -1 -14
right_child=2 -3 3 5 -6 8 10 -9 9 -11 11 -13 13 -15
leaf_value=0.0027383084251377705 -0.0016590270539726486 0.01617131860096686 0.0031348395638412631 -0.0040867221140483403 -0.0014557420150499659 -0.0083523058844575896 -0.020482211595485217 0.0021964851525933973 -0.0072414855873844334 0.0015710924145480596 -0.022896226546280266 0.0034621233448779492 -0.011812428839468628 -0.00024425719539830572
leaf_weight=8157.0843375176191 11142.831621021032 278.2763184607029 10736.920945867896 1875.6694766283035 5825.8199763447046 2165.4903202056885 321.31026555597782 5142.220378562808 1108.7233212292194 1793.9029892683029 153.02679526805878 378.80383329093456 437.20869110524654 4659.8618331998587
leaf_count=34988 48219 1206 46499 8211 25922 9875 1440 22393 5135 8131 674 1654 1918 20524
internal_value=-3.1472e-05 0.00152133 -0.000548717 0.000187291 0.00152023 -0.00163913 -0.00230514 0.000513749 -0.00461539 -0.00180837 -0.010627 -0.00440472 0.00120179 -0.00125772
internal_weight=54177.2 13532.4 40644.7 28648.7 16562.7 12086 11996 7017.89 5068.12 2902.63 853.141 531.831 13254.2 5097.07
internal_count=236789 58636 178153 126166 72421 53745 51987 30604 23141 13266 3768 2328 57430 22442
is_linear=0
shrinkage=0.03


Tree=79
num_leaves=15
num_cat=0
split_feature=32 37 40 7 1 15 36 40 35 1 30 30 30 35
split_gain=58.1187 69.4889 74.8479 61.3878 61.2718 55.5462 48.4687 50.3572 92.2396 61.5725 74.5504 58.6578 65.6176 65.2127
threshold=-0.19069274966621272 -1.5245958401120399 -1.6320170662874254 -0.90936602316360293 0.01678323449312492 0.13445852917438161 1.8730688270987461 0.3006998430004757 -1.3022461211689549 0.013534186904228218 5.5000000000000009 2.5000000000000004 1.0000000180025095e-35 0.76898356273977397
decision_type=8 10 10 10 10 8 10 10 10 10 2 2 2 10
left_child=-1 4 3 -3 5 -2 7 -4 -9 11 -11 12 -10 -14
right_child=1 2 6 -5 -6 -7 -8 8 9 10 -12 -13 13 -15
leaf_value=-0.001212527759444986 0.00094081429786525936 -0.0072732716267243248 -0.00046336973465671793 0.01586018144434681 -0.0053581743959677033 0.014056913536992432 -0.0049207025129802701 -0.014144533753623418 -0.0017536826218552243 0.003681088499534157 0.014868332859274341 -0.0010835980073989739 0.010008311792375747 -0.0020670627337844279
leaf_weight=20246.890028432012 437.58362457156181 125.08813725411892 17539.32608781755 470.59406633675098 292.28446853160858 864.08839778602123 1504.8465419262648 300.30784313380718 1148.2572901844978 3387.2536718845367 629.91328644752502 5053.4673171639442 1650.744418233633 527.26090542972088
leaf_count=88519 1852 543 75942 1996 1298 3624 7046 1344 4978 14758 2760 22689 7125 2344
internal_value=5.91235e-05 0.000818061 0.000515578 0.0109625 0.00691315 0.00968846 0.000316133 0.000578307 0.00201646 0.00241904 0.00546787 0.000952679 0.00404029 0.00708897
internal_weight=54177.9 33931 32337.1 595.682 1593.96 1301.67 31741.4 30236.5 12697.2 12396.9 4017.17 8379.73 3326.26 2178.01
internal_count=236818 148299 141525 2539 6774 5476 138986 131940 55998 54654 17518 37136 14447 9469
is_linear=0
shrinkage=0.03


Tree=80
num_leaves=15
num_cat=2
split_feature=46 21 23 16 11 16 40 35 46 24 16 30 11 1
split_gain=48.9417 55.7539 49.0288 40.5873 40.326 56.2539 38.5958 62.3416 42.6995 40.9419 43.29 46.1458 38.8244 38.2718
threshold=0 -0.27192481449567968 0.044849457583086901 0.84818621766021252 0.1848170736172729 0.25348064966234757 1.5956037031214281 -0.70411130391370924 1 -0.0068525219084673286 0.10638838318563694 1.5000000000000002 -0.49200389876630002 0.024470770073484541
decision_type=1 10 8 8 10 10 10 10 1 10 8 2 10 10
left_child=1 2 3 4 5 -1 9 -8 -9 10 11 -2 -10 -7
right_child=6 -3 -4 -5 -6 13 7 8 12 -11 -12 -13 -14 -15
leaf_value=-0.00024121653663519672 -0.0024374243014353512 -0.00025242584438370849 0.014068941910003631 0.011241534286561713 -0.0010865742712841565 0.0055588502761719115 -0.018429547568607551 0.0019905152150562241 0.011397209422026119 -0.0011758639645479409 0.00040257313408536541 0.010353350276445298 -0.0076648443682556964 0.01972490527794428
leaf_weight=1851.7218508720398 362.12236684560776 9532.3653635233641 345.95839086174965 454.1383089274168 2375.9061588048935 2405.5633890777826 240.60767467319965 1006.4319430440664 95.528617009520531 21981.151285678148 11283.892194539309 814.04091131687164 1224.1898624747992 177.28206948935986
leaf_count=7918 1564 41354 1462 1962 10209 10277 1188 4684 440 96537 49047 3463 5838 752
internal_value=-4.84268e-05 0.00127584 0.00318951 0.00265278 0.00206442 0.00375128 -0.000662203 -0.00420396 -0.00265994 -0.000397299 0.000976033 0.00642792 -0.00616334 0.00660351
internal_weight=54150.9 17142.9 7610.57 7264.61 6810.47 4434.57 37008 2566.76 2326.15 34441.2 12460.1 1176.16 1319.72 2582.85
internal_count=236695 73934 32580 31118 29156 18947 162761 12150 10962 150611 54074 5027 6278 11029
cat_boundaries=0 1 2
cat_threshold=112 772
is_linear=0
shrinkage=0.03


Tree=81
num_leaves=15
num_cat=0
split_feature=32 36 36 40 35 10 20 11 11 40 15 10 15 40
split_gain=57.3631 86.0932 48.5988 45.0627 69.4717 57.6326 55.2371 50.5564 50.0409 49.5945 83.5862 63.2287 62.3036 81.8795
threshold=-0.19069274966621272 -2.306956404212253 1.8730688270987461 0.41210572229896647 -1.339990669646183 -0.41120563173792318 0.78880518663693777 2.247408396823686 0.39306055948354918 -0.59643355968359335 0.22470701251379452 0.12763691019962467 0.18114528383796777 -1.6320170662874254
decision_type=8 8 10 8 8 10 8 10 10 10 10 10 10 10
left_child=-1 -2 3 9 -5 6 8 -7 -6 12 -11 -12 -3 -14
right_child=1 2 -4 4 5 7 -8 -9 -10 10 11 -13 13 -15
leaf_value=-0.0013136855028416646 0.015157702387907538 -0.002163242616533302 -0.0047072341631140564 -0.013267266168149681 0.0039934048562861434 0.0012640422662966552 0.02776388479701496 0.01157177416301184 0.019213482220287341 0.0043654575810186443 -0.0040876872455315504 0.00036055608151210555 0.017199501784043929 0.0027620117341820077
leaf_weight=20212.886871755123 356.92158123850822 2202.5905219018459 1503.6013725996017 242.11330986022949 1327.7957349121571 9003.7340336591005 107.04537308216095 439.92590835690498 219.78276693820953 2129.1629409939051 6386.7606384158134 5222.3841665834188 374.8295623511076 4451.4187791347504
leaf_count=88398 1523 9490 7050 1085 5691 39972 465 1904 946 9073 27698 22720 1579 19235
internal_value=-4.86321e-05 0.00070431 0.000546365 0.000793781 0.00231377 0.00266532 0.00781373 0.00175595 0.0062644 -3.69621e-05 -0.00108544 -0.00208805 0.00201098 0.00391654
internal_weight=54181 33968.1 33611.1 32107.5 11340.4 11098.3 1654.62 9443.66 1547.58 20767.1 13738.3 11609.1 7028.84 4826.25
internal_count=236829 148431 146908 139858 50063 48978 7102 41876 6637 89795 59491 50418 30304 20814
is_linear=0
shrinkage=0.03


Tree=82
num_leaves=15
num_cat=1
split_feature=2 15 0 46 44 9 40 15 19 35 12 13 40 37
split_gain=49.9849 53.151 43.527 41.0048 65.5116 54.0502 52.549 49.8695 43.5593 38.1131 60.0775 96.7795 55.5538 46.0763
threshold=0.36155949371166679 0.25810906110624027 0.0028372961527044602 0 0.006353462970394806 -1.7189852790298679 -1.9491247540910772 0.11515408103045734 -9.1492635282092873 0.97979270331504298 0.027700012398471592 45.756438585115319 -0.60736807929388492 -1.7842672868464209
decision_type=10 8 8 1 10 8 10 10 2 10 2 10 10 10
left_child=1 -1 -3 5 6 -2 7 -5 -7 10 13 -12 -11 -10
right_child=3 2 -4 4 -6 8 -8 -9 9 12 11 -13 -14 -15
leaf_value=0.016478780632875684 -0.0079917974057309576 -0.0058469394011028573 0.0068264856613635587 0.0010669338348172149 -0.0027248531184751214 -0.012232798915716901 5.4023965222153148e-05 0.025620912679337082 0.011111145801651354 0.0083786043545669917 -0.0074350873745246369 0.002267371133929759 -0.0031713205776914442 0.0021091427148319936
leaf_weight=307.80132798850536 603.94845299422741 363.82645070552826 694.85094253718853 158.33543239533901 10607.697264552116 211.2219949811697 16754.602929890156 132.04840026795864 518.90399566292763 417.30566661059856 1578.0044333934784 2208.9370686262846 3055.6165670603514 16448.429003551602
leaf_count=1292 2715 1585 2935 683 47030 943 73981 555 2154 1793 6899 9560 13739 70465
internal_value=6.87144e-05 0.00571232 0.00245716 -7.86907e-05 -0.00087476 0.000800386 0.000277028 0.0127138 0.00102118 0.00114173 0.00162848 -0.00178454 -0.00176341 0.00239083
internal_weight=54061.5 1366.48 1058.68 52695.1 27652.7 25042.4 17045 290.384 24438.4 24227.2 20754.3 3786.94 3472.92 16967.3
internal_count=236329 5812 4520 230517 122249 108268 75219 1238 105553 104610 89078 16459 15532 72619
cat_boundaries=0 1
cat_threshold=752
is_linear=0
shrinkage=0.03


Tree=83
num_leaves=15
num_cat=1
split_feature=33 36 12 35 1 12 20 18 11 11 16 12 46 11
split_gain=41.9186 41.7433 117.501 80.6089 66.5384 92.466 71.0803 57.986 61.3317 50.3783 49.1411 50.3915 46.5852 62.4492
threshold=2.0171145763090483 -0.2795919952240164 0.027700012398471592 -2.0787232251000596 0.012643045824730295 0.013262758612550224 0.12568990418673562 1.6657549297034346 2.0921551643894545 -0.43407399619699055 0.74447806810409023 0.018618184509572051 0 1.775606696789451
decision_type=10 10 2 8 8 2 8 2 10 8 8 2 1 10
left_child=1 2 3 -1 7 -6 -7 -3 9 -9 11 -8 13 -12
right_child=-2 4 -4 -5 5 6 10 8 -10 -11 12 -13 -14 -15
leaf_value=0.0083744810471672107 -0.0054496897980227379 0.00063872755801730983 -0.0057476344731414069 -0.00036981648844425203 0.022388821687141236 2.2199456883598251e-05 0.014281338208465562 0.0029736881283339636 0.010472138271653015 -0.0051600020593283741 -0.0062866868985846343 0.0050375555215919614 0.004558495855782275 0.0092941244019882473
leaf_weight=1011.3992527574301 1201.2185926437378 15763.022022590041 3684.1170537471771 13340.692027613521 195.54729099571705 7084.3143138438463 665.88806466758251 816.35061222314835 277.26600728929043 4082.5155140161514 992.07275800406933 2589.7096024006605 2060.8147662431002 291.58806836605072
leaf_count=4266 5557 68340 16460 57875 828 30485 2885 3652 1245 18720 4435 11281 9022 1277
internal_value=6.84886e-05 0.000194905 -0.000976164 0.000251801 0.000801622 0.00241159 0.00210998 -0.000266222 -0.00301801 -0.0038013 0.00434752 0.00696619 0.00178528 -0.00268223
internal_weight=54056.5 52855.3 18036.2 14352.1 34819.1 13879.9 13684.4 20939.2 5176.13 4898.87 6600.07 3255.6 3344.48 1283.66
internal_count=236328 230771 78601 62141 152170 60213 59385 91957 23617 22372 28900 14166 14734 5712
cat_boundaries=0 1
cat_threshold=15
is_linear=0
shrinkage=0.03


Tree=84
num_leaves=15
num_cat=0
split_feature=2 30 8 20 35 30 40 11 2 0 35 2 11 39
split_gain=44.9024 47.6391 116.935 79.4967 90.8661 82.5887 115.872 113.501 75.4623 73.2637 72.9916 72.6867 119.496 74.1368
threshold=0.37335188355977628 3.5000000000000004 -0.010863729359540183 -0.21390204632631951 0.76898356273977397 1.5000000000000002 -1.7429079314650811 -0.77758387567879839 1.552667025640428 0.0091138812540503059 -1.2360465579288455 1.0015314470634704 -1.600517049591518 -1.1144530780758328
decision_type=10 2 10 10 8 2 10 10 10 10 10 10 8 10
left_child=-1 3 11 5 10 -2 7 -7 -8 -4 -5 13 -13 -3
right_child=1 2 9 4 -6 6 8 -9 -10 -11 -12 12 -14 -15
leaf_value=0.0050662509943923588 -0.0036283612922868879 -0.0075829937808875852 -0.0058476627302661358 -0.0039465584639170933 -0.0016255553465981917 0.03153134634373457 -0.00074108388646556829 -0.0047701100875795601 0.011036994505747725 -0.00093834049239253274 0.0038938770197880141 -0.017996662059565873 0.0061592158572259543 0.00070993773964615954
leaf_weight=1586.9664489030838 6068.2182271182537 1132.3989526927471 5257.6620154976845 1161.132759898901 4671.7961759716272 204.36696477234364 5464.9185594320297 117.73888111114502 527.66707868874073 5701.6175566762686 12425.922235921025 186.13257464766502 3158.0591637343168 6428.2323860228062
leaf_count=6741 26339 4919 23510 5129 20972 873 23555 506 2267 25631 53775 817 13632 27835
internal_value=0.000110585 -4.01338e-05 -0.00110962 0.000723101 0.00198105 -0.00113187 0.00126912 0.018518 0.000312674 -0.00329675 0.00322143 0.00108943 0.00476509 -0.000540518
internal_weight=54092.8 52505.9 21864.1 30641.8 18258.9 12382.9 6314.69 322.106 5992.59 10959.3 13587.1 10904.8 3344.19 7560.63
internal_count=236501 229760 96344 133416 79876 53540 27201 1379 25822 49141 58904 47203 14449 32754
is_linear=0
shrinkage=0.03


Tree=85
num_leaves=15
num_cat=0
split_feature=39 38 15 40 38 15 39 39 1 36 40 2 40 39
split_gain=49.9131 112.671 79.617 71.8243 138.898 84.7383 73.6965 69.8772 59.2311 76.9391 70.8405 55.7545 54.6878 71.4116
threshold=-1.1929641045859751 0.22796957868653941 0.12686609696303641 -0.62106447713901247 0.016672512622962137 0.2081474494946482 -0.23493379865187608 -0.65341389070929223 0.016050695928751215 -0.039025789428179594 -1.7976266053651186 0.4786537057649573 0.30925414985748317 1.1672008633511177
decision_type=10 10 10 10 10 10 10 10 10 10 10 10 10 10
left_child=1 2 -1 4 7 -5 -6 11 10 -10 -4 -2 -7 -14
right_child=3 -3 8 5 6 12 -8 -9 9 -11 -12 -13 13 -15
leaf_value=-0.0060613569430601781 0.01737083366523972 -0.015933757998657691 0.015431996213237162 0.0040049183691453945 0.0076862705677973528 -0.0019259046994296927 0.026105871127083308 -0.0032585402531315278 -0.012438873460632887 0.0056792653937622313 0.0016852688602931225 0.0023265368315790831 0.0016699981366538636 -0.0020719578617928282
leaf_weight=1905.455436989665 229.89498798549175 521.08062157034874 424.75548969209194 3820.0074891448021 1717.5116369724274 17159.037069022655 214.06288745999336 2449.4611398428679 483.40856790542603 360.52420122921467 1520.3871382623911 3007.8055400550365 13253.477229773998 7009.2975842952728
leaf_count=8348 972 2316 1765 16283 7394 74603 918 10579 2163 1564 6563 12917 58027 32038
internal_value=-4.87478e-05 -0.00283551 -0.00135086 0.000249244 0.00292335 -0.000245341 0.00985153 0.000557112 0.00187745 -0.00472302 0.00475068 0.00344496 -0.00068016 0.000375197
internal_weight=54076.2 5215.61 4694.53 48860.6 7618.74 41241.8 1931.57 5687.16 2789.08 843.933 1945.14 3237.7 37421.8 20262.8
internal_count=236450 22719 20403 213731 32780 180951 8312 24468 12055 3727 8328 13889 164668 90065
is_linear=0
shrinkage=0.03


Tree=86
num_leaves=15
num_cat=2
split_feature=39 11 39 11 20 1 11 46 45 16 16 46 45 24
split_gain=59.4824 52.1566 51.7532 82.6003 64.2306 86.9714 62.9068 90.1625 50.3981 75.5332 68.7575 72.0158 68.3273 67.844
threshold=2.1360955966638504 2.0921551643894545 0.98644843202397803 1.6665900934903779 -0.040964844482474845 0.0080636427070893048 -0.52699610973355837 0 1.16817192334088 0.28029085134463821 0.48319484627308734 1 0.61340714895583515 -0.018885959684658473
decision_type=10 8 10 10 10 8 10 1 8 8 10 1 10 10
left_child=2 -2 8 4 -4 -6 -7 -8 9 13 11 -11 -13 -1
right_child=1 -3 3 -5 5 6 7 -9 -10 10 -12 12 -14 -15
leaf_value=0.0023792572507264961 0.0043911604078969253 0.025430189584207594 -0.011855644488649047 0.0046382748028310477 -0.0088675161456095598 0.0092200326298478383 -0.0074774682569019781 0.001344566262616398 0.0019667661911010191 -0.00040399116263251089 -0.00072625007314900758 0.015602268599256343 0.0039001376801670647 -0.0034303056369415523
leaf_weight=2228.8208376318216 1128.098159879446 108.06846499443054 748.02239958941936 1285.9439038336277 1524.6910284906626 506.19871528446674 1609.2354925423861 2885.8025682717562 10945.789782509208 3808.8663718402386 12905.043446585536 490.88293328881264 4512.6191265881062 9459.2971002608538
leaf_count=9533 5094 468 3373 5699 7122 2239 7439 13110 46807 16620 56591 2148 19389 41115
internal_value=-5.87524e-05 0.00641975 -0.000211294 -0.00234553 -0.00358485 -0.00262014 -0.000701652 -0.00183695 0.000201053 -0.000377923 0.000668619 0.00270981 0.00506693 -0.00232139
internal_weight=54147.4 1236.17 52911.2 8559.89 7273.95 6525.93 5001.24 4495.04 44351.3 33405.5 21717.4 8812.37 5003.5 11688.1
internal_count=236747 5562 231185 38982 33283 29910 22788 20549 192203 145396 94748 38157 21537 50648
cat_boundaries=0 1 2
cat_threshold=139 774
is_linear=0
shrinkage=0.03


Tree=87
num_leaves=15
num_cat=0
split_feature=45 1 24 10 16 15 45 1 15 40 45 10 11 8
split_gain=53.0617 59.7666 53.5716 48.2458 49.7518 42.2623 41.3875 54.6914 115.024 97.0312 64.3664 56.8203 59.2714 49.92
threshold=1.0475926253791639 0.0053105644832712922 -0.013272953992628509 -1.6981221492764813 0.077444765745572769 0.089362796421814397 1.0956700425620676 0.01293779196818678 0.37399245361106148 -0.016297238413190765 1.2112310455301509 -0.2686549044967968 -0.58452560920106711 1.1526315049035107
decision_type=8 8 10 8 8 8 10 10 10 10 10 10 10 10
left_child=2 -2 -1 -3 -5 -6 13 8 -8 10 -9 -10 -13 -7
right_child=1 3 -4 4 5 6 7 9 11 -11 -12 12 -14 -15
leaf_value=0.0013837394615342316 0.015294528467489269 -0.006563708411282794 -0.0015612801416156623 0.0079022508571813255 -0.006582871830356685 0.0025518610385047965 0.0034899971026235992 -0.0054297844351134314 -0.010194252573467996 0.0046126189425955326 0.0017431864053665781 0.0055318635405007715 -0.0042480610205740989 0.012656125249804031
leaf_weight=7379.8414574414492 252.54409720003605 744.89167821407318 22441.763415411115 930.65571482479572 656.68508456647396 3644.9607089310884 2675.9315990358591 1950.2049239575863 1106.1625573933125 5419.4496972262859 2637.208842843771 673.54917182028294 3038.5256888717413 492.09687988460064
leaf_count=32145 1076 3234 99162 3983 2826 15811 11359 8509 4782 23547 11266 2915 13510 2224
internal_value=1.48067e-05 0.00105758 -0.000832268 0.000901271 0.00114341 0.000857859 0.00108661 0.000447803 -0.00148898 0.00189831 -0.00131137 -0.00425569 -0.00246342 0.00378137
internal_weight=54044.5 24222.9 29821.6 23970.3 23225.4 22294.8 21638.1 17501 7494.17 10006.9 4587.41 4818.24 3712.07 4137.06
internal_count=236349 105042 131307 103966 100732 96749 93923 75888 32566 43322 19775 21207 16425 18035
is_linear=0
shrinkage=0.03


Tree=88
num_leaves=15
num_cat=0
split_feature=38 39 30 39 30 38 30 40 1 38 40 1 7 16
split_gain=49.583 62.5935 61.4873 53.2749 150.149 134.141 98.4689 89.3012 85.8549 79.5621 119.798 75.2978 98.2842 81.8585
threshold=2.6300836929250067 2.1360955966638504 1.0000000180025095e-35 0.46772567244585855 2.5000000000000004 -0.56158291562831064 5.5000000000000009 0.091868554513914805 0.013198783155220224 0.54124529018092982 0.19402883115341471 0.014171956114303904 -0.5891892300640893 0.094594594594594725
decision_type=10 10 2 8 2 10 2 10 8 10 10 8 8 8
left_child=1 3 -3 9 5 7 -6 -5 -8 10 11 -1 -13 -14
right_child=-2 2 -4 4 6 -7 8 -9 -10 -11 -12 12 13 -15
leaf_value=0.001508736875044692 -0.0088526795318038462 -0.0086058628008853551 0.01028813805637843 -0.02213661679027009 -0.0058320719822617228 0.0032723113724363083 -0.0032150364871626059 -0.0016811291345506666 0.0080322093630816205 -0.0024123703169054316 0.0055578181158389278 -0.0066391007144946113 0.017172509700657652 -0.00044172644978550662
leaf_weight=16913.618206202984 556.39940065145493 178.37221185863018 912.72130593657494 306.49599115550518 6879.480183377862 6321.3906092792749 1607.7855317592621 493.24362105131149 971.56545357406139 6571.6367598325014 4816.7703890502453 2723.0265110433102 239.9347829669714 4747.4465169012547
leaf_count=72658 2757 785 4052 1352 31360 27564 7273 2169 4311 28773 20571 12015 1039 20518
internal_value=-2.29525e-05 7.01944e-05 0.00714924 -7.80002e-05 -0.00148469 0.00180422 -0.00396005 -0.00969715 0.00103613 0.000569865 0.00123614 0.000388851 -0.00206651 0.000438333
internal_weight=54239.9 53683.5 1091.09 52592.4 16580 7121.13 9458.83 799.74 2579.35 36012.4 29440.8 24624 7710.41 4987.38
internal_count=237197 234440 4837 229603 74029 31085 42944 3521 11584 155574 126801 106230 33572 21557
is_linear=0
shrinkage=0.03


Tree=89
num_leaves=15
num_cat=2
split_feature=23 45 24 45 46 46 16 16 42 1 11 19 24 45
split_gain=45.0605 47.4969 59.8154 55.9831 69.3168 53.879 63.5551 51.6757 48.6165 43.1782 40.9237 50.4187 40.8454 40.0938
threshold=0.059816163208428315 1.0475926253791639 -0.013272953992628509 1.1002752897966654 0 1 0.58295443725750351 0.72467950203680276 0.64583333333333337 0.029328401476294039 1.4037111515892116 0.74093051194289017 0.0042223107215883246 1.232881470112001
decision_type=8 8 10 8 1 1 8 10 10 10 10 2 10 10
left_child=1 2 9 4 -3 6 8 -8 -5 10 11 -1 -2 -7
right_child=12 3 -4 5 -6 13 7 -9 -10 -11 -12 -13 -14 -15
leaf_value=0.0028354029885549422 0.019741717789026197 0.007558563932923968 -0.0016486563699834391 -0.002636287427334503 0.00034725528132621415 -0.0018896200667804642 0.014449217342884789 0.0027996557702752892 0.0067104211201442776 -0.01675371815517971 0.0087591534025543531 -0.0027819135633260204 0.0035753435781870802 0.0011910573357724883
leaf_weight=4490.2886561751366 151.43912650644779 2314.6143074333668 21527.90929171443 1526.263486161828 2483.8891332149506 8708.8484198898077 673.79454036056995 698.99202461540699 733.16707836091518 105.1448971927166 672.89323598146439 2104.1254388093948 1158.2897005826235 6733.326535359025
leaf_count=19303 643 10052 95229 6493 10870 38043 2871 3061 3139 468 2957 9373 5021 29030
internal_value=0.000104656 -3.22635e-05 -0.000850122 0.000957772 0.00385064 0.000228382 0.00350531 0.00858067 0.000412849 0.00148071 0.00176719 0.00104155 0.00558003 -0.000546082
internal_weight=54083 52773.3 28900.4 23872.9 4798.5 19074.4 3632.22 1372.79 2259.43 7372.45 7267.31 6594.41 1309.73 15442.2
internal_count=236553 230889 127330 103559 20922 82637 15564 5932 9632 32101 31633 28676 5664 67073
cat_boundaries=0 1 2
cat_threshold=481 83
is_linear=0
shrinkage=0.03


Tree=90
num_leaves=15
num_cat=0
split_feature=45 10 16 40 39 30 41 20 40 11 33 39 39 11
split_gain=45.8924 46.1204 66.993 45.3615 68.307 53.974 116.091 86.9021 109.216 216.315 93.4351 86.7208 83.9164 84.564
threshold=1.3035283162150055 0.80271598549440804 0.69187827827864534 1.6263017757335707 1.9599887713377362 3.5000000000000004 0.95000000000000007 -0.12917434993354868 -1.7429079314650811 -0.85340177302642062 -1.8405751112261801 -1.803152513603415 0.62878750701685149 -1.1267223570242348
decision_type=8 8 8 10 10 2 2 10 10 10 10 10 10 8
left_child=3 2 -2 4 5 7 12 8 9 10 -1 -10 -7 -14
right_child=1 -3 -4 -5 -6 6 -8 -9 11 -11 -12 -13 13 -15
leaf_value=-0.0012151639908357971 0.0025197331083883522 0.0066765360365933449 -0.0076123197701835543 -0.0039238614734647898 0.0089225425799869477 0.00049969338688376239 -0.0071467342684073043 0.0022705261366094708 -0.023207871836445269 -0.0095177894575811991 0.030961583117929736 -0.0016183904332345343 0.014594504479956376 -0.0063437127204071676
leaf_weight=105.95873793959618 3317.0505485981703 1651.8311597108841 703.30618345737457 3032.1398039013147 726.43585605919361 13214.151896387339 2786.3250746876001 13454.066060587764 160.03498467803001 299.10227966308594 327.83896899223328 11357.773993119597 175.67146050930023 2804.9873519539833
leaf_count=471 14132 7085 3060 14375 3182 57150 12675 58491 711 1300 1394 49164 761 12740
internal_value=-7.82915e-05 0.0024724 0.00073278 -0.000377391 -0.000139785 -0.00028907 -0.00150198 0.000606811 -0.00122069 0.00993021 0.0232519 -0.00193824 -0.000526983 -0.005065
internal_weight=54116.7 5672.19 4020.36 48444.5 45412.3 44685.9 18981.1 25704.8 12250.7 732.9 433.798 11517.8 16194.8 2980.66
internal_count=236691 24277 17192 212414 198039 194857 83326 111531 53040 3165 1865 49875 70651 13501
is_linear=0
shrinkage=0.03


Tree=91
num_leaves=15
num_cat=0
split_feature=32 37 39 39 35 39 34 30 20 30 34 41 42 10
split_gain=48.7662 51.207 59.2981 49.7857 57.1318 53.9371 50.8206 49.3746 78.1245 65.4619 65.1144 60.127 57.326 53.4283
threshold=-0.23342274625466639 -1.5659205117258168 -1.7382987568501616 -1.023661760372365 1.094585134049711 -0.57937746911308408 1.808794005741811 2.5000000000000004 0.09998160456281345 5.5000000000000009 -0.33753157107994697 0.8500000000000002 0.64583333333333337 0.083824847256704943
decision_type=8 8 10 8 10 10 10 2 10 2 10 2 10 8
left_child=-1 2 -2 4 -3 -5 7 8 13 -9 -11 -12 -10 -7
right_child=1 3 -4 5 -6 6 -8 9 12 10 11 -13 -14 -15
leaf_value=-0.0012598968820317677 -0.0065717403540234004 -0.0044355214186436506 0.0088873579489411273 0.0040264048509014404 0.010882430395357908 -0.003349769280226064 -0.005164195701359643 -0.0016873722669248916 0.0077548349306289129 -0.0061039784876792957 0.007225260796028022 -0.0016942654035004489 0.0017271492924608935 0.0032549179413117919
leaf_weight=18906.001939311624 265.63894137740135 2823.7054028213024 1210.2816229909658 3936.8555686473846 228.03564620018005 2773.1805492341518 1454.6348813027143 11085.355871781707 2637.6462712138891 604.98571571707726 2257.0436314344406 967.05212607979774 3078.7617953121662 1815.5800281316042
leaf_count=82772 1154 12295 5108 16909 997 11941 6727 49041 11406 2664 9839 4306 13416 7810
internal_value=-3.17175e-05 0.000629261 0.0060795 0.000388565 -0.00325911 0.000753161 0.000268735 0.000584022 0.00217989 -0.000519367 0.00285765 0.00455293 0.00451711 -0.000735176
internal_weight=54044.8 35138.8 1475.92 33662.8 3051.74 30611.1 26674.2 25219.6 10305.2 14914.4 3829.08 3224.1 5716.41 4588.76
internal_count=236385 153613 6262 147351 13292 134059 117150 110423 44573 65850 16809 14145 24822 19751
is_linear=0
shrinkage=0.03


Tree=92
num_leaves=15
num_cat=0
split_feature=34 36 1 1 7 37 2 11 23 20 16 16 15 13
split_gain=42.887 50.0459 73.096 62.6255 78.8825 67.4379 56.8873 53.2401 48.6983 47.3784 45.057 43.7916 42.9538 63.1769
threshold=1.7411116750761086 -0.11999110862890781 0.014947293940627016 0.014171956114303904 -0.45435048582712023 0.39893679730922771 0.4905114069339816 2.247408396823686 -0.022195227601199238 1.6810087732145342 0.11699999247734146 0.88577156356763376 0.31458894274872157 44.648330736059059
decision_type=8 10 8 8 10 10 10 8 10 10 8 8 8 10
left_child=1 3 7 5 -5 8 -4 9 -1 -3 -6 -9 13 -8
right_child=-2 2 6 4 10 -7 12 11 -10 -11 -12 -13 -14 -15
leaf_value=0.0037174793563986628 -0.0040377457430108964 9.5347675245808928e-05 0.0098545696811306854 -0.0066558972205399006 0.014668575208782281 -0.0038684583390544733 0.0046724664839362853 -0.0016431979913936788 -0.00021051947690377428 -0.0089134276258898467 -0.00098340746302844669 0.016172569644173931 0.0036313027927104844 -0.0081438870337038304
leaf_weight=4367.6186432689428 2230.4941171109676 20349.374344259501 1074.0681085288525 3224.298731893301 163.48491425812244 2950.057959869504 630.40305753052235 195.96016021072865 8087.7353375554085 529.32245254516602 3599.3759753257036 321.08201944828033 5547.9035425037146 744.86511431634426
leaf_count=18667 10223 89177 4541 14296 711 13164 2715 846 34930 2516 15783 1410 24096 3223
internal_value=2.59116e-05 0.000201686 0.00101555 -0.000866586 -0.00322015 0.000202273 0.00346064 0.000100441 0.00116876 -0.000137203 -0.000266299 0.00951729 0.0024559 -0.00227774
internal_weight=54016 51785.6 29393 22392.6 6987.16 15405.4 7997.24 21395.7 12455.4 20878.7 3762.86 517.042 6923.17 1375.27
internal_count=236298 226075 128524 97551 30790 66761 34575 93949 53597 91693 16494 2256 30034 5938
is_linear=0
shrinkage=0.03


Tree=93
num_leaves=15
num_cat=0
split_feature=32 37 39 40 40 38 38 39 40 39 39 35 33 10
split_gain=43.6974 52.0619 61.8641 96.2253 60.159 123.312 71.8138 57.8147 57.448 84.2631 90.3955 73.0414 68.8695 57.1321
threshold=-0.19069274966621272 -1.5659205117258168 -1.0738947517226278 -1.5799783755273065 -0.59643355968359335 0.074417294357732103 -1.3271474214018126 -1.7382987568501616 0.41210572229896647 1.3899232382372873 0.85801550348664568 -1.1775941871991893 2.121031464231574 -0.71350168650622969
decision_type=8 8 8 10 8 10 8 10 8 10 10 8 10 8
left_child=-1 7 3 -3 5 -4 -6 -2 9 10 -8 -10 -13 -7
right_child=1 2 4 -5 6 13 8 -9 11 -11 -12 12 -14 -15
leaf_value=-0.0010628918651093896 -0.0061360135912222839 0.0060072787063035179 0.0010666987255120248 -0.0072147984062637671 0.012647607287338389 0.003452140554360088 -0.00097879882203711342 0.009150450477425116 -0.011642118730316313 0.01551884479703349 -0.011643413010686776 0.0024790168016146767 -0.0084911804224395548 0.018177853509497341
leaf_weight=20114.463706210256 267.23188228905201 650.49878723919392 2858.4026322066784 1985.7279526144266 408.36808884143829 370.27565650641918 12085.28359015286 1166.0827550292015 354.81276303529739 253.81279076635838 750.53816762566566 11441.615782469511 529.65383170545101 678.01984703540802
leaf_count=88093 1163 2774 12287 8725 1748 1594 52323 4913 1606 1115 3380 50722 2523 2890
internal_value=4.39365e-05 0.000702726 0.000453989 -0.00394183 0.00084496 0.00430955 0.000319368 0.00627763 0.000116387 -0.00126721 -0.00161096 0.00158553 0.00198697 0.0130583
internal_weight=53914.8 33800.3 32367 2636.23 29730.8 3906.7 25824.1 1433.31 25415.7 13089.6 12835.8 12326.1 11971.3 1048.3
internal_count=235856 147763 141687 11499 130188 16771 113417 6076 111669 56818 55703 54851 53245 4484
is_linear=0
shrinkage=0.03


Tree=94
num_leaves=15
num_cat=0
split_feature=45 11 12 39 39 32 40 12 36 33 11 44 40 39
split_gain=51.252 55.83 69.1999 89.4254 62.6936 52.0909 47.6411 47.0212 62.8326 50.0583 46.354 43.4758 41.9576 43.3925
threshold=0.74908634428331589 1.5713669345142782 0.015485807488615574 1.6108233818537363 -0.20688349916218537 -0.23342274625466639 1.0074796076896464 0.030961047603232487 -0.53759500388057657 0.78300190101061251 2.4620479835561913 -0.043377531027386819 1.3729840941476266 0.5007215239163455
decision_type=8 10 2 10 10 10 10 2 10 10 8 10 10 10
left_child=6 5 4 -4 -3 7 -1 9 -9 -2 -8 -5 13 -6
right_child=1 2 3 11 12 -7 10 8 -10 -11 -12 -13 -14 -15
leaf_value=-0.0010111266575006778 -2.3577525930628622e-05 -0.0060048158672658201 -0.001237785467591447 0.028747776679535996 0.0084236821022595464 0.00087772899519940914 -0.0076234313412378773 -0.010880552530289524 -0.00076546793612211627 -0.0066957862904770795 0.014226310602930756 0.0076778268368467668 -0.00064538836127134367 0.025036009774278018
leaf_weight=7491.4352462887764 11242.892096996307 151.35797683894634 2036.0204362422228 110.80635948479176 260.53462474048138 26870.754877775908 1660.6658337712288 1002.598036006093 1220.5359401404858 1102.1080109775066 83.190206348896027 373.3734086304903 129.06722804903984 343.35360963642597
leaf_count=32915 48771 649 8841 473 1123 117074 7732 4587 5353 4955 375 1651 583 1497
internal_value=-2.07439e-05 0.000398484 0.00408569 0.001535 0.0112564 9.46395e-05 -0.0020546 -0.00134937 -0.00535551 -0.000624181 -0.00650592 0.0129839 0.0148538 0.0181229
internal_weight=54078.7 44843.4 3404.51 2520.2 884.313 41438.9 9235.29 14568.1 2223.13 12345 1743.86 484.18 732.955 603.888
internal_count=236579 195557 14817 10965 3852 180740 41022 63666 9940 53726 8107 2124 3203 2620
is_linear=0
shrinkage=0.03


Tree=95
num_leaves=15
num_cat=1
split_feature=45 46 10 0 40 35 16 45 2 20 39 11 0 40
split_gain=42.4353 42.0152 51.9136 46.133 48.7875 59.0152 57.8286 50.7872 49.4638 47.8455 45.9632 43.2929 57.4906 44.2651
threshold=0.75355126082330504 0 -1.3701447939899289 0.0030685221796159672 1.2391643403162049 -0.94517759044698357 0.094594594594594725 1.0102322338089984 1.2792952962603625 -0.19138961740798591 0.53377117249981543 -1.0598982034302729 0.0076455415088244544 -1.6320170662874254
decision_type=8 1 8 10 10 10 10 8 10 10 10 10 10 10
left_child=-1 2 11 9 6 -6 7 -5 -9 -4 -7 12 -2 -14
right_child=1 -3 3 4 5 10 -8 8 -10 -11 -12 -13 13 -15
leaf_value=-0.001857433479629223 0.002711309421657206 -0.00043792506432845433 0.023952665984321796 2.9492616935539735e-05 -0.01198565723076994 0.022094100720001588 0.00059229130160269301 0.020289981148564416 -0.0010183001297196508 0.00035580648841095373 0.005794446723072973 0.0019690747348453824 0.0036011806119011745 -0.018623489913080188
leaf_weight=9440.7317134141922 256.94789998233318 25547.812630712986 161.2354254424572 364.91352277994156 146.27687937021255 162.22897946834564 14271.367379084229 363.64915645122528 131.6741593927145 141.58397936820984 1852.3408472239971 579.08818399906158 95.68661817908287 420.07296586036682
leaf_count=41972 1107 112071 673 1562 682 703 61399 1526 564 604 8358 2487 429 1856
internal_value=-3.17039e-05 0.000356002 0.00142566 0.00186227 0.00165469 0.00586103 0.00105054 0.00855873 0.0147174 0.013284 0.00720967 -0.00421879 -0.00882205 -0.0145102
internal_weight=53935.6 44494.9 18947.1 17595.3 17292.5 2160.85 15131.6 860.237 495.323 302.819 2014.57 1351.8 772.707 515.76
internal_count=235993 194021 81950 76071 74794 9743 65051 3652 2090 1277 9061 5879 3392 2285
cat_boundaries=0 1
cat_threshold=116
is_linear=0
shrinkage=0.03


Tree=96
num_leaves=15
num_cat=1
split_feature=36 12 35 38 0 38 39 37 45 10 46 30 41 30
split_gain=45.6336 73.7536 78.4891 46.2412 52.8737 46.1736 58.8379 51.647 44.3989 47.1642 40.3 38.6231 95.7758 70.6376
threshold=-0.2795919952240164 0.026987738430966763 -2.0787232251000596 2.4351927170351155 0.0075462960207465599 -2.6065503240709633 -1.1929641045859751 0.38070963865079954 1.2477398260729451 -1.4466007542794597 0 5.5000000000000009 0.75000000000000011 3.5000000000000004
decision_type=10 2 10 10 10 10 10 10 8 10 1 2 2 2
left_child=1 2 -1 11 -5 -4 -7 8 9 -8 -3 13 -13 -2
right_child=3 10 5 4 -6 6 7 -9 -10 -11 -12 12 -14 -15
leaf_value=0.0077550071125506697 0.0013435061671559741 -0.0015119013398565166 0.017555947537762368 0.00938605152058016 -0.010799528605216871 -0.0068550176208430208 -0.0082678455858349806 -0.0042653735597579781 0.0066833689693505437 0.0005647179732876233 -0.0076150519707132887 0.0057834215940409999 -0.0023738847359526861 -0.0017267007692143787
leaf_weight=1004.9423892050982 19185.369575500488 1785.0463867038488 110.85306660830975 136.96743176877499 587.21616944670677 1403.0153462290764 575.81105640530586 2414.3075899630785 972.69898529350758 7632.3321532607079 2187.1416251063347 3728.5375175476074 1975.3298890292645 10387.856365531683
leaf_count=4227 83280 7988 454 668 2915 6104 2498 10761 4090 32999 9809 16152 8776 45929
internal_value=-7.13009e-05 -0.00130031 -0.000282792 0.000546315 -0.00690591 -0.000904414 -0.00107523 -0.000370566 0.000657188 -6.42034e-05 -0.00490598 0.000701211 0.00295922 0.00026485
internal_weight=54087.4 18086.1 14114 36001.3 724.184 13109 12998.2 11595.1 9180.84 8208.14 3972.19 35277.1 5703.87 29573.2
internal_count=236650 78930 61133 157720 3583 56906 56452 50348 39587 35497 17797 154137 24928 129209
cat_boundaries=0 1
cat_threshold=103
is_linear=0
shrinkage=0.03


Tree=97
num_leaves=15
num_cat=0
split_feature=23 38 39 38 39 30 15 20 2 14 35 37 37 1
split_gain=45.3934 46.2991 45.0108 104.864 60.774 79.978 113.319 100.442 108.103 76.1366 68.9374 58.7943 87.0427 74.7867
threshold=0.059816163208428315 2.6300836929250067 -1.1929641045859751 0.22796957868653941 -0.49569516541271452 2.5000000000000004 0.22124446902654862 0.13447708007188089 1.10586807013985 0.76902530526075519 -1.5893740440610307 -0.24886693109228139 -1.2199158939915844 0.016397090262465192
decision_type=8 8 10 10 10 2 10 10 10 8 10 10 8 8
left_child=1 2 3 11 10 7 -7 9 -9 -6 -4 12 -1 -13
right_child=-2 -3 4 -5 5 6 -8 8 -10 -11 -12 13 -14 -15
leaf_value=0.0011445985256228722 0.0056067022737302449 -0.0086684632873366089 0.010298973104922801 -0.015636093762945044 -0.00011710211853542166 0.005717898657214341 -0.0021043728394559516 0.0058213139272611574 -0.0012744644796936469 -0.0096080656347646756 0.0016164439348925802 0.01314171068435791 -0.0079925020782199967 -0.0088591834366753257
leaf_weight=2262.4430124014616 1295.6858651638031 545.82447357475758 896.87943765521049 494.58726298809052 6398.4728734493256 1813.0863263905048 19477.728980645537 5945.5053208470345 2855.8212244510651 853.38474163413048 8980.3181667178869 479.85315108299255 1590.7224081456661 186.10045957565308
leaf_count=9835 5595 2725 3814 2220 27554 7714 86621 25576 12710 3745 38646 2063 6988 816
internal_value=8.09404e-05 -5.5745e-05 3.58949e-05 -0.00266383 0.000323041 -0.000230622 -0.00143587 0.00136776 0.00352007 -0.00124567 0.00241446 -0.00121271 -0.00263844 0.00695346
internal_weight=54076.4 52780.7 52234.9 5013.71 47221.2 37344 21290.8 16053.2 8801.33 7251.86 9877.2 4519.12 3853.17 665.954
internal_count=236622 231027 228302 21922 206380 163920 94335 69585 38286 31299 42460 19702 16823 2879
is_linear=0
shrinkage=0.03


Tree=98
num_leaves=15
num_cat=2
split_feature=46 16 8 45 19 45 15 14 45 45 12 16 40 46
split_gain=41.6328 58.9222 61.9644 68.8696 55.4193 87.9691 63.1554 64.7929 51.3756 70.7605 51.063 50.0362 47.6087 51.3764
threshold=0 0.2897524320742732 -1.0588569309585425 1.2776982327279967 0.04889440013626295 0.81608696590124008 0.64266630977872963 0.73757369051274202 0.74409656860861739 0.60182430798301378 0.035993864724723199 0.49999490253649753 0.68694791532720556 1
decision_type=1 8 8 10 2 10 10 10 10 10 2 8 10 1
left_child=1 8 -3 4 5 -4 -6 -8 9 -1 -7 -5 -13 -14
right_child=-2 2 3 11 6 10 7 -9 -10 -11 -12 12 13 -15
leaf_value=0.0076636734187091162 -0.00065089756251709421 -0.0051747723306325944 0.015143009357904778 0.015944719530109258 -0.0032993097080043282 0.0019053526143251586 0.0058136812271938577 -0.0012642292238711685 -0.00046490806118153476 -0.017256446063343891 0.018673524569493834 0.00075387832757222459 0.0002761694031508894 0.020350719172834871
leaf_weight=135.44354373216629 32666.544499829412 954.12174420058727 602.8268845975399 512.51940087974072 2755.4117924422026 3197.6318959593773 2419.2453982681036 2229.2445378899574 6679.910619944334 358.17822226881981 162.5247108489275 873.90662083029747 199.5956826210022 273.89423218369484
leaf_count=583 144208 4067 2557 2148 11982 13609 10592 10063 28662 1551 704 3656 852 1171
internal_value=2.23395e-05 0.00105185 0.00217263 0.00270615 0.00182663 0.00468498 0.000292422 0.00242395 -0.00116224 -0.0104023 0.0027694 0.00804281 0.00494179 0.0124958
internal_weight=54021 21354.5 14180.9 13226.8 11366.9 3962.98 7403.9 4648.49 7173.53 493.622 3360.16 1859.92 1347.4 473.49
internal_count=236405 92197 61401 57334 49507 16870 32637 20655 30796 2134 14313 7827 5679 2023
cat_boundaries=0 1 2
cat_threshold=624 64
is_linear=0
shrinkage=0.03


Tree=99
num_leaves=15
num_cat=0
split_feature=32 33 39 37 33 31 38 12 13 12 36 34 38 39
split_gain=38.4743 55.9713 43.9577 69.3903 51.7447 54.8989 41.5232 38.6255 52.9769 32.8493 72.0518 64.1199 52.4015 32.8148
threshold=-0.43035023965381475 0.78300190101061251 -1.803152513603415 -1.730175991096025 -0.50345489386502218 1.0091323800273175 -1.9647579263516317 0.017626567103465076 38.769044838301362 0.027700012398471592 -0.52362128763969962 -1.3878521493006064 0.35967307090477668 2.4115980245615991
decision_type=10 8 10 10 10 10 10 2 10 2 10 10 10 10
left_child=1 9 7 -4 -5 6 -6 -2 -9 11 -11 12 -1 -7
right_child=2 -3 3 4 5 13 -8 8 -10 10 -12 -13 -14 -15
leaf_value=0.0069615181654772056 -0.020900614550032438 -0.0074850089875467263 0.0082027594015982516 -0.0021509346749150914 0.019374708676559542 -0.0024275695042329615 0.0012929726976333988 -0.010718359575992703 0.012354469950561347 -0.0088075025762204048 0.0013597202129230984 -0.0010832495582099892 -0.01318873034723868 0.010288457344075486
leaf_weight=1494.3839894235134 142.52363942563534 1229.4948168843985 1027.9299978017807 6266.2987052351236 104.8455315977335 5086.1665773540735 26996.771880939603 253.12144365906715 126.14071740210056 1281.930796444416 1214.882584631443 8456.3415143638849 116.71758414804935 179.69377754628658
leaf_count=6391 622 5552 4330 27337 439 22582 117879 1118 540 5840 5319 36915 525 816
internal_value=-3.60843e-05 -0.00140255 0.000433213 0.000547959 0.000342217 0.000825403 0.00137004 -0.00813508 -0.00292421 -0.00080186 -0.00387471 -3.66768e-05 0.00542937 -0.00197497
internal_weight=53977.2 13793.8 40183.5 39661.7 38633.8 32367.5 27101.6 521.786 379.262 12564.3 2496.81 10067.4 1611.1 5265.86
internal_count=236205 60542 175663 173383 169053 141716 118318 2280 1658 54990 11159 43831 6916 23398
is_linear=0
shrinkage=0.03


Tree=100
num_leaves=15
num_cat=0
split_feature=38 39 30 39 38 9 19 15 39 38 30 40 40 30
split_gain=42.8977 53.7349 56.3974 39.306 120.689 75.2413 92.5041 83.0841 73.1953 86.0125 76.7962 87.4681 75.7523 72.7884
threshold=2.4351927170351155 2.1360955966638504 1.0000000180025095e-35 -1.1929641045859751 0.19547345827769239 -1.4522775601561773 -5.9293941549236289 0.14211983355288973 -0.49569516541271452 -0.82582606571283668 2.5000000000000004 -0.73720395851841725 -1.4717421129516608 1.5000000000000002
decision_type=8 10 2 10 10 10 2 8 10 10 2 10 10 2
left_child=1 3 -3 4 5 6 7 -1 9 10 12 -12 -5 -7
right_child=-2 2 -4 8 -6 13 -8 -9 -10 -11 11 -13 -14 -15
leaf_value=-0.0054877264475084323 -0.0069807239356860507 -0.0082267015137622475 0.0098539368807418204 0.025073759106003242 -0.01548327233149153 -0.0054495550690612958 -0.014875463220839876 0.013328301567949901 -0.00035860004914932392 0.00086176161738250683 0.0053710387944206966 0.019680439350066876 -0.0017260229209207464 0.0050873695528304919
leaf_weight=772.30640704929829 765.79614627361298 179.79533049464226 886.99158599972725 95.12687748670578 562.97552043199539 817.04348130524158 630.80258762836456 279.32210063934326 36970.968246847391 7431.5495945811272 947.48592072725296 649.82667902112007 969.19836139678955 2053.6553819179535
leaf_count=3431 3795 791 3914 402 2532 3586 2775 1203 162172 32032 4034 2741 4139 8863
internal_value=2.29238e-05 0.000124942 0.00675854 -1.19463e-05 -0.00250661 -0.00087168 -0.00589043 -0.000411548 0.00025971 0.00252267 0.00713951 0.0112787 0.000880373 0.0020799
internal_weight=54012.8 53247 1066.79 52180.3 5116.11 4553.13 1682.43 1051.63 47064.2 10093.2 2661.64 1597.31 1064.33 2870.7
internal_count=236410 232615 4705 227910 22390 19858 7409 4634 205520 43348 11316 6775 4541 12449
is_linear=0
shrinkage=0.03


Tree=101
num_leaves=15
num_cat=1
split_feature=46 44 1 2 19 2 1 18 10 11 43 0 11 1
split_gain=41.0143 55.3648 51.7822 49.7003 46.2111 59.9925 54.4007 79.0955 75.1106 63.283 60.3804 52.4093 52.3985 55.4174
threshold=0 0.0074636157333192498 0.0048546617483577479 1.6918437907146679 -3.6771695007273655 0.33215615527512932 0.017517397864015846 -0.48673293927239075 -0.83063569511583812 -2.1729735172151514 0.5634920634920636 0.01529209348079308 0.54488197310641284 0.0073573822838787226
decision_type=1 10 8 8 2 10 10 2 10 8 10 10 10 10
left_child=2 3 -1 -2 5 -4 7 9 11 -7 -11 -8 -6 -14
right_child=1 -3 4 -5 12 6 8 -9 -10 10 -12 -13 13 -15
leaf_value=0.010774938512478778 -6.7822333215733382e-05 -0.00252697003468792 0.015785153191785049 0.0085350600973684958 0.0026347474511098923 -0.013505119763484837 -0.001627437303588085 -0.010085110171887178 0.0024819890899851422 0.003885436831848184 -0.0041413744997411718 -0.017903093491466404 -0.011673716589743461 -3.7244817654175935e-06
leaf_weight=457.79592697322369 17446.197933316231 10277.188955053687 167.10190962255001 616.06853425502777 12098.214935526252 249.8592576533556 262.27722685039043 671.62516765296459 440.78019082546234 3143.8124072104692 1142.2210736423731 559.07450012862682 379.41870753467083 6148.9496518820524
leaf_count=1955 77052 45660 692 2735 52133 1079 1139 2892 1908 13401 4885 2540 1681 26828
internal_value=1.70041e-05 -0.000769966 0.000884003 0.000230166 0.000700927 -0.00144709 -0.00191585 -0.000556114 -0.00747759 0.000873916 0.00174164 -0.012788 0.00146664 -0.000698783
internal_weight=54060.6 28339.5 25721.1 18062.3 25263.3 6636.75 6469.65 5207.52 1262.13 4535.89 4286.03 821.352 18626.6 6528.37
internal_count=236580 125447 111133 79787 109178 28536 27844 22257 5587 19365 18286 3679 80642 28509
cat_boundaries=0 1
cat_threshold=752
is_linear=0
shrinkage=0.03


Tree=102
num_leaves=15
num_cat=0
split_feature=24 23 2 30 35 39 35 30 39 40 1 40 16 39
split_gain=37.7614 59.1677 44.7235 77.9554 44.6262 43.7434 102.606 59.8953 46.6661 52.244 42.6628 42.5528 44.3996 88.8001
threshold=-0.0066537769831162821 0.035240478930546888 0.66303653334956325 3.5000000000000004 -0.83063835716726853 0.34070642721254157 -0.67640617265540703 2.5000000000000004 1.8692993204086037 1.5956037031214281 0.011989499397082052 0.43555503510842047 0.12061705451440315 -0.97378762593099011
decision_type=10 10 10 2 10 8 10 2 10 10 10 10 10 10
left_child=1 5 3 4 -2 11 -7 -8 -9 -10 -3 12 13 -1
right_child=2 10 -4 -5 -6 6 7 8 9 -11 -12 -13 -14 -15
leaf_value=-0.00074892034422671921 -0.0094878093895825813 0.027019410640597218 -0.0012592931355010259 -0.0012406252078356445 0.0053144450782321552 -0.0081584879014845197 0.0043515419396835883 -0.0029760029388731985 0.020112897785105492 -0.0031542255293404414 0.0007067668797617339 0.0072230604811154685 0.00040347505944488492 0.011603410185406936
leaf_weight=1074.4791817069054 184.5201568454504 124.58174304664135 25847.503815755248 4874.6421446055174 3478.3275137394667 1437.1384523063898 2430.5161065012217 3058.569526642561 166.01067377626896 166.84209315478802 95.263910636305809 1220.6339928805828 8826.6089754998684 1009.8946083635092
leaf_count=4664 804 536 114198 21253 14891 6449 10489 13702 726 779 410 5208 37969 4243
internal_value=-3.84848e-05 0.00101174 -0.00063757 0.00124398 0.00454496 0.000831935 -0.00100924 0.000766507 -0.001808 0.00869844 0.0161444 0.00193354 0.00133572 0.0052627
internal_weight=53995.5 19610.5 34385 8537.49 3662.85 19390.7 7259.08 5821.94 3391.42 332.853 219.846 12131.6 10911 2084.37
internal_count=236321 85175 151146 36948 15695 84229 32145 25696 15207 1505 946 52084 46876 8907
is_linear=0
shrinkage=0.03


Tree=103
num_leaves=15
num_cat=3
split_feature=43 46 16 1 23 44 1 1 9 46 9 46 1 1
split_gain=36.167 54.9159 81.5897 79.3298 47.878 47.0176 61.8975 45.4778 43.4565 40.6578 50.2197 37.2811 61.8395 37.3922
threshold=0.41428571428571431 0 0.2385979112292678 0.005388263615983587 0.037907718847772505 0.0071832072310577142 0.0046453865518241745 0.021290873333464699 1.5295145327382789 1 -1.0834280835211236 2 0.016276676857664627 0.029328401476294039
decision_type=10 1 8 10 8 10 10 10 8 1 8 1 10 10
left_child=4 2 7 -4 8 6 -3 -2 11 10 -6 12 -1 -13
right_child=1 5 3 -5 9 -7 -8 -9 -10 -11 -12 13 -14 -15
leaf_value=0.0035781401795042076 -0.0029522702320940839 -0.0092294122505844831 0.02003801539916204 0.0018157192684253418 0.030543781020163117 -0.0030117462328233396 0.0003451860881315493 -0.019914455349457339 0.010621613643329877 0.0022719668051261175 0.0077850582602637386 -0.00097691196567893917 -0.0028146776988622522 0.0080165973650213711
leaf_weight=5746.6605802774429 2082.3649120777845 634.05769509077072 210.22425179183483 9360.2978497892618 111.70506244897842 10036.81568954885 10750.051009356976 143.31525707244873 373.5229522138834 765.23713412880898 348.82829301059246 11200.172714784741 1775.6182125508785 422.16190727055073
leaf_count=24914 8942 2826 886 40804 478 44463 47141 650 1692 3372 1492 48935 7765 1843
internal_value=2.99364e-06 -0.000610713 0.00103217 0.00223648 0.00098554 -0.00151526 -0.00019572 -0.00412868 0.000622637 0.0067123 0.0135492 0.000422108 0.00206465 -0.000643074
internal_weight=53961 33217.1 11796.2 9570.52 20743.9 21420.9 11384.1 2225.68 19518.1 1225.77 460.533 19144.6 7522.28 11622.3
internal_count=236203 145712 51282 41690 90491 94430 49967 9592 85149 5342 1970 83457 32679 50778
cat_boundaries=0 1 2 3
cat_threshold=848 50 169
is_linear=0
shrinkage=0.03


Tree=104
num_leaves=15
num_cat=0
split_feature=36 32 30 41 34 36 33 34 12 34 40 39 38 15
split_gain=42.773 50.2486 50.4336 52.5651 46.1956 41.4803 40.4313 47.6506 43.3021 37.1109 37.067 82.0576 88.9069 81.2009
threshold=1.8730688270987461 -0.19069274966621272 3.5000000000000004 0.8500000000000002 -0.98297456888465506 -2.306956404212253 0.78300190101061251 0.68712836780982578 0.015557521127552348 -1.3432783689053445 -1.6320170662874254 -1.258802540749171 0.15609581703962142 0.18114528383796777
decision_type=10 10 2 2 8 10 8 10 2 8 10 10 10 10
left_child=1 2 6 4 -4 -3 7 8 -1 -7 13 12 -12 -11
right_child=-2 5 3 -5 -6 9 -8 -9 -10 10 11 -13 -14 -15
leaf_value=0.0027074704699554643 -0.0042941333404528919 0.011051050162558272 -0.0069404901778821367 -0.0078080097723242968 -0.00039235684088958974 -0.0048015068288404057 -0.0051350157403977532 0.010289744040965361 -0.0012429943153682049 -0.0020987692760932458 -0.0022821048422100245 0.0011869585441934029 -0.020938347906053915 0.01744561663487032
leaf_weight=4278.9943328648806 1952.3328506797552 351.47396683692932 1184.762922540307 1530.6234178692102 5153.2768404334784 1009.9152944684029 1120.0332808941603 448.871855661273 5968.1771554201841 384.41970269382 1052.4800693541765 28921.045790910721 285.27095712721348 367.14111261069775
leaf_count=18470 9237 1496 5210 7021 22577 4396 4951 1946 26010 1660 4615 126014 1294 1540
internal_value=5.3844e-05 0.000217704 -0.000977259 -0.00283643 -0.0016254 0.00094442 0.000262168 0.000831601 0.000407665 0.000830068 0.00101496 0.000850142 -0.00638633 0.00755247
internal_weight=54008.8 52056.5 19684.7 7868.66 6338.04 32371.7 11816.1 10696 10247.2 32020.3 31010.4 30258.8 1337.75 751.561
internal_count=236437 227200 86185 34808 27787 141015 51377 46426 44480 139519 135123 131923 5909 3200
is_linear=0
shrinkage=0.03


Tree=105
num_leaves=15
num_cat=0
split_feature=30 37 41 40 10 39 11 34 40 11 37 39 40 10
split_gain=41.557 135.202 86.6106 74.2826 94.8131 77.4322 95.8026 72.0748 66.3915 253.613 117.46 101.524 83.2602 72.4181
threshold=3.5000000000000004 0.39893679730922771 0.95000000000000007 -0.70711651716964619 -0.38887735066557111 1.5799472496552178 2.0921551643894545 1.808794005741811 -1.7429079314650811 -0.84078337260247815 -2.4114378402575984 -1.1929641045859751 -1.2929908372390331 -0.52175685352895351
decision_type=2 10 2 10 8 10 10 10 8 8 10 10 10 10
left_child=2 -2 8 4 -3 -5 -7 -4 9 10 -1 13 -13 -10
right_child=1 3 7 5 -6 6 -8 -9 11 -11 -12 12 -14 -15
leaf_value=-0.0061496723942767693 0.0007355971313382036 -0.0039708351388730335 0.0061117193911867668 -0.006400027853581871 0.018739035124448005 -0.001008043615867954 0.026621474654532139 -0.0052363321947634569 -0.0098990821351623848 -0.010681298307108098 0.03011327723688724 0.013195903827056902 0.00011029269629347086 0.0027708090693068076
leaf_weight=97.915319308638573 14821.293021649122 392.53498668968678 3803.0987568795681 6067.7922340333462 272.5815609395504 1305.6977088600397 113.58249922096729 572.57736603915691 1523.8045176565647 352.32836773991585 373.0807441920042 435.99939765036106 23289.271641775966 547.12508375942707
leaf_count=442 64196 1727 16728 27620 1177 6100 490 2674 6774 1542 1580 1876 100916 2395
internal_value=-4.74295e-06 -0.000971463 0.000711867 -0.00407213 0.00547595 -0.00492651 0.00137389 0.00461822 6.8254e-05 0.00840253 0.0226035 -0.0002009 0.000356225 -0.00655456
internal_weight=53968.7 22973.5 30995.2 8152.19 665.117 7487.07 1419.28 4375.68 26619.5 823.324 470.996 25796.2 23725.3 2070.93
internal_count=236237 101310 134927 37114 2904 34210 6590 19402 115525 3564 2022 111961 102792 9169
is_linear=0
shrinkage=0.03


Tree=106
num_leaves=15
num_cat=1
split_feature=30 15 11 10 40 1 12 1 41 16 0 11 9 46
split_gain=47.3409 100.255 103.066 85.9052 88.8812 129.529 109.875 102.453 79.7806 78.1996 69.4964 87.1557 66.4968 70.3532
threshold=3.5000000000000004 0.35960144433001157 -1.6323180237845316 0.85796315936754086 -1.002746323103848 0.021825119449646376 0.046138932464806742 0.0057492179587521897 0.95000000000000007 0.13463233177686551 0.0093333799950957568 -1.9147650664834674 -0.14632590397389827 0
decision_type=2 10 8 10 8 10 2 10 2 10 10 8 10 1
left_child=8 2 -2 4 7 9 -7 -4 -1 -6 11 -3 13 -11
right_child=1 10 3 -5 5 6 -8 -9 -10 12 -12 -13 -14 -15
leaf_value=0.0001765099566813434 -0.01066417143408325 0.016188125748012649 -0.026550441096262204 -0.014092120514867931 0.013734961291589791 -0.02391824014149814 0.013242698649904993 -2.0999268382606432e-05 0.0045314162587914188 0.0074540297878425837 -0.00034617467417143112 -0.0049874935485053279 0.013416434301145926 -0.0017444002759166822
leaf_weight=26727.220398932695 562.81893898546696 169.62867943942547 128.6261502802372 260.6449633538723 1083.8189092278481 224.56487479805946 95.467282667756081 2385.6247883290052 4401.0050235688686 1412.7614327222109 6994.7740066200495 7405.2186366468668 618.52582764625549 1557.4916439801455
leaf_count=116003 2462 744 563 1120 4569 981 418 10308 19486 6008 31409 33099 2652 6691
internal_value=3.19054e-05 -0.0010032 0.00162068 0.00252338 0.00311826 0.00543124 -0.0127676 -0.00147802 0.000793478 0.00670231 -0.00250352 -0.00449258 0.00454617 0.0026602
internal_weight=54028.2 22900 8330.34 7767.53 7506.88 4992.63 320.032 2514.25 31128.2 4672.6 14569.6 7574.85 3588.78 2970.25
internal_count=236513 101024 35772 33310 32190 21319 1399 10871 135489 19920 65252 33843 15351 12699
cat_boundaries=0 1
cat_threshold=236
is_linear=0
shrinkage=0.03


Tree=107
num_leaves=15
num_cat=2
split_feature=45 39 39 15 1 46 10 45 43 46 14 9 39 15
split_gain=37.7857 43.4449 50.9964 63.7166 80.3087 46.1386 45.769 44.0653 40.0228 53.5129 46.3635 39.3395 52.3692 39.7172
threshold=0.7740435275211538 2.1360955966638504 0.98644843202397803 0.64266630977872963 0.0083580400563935103 0 1.422377026240879 0.95847612091199619 0.2678571428571429 1 0.68354999194522115 -1.6691652982158918 -1.0559787094162867 0.19823788546255558
decision_type=8 10 8 8 8 1 10 10 10 1 10 8 10 10
left_child=-1 2 11 5 6 7 -5 -4 -6 10 -10 12 13 -2
right_child=1 -3 3 4 8 -7 -8 -9 9 -11 -12 -13 -14 -15
leaf_value=-0.0016495422371589651 -0.010044531040289528 0.0066406435040572585 0.019421512721839531 -0.012189967717405076 0.010540993105795253 -0.010126194838697937 0.0054584252348178174 -0.0078023955642431489 0.0092173269579683258 -0.0027673983351207748 -0.00051837116095152479 0.00085120608975583793 0.0071585917792358371 0.0096752783709313436
leaf_weight=10494.69635604322 838.92292265594006 957.73780833184719 93.749419450759888 714.03890277445316 346.79446172714233 1171.0589634478092 155.6780626475811 102.19884949922562 823.48945412039757 2462.6829307377338 930.93518562614918 34515.416297599673 255.59947526454926 95.112554207444191
leaf_count=46715 3782 4265 430 3329 1551 5276 720 467 3610 11267 4229 149079 1105 416
internal_value=-3.48325e-05 0.000355346 0.000212197 -0.00216688 -0.000704767 -0.00793122 -0.00900479 0.00527696 0.000893151 7.66999e-05 0.00405472 0.000665812 -0.00467536 -0.00795525
internal_weight=53958.1 43463.4 42505.7 6800.63 5433.62 1367.01 869.717 195.948 4563.9 4217.11 1754.42 35705.1 1189.63 934.035
internal_count=236241 189526 185261 30879 24706 6173 4049 897 20657 19106 7839 154382 5303 4198
cat_boundaries=0 1 2
cat_threshold=7 624
is_linear=0
shrinkage=0.03


Tree=108
num_leaves=15
num_cat=0
split_feature=2 13 14 1 40 15 10 1 2 39 35 38 40 40
split_gain=38.0775 63.9759 79.0188 73.1522 47.6363 45.8953 43.6978 102.866 59.8607 52.4469 101.547 65.2418 83.4542 73.7864
threshold=0.62311976321320206 36.495969951083929 0.52862470362628844 0.011531870926673252 -0.86742686093011201 0.35623292650467758 -0.99962405374480967 0.02208249380186186 0.88806116615090913 0.41545778425267871 -1.1775941871991893 0.53075676730610744 0.41210572229896647 -0.58166541068976751
decision_type=10 8 10 8 10 8 8 10 10 10 10 10 10 10
left_child=1 3 4 -1 5 -3 7 8 -2 11 -11 12 -8 -13
right_child=6 2 -4 -5 -6 -7 9 -9 -10 10 -12 13 -14 -15
leaf_value=0.0036247025823085213 -0.0053775829358472266 0.0078056556313257659 -0.00032493388469454415 -0.014427556995323602 0.003758677507529912 0.026616253876319988 0.0011911617352793539 -0.01522745252597928 0.00095333098712801524 -0.012129932138906991 -0.00072661289613563994 0.0095328382697967631 0.0085234497884377949 -0.0036451572646958239
leaf_weight=355.66912734508514 2168.9693445116282 510.66655845940113 5332.7448143213987 447.86402475833893 4548.2714347094297 147.61504919826984 15443.688173562288 525.95003931224346 3502.1418744772673 728.45756414532661 14609.845638096333 415.72018431127071 1526.6704261153936 3778.2028284072876
leaf_count=1526 9443 2179 23158 1946 19472 622 66595 2399 15194 3370 65789 1801 6487 16660
internal_value=7.43771e-05 0.00161862 0.00224245 -0.00649072 0.00486765 0.012359 -0.000336121 -0.00266318 -0.00147319 5.95656e-05 -0.00127574 0.00102744 0.00185541 -0.00231933
internal_weight=54042.5 11342.8 10539.3 803.533 5206.55 658.282 42699.6 6197.06 5671.11 36502.6 15338.3 21164.3 16970.4 4193.92
internal_count=236641 48903 45431 3472 22273 2801 187738 27036 24637 160702 69159 91543 73082 18461
is_linear=0
shrinkage=0.03


Tree=109
num_leaves=15
num_cat=0
split_feature=21 1 24 12 16 38 30 40 19 30 16 34 40 40
split_gain=39.6875 54.6204 35.654 42.8171 40.2208 55.3069 44.1014 47.4966 42.8982 41.6429 36.8829 34.9403 43.7343 37.4237
threshold=-0.54004195080626261 0.032856810192967344 -0.0072802634191939655 0.033404000373913043 0.29588789822391387 -1.5020257269951001 1.5000000000000002 -1.3796391284692711 -0.20300198884229473 3.5000000000000004 0.64992996808418679 -0.10088397268400795 1.4204165714599706 0.41210572229896647
decision_type=10 8 8 2 8 10 2 10 2 2 10 10 8 10
left_child=1 11 3 -2 5 6 -4 9 10 -8 -6 12 13 -1
right_child=2 -3 4 -5 8 -7 7 -9 -10 -11 -12 -13 -14 -15
leaf_value=-0.001782191199797191 0.0011549710217942028 0.0094904648206932465 -0.0062705842211060034 -0.0049117305856497947 0.0014779873765635152 -0.0044080718652715614 0.01217378309875293 0.015928238950751031 -0.0015350044720928565 -0.0080822394933413588 0.019543789486960887 0.0016946070181520598 -0.0098105013574402988 0.0035712433685537504
leaf_weight=4480.7887374162674 11060.890174269676 645.20889580249786 292.12967102229595 1146.4932436645031 4356.3528140336275 5972.4019510298967 142.55971240997314 310.21100693941116 12181.373766154051 217.63847826421261 94.249173402786255 11063.756900578737 467.71784107387066 1581.9002821594477
leaf_count=19384 47976 2765 1284 5161 18837 26080 617 1312 54604 944 405 48102 2168 6884
internal_value=-0.000153368 0.000985177 -0.000733964 0.000581645 -0.00141539 -0.00333301 0.00331428 0.00752165 -0.000614289 4.70023e-05 0.00190352 0.00066806 -0.00107104 -0.000381772
internal_weight=54013.7 18239.4 35774.3 12207.4 23566.9 6934.94 962.539 670.409 16632 360.198 4450.6 17594.2 6530.41 6062.69
internal_count=236523 79303 157220 53137 104083 30237 4157 2873 73846 1561 19242 76538 28436 26268
is_linear=0
shrinkage=0.03


Tree=110
num_leaves=15
num_cat=0
split_feature=39 11 39 15 11 11 43 6 30 16 37 0 43 16
split_gain=33.5216 63.9433 54.5104 70.4144 66.9249 76.496 57.0919 56.8514 53.1903 86.732 60.2158 59.685 45.3993 45.1544
threshold=2.1360955966638504 2.0921551643894545 0.93687248228760756 0.66203903741867409 -0.97106133768605185 1.6665900934903779 0.95000000000000007 1.0177991271508422 2.5000000000000004 0.67116246248525646 1.3853480487701553 0.0088944274076753187 0.58571428571428574 0.71661233907151334
decision_type=10 8 8 8 8 10 10 10 2 8 10 8 10 10
left_child=2 13 -1 -4 -5 8 7 -7 9 10 -6 -10 -13 -2
right_child=1 -3 3 4 5 6 -8 -9 11 -11 -12 12 -14 -15
leaf_value=0.00037800590827805964 0.016440687268545251 0.026017818253764619 -0.0068830466415945738 0.014161789229077964 0.014978345810760837 0.014305203238976974 -0.0075517929674814716 -0.0020985977102472441 -0.010188241871789299 -0.0026523452805074397 -0.0078546994842227866 0.0048685408494534912 -0.0049771792267227595 9.6499225004482086e-05
leaf_weight=43556.955832049251 170.95091581344604 107.23200929164886 2164.0551070719957 252.55148087441921 490.30475729703903 611.72251614928246 218.63380925357342 270.58454415202141 1288.4385691285133 1807.9715066105127 124.42340581119061 608.92021159827709 1314.8749895244837 955.91435199975967
leaf_count=188845 753 455 9824 1107 2124 2670 979 1239 6164 8081 567 2880 6220 4322
internal_value=5.05186e-05 0.00491785 -6.43526e-05 -0.00216767 -0.00069974 -0.00127712 0.0059215 0.00930737 -0.00269157 0.00066428 0.0103051 -0.00521679 -0.00185175 0.0026988
internal_weight=53943.5 1234.1 52709.4 9152.48 6988.43 6735.87 1100.94 882.307 5634.93 2422.7 614.728 3212.23 1923.8 1126.87
internal_count=236230 5530 230700 41855 32031 30924 4888 3909 26036 10772 2691 15264 9100 5075
is_linear=0
shrinkage=0.03


Tree=111
num_leaves=15
num_cat=0
split_feature=32 33 38 39 38 39 37 1 38 30 15 13 30 20
split_gain=39.6971 56.9871 46.5633 42.1677 84.0401 70.5254 55.181 66.2703 51.7592 65.2471 48.2568 76.8411 53.2492 63.955
threshold=-0.43035023965381475 0.16625958566844037 -2.6065503240709633 -1.0738947517226278 0.15609581703962142 -0.5187481499629113 -0.32534323579996766 0.016276676857664627 -0.82582606571283668 2.5000000000000004 0.2081474494946482 38.388029776735074 2.5000000000000004 0.057866526692675356
decision_type=10 10 10 10 10 10 10 10 10 2 10 10 2 10
left_child=1 -1 -2 4 6 8 -4 -8 9 -5 -7 -12 13 -13
right_child=2 -3 3 5 -6 10 7 -9 -10 -11 11 12 -14 -15
leaf_value=-0.00031743515342627106 0.015214500640275179 -0.0047742268041436565 -0.0026537493595249284 -0.0001162920832358008 -0.011797408414216424 0.0045703559922762862 0.012102564629884587 -0.0070891879644775372 0.002170486646030098 0.01381989255611185 -0.0075416896257280985 -0.001452665150319932 -0.0010248384794268521 0.0033291621558755491
leaf_weight=10341.940258070827 180.94569911062717 3432.0332238227129 2518.653165474534 467.610804900527 715.26174822449684 2009.7392950206995 541.09120610356331 221.59511840343475 4741.4684275686741 844.68322139978409 1226.8506172895432 3825.2231923788786 15596.208305746317 7325.7447393089533
leaf_count=45258 765 15287 10964 1990 3202 8539 2318 967 20374 3553 5323 16511 69514 31874
internal_value=-4.11856e-05 -0.00143058 0.000434931 0.000364348 -0.00255549 0.00068878 -0.000511225 0.0065069 0.0036395 0.00889068 9.20101e-05 -0.000231246 0.000106766 0.00168897
internal_weight=53989 13774 40215.1 40034.1 3996.6 36037.5 3281.34 762.686 6053.76 1312.29 29983.8 27974 26747.2 11151
internal_count=236439 60545 175894 175129 17451 157678 14249 3285 25917 5543 131761 123222 117899 48385
is_linear=0
shrinkage=0.03


Tree=112
num_leaves=15
num_cat=1
split_feature=2 1 9 39 11 16 45 46 1 19 1 1 11 9
split_gain=38.4479 60.6798 38.971 35.8104 38.2986 43.2735 33.1435 50.3246 61.7407 56.1133 87.5286 67.5763 47.8144 111.475
threshold=0.36155949371166679 0.0056055056386806702 -0.46501887397407976 2.1360955966638504 2.1654184360741673 0.66692918891433683 1.1791811602757998 0 0.027723178217689898 -3.9511920280582471 0.010118707679821695 0.015631366246916741 -1.9147650664834674 -0.12730635880465449
decision_type=8 10 10 10 8 10 8 1 10 2 8 10 8 10
left_child=1 -1 -3 6 5 -5 12 8 9 11 -11 -8 13 -2
right_child=3 2 -4 4 -6 -7 7 -9 -10 10 -12 -13 -14 -15
leaf_value=-0.013466242924251392 -0.013568445408861807 0.014319029489981806 0.0031004843902173672 0.019511913834759281 0.022132271940412535 0.0012007779742134262 0.0058108216479926577 0.00030658538028532613 -0.0085327236392093476 -0.006110999373096236 0.014658402239768619 -0.019085057002481573 -0.00046273479924228956 0.007111185836335146
leaf_weight=134.18514981865883 714.97759436070919 429.3794541656971 782.95161221921444 121.1747964322567 96.644464924931526 1029.1534497737885 337.637262403965 9972.7723875939846 235.05268830060959 216.65671019256115 1008.0403170883656 126.7628219127655 38463.759611606598 339.26528757810593
leaf_count=591 3131 1794 3328 530 408 4646 1417 43060 1007 918 4268 554 169370 1484
internal_value=3.22114e-05 0.00501903 0.00715847 -9.62255e-05 0.00490667 0.0032812 -0.000218492 0.0011691 0.0055843 0.00762033 0.0109644 -0.00124382 -0.000636417 -0.00690926
internal_weight=54008.4 1346.52 1212.33 52661.9 1246.97 1150.33 51414.9 11896.9 1924.15 1689.1 1224.7 464.4 39518 1054.24
internal_count=236506 5713 5122 230793 5584 5176 225209 51224 8164 7157 5186 1971 173985 4615
cat_boundaries=0 1
cat_threshold=531
is_linear=0
shrinkage=0.03


Tree=113
num_leaves=15
num_cat=1
split_feature=5 23 42 11 16 9 38 11 20 46 34 16 36 1
split_gain=33.3082 35.8795 42.9409 46.3654 34.6711 32.5364 65.9967 34.7346 48.0824 31.8177 30.9084 52.1319 38.3707 38.256
threshold=2.0451403195037252 0.055927772028659901 0.81666666666666676 -1.5686660065396432 0.11345383490317117 -1.7189852790298679 -2.9303608724780625 -0.91775354655715802 -0.71348626766683798 0 -0.18703630313085765 0.10638838318563694 1.3949682013881211 0.011476191084682332
decision_type=10 8 10 8 10 8 8 10 10 1 10 8 10 8
left_child=1 5 3 -3 -5 7 -7 9 -9 -1 11 -8 13 -12
right_child=-2 2 -4 4 -6 6 10 8 -10 -11 12 -13 -14 -15
leaf_value=0.0095083854897173442 -0.0045418366309136482 -0.0099842473572592048 -0.0046495724987469572 0.023772928330676853 0.0072614342753019468 0.02005970098258145 0.0039162084193267097 -0.013562832052120123 0.0088501554915330332 -0.0045174968121359385 -0.00011783916939145865 -0.001456146934132713 -0.0026863498789818736 0.0020892908472925102
leaf_weight=198.80540078878403 1417.6976822167635 114.99296696484089 334.71959267556667 125.18543376028538 901.41601596772671 138.45928819477558 1789.4530199468136 507.27954140305519 96.136635735630989 414.89988943934441 14727.235231861472 16849.650941699743 2882.5728301107883 13577.980550959706
leaf_count=876 6599 493 1458 529 3891 588 7664 2269 425 1858 64443 73683 13209 58839
internal_value=-2.04617e-05 0.000102104 0.00469698 0.007454 0.00948478 -3.13232e-05 8.71852e-05 -0.0048574 -0.00990592 0.000185708 2.76715e-05 -0.000938549 0.00060524 0.000941283
internal_weight=54076.5 52658.8 1476.31 1141.59 1026.6 51182.5 49965.4 1217.12 603.416 613.705 49826.9 18639.1 31187.8 28305.2
internal_count=236824 230225 6371 4913 4420 223854 218426 5428 2694 2734 217838 81347 136491 123282
cat_boundaries=0 1
cat_threshold=518
is_linear=0
shrinkage=0.03


Tree=114
num_leaves=15
num_cat=0
split_feature=39 40 30 30 16 40 37 39 39 30 39 37 33 31
split_gain=42.2714 50.5472 68.8039 66.3659 56.5478 36.0277 75.3646 78.1283 114.333 70.6587 103.901 88.5186 61.5364 59.3541
threshold=2.4115980245615991 1.6870672059675229 5.5000000000000009 1.5000000000000002 0.66265060240963869 0.41210572229896647 2.1180737053391039 0.78413514254632943 1.4518149305398589 2.5000000000000004 -0.098303521872467478 -0.31444707574155178 0.52883062396496838 1.6378040705069778
decision_type=10 8 2 2 8 10 10 10 10 2 10 10 10 10
left_child=1 5 3 4 -3 6 7 -1 12 13 11 -11 -9 -7
right_child=-2 2 -4 -5 -6 9 -8 8 -10 10 -12 -13 -14 -15
leaf_value=-0.00020520972688851222 0.0077230149802541143 0.014642029175920173 0.0074695356703498418 -0.0093828901597003689 -0.003750856446580336 0.0043057864156959358 0.020869545699458404 -0.0054042819688720541 0.01015366087696234 0.024896142203274158 -0.0013381529575258227 0.00084883564122927924 -0.017747930225873031 -0.0080419857552885433
leaf_weight=33107.807632952929 611.05125875771046 201.09906047582626 386.79560039937496 1628.2870895266533 514.37207707762718 6243.3774789273739 138.42957104742527 1142.2375418841839 311.11443717777729 248.70317023992538 8206.9368964284658 296.27416747808456 533.42812478542328 362.11851894855499
leaf_count=143293 2738 917 1817 7962 2384 26838 630 5142 1368 1048 36761 1293 2421 1604
internal_value=-5.85613e-05 -0.000149168 -0.00411738 -0.00605321 0.00154944 6.57823e-05 -0.000462778 -0.000552844 -0.0063158 0.00127792 -0.00049017 0.0120738 -0.00941571 0.00361774
internal_weight=53932 53321 2730.55 2343.76 715.471 50590.4 35233 35094.6 1986.78 15357.4 8751.91 544.977 1675.67 6605.5
internal_count=236216 233478 13080 11263 3301 220398 152854 152224 8931 67544 39102 2341 7563 28442
is_linear=0
shrinkage=0.03


Tree=115
num_leaves=15
num_cat=1
split_feature=32 37 40 11 15 30 37 16 19 46 45 10 11 45
split_gain=34.0799 51.1175 53.774 59.5656 51.2509 49.7448 63.5403 46.7697 50.346 45.755 45.335 44.74 45.3284 44.4892
threshold=-0.19069274966621272 -1.5659205117258168 -1.6320170662874254 -0.93081238233023833 0.13829787234042565 3.5000000000000004 0.53770606249899522 0.29588789822391387 0.50042620504889246 0 1.3615453402958926 0.51014705982526254 -0.19222311924452909 1.2045552689931824
decision_type=10 10 10 8 10 2 10 8 2 1 8 10 8 10
left_child=5 -2 3 -3 -5 -1 -7 13 9 -9 -11 -10 -13 -4
right_child=1 2 7 4 -6 6 -8 8 11 10 -12 12 -14 -15
leaf_value=0.00023009756392890411 0.0061077751348455837 0.021609907928412653 -0.0027842400175040914 -0.01357311367033299 0.0090115296844962625 -0.0012326020093675796 -0.0073297780169871906 -0.0002217649430261139 -0.0024517412037274294 0.0037374166971269368 0.016331500066125791 0.0078838214670351632 0.00039216746414867605 0.0028307082559035491
leaf_weight=12092.726534307003 1429.2459610700607 210.05373528599739 6900.0545130223036 120.24274188280106 286.81288054585457 5925.9260807931423 2070.246161237359 3063.4964586645365 5161.6402281522751 5074.4545663297176 262.29418814182281 780.85254687070847 9001.651978969574 1547.4450483322144
leaf_count=52704 6046 883 30044 530 1212 25881 9623 13304 22862 21804 1083 3487 40193 6580
internal_value=-5.59719e-06 0.000575441 0.000329655 0.00902917 0.00217462 -0.000984112 -0.00281837 0.000158003 0.000850178 0.00270692 0.0043776 -0.000194629 0.000997601 -0.00175354
internal_weight=53927.1 33838.2 32409 617.109 407.056 20088.9 7996.17 31791.9 23344.4 8400.25 5336.75 14944.1 9782.5 8447.5
internal_count=236236 148028 141982 2625 1742 88208 35504 139357 102733 36191 22887 66542 43680 36624
cat_boundaries=0 1
cat_threshold=396
is_linear=0
shrinkage=0.03


Tree=116
num_leaves=15
num_cat=1
split_feature=45 44 10 18 1 46 2 1 17 1 16 2 14 19
split_gain=34.347 64.8371 59.8957 60.034 50.6455 48.218 44.4981 40.5138 37.5347 36.3819 34.9861 44.2342 51.2299 38.9815
threshold=1.3035283162150055 -0.074236961727395537 0.76376542078322884 1.0019000063089538 0.032856810192967344 0 1.337155959677734 0.01181801425179178 -0.26670765289924953 0.018707782343668856 0.17057284664892011 1.3463785980625553 0.50944815225493822 -5.8472612399133856
decision_type=8 8 10 2 10 1 10 10 2 8 8 10 10 2
left_child=-1 -2 3 4 10 -4 7 -7 -6 -5 11 12 -3 -12
right_child=1 2 5 9 8 6 -8 -9 -10 -11 13 -13 -14 -15
leaf_value=-0.000255255497020705 -0.0098411153858667614 0.016781919393711337 0.01804528128928503 -0.011208713884245757 0.0021360037776349287 0.023287976041019912 -0.0096642275323383098 0.0049402834217363318 0.027301753817280523 0.0020565760448255691 -0.015801937179431246 -0.0095252789200110759 -0.0056645396899768757 0.0011779886260054656
leaf_weight=48337.949394911528 365.31949949264526 396.71682114899158 333.37347960472107 485.87466631829739 94.021734520792961 117.3456794321537 150.05506165325642 796.33634866774082 119.07798765599728 293.50078153610229 118.91128039360046 97.384716764092445 112.63464294373989 2160.630120575428
leaf_count=212308 1615 1669 1390 2155 405 518 681 3422 501 1267 501 415 479 9130
internal_value=3.41935e-06 0.00221647 0.00306842 0.0011418 0.00301479 0.0083711 0.00498492 0.00752332 0.0167918 -0.00625044 0.00194314 0.00828223 0.0118048 0.000227089
internal_weight=53979.1 5641.18 5275.86 3878.75 3099.38 1397.11 1063.74 913.682 213.1 779.375 2886.28 606.736 509.351 2279.54
internal_count=236456 24148 22533 16522 13100 6011 4621 3940 906 3422 12194 2563 2148 9631
cat_boundaries=0 1
cat_threshold=560
is_linear=0
shrinkage=0.03


Tree=117
num_leaves=15
num_cat=0
split_feature=7 31 7 1 40 40 39 15 38 30 35 38 39 16
split_gain=31.6557 46.1971 44.299 131.518 95.6783 73.0928 74.5289 73.7144 62.4433 66.1748 61.5342 54.033 60.9842 78.2065
threshold=0.79414067889541495 -1.9090030743842792 -0.65176636362223561 0.017663982984051793 1.0074796076896464 -1.7429079314650811 -1.2368476687161232 0.19486031339430446 0.1884379822611825 2.5000000000000004 -2.0787232251000596 -2.6065503240709633 -1.0559787094162867 0.081852983406190225
decision_type=10 8 8 10 8 8 10 10 10 2 10 10 10 10
left_child=2 -2 3 4 10 7 8 -4 9 -7 -1 -12 -13 -14
right_child=1 -3 5 -5 -6 6 -8 -9 -10 -11 11 12 13 -15
leaf_value=0.0074459489730883252 -0.017284324704098981 -0.001291455360799937 0.00062004410446666431 -0.0082788843885278785 -0.0099273167451972687 -0.010931636693124851 0.0010500499979318309 0.021522688953063536 -0.016843636341583847 0.003181438945414465 0.016884320123027364 -0.0050316254487676286 0.011300675595353965 5.128809248719849e-05
leaf_weight=1145.108565852046 155.35859280824661 9923.7820899933577 300.72546672821045 1976.974987283349 777.33716350793839 486.39696390926838 29202.847657054663 297.96590796113014 339.16890408098698 743.86935068666935 158.71585173904896 1868.3921497166157 602.9630663394928 6006.7312412559986
leaf_count=4859 724 44877 1285 8857 3468 2165 127110 1240 1558 3245 661 8143 2531 25786
internal_value=-3.95032e-05 -0.00155485 0.000308629 -0.00119816 0.000134116 0.000910952 0.000707083 0.0112059 -0.00564082 -0.00244144 0.000942988 7.31797e-05 -0.000261058 0.00109302
internal_weight=53986.3 10079.1 43907.2 12536.2 10559.2 31371 30772.3 598.691 1569.44 1230.27 9781.91 8636.8 8478.09 6609.69
internal_count=236509 45601 190908 54305 45448 136603 134078 2525 6968 5410 41980 37121 36460 28317
is_linear=0
shrinkage=0.03


Tree=118
num_leaves=15
num_cat=0
split_feature=24 23 1 25 44 38 0 40 45 35 40 1 45 2
split_gain=33.9715 47.8878 36.3593 42.219 35.9313 33.7073 42.3455 36.3674 31.4935 30.7265 92.4244 49.6555 40.7986 38.4937
threshold=-0.0062501836169434879 0.03099140215998886 0.032856810192967344 -0.32280697304517475 0.0033082836995594199 2.3167264682209381 0.0071511348246205671 2.4305133542163921 1.0908972156363939 -0.617607208219905 0.93870415328479206 0.017663982984051793 1.2078654472092423 0.7248537522707984
decision_type=10 10 10 10 8 10 10 10 10 10 8 8 8 10
left_child=1 9 5 -4 -3 7 -7 -2 -9 10 11 12 -1 -14
right_child=2 4 3 -5 -6 6 -8 8 -10 -11 -12 -13 13 -15
leaf_value=0.00049519501219888289 -0.00071862377364662066 0.02238593195257815 0.011358620469936211 -0.00087808439613577089 0.0010090405155985087 0.0086432064091720127 -0.010544568700790886 0.0018121370698194706 0.020882192017449338 0.0016297286525378876 -0.010550694818686515 -0.0058692107986931356 -0.0063885118291957107 0.011408097219646701
leaf_weight=4166.2970843464136 31928.338284060359 153.16775991022587 478.53247140347958 525.2765576094389 126.70229333639145 117.59598179161549 580.25517997145653 202.99407768249512 118.71873252093792 13162.501671656966 773.58901509642601 935.88665544986725 126.9967362433672 588.5711415708065
leaf_count=17913 140088 663 2063 2308 542 577 2919 957 536 57186 3547 4225 534 2483
internal_value=-8.50508e-06 0.000970909 -0.000586539 0.00500986 0.0130769 -0.00075851 -0.00723478 -0.000616172 0.00926676 0.000792863 -0.000878243 0.000423804 0.00163975 0.00820509
internal_weight=53985.4 20033.7 33951.7 1003.81 279.87 32947.9 697.851 32250.1 321.713 19753.8 6591.34 5817.75 4881.86 715.568
internal_count=236541 87093 149448 4371 1205 145077 3496 141581 1493 85888 28702 25155 20930 3017
is_linear=0
shrinkage=0.03


Tree=119
num_leaves=15
num_cat=0
split_feature=38 37 30 40 38 11 11 1 16 11 40 35 20 37
split_gain=37.7418 83.2371 91.8772 95.6341 108.193 71.2896 62.2237 63.6673 59.6385 96.2244 67.2765 63.9563 58.3076 56.7821
threshold=0.54124529018092982 0.069168544999095985 3.5000000000000004 1.0859989737695608 1.4041492577238197 1.9702095882467348 0.69681855702163242 0.024922676417657948 0.25642979208473654 -0.4574610639546422 -0.62106447713901247 0.67359676334767615 -0.19138961740798591 1.9630878316870641
decision_type=10 10 2 10 10 10 8 10 8 10 10 10 10 10
left_child=13 -2 8 6 -5 -6 7 12 -3 -10 -11 -12 -4 -1
right_child=1 2 3 4 5 -7 -8 -9 9 10 11 -13 -14 -15
leaf_value=0.0005095144332464658 -0.0094260040705815423 -0.0056710098915183681 7.2009122406283414e-05 0.0080934308552410347 -0.0092726627109850635 0.018798433574795423 -0.00036618133864416472 0.012825933030910494 0.0094579489126505219 0.018963339972909575 0.0032361341628197684 -0.0030666314169767962 -0.012338804289524751 0.018812781552195273
leaf_weight=39183.074549555779 1019.9549870938063 938.98466372489929 412.50541444122791 1064.2780890315771 744.42873081564903 81.900203838944435 1030.7912834137678 105.23322474956512 1370.701411858201 165.49675209820271 2909.8178090304136 2866.4533092081547 1943.9640586078167 143.15073627233505
leaf_count=169933 4491 4096 1822 4942 3683 377 4687 464 5951 704 12785 13066 8895 633
internal_value=9.66719e-05 -0.00120231 -0.000580663 -0.00362606 0.0018029 -0.00629894 -0.0065617 -0.00914397 0.00140808 0.0023236 0.00066466 0.000108515 -0.0101751 0.000580905
internal_weight=53980.7 14654.5 13634.6 5383.1 1890.61 826.329 3492.49 2461.7 8251.45 7312.47 5941.77 5776.27 2356.47 39326.2
internal_count=236529 65963 61472 24870 9002 4060 15868 11181 36602 32506 26555 25851 10717 170566
is_linear=0
shrinkage=0.03


Tree=120
num_leaves=15
num_cat=0
split_feature=45 40 21 40 15 10 38 11 39 37 9 16 16 11
split_gain=34.8596 44.9712 38.5875 39.925 50.8334 39.587 51.7165 39.9812 38.2407 66.8478 57.6363 45.2348 39.5108 46.1171
threshold=0.74908634428331589 1.5956037031214281 -0.54004195080626261 -1.7429079314650811 0.2314519859276668 0.72557170734075194 -1.1170825892851586 -0.1058736913444409 -1.0738947517226278 0.094984405480652748 -1.2096501290722765 0.1674237616808634 0.82876814825064449 1.4542664686947069
decision_type=8 10 10 10 10 10 10 10 10 10 10 10 10 10
left_child=1 -1 3 4 -2 -4 -7 -8 9 10 -5 -10 -13 -14
right_child=2 -3 5 8 -6 6 7 -9 11 -11 -12 12 13 -15
leaf_value=-0.0010404267010506786 0.0033392936208019321 -0.0085406585174402274 -0.00090453845466550759 -0.0089037408601826164 0.028864444272712692 -0.010872704438101307 0.008120820983670396 0.0012963656445176301 0.0065873625040474221 -0.016385224053473327 0.005957892406610584 0.0005035417876577058 0.0012561107144375139 0.011505211210141277
leaf_weight=8453.9970135390759 210.54786631464958 776.93829464912415 22466.326919466257 377.46290093660355 97.765620559453964 274.21023713052273 880.28647172451019 5894.9476799666882 1564.4008690565825 277.09258906543255 586.30763620138168 10485.502352103591 953.72379712760448 668.02951027452946
leaf_count=37362 894 3802 97955 1663 403 1217 3883 26369 6637 1241 2542 45316 4287 2901
internal_value=-2.77518e-06 -0.00168026 0.000343654 0.00157006 0.0120858 -0.000289104 0.00167077 0.00219371 0.0013447 -0.00367843 0.000105638 0.00180296 0.00117983 0.00552254
internal_weight=53967.5 9230.94 44736.6 15220.8 308.313 29515.8 7049.44 6775.23 14912.5 1240.86 963.771 13671.7 12107.3 1621.75
internal_count=236472 41164 195308 65884 1297 129424 31469 30252 64587 5446 4205 59141 52504 7188
is_linear=0
shrinkage=0.03


Tree=121
num_leaves=15
num_cat=0
split_feature=39 11 40 1 40 40 35 35 37 39 39 33 12 35
split_gain=38.4441 47.0076 42.7604 58.022 47.7207 38.391 90.2129 82.715 76.9583 68.725 94.544 68.1581 67.8114 55.3921
threshold=2.1360955966638504 2.247408396823686 1.6870672059675229 0.007631826101789232 2.0794353948787454 0.46606760069135905 1.5887278257402191 -1.2670852685522576 2.1180737053391039 0.81185631633787458 1.4518149305398589 0.52883062396496838 0.032500806749536253 -1.3710502322534033
decision_type=10 8 8 8 10 10 10 10 10 10 10 10 2 10
left_child=2 -2 5 -4 -5 8 7 -7 9 13 11 -11 -9 -1
right_child=1 -3 3 4 -6 6 -8 12 -10 10 -12 -13 -14 -15
leaf_value=0.0032858474102097743 0.0033917398818900119 0.024989057644047588 -0.013997481623288037 -0.0057501192750029637 0.0036435155925385386 -0.0089974050579759973 -0.0075440400813618757 0.0031004667457326658 0.020672255789223944 -0.0044268516617500765 0.0089561431529172775 -0.017106988877839999 -0.0055106383398537111 -0.0006887426596175947
leaf_weight=3509.6298429220915 1176.4898193478584 88.855427667498589 425.05084384977818 1172.5440358668566 818.34720320999622 580.25929339230061 950.02668265998363 11695.476842686534 143.74123053252697 1143.6436339467764 314.90833579003811 570.59198336303234 876.27243958413601 30520.419864565134
leaf_count=15193 5283 373 2143 5566 3942 2598 4507 51210 654 5156 1387 2603 3824 132115
internal_value=-5.43595e-05 0.0050924 -0.000178828 -0.00406905 -0.00188999 8.77494e-06 0.00133611 0.00198281 -0.000508485 -0.000598624 -0.00594821 -0.00872224 0.00249636 -0.000277985
internal_weight=53986.3 1265.35 52720.9 2415.94 1990.89 50305 14102 13152 36202.9 36059.2 2029.14 1714.24 12571.7 34030
internal_count=236554 5656 230898 11651 9508 219247 62139 57632 157108 156454 9146 7759 55034 147308
is_linear=0
shrinkage=0.03


Tree=122
num_leaves=15
num_cat=0
split_feature=33 36 40 12 40 40 35 30 37 35 1 12 15 40
split_gain=40.0422 37.0744 79.3396 74.8514 78.2402 101.419 98.8891 82.0768 71.6907 67.232 57.9901 83.5493 67.9011 93.3591
threshold=2.0171145763090483 -0.2795919952240164 -1.7429079314650811 0.034818532602005729 1.1231835728210227 -0.060167525232830039 -1.3710502322534033 1.5000000000000002 0.38070963865079954 -0.94517759044698357 0.014947293940627016 0.017030468507553253 0.38132046772270262 -0.65129791112718438
decision_type=8 10 10 2 10 10 10 2 10 10 8 2 8 10
left_child=1 3 -3 4 5 6 7 -1 -7 -6 -4 -12 -13 -14
right_child=-2 2 10 -5 9 8 -8 -9 -10 -11 11 12 13 -15
leaf_value=-0.0040036562943910415 -0.005243472775566374 0.01288017891952737 -0.00017188364950485448 -0.0063689942585605898 -0.017946308944960028 0.0055876914498470751 -0.0034451310977125765 0.0075870200835218274 -0.002199526474502798 -0.0029098022071195094 0.016134091317383883 -0.0023080702640297761 0.013811204524570079 0.002324483883430858
leaf_weight=829.01223792135715 1245.5214939415455 468.53442294895649 25037.506929144263 2010.674397662282 367.56916850805283 4118.5913494974375 6669.1750077158213 1593.6236208081245 1427.2462186813354 936.86318127810955 383.4898440092802 2396.5412311851978 706.37836413085461 5803.1234811544418
leaf_count=3571 5820 1948 110152 9195 1747 17749 28890 6762 6342 4257 1619 10370 3011 25173
internal_value=5.14767e-05 0.000177474 0.000748703 -0.000929468 -0.000239853 0.000389483 -0.00156046 0.0036206 0.00358326 -0.00725116 0.000579416 0.00260236 0.00200224 0.00359024
internal_weight=53993.9 52748.3 34795.6 17952.8 15942.1 14637.6 9091.81 2422.64 5545.84 1304.43 34327 9289.53 8906.04 6509.5
internal_count=236606 230786 152273 78513 69318 63314 39223 10333 24091 6004 150325 40173 38554 28184
is_linear=0
shrinkage=0.03


Tree=123
num_leaves=15
num_cat=4
split_feature=24 45 40 40 40 2 10 46 43 46 46 16 9 46
split_gain=34.0688 38.0678 57.219 42.3297 38.586 45.2213 40.0008 56.5945 36.4076 48.9847 35.3977 35.3214 34.9016 42.9491
threshold=-0.027728459694611182 0.74908634428331589 2.3172362961127733 1.8109724888670573 1.7255567102580587 1.8871196088484468 -0.81835763788272076 0 0.95000000000000007 1 2 0.1578947368421055 1.1071566137573148 3
decision_type=10 10 10 10 10 10 8 1 10 1 1 10 10 1
left_child=8 4 3 -3 5 6 7 -2 10 -10 11 -1 -5 -14
right_child=1 2 -4 12 -6 -7 -8 -9 9 -11 -12 -13 13 -15
leaf_value=0.012561956741083376 -0.0028021349964983491 0.00012659803135319124 0.0087559221643084949 -0.011129488893543617 -0.0095892793236573241 0.014244104452293679 -0.00086347200215604726 -0.016692655386331832 0.0022454294316058988 -0.013951235977331869 0.00049299210989438974 0.0037543578662280375 0.012209928386561196 -0.0055749466757334717
leaf_weight=513.18498449027538 1038.0311239510775 38266.61960233748 666.88334761559963 545.62252342700958 569.29163488745689 149.76533299684525 6263.0891100764275 343.21934838593006 412.78164885938168 260.19799849390984 2416.8246156275272 1970.2220795452595 151.44096334278584 405.80958391726017
leaf_count=2174 4571 166676 3163 2589 2835 665 27818 1519 1784 1134 10360 8598 723 1938
internal_value=-2.12095e-05 -0.000277127 0.000107578 -4.11035e-05 -0.00211667 -0.00155928 -0.0018871 -0.00648901 0.00219778 -0.00430075 0.00309721 0.00559505 -0.00580873 -0.000494638
internal_weight=53973 48399.8 40036.4 39369.5 8363.4 7794.1 7644.34 1381.25 5573.21 672.98 4900.23 2483.41 1102.87 557.251
internal_count=236547 212497 175089 171926 37408 34573 33908 6090 24050 2918 21132 10772 5250 2661
cat_boundaries=0 1 2 3 4
cat_threshold=5 117 31 321
is_linear=0
shrinkage=0.03


Tree=124
num_leaves=15
num_cat=1
split_feature=39 30 33 45 44 10 18 1 17 1 46 10 8 39
split_gain=34.832 40.3625 37.2315 34.3036 53.429 55.9025 50.9726 45.4661 50.1333 40.1661 39.8367 34.9894 31.0668 29.8098
threshold=2.1360955966638504 1.0000000180025095e-35 2.0171145763090483 1.3035283162150055 -0.074236961727395537 0.76376542078322884 1.0486972287855263 0.032856810192967344 -0.25538711437868067 0.018707782343668856 0 1.7863637175386811 1.7793345966835681 0.93687248228760756
decision_type=10 2 8 8 8 10 2 10 2 8 1 10 10 10
left_child=2 -2 3 13 -5 6 7 -6 -9 -8 -7 -12 -3 -1
right_child=1 12 -4 4 5 10 9 8 -10 -11 11 -13 -14 -15
leaf_value=9.7824305991438883e-06 -0.0077275371609073322 0.010240615025037375 -0.005808651730891087 -0.0091229752544876707 0.001794582744161363 0.017862780466901564 -0.011623443034520063 -0.00059533421983607642 0.028243864269709568 0.0029969168684209134 0.0077474400590446862 -0.0073756016397621667 -0.0012477344978928542 -0.0020351241511543856
leaf_weight=38644.217000812292 185.73239408433437 771.86717952787876 1026.5825138837099 341.24897414445877 2856.4828288704157 290.88274973630905 434.77935798466206 94.100192919373512 116.81560768187046 267.35390646755695 816.65206162631512 156.93346726894379 287.82433323562145 7683.0694971233606
leaf_count=167898 821 3404 4812 1517 12071 1205 1928 405 488 1150 3528 677 1339 35308
internal_value=-6.16739e-05 0.00487697 -0.000179224 -6.63467e-05 0.00219995 0.00298408 0.00114439 0.00281534 0.0159327 -0.00609248 0.0084164 0.0052066 0.00713775 -0.000329718
internal_weight=53974.5 1245.42 52729.1 51702.5 5375.25 5034 3769.53 3067.4 210.916 702.133 1264.47 973.586 1059.69 46327.3
internal_count=236551 5564 230987 226175 22969 21452 16042 12964 893 3078 5410 4205 4743 203206
cat_boundaries=0 1
cat_threshold=560
is_linear=0
shrinkage=0.03


Tree=125
num_leaves=15
num_cat=0
split_feature=2 1 40 43 11 9 12 16 19 40 39 30 11 20
split_gain=30.2323 51.761 49.4216 31.1935 30.2217 72.5348 55.5358 35.1232 59.5411 118.538 66.2468 57.8436 55.223 76.5349
threshold=0.42331143839496865 0.0056776920365100786 -0.62106447713901247 0.95000000000000007 -2.0739197901324373 0.34309379796121758 0.023837419447135248 0.094594594594594725 -5.5292545498163967 -1.7429079314650811 -1.803152513603415 1.5000000000000002 -0.7082078130513193 -1.4262441328788757
decision_type=10 8 8 10 8 10 2 8 2 10 10 2 10 10
left_child=1 -1 -3 -4 5 6 -2 11 9 -9 -10 -6 13 -11
right_child=4 2 3 -5 7 -7 -8 8 10 12 -12 -13 -14 -15
leaf_value=-0.0099417503458413565 -0.011438807852053666 0.012862170145557919 0.0035642283616425709 -0.0082970587379386802 -0.0036209247082951441 0.014302394519958309 0.012238813313596908 0.011355031388686923 -0.01275908073432893 0.01509579875041835 3.7855896195089767e-05 0.0057996615289941404 0.0018729443868206427 -0.010651147976347978
leaf_weight=241.28360010683537 750.41046226024628 482.54937645792961 1706.3345844745636 216.23399284482002 815.8867477029562 134.67181088030338 92.719404757022858 357.29717038571835 357.09521524608135 101.5451602190733 44304.593672513962 2027.4730313569307 504.56870654225349 1835.4151981472969
leaf_count=1065 3271 2020 7266 923 3581 583 412 1513 1578 435 194765 8661 2188 8096
internal_value=-7.99441e-05 0.00304073 0.00437891 0.00219414 -0.000241548 -0.00543821 -0.00872203 -0.000139475 -0.000333759 -0.00457041 -6.72961e-05 0.00309326 -0.00693778 -0.00923076
internal_weight=53928.1 2646.4 2405.12 1922.57 51281.7 977.802 843.13 50303.9 47460.5 2798.83 44661.7 2843.36 2441.53 1936.96
internal_count=236357 11274 10209 8189 225083 4266 3683 220817 208575 12232 196343 12242 10719 8531
is_linear=0
shrinkage=0.03


Tree=126
num_leaves=15
num_cat=2
split_feature=9 15 19 39 16 19 40 11 46 1 9 20 46 45
split_gain=31.0115 67.7574 45.3106 59.8981 38.1347 75.7353 105.769 60.5479 56.9879 47.4906 58.8692 47.3174 46.9604 55.075
threshold=-1.7189852790298679 0.1914893617021283 -7.0917947096868552 -1.0559787094162867 0.094594594594594725 -5.5292545498163967 -1.7976266053651186 -0.77758387567879839 0 0.020797413148565622 -1.3688233286577385 -0.50601846668730965 1 1.0202873262635899
decision_type=8 8 2 10 8 2 10 10 1 10 10 10 1 10
left_child=1 2 -1 -4 12 6 -6 9 -9 10 -8 -12 -2 -14
right_child=4 -3 3 -5 5 -7 7 8 -10 -11 11 -13 13 -15
leaf_value=-0.00057643672043367099 0.0080874971550781143 0.01188178925945617 -0.01811791412260735 0.0036565793656074437 0.014188013358119717 0.00022695371885126799 0.0076208162995228248 0.010095316725885435 -0.0066141079612419013 -0.016716683868822638 -0.013037829388198904 -0.0028505502802588256 -0.0062031476592294627 0.0052051115816275449
leaf_weight=482.09982495009899 1153.9500982314348 181.94879886507988 458.14044934511185 146.23396484553814 243.4390921741724 46696.677334964275 237.88473457098007 345.5787145793438 350.51461815834045 472.90822380781174 842.67915289103985 804.7458618581295 680.87131403386593 838.73225624859333
leaf_count=2170 4928 789 2072 635 1016 204992 1037 1478 1522 2137 3670 3524 2929 3546
internal_value=-8.78589e-06 -0.00462555 -0.00747314 -0.0128756 0.000103258 -8.37334e-05 -0.0044705 -0.00599909 0.00175615 -0.00828602 -0.00609424 -0.0081087 0.00358722 8.58463e-05
internal_weight=53936.4 1268.42 1086.47 604.374 52668 49994.4 3297.75 3054.31 696.093 2358.22 1885.31 1647.43 2673.55 1519.6
internal_count=236445 5666 4877 2707 230779 219376 14384 13368 3000 10368 8231 7194 11403 6475
cat_boundaries=0 1 2
cat_threshold=740 58
is_linear=0
shrinkage=0.03


Tree=127
num_leaves=15
num_cat=0
split_feature=36 12 40 36 40 40 38 16 15 19 38 19 8 11
split_gain=28.273 88.6876 67.8512 66.0517 121.224 46.7995 77.0246 48.5664 63.5219 73.1863 49.8853 48.5406 43.1779 45.7136
threshold=-0.28805754310525838 0.027954148776915353 -1.8610102854390049 -1.2923765509451104 0.80798829011832074 -0.4450207499511829 -1.4296888918304334 0.31478472843449362 0.28772332538321749 -1.4064643552910476 -0.70041919170192979 2.6604755313790398 -1.473805459684111 -0.22645677562955183
decision_type=10 2 10 10 10 10 10 8 8 2 10 2 10 10
left_child=1 3 -2 4 -1 7 -7 12 -9 -10 -11 -12 -4 -14
right_child=2 -3 5 -5 -6 6 -8 8 9 10 11 -13 13 -15
leaf_value=0.0053749148145216035 0.014505378951400411 -0.0051437369518094016 0.0096143876834011467 -0.0009391995364916013 -0.020647980808625201 0.018210770337396383 -0.00028436941118078004 -0.0011160143164491093 0.016364989355161647 -0.0055827826726911915 0.0035044654118689426 0.015675065219017272 -0.0020361684802382659 0.0062983602437341824
leaf_weight=2978.3236096948385 300.80456033349037 3554.8745199590921 403.94085565209389 11112.810072556138 160.55090481042862 194.14611957967281 27742.285909295082 1028.9039083570242 643.63180059194565 342.66505582630634 1035.3487213551998 407.29855324327946 3327.316455706954 710.13674874603748
leaf_count=12670 1248 16083 1738 48420 740 818 122392 4404 2751 1477 4457 1750 14437 3064
internal_value=6.64342e-05 -0.000911672 0.000548523 0.000146821 0.00398252 0.000427356 -0.000149366 0.0024646 0.00512507 0.00776254 0.00458735 0.00702481 0.000386425 -0.000558291
internal_weight=53943 17806.6 36136.5 14251.7 3138.87 35835.7 27936.4 7899.24 3457.85 2428.94 1785.31 1442.65 4441.39 4037.45
internal_count=236449 77913 158536 61830 13410 157288 123210 34078 14839 10435 7684 6207 19239 17501
is_linear=0
shrinkage=0.03


Tree=128
num_leaves=15
num_cat=1
split_feature=5 39 39 35 40 39 19 15 46 43 45 10 13 10
split_gain=39.0404 44.9417 42.971 61.8693 53.9829 60.1733 44.5331 44.7394 41.5477 44.2547 83.5521 39.8841 48.8082 38.8729
threshold=2.0451403195037252 2.1360955966638504 0.85801550348664568 -1.2670852685522576 0.54262342722287671 1.4518149305398589 -0.051371642871932424 0.66989710848459338 0 0.64583333333333337 1.0452271381837279 0.90030119454612201 53.841976195891498 -0.85553599925522816
decision_type=10 10 8 10 10 10 2 10 1 10 10 10 10 8
left_child=1 2 13 -4 5 -5 -6 -8 11 -10 -11 -9 -13 -1
right_child=-2 -3 3 4 6 -7 7 8 9 10 -12 12 -14 -15
leaf_value=-0.0012629460474869077 -0.0049840789265395155 0.0059559320892189817 -0.014188784728311319 -0.0081503491128823297 0.0069103898701472176 0.0051137208193449959 -0.0062235599143593444 -0.00075662591430201065 0.0015615255621338271 -0.013359822527330926 0.0011396317291627782 0.016796106555478457 0.0032748303381628222 0.00086319302149446956
leaf_weight=10250.389894485474 1411.949198693037 1125.9553735107183 344.03708520531654 1661.472470164299 704.95406997203827 370.08511175215244 1185.6388256847858 1370.0111212730408 1302.6607501357794 701.29954601824284 716.56309700012207 308.00986829400063 1012.8035441339016 31493.21458633244
leaf_count=44592 6605 4998 1663 7528 3120 1622 5386 6276 6027 3331 3256 1363 4625 136143
internal_value=-7.90841e-05 5.36372e-05 -7.67367e-05 -0.00187681 -0.00140829 -0.00572085 -0.000202259 -0.000971625 0.000188443 -0.00241745 -0.00607539 0.0028208 0.00653047 0.00034093
internal_weight=53959 52547.1 51421.1 9677.54 9333.5 2031.56 7301.94 6596.99 5411.35 2720.52 1417.86 2690.82 1320.81 41743.6
internal_count=236535 229930 224932 44197 42534 9150 33384 30264 24878 12614 6587 12264 5988 180735
cat_boundaries=0 1
cat_threshold=820
is_linear=0
shrinkage=0.03


Tree=129
num_leaves=15
num_cat=0
split_feature=23 39 38 16 9 15 19 19 38 11 1 23 39 35
split_gain=36.3893 33.7371 103.922 70.0882 57.5453 101.61 80.3686 53.9494 67.5445 60.4103 51.763 53.8598 51.486 95.2733
threshold=0.059816163208428315 -1.1929641045859751 0.19547345827769239 0.090561935131198854 -1.5142443323625432 0.19486031339430446 -6.0132474820851707 -5.5292545498163967 -0.060098813996347637 -1.0290090832524517 0.034574294857849693 -0.036028981125123476 0.46772567244585855 -1.1775941871991893
decision_type=8 10 8 8 10 10 2 2 10 10 10 10 10 10
left_child=1 2 4 -3 5 6 -1 8 9 -5 11 -6 -9 -14
right_child=-2 3 -4 7 10 -7 -8 12 -10 -11 -12 -13 13 -15
leaf_value=-0.0029696522743452645 0.0051411903590111163 0.0063622041405390628 -0.014601780032483178 -0.01269721310479662 0.011384475214996598 0.014350875196072779 -0.0188045727544849 0.0011733589077598612 0.0015743053236403975 0.00048465114640191149 0.020795985617999828 -0.00078628760027603666 -0.011606378874199181 -0.00047088786532877822
leaf_weight=783.81866379082203 1288.864065989852 1648.8315629214048 539.05591309070587 961.25428944826126 365.40515284240246 187.4296463727951 450.83703510463238 26097.735328018665 1041.5032021403313 460.54931581020355 111.12823690474033 2543.2627674639225 711.38005742430687 16728.10244230926
leaf_count=3501 5560 6957 2477 4218 1562 806 2025 112613 4550 1973 503 11060 3355 75239
internal_value=0.00018061 5.81772e-05 -0.00228854 0.000303915 -0.000764789 -0.00571888 -0.00885643 8.54279e-05 -0.00422462 -0.00845379 0.00157937 0.000776447 0.000330202 -0.000931511
internal_weight=53919.2 52630.3 4980.94 47649.4 4441.88 1422.09 1234.66 46000.5 2463.31 1421.8 3019.8 2908.67 43537.2 17439.5
internal_count=236399 230839 21934 208905 19457 6332 5526 201948 10741 6191 13125 12622 191207 78594
is_linear=0
shrinkage=0.03


Tree=130
num_leaves=15
num_cat=0
split_feature=36 12 33 1 12 39 11 15 11 10 15 39 15 10
split_gain=34.8053 64.1795 80.1372 45.7922 71.1236 53.5767 70.216 51.4797 60.8605 62.8622 116.012 55.4455 50.5884 67.0521
threshold=-0.2795919952240164 0.026987738430966763 -1.7543274513157352 0.014947293940627016 0.017030468507553253 -1.67967942116402 -0.81624010835502825 0.39893614980447972 0.15022534706368229 -0.83063569511583812 0.14615384615384577 -0.66811718961496702 0.34908341147591887 0.58963867806423031
decision_type=10 2 10 8 2 10 10 8 10 8 10 10 10 8
left_child=1 2 -1 5 -5 6 -2 8 9 10 -6 -9 -7 -14
right_child=3 -3 -4 4 7 12 -8 11 -10 -11 -12 -13 13 -15
leaf_value=0.0063043552897414029 0.0058096660555325723 -0.0045044666780909796 -0.00096262783456897065 0.014748918849915837 0.0154420363456464 0.0021274204622305842 -0.023413643456603669 0.01289748918889915 -0.0092957372087556379 0.0061636980797056028 -0.0091391487086596203 0.002389890239851933 -0.0022860465511049823 0.0013792755260342306
leaf_weight=1523.2846977561712 113.25519879162312 3925.9079883396626 12489.061768397689 383.77988263964653 206.77689942717552 7214.6543709784746 186.77266663312912 479.32909378409386 697.0419208407402 1022.0923202484846 848.91893389821053 6069.0142298638821 11276.07718655467 7453.0873977094889
leaf_count=6525 479 17750 54275 1613 899 30927 833 2043 2988 4377 3740 26342 49773 33704
internal_value=-4.06122e-05 -0.00111959 -0.0001687 0.000497925 0.00225728 -0.000153427 -0.0125508 0.00172782 -0.00169248 0.000890509 -0.00422476 0.00317752 -5.27732e-06 -0.00082751
internal_weight=53889.1 17938.3 14012.3 35950.8 9706.95 26243.8 300.028 9323.17 2774.83 2077.79 1055.7 6548.34 25943.8 18729.2
internal_count=236268 78550 60800 157718 42002 115716 1312 40389 12004 9016 4639 28385 114404 83477
is_linear=0
shrinkage=0.03


Tree=131
num_leaves=15
num_cat=0
split_feature=1 10 10 19 9 35 1 12 15 38 10 35 39 38
split_gain=31.6646 52.0794 61.0215 48.2321 72.7726 32.355 40.4548 30.1948 61.5168 56.0391 39.3833 38.0318 55.3587 71.0464
threshold=0.032856810192967344 -1.0705411273368297 0.094694690099241988 -1.7896473545525315 -0.50756415944837296 -0.338787096567013 0.034574294857849693 0.032500806749536253 0.74578107409422356 -2.6065503240709633 0.5427530736718279 -2.0787232251000596 -1.0738947517226278 0.19547345827769239
decision_type=8 8 8 2 10 8 10 2 8 8 8 8 10 10
left_child=7 -2 3 4 -3 -4 -7 9 10 -1 -9 -11 13 -13
right_child=1 2 5 -5 -6 6 -8 8 -10 11 -12 12 -14 -15
leaf_value=0.013707322047184467 -0.0094405280132459374 0.016896138277612618 -0.010057474413389125 0.025376277495152928 -0.010117794905598153 0.018652760266464858 7.6023423289718761e-05 -0.0027334403202552747 0.0037215313591541779 0.0055288949276768064 -0.010474303030340578 -0.0016474904967805745 0.00019586513033971716 -0.011916160361448514
leaf_weight=259.49549566209316 209.01962965726852 232.22860994935036 177.10563154518604 198.05328793823719 134.23301197588444 125.6492453366518 475.14702452719212 2576.9816830307245 1066.4483505040407 1079.6640331745148 762.62318769097328 3752.0714886784554 42165.82255358994 714.39776237308979
leaf_count=1067 946 1019 785 850 583 530 2035 11565 4722 4556 3412 16294 184831 3234
internal_value=-2.73993e-05 0.00418248 0.00635775 0.0137734 0.00699516 0.000869785 0.0042029 -0.000152872 -0.00252669 6.5639e-05 -0.00452712 -1.14121e-05 -0.000140843 -0.00331288
internal_weight=53928.9 1551.44 1342.42 564.515 366.462 777.902 600.796 52377.5 4406.05 47971.5 3339.6 47712 46632.3 4466.47
internal_count=236429 6748 5802 2452 1602 3350 2565 229681 19699 209982 14977 208915 204359 19528
is_linear=0
shrinkage=0.03


Tree=132
num_leaves=15
num_cat=1
split_feature=46 20 17 40 1 23 35 39 20 10 11 1 11 45
split_gain=30.3907 56.0697 36.5778 34.6426 59.3262 62.0741 45.256 43.8083 58.9784 47.0415 61.943 54.9988 70.2421 54.6976
threshold=0 1.5255813876183575 0.94896508216383146 0.45615283491819963 0.0080167975883395845 0.030097240758828418 -1.0706723639881275 0.78413514254632943 0.049829151773910133 -0.72504052133710206 0.51939010961883325 0.031539114346907586 -0.41036622252825028 1.0229456804513275
decision_type=1 10 2 10 10 10 10 10 10 8 10 10 10 10
left_child=3 -2 -3 7 -5 6 -6 9 -9 13 11 -11 -13 -1
right_child=1 2 -4 4 5 -7 -8 8 -10 10 -12 12 -14 -15
leaf_value=-0.0045865609049081631 -0.000469980795815902 -0.018841238055697925 -0.0047016564911964449 -0.0021545099306811114 -0.0072084069824617852 0.012241446280201608 0.0032636306048082582 -0.016684544945052473 -0.0015143530965982862 0.002370868000058186 -0.0022285712193425354 -0.0021850690320003663 0.031131714638778535 0.0011363337401383421
leaf_weight=3122.8054537475109 25307.664980947971 196.74232271313667 870.16617128252983 2154.6186225861311 387.11539314687252 657.23613080382347 5879.6610517054796 310.19722473621368 833.17621321976185 8011.1797189861536 3016.4144694954157 96.119572326540947 125.4950602799654 2883.1434320509434
leaf_count=13616 111573 924 4160 9700 1756 2896 25825 1401 3727 34173 13016 408 534 12409
internal_value=-2.80446e-05 -0.000755168 -0.0074598 0.000669953 0.00218552 0.00353721 0.00260629 -7.83085e-05 -0.005739 0.000299891 0.00144405 0.00279074 0.017211 -0.00184197
internal_weight=53851.7 26374.6 1066.91 27477.2 9078.63 6924.01 6266.78 18398.5 1143.37 17255.2 11249.2 8232.79 221.615 6005.95
internal_count=236118 116657 5084 119461 40177 30477 27581 79284 5128 74156 48131 35115 942 26025
cat_boundaries=0 1
cat_threshold=628
is_linear=0
shrinkage=0.03


Tree=133
num_leaves=15
num_cat=0
split_feature=2 18 32 38 39 39 38 41 17 15 33 38 15 19
split_gain=31.8628 33.5268 26.693 33.3548 35.4704 53.2481 60.7612 48.4031 41.4383 38.6869 37.0828 35.4912 44.0396 40.9022
threshold=0.28864698770703151 -1.0537866956002329 -0.23342274625466639 -2.6065503240709633 -1.023661760372365 -0.5187481499629113 -0.82582606571283668 1.0000000180025095e-35 0.19876690056932714 0.1602831279555415 -0.78095453536394033 0.15609581703962142 0.14211983355288973 -7.0917947096868552
decision_type=8 2 10 10 10 10 10 2 2 10 10 10 10 2
left_child=1 -1 -2 -4 11 6 -6 8 9 -7 -8 12 13 -5
right_child=2 -3 3 4 5 7 10 -9 -10 -11 -12 -13 -14 -15
leaf_value=0.018628095631924677 -0.0010276696770310373 0.0016004621297552167 0.013653732388173547 0.0033381300989883556 0.0099222732852298021 0.0044702404266710044 -0.006736123443658963 0.00053625646049089957 0.0063299892057193108 -0.006936976133935225 0.0028003361739192818 -0.0084019351285323333 0.0015457037442470503 -0.0095894204376498933
leaf_weight=155.73197408020496 18732.951629713178 285.42777368426323 159.47432255744934 301.82902604341507 1043.4747136235237 305.01733453571796 402.58145289123058 23492.166864469647 305.70279203355312 1866.8315463364124 3338.0914693325758 711.51855617761612 2061.2509212642908 764.98639054596424
leaf_count=647 82414 1214 668 1332 4388 1287 1730 103600 1321 8046 14328 3207 8908 3347
internal_value=-4.8189e-05 0.00789098 -0.000115135 0.000376904 0.000311771 0.000651404 0.0035563 0.000115099 -0.00386442 -0.00532179 0.00175877 -0.00240321 -0.0010163 -0.00593486
internal_weight=53927 441.16 53485.9 34752.9 34593.5 30753.9 4784.15 25969.7 2477.55 2171.85 3740.67 3839.58 3128.07 1066.82
internal_count=236437 1861 234576 152162 151494 134700 20446 114254 10654 9333 16058 16794 13587 4679
is_linear=0
shrinkage=0.03


Tree=134
num_leaves=15
num_cat=0
split_feature=24 44 38 10 11 39 8 18 2 39 36 19 1 38
split_gain=47.0486 37.9147 37.0137 39.8648 77.6013 61.0597 45.5797 66.2636 68.3191 62.4316 44.5067 44.1081 44.6919 79.8131
threshold=-0.0066537769831162821 -0.13770084031650745 2.3167264682209381 -0.83063569511583812 -0.4574610639546422 -1.3253090160814291 0.56479457342547612 -2.1092130401630373 0.61928597677838659 -1.6370688608182868 -0.065164385318406681 -1.2144415375117246 0.015950055880905794 -0.66256607777453258
decision_type=10 8 8 8 10 10 10 2 10 10 10 2 10 10
left_child=1 -1 3 4 6 -6 7 10 -9 -10 -2 -5 -13 -14
right_child=2 -3 -4 11 5 -7 -8 8 9 -11 -12 12 13 -15
leaf_value=-0.016484896995943098 -0.0038215666044427088 0.0012239191037714669 -0.0075101128418498878 0.0018326802955371964 -0.010223129164740571 0.0048687963559683224 0.0042600265951815361 -0.00089380409360822035 0.010715746375820774 -0.012376434422406976 0.0069158797540372144 -0.0016736890061030169 -0.0078569321569180398 0.0033057252744139775
leaf_weight=99.463608682155609 1192.2295164763927 19440.847580075264 697.32637169957161 7878.0757780522108 274.54515327513218 1589.4119848459959 470.78835710883141 817.77542671561241 103.97989928722382 1942.4209095537663 478.72796915471554 14225.119219884276 663.42336043715477 4005.6496499329805
leaf_count=446 5266 84526 3515 33965 1230 6872 2062 3547 453 8591 2064 63350 2941 17442
internal_value=-4.94724e-05 0.00112539 -0.000718143 -0.000575171 -0.00261203 0.00260319 -0.00455524 -0.00547771 -0.00823975 -0.0111567 -0.000722455 -5.17226e-05 -0.000837992 0.00170623
internal_weight=53879.8 19540.3 34339.5 33642.1 6869.88 1863.96 5005.92 4535.13 2864.18 2046.4 1670.96 26772.3 18894.2 4669.07
internal_count=236270 84972 151298 147783 30085 8102 21983 19921 12591 9044 7330 117698 83733 20383
is_linear=0
shrinkage=0.03


Tree=135
num_leaves=15
num_cat=0
split_feature=7 19 40 39 38 11 40 38 10 41 41 37 39 38
split_gain=31.7018 73.9748 62.8913 67.4075 71.2956 64.6164 64.4608 97.4948 83.0767 71.2045 61.0119 51.4957 55.2629 50.936
threshold=-0.73066870678396489 -0.25304151752490317 -1.7429079314650811 -1.2368476687161232 0.22796957868653941 -0.31744374586258611 -0.62106447713901247 0.053232734751818278 -0.64490487913500405 0.55000000000000016 0.35000000000000003 0.078406780505797719 -0.21570716402945064 0.12253565796682132
decision_type=8 2 8 10 10 10 10 10 8 2 2 10 10 10
left_child=1 -1 10 4 5 -4 7 11 -9 -10 -2 -5 -13 -8
right_child=2 -3 3 6 -6 -7 13 8 9 -11 -12 12 -14 -15
leaf_value=-0.00012170328374351585 0.0038357865582767871 -0.005977568089156309 -0.0070872093604290422 0.0024189808574568501 -0.017103653020602561 0.0061293374762139349 0.0014264815114728878 0.0016963369022758624 0.0015696582007289042 0.019286935378808077 0.023982257204008272 -0.011882090387876455 0.0054712095108181832 -0.00092961606560323213
leaf_weight=8730.3858925104141 506.77342708408833 2486.9427048265934 922.9847649782896 3070.6722469329834 364.8180243074894 508.42407263815403 13525.877857193351 784.30474470555782 279.5600772947073 766.21529392898083 177.1625842154026 504.0866476893425 236.21768334507942 21169.615171566606
leaf_count=37737 2144 10942 4097 13194 1716 2234 58714 3399 1194 3260 736 2169 1029 94423
internal_value=-5.19411e-06 -0.00142415 0.000366796 0.000219204 -0.00545082 -0.00238285 0.000472984 0.00344422 0.00911522 0.0146104 0.0093248 0.00070421 -0.00634585 -1.09559e-05
internal_weight=54034 11217.3 42816.7 42132.8 1796.23 1431.41 40336.5 5641.06 1830.08 1045.78 683.936 3810.98 740.304 34695.5
internal_count=236988 48679 188309 185429 8047 6331 177382 24245 7853 4454 2880 16392 3198 153137
is_linear=0
shrinkage=0.03


Tree=136
num_leaves=15
num_cat=1
split_feature=30 41 45 11 41 15 2 14 15 46 11 11 36 30
split_gain=32.9306 97.4904 71.2723 69.1329 62.8098 60.0491 58.5448 57.3545 77.1897 98.3723 66.8755 55.2955 54.7909 76.5086
threshold=3.5000000000000004 0.95000000000000007 0.42396179803737616 0.31005591068315647 0.95000000000000007 0.5194141237778408 1.1604300961202658 0.74459548873973225 0.67371932390273548 0 -0.39867733238226588 -1.6323180237845316 -0.10547772385314459 4.5000000000000009
decision_type=2 2 8 10 2 10 8 8 8 1 10 8 10 2
left_child=4 2 -2 -3 7 -5 12 8 -1 10 -10 -8 -4 -14
right_child=1 3 6 5 -6 -7 11 -9 9 -11 -12 -13 13 -15
leaf_value=-0.00016694638925606291 -0.02049930378380737 -0.0092124463162174697 -0.0028082470498885662 -0.016110106085141376 0.0039197143568249007 0.0014098132514544378 -0.017089187303017651 -0.0028643498220377308 0.020587466505488199 0.00025461062374297671 0.0065445653322274092 0.0042505959044148202 -0.0037117875562484568 0.0024228825429838917
leaf_weight=17445.960662901402 142.44227887690067 1964.6650583744049 6461.2857728153467 191.36221097409725 4382.3017527163029 1393.0447897613049 103.1701781898737 4945.2751516699791 381.65401919186115 2352.6617566049099 1472.0895112603903 3428.1103419810534 2487.2960291355848 6836.146800801158
leaf_count=75535 636 9036 28302 859 19411 6562 463 21842 1599 10318 6316 15157 10982 29748
internal_value=-4.22563e-05 -0.000901807 -6.67706e-05 -0.005467 0.000596181 -0.000793985 9.44344e-05 4.73191e-05 0.000713343 0.00435606 0.00947984 0.00358063 -0.000687254 0.00078406
internal_weight=53987.5 23007.5 19458.5 3549.07 30979.9 1584.41 19316 26597.6 21652.4 4206.41 1853.74 3531.28 15784.7 9323.44
internal_count=236766 101745 85288 16457 135021 7421 84652 115610 93768 18233 7915 15620 69032 40730
cat_boundaries=0 1
cat_threshold=880
is_linear=0
shrinkage=0.03


Tree=137
num_leaves=15
num_cat=0
split_feature=38 37 30 34 2 1 10 10 34 36 30 37 2 16
split_gain=30.4396 89.3912 120.663 96.2595 64.4064 63.8452 56.5519 67.0058 50.9127 52.7883 50.8903 145.994 72.3262 62.2964
threshold=0.4052115912833078 0.016212478573641258 1.5000000000000002 -1.0102708553253796 0.61928597677838659 0.024470770073484541 0.39893137834046855 -0.74776706209582555 0.18705276921805081 1.1100396809608222 1.5000000000000002 -0.34623961964722716 1.1719568457733953 0.11699999247734146
decision_type=8 10 2 10 10 8 10 8 10 10 2 8 8 8
left_child=10 -2 3 -3 -5 8 7 -7 -4 -10 11 -1 -13 -12
right_child=1 2 5 4 -6 6 -8 -9 9 -11 13 12 -14 -15
leaf_value=-0.0049372291718541234 -0.0083340063219709323 -0.018049338941434644 -0.0046908171149851654 0.013007242318330817 0.0031215469019934714 -0.0033083275966035073 -0.00042766038984053058 0.025250062333539644 0.001542864633364311 -0.004573124149245782 0.0054490821228918305 0.0037899800114656003 -0.0050593804461784523 0.00087792239733652593
leaf_weight=4754.3586595207453 1307.1198964267969 164.8612626940012 4984.2961605936289 693.38894106447697 3865.9430664181709 107.61923728883266 460.50303962826729 212.34148240089417 3736.0135471522808 1911.8731334656477 3026.3214860260487 4609.5788567066193 1004.5141020417213 23131.613171190023
leaf_count=20770 5749 738 22587 2922 17005 479 2013 906 16761 9114 12941 19765 4399 100547
internal_value=0.000211493 -0.000819174 -0.000205672 0.00382155 0.00465015 -0.0018746 0.00635551 0.0158353 -0.00248414 -0.00053189 0.000703799 -0.00107409 0.00220041 0.00140866
internal_weight=53970.3 17444 16136.8 4724.19 4559.33 11412.6 780.464 319.961 10632.2 5647.89 36526.4 10368.5 5614.09 26157.9
internal_count=236696 78274 72525 20665 19927 51860 3398 1385 48462 25875 158422 44934 24164 113488
is_linear=0
shrinkage=0.03


Tree=138
num_leaves=15
num_cat=0
split_feature=24 23 44 16 30 7 30 37 39 19 9 19 16 36
split_gain=33.0317 63.9164 43.0548 40.0382 61.424 41.631 49.664 46.5173 58.6547 46.4925 41.9121 46.6257 41.2881 39.4356
threshold=-0.0066537769831162821 0.023395269709449832 0.0030506321558027368 0.12061705451440315 1.5000000000000002 -0.75956389621390652 2.5000000000000004 0.38070963865079954 1.8245438580862638 -0.50397249591233662 -1.1914155349717208 -6.1936166059756301 0.23553740177916507 0.089649778280870382
decision_type=10 8 10 8 2 10 2 8 10 2 8 2 8 10
left_child=1 3 -3 4 -1 9 12 -8 13 10 -5 -12 -7 -9
right_child=-2 2 -4 5 -6 6 7 8 -10 -11 11 -13 -14 -15
leaf_value=-0.0031663868186053287 -0.00036414567222715737 0.021551501592026883 0.0016168392653248163 -0.0069020232073735309 0.0082193057671324544 -0.0033310726383988104 0.0016900889364518151 -0.0079302414947476033 0.0084782687442238585 -0.0066395857644335129 -0.016161026202285423 0.003123806107136902 0.0045336029970334396 -0.00085179374086854001
leaf_weight=596.94440312683582 34354.560142740607 219.09499797224998 172.79707637429237 590.74766933917999 1444.9202587455511 682.84666484594345 4568.6155620962381 1436.6336883455515 345.40347249805927 1379.9796153455973 109.58271682262421 2025.3897353708744 4625.9937483370304 1393.2964074462652
leaf_count=2594 151412 940 745 2572 6121 2954 19746 6516 1576 6078 485 8687 19888 6300
internal_value=0.000196453 0.00117913 0.0130206 0.000930788 0.00489146 0.000456892 0.00128562 -0.0002471 -0.00303085 -0.00217452 0.000102061 0.00206324 0.00351765 -0.00446049
internal_weight=53946.8 19592.2 391.892 19200.4 2041.86 17158.5 13052.8 7743.95 3175.33 4105.7 2725.72 2134.97 5308.84 2829.93
internal_count=236614 85202 1685 83517 8715 74802 56980 34138 14392 17822 11744 9172 22842 12816
is_linear=0
shrinkage=0.03


Tree=139
num_leaves=15
num_cat=0
split_feature=45 30 39 40 30 30 16 2 40 39 36 39 39 40
split_gain=32.4504 38.4414 32.4742 42.7628 63.6918 46.3533 61.4142 40.2507 38.8183 69.5665 64.7851 61.5207 103.113 56.0595
threshold=0.42396179803737616 3.5000000000000004 2.4115980245615991 1.6870672059675229 5.5000000000000009 1.5000000000000002 0.66265060240963869 0.93820774993708822 0.43555503510842047 1.2252419226289806 -1.2246425163888206 0.85801550348664568 1.3452380648521873 1.3042398413207419
decision_type=8 2 10 8 2 2 8 10 10 10 10 10 10 10
left_child=1 -1 3 8 5 6 7 -5 11 -10 -11 -2 -13 -12
right_child=2 -3 -4 4 -6 -7 -8 -9 9 10 13 12 -14 -15
leaf_value=-0.00041145368353373362 -6.3473424947228332e-05 -0.018601640588778553 0.0068766990861171828 0.027010875580914945 0.0075903183371461482 -0.0084264272404355623 -0.0047859644129252758 0.00078399510674651072 0.0026410819572318055 -0.024887962369055203 -0.0042191745666878477 -0.01024293878843714 0.0054527675851997123 0.003662811857270752
leaf_weight=244.05379943549633 33483.351649314165 173.54706139862537 613.14238703250885 99.545352026820183 376.79737938940525 1582.9006515592337 510.88703739643097 102.61344507336617 11205.282196879387 99.272917926311493 2278.8034659177065 1292.6629369258881 522.5664232224226 1249.5400596559048
leaf_count=1083 145024 791 2735 438 1769 7832 2374 482 48989 468 10273 5938 2310 5614
internal_value=2.34913e-06 -0.00822919 6.8229e-05 -1.21154e-05 -0.00370229 -0.00558044 0.000766559 0.0143628 0.000185324 0.00147259 -0.00213409 -0.000355865 -0.00571936 -0.00142536
internal_weight=53835 417.601 53417.4 52804.2 2672.74 2295.95 713.046 202.159 50131.5 14832.9 3627.62 35298.6 1815.23 3528.34
internal_count=236120 1874 234246 231511 12895 11126 3294 920 218616 65344 16355 153272 8248 15887
is_linear=0
shrinkage=0.03


Tree=140
num_leaves=15
num_cat=0
split_feature=23 24 39 38 0 38 11 38 24 36 30 2 38 39
split_gain=33.277 45.2051 36.9088 31.7118 30.7362 34.4969 28.8057 27.7387 27.4698 36.8287 44.86 62.6446 53.9787 56.2744
threshold=0.059816163208428315 0.004422320476086262 0.065972116720942761 2.4351927170351155 0.0074977914447814627 3.2421787129270565 0.11678314611735284 -0.28233125198278547 -0.027728459694611182 -0.21986217602774574 5.5000000000000009 1.018281365298487 1.4041492577238197 0.037822852753321416
decision_type=8 8 8 8 10 10 10 10 10 10 2 10 10 10
left_child=3 -2 7 8 -5 -6 -4 -3 -1 -10 -11 12 13 -12
right_child=1 2 6 4 5 -7 -8 -9 9 10 11 -13 -14 -15
leaf_value=0.0020882147142726893 0.022359603984640344 0.0062431262997108264 0.014440085531467809 0.0061349140993170719 -0.013370530757494042 0.0031928373324034746 0.0011644564059560077 -0.0069774716758442172 -0.0012995270279261006 -3.1604928691410656e-05 -0.0013244709631121088 0.011210919637998591 -0.015324968397147358 0.0059061331931920587
leaf_weight=5492.6309980005026 110.66127322614193 215.11323712766171 310.49859145283699 139.17154674232006 435.64640884101391 147.19490899145603 275.39900052547455 382.81537981331348 16347.23854406178 25415.820521369576 1889.5123142153025 723.21514454483986 151.6672604829073 1971.4465640038252
leaf_count=23683 467 917 1331 687 2202 767 1226 1640 71768 111436 8138 3237 713 8688
internal_value=0.000113686 0.004847 0.00303638 -3.44718e-06 -0.00620409 -0.0092042 0.00832418 -0.00219672 8.38385e-05 -0.000153324 0.000468334 0.00314577 0.00166789 0.00237327
internal_weight=54008 1294.49 1183.83 52713.5 722.013 582.841 585.898 597.929 51991.5 46498.9 30151.7 4735.84 4012.63 3860.96
internal_count=236900 5581 5114 231319 3656 2969 2557 2557 227663 203980 132212 20776 17539 16826
is_linear=0
shrinkage=0.03


Tree=141
num_leaves=15
num_cat=1
split_feature=6 16 11 45 14 46 15 19 40 16 11 10 35 36
split_gain=28.2281 51.8712 64.3241 54.4473 52.1396 49.8069 49.4334 40.1143 76.5137 58.953 55.6061 70.8649 53.9172 85.0842
threshold=1.3073761974915075 0.8592520716370875 1.332328848071777 0.74908634428331589 0.60527789911990248 0 0.94895652370021055 0.79056289368215882 0.30925414985748317 0.69614060145775503 -0.52699610973355837 0.76376542078322884 -1.3710502322534033 -0.53759500388057657
decision_type=10 8 10 10 10 1 8 2 10 10 10 8 10 10
left_child=1 7 5 -4 -5 6 -3 8 12 -10 11 -9 13 -1
right_child=-2 2 3 4 -6 -7 -8 10 9 -11 -12 -13 -14 -15
leaf_value=0.0024943768295428502 -0.0022327874325488027 -0.010464264351348087 -0.0010061111442704186 0.018029077198596852 0.0062319566993509724 0.0023259464964391183 0.011447988299523676 -0.0012021310753926888 0.0030863653245199918 0.025165951477781567 -0.0018262698774700898 0.019475844135122308 -0.00077245446628027774 0.029207606516895881
leaf_weight=2990.9459966421127 4460.3645633608103 569.29685080051422 584.51152828335762 467.7663591504097 1215.549479752779 2151.924677491188 101.73985475301743 355.29864075779915 6180.8018567413092 101.03908325731754 13167.209423169494 245.75520861148834 21170.319253772497 101.46930693089962
leaf_count=12927 20747 2618 2648 2012 5337 9615 458 1570 26653 439 58165 1069 91570 441
internal_value=5.0107e-05 0.000256626 0.00312151 0.00687195 0.0095973 9.49754e-05 -0.00692108 -7.31302e-05 0.000532879 0.00348093 -0.00141696 0.00743292 -0.000231519 0.00346222
internal_weight=53864 49403.6 5090.79 2267.83 1683.32 2822.96 671.037 44312.8 30544.6 6281.84 13768.3 601.054 24262.7 3092.42
internal_count=236269 215522 22688 9997 7349 12691 3076 192834 132030 27092 60804 2639 104938 13368
cat_boundaries=0 1
cat_threshold=9
is_linear=0
shrinkage=0.03


Tree=142
num_leaves=15
num_cat=1
split_feature=7 1 39 39 37 38 46 14 8 15 1 11 2 0
split_gain=28.7439 86.1668 58.58 41.1635 49.6331 39.2103 35.2645 37.4992 44.6037 43.2794 56.8368 57.582 54.212 49.2513
threshold=-0.75956389621390652 0.017206827580497627 0.46772567244585855 -1.8897943041667877 -1.9169856374564767 0.14683300242428179 0 0.74814325313502827 -0.21257933552128727 0.68132973025893528 0.0083077505229162563 -0.073100735607008735 0.49628886039198178 0.023828767754890536
decision_type=8 8 10 8 8 10 1 10 10 8 8 10 10 10
left_child=1 2 3 -1 -5 -4 7 9 -9 12 -11 -12 -2 -13
right_child=6 -3 5 4 -6 -7 -8 8 -10 10 11 13 -14 -15
leaf_value=-0.0082352867531923155 0.0063876412441237372 -0.0075246113950005692 -0.0094699808056476903 0.0074430160685202704 0.00022426389607201056 0.0020406439529938596 -0.00054215036915353947 0.007359796188900627 -0.0019139401241976765 -0.0018075109908707637 0.014527133147501521 0.0023762829194013805 0.00015745835919637037 0.016811333200114281
leaf_weight=430.51810263097286 1457.0851820409298 1784.4010862261057 925.66298462450504 982.73430876433849 6284.5326764732599 367.99400556087494 24393.31336414814 508.87003134191036 4649.9927261918783 827.45534345507622 694.42874848842621 1559.9098611921072 8781.9908571392298 237.2881019115448
leaf_count=1888 6138 8092 4117 4117 26921 1660 108075 2204 20781 3691 2952 6794 37911 1040
internal_value=-0.000137145 -0.00152225 -0.000324012 0.000671111 0.00120932 -0.00620513 0.000209348 0.00118817 -0.00098671 0.00201671 0.00498859 0.00724374 0.00104942 0.00436465
internal_weight=53886.2 10775.8 8991.44 7697.79 7267.27 1293.66 43110.3 18717 5158.86 13558.2 3319.08 2491.63 10239.1 1797.2
internal_count=236381 46795 38703 32926 31038 5777 189586 81511 22985 58526 14477 10786 44049 7834
cat_boundaries=0 1
cat_threshold=116
is_linear=0
shrinkage=0.03


Tree=143
num_leaves=15
num_cat=0
split_feature=21 30 8 2 15 39 11 11 0 10 38 39 9 15
split_gain=29.7631 49.2423 67.9596 60.302 42.1155 58.9221 44.5919 46.5601 44.6402 43.7787 53.8933 47.5821 45.3394 41.2764
threshold=-0.49696027205862731 3.5000000000000004 -0.12812268604623425 0.96876177807467767 0.33173076923076933 0.046948092591670924 0.17270973042270635 -1.6323180237845316 0.0071511348246205671 0.42103305746688113 1.5031408212335216 0.60404184360514412 0.52068108456307483 0.27123101191667348
decision_type=10 2 10 8 10 10 10 8 10 10 10 10 10 8
left_child=1 2 -1 4 5 6 7 -3 -8 10 12 -11 -6 -7
right_child=-2 3 -4 -5 9 13 8 -9 -10 11 -12 -13 -14 -15
leaf_value=-0.00038877228767956616 -0.00071124418052946159 -0.01282187871921432 0.005174160494575304 0.0037348108525167862 -0.0065772577355836283 0.017968753787938996 -0.00051868685276145073 0.0028815797018282843 -0.018143399441292979 0.0042316299826694768 -0.026459268637068246 -0.0040773195636074301 0.0018869065202957171 -0.00072661644057744489
leaf_weight=3715.6266506165266 34883.452036589384 177.07883955538273 4209.3699942529202 2352.4368015825748 2520.3293574899435 280.58260886371136 292.17825110256672 1853.8396278768778 222.93496339023113 1176.0597729235888 96.176470041275024 1290.3538598120213 730.10194535553455 166.39536617696285
leaf_count=16007 153671 775 18151 10411 11016 1193 1249 7910 959 5098 456 5889 3219 718
internal_value=-0.000190217 0.000762063 0.00256878 -0.00052226 -0.00166244 0.00122623 -0.000551976 0.00145626 -0.00834671 -0.0031493 -0.00537908 -0.000114275 -0.00467611 0.0111455
internal_weight=53966.9 19083.5 7925 11158.5 8806.03 2993.01 2546.03 2030.92 515.113 5813.02 3346.61 2466.41 3250.43 446.978
internal_count=236722 83051 34158 48893 38482 12804 10893 8685 2208 25678 14691 10987 14235 1911
is_linear=0
shrinkage=0.03


Tree=144
num_leaves=15
num_cat=0
split_feature=38 40 45 40 39 11 39 40 38 40 1 35 35 40
split_gain=32.6787 31.4772 53.6296 52.5116 52.5857 47.6036 41.2797 37.8877 65.2303 91.8697 67.2598 63.6297 67.2459 63.4531
threshold=2.6300836929250067 2.4305133542163921 1.0932997966116296 1.6870672059675229 1.1672008633511177 -0.24968898069698645 0.75776128027214062 0.53054742283309808 0.54124529018092982 -0.58166541068976751 0.022371022403984451 -1.0279333444544734 1.239326208567717 0.92195596613414355
decision_type=8 10 10 10 10 10 10 10 10 10 8 10 10 10
left_child=1 3 -3 7 6 -6 -5 8 -1 -10 -11 13 -13 -9
right_child=-2 2 -4 4 5 -7 -8 11 9 10 -12 12 -14 -15
leaf_value=0.00017229212896646936 -0.0071907694758105538 -2.4643690155496254e-05 0.019045592824993005 -0.0015860988593907888 0.012731989197304698 -0.0038610094808295991 -0.0198828445642368 0.0022164452231908747 0.0067287728092385373 -0.0058286564239339884 0.0047444029450433717 0.0029537947740106299 -0.0034440342474750421 -0.013780230965261325
leaf_weight=31522.748137444258 565.82017262279987 359.97223447263241 200.20614089071751 174.7682583630085 164.35677982866764 1451.0606606155634 303.13544249534607 418.19902649521828 722.93284797668457 4676.4919374734163 604.66731579601765 10545.672462657094 1710.8197081387043 462.71109366416931
leaf_count=136453 2874 1716 901 822 767 6951 1458 1831 3158 20808 2603 46017 7920 2128
internal_value=-8.22724e-05 -5.50109e-06 0.0070055 -8.12572e-05 -0.00472602 -0.00210485 -0.0133614 0.000111548 -0.000373903 -0.00323706 -0.00461141 0.00149746 0.00205868 -0.00624641
internal_weight=53883.6 53317.7 560.178 52757.6 2093.32 1615.42 477.904 50664.2 37526.8 6004.09 5281.16 13137.4 12256.5 880.91
internal_count=236407 233533 2617 230916 9998 7718 2280 220918 163022 26569 23411 57896 53937 3959
is_linear=0
shrinkage=0.03


Tree=145
num_leaves=15
num_cat=0
split_feature=32 37 39 41 7 35 31 39 37 39 33 38 39 37
split_gain=27.3615 38.6965 61.8946 34.6646 51.8913 36.1546 41.6824 45.5357 40.1638 77.4424 79.8155 48.6927 31.5154 30.6745
threshold=-0.19069274966621272 -1.5659205117258168 -1.7382987568501616 1.0000000180025095e-35 -0.34313511590428286 0.21004114720945363 2.8134948386717658 -1.2113195412087638 0.3892068939431686 -0.38588060196704238 -0.2904664636102447 0.62323991512193788 1.6108233818537363 0.27785532086602199
decision_type=10 10 10 2 10 10 10 10 10 10 10 10 10 10
left_child=-1 2 -2 4 -3 8 7 -7 11 -10 -11 -5 -12 -13
right_child=1 3 -4 5 -6 6 -8 -9 9 10 12 13 -14 -15
leaf_value=-0.00094644558158021234 -0.0075691969001419248 -0.0045738708264800431 0.0082506664511819532 0.0035215417226385432 0.0022698645356720292 -0.0101949808832085 -0.011391789393474501 0.00012643432683109984 -0.010946915776591978 -0.0056572678481302038 0.0028981493296806882 -0.0077920492872607565 0.013885102148538542 0.0064797436500756162
leaf_weight=20139.586209833622 266.47836601734161 2901.3173973560333 1161.3644196987152 8377.5800861120224 1509.0038401186466 385.35697193443775 293.10068732500076 14256.735682368279 563.95032469928265 1084.4306714683771 1972.0794174075127 567.99281968176365 258.46861240267754 168.72180038690567
leaf_count=88637 1169 12569 4869 36106 6490 1715 1381 63148 2479 4861 8688 2503 1164 743
internal_value=-7.15425e-05 0.000450406 0.0052661 0.000236219 -0.00223243 0.000626715 -0.000380036 -0.000151982 0.00178334 -0.000772037 0.00098665 0.00287053 0.00422757 -0.00448053
internal_weight=53906.2 33766.6 1427.84 32338.7 4410.32 27928.4 14935.2 14642.1 12993.2 3878.93 3314.98 9114.29 2230.55 736.715
internal_count=236522 147885 6038 141847 19059 122788 66244 64863 56544 17192 14713 39352 9852 3246
is_linear=0
shrinkage=0.03


Tree=146
num_leaves=15
num_cat=0
split_feature=24 23 36 40 1 12 39 39 40 39 1 30 20 35
split_gain=26.9264 48.132 39.1363 66.4968 48.4593 49.8847 44.4201 39.8327 53.2262 60.8816 50.6639 50.2445 48.1349 40.2529
threshold=-0.013272953992628509 0.022169054949827963 -0.2051895091241602 -1.8610102854390049 0.014947293940627016 0.018618184509572051 -1.67967942116402 -1.3513121520578169 -0.39869871401996926 -0.68341046586759646 0.0059081172735392156 4.5000000000000009 -0.85842682850158047 1.1524514030097572
decision_type=10 8 10 10 10 2 10 10 10 10 10 2 10 10
left_child=1 -1 -2 6 7 -6 -4 -5 10 12 -9 -12 -10 -11
right_child=2 -3 3 4 5 -7 -8 8 9 13 11 -13 -14 -15
leaf_value=0.00078655981330686992 -0.001851353819415681 0.013118578776319936 0.0021156338240711655 -0.0081910305471560967 0.010644092450459086 0.0013540705425504882 0.028154204855041325 -0.0067111578010542912 0.004708816740355155 -0.00011997645952818695 0.0012310458450528199 0.0090150182726026155 -0.015056775606136356 -0.0039971809932189345
leaf_weight=13253.895366370678 12957.266576752067 281.17212548851967 114.12736880779266 621.59160594642162 552.20680315792561 7041.0048102140427 116.00191512703896 444.6577509790659 139.02422945201397 11594.005478307605 2116.3757643699646 1146.1493116021156 469.39530362188816 3032.5037603229284
leaf_count=57461 57058 1198 478 2771 2340 30581 475 1947 592 51113 9145 4918 2053 14278
internal_value=-0.000105158 0.00105224 -0.000493616 0.000149194 1.02102e-05 0.00204279 0.0158668 -0.000779329 -0.000531918 -0.00131651 0.00268728 0.0039848 -0.0105372 -0.000926016
internal_weight=53879.4 13535.1 40344.3 27387 27156.9 7593.21 230.129 19563.7 18942.1 15234.9 3707.18 3262.53 608.42 14626.5
internal_count=236408 58659 177749 120691 119738 32921 953 86817 84046 68036 16010 14063 2645 65391
is_linear=0
shrinkage=0.03


Tree=147
num_leaves=15
num_cat=0
split_feature=40 39 11 35 41 11 16 39 1 39 11 40 11 40
split_gain=23.4206 59.5298 66.4819 58.1691 51.1292 48.7677 39.8219 52.3385 40.4469 39.4709 81.0888 81.3515 79.9554 71.7687
threshold=1.5956037031214281 1.8692993204086037 2.029749964309405 -0.60535529606763605 0.8500000000000002 0.95765635534162985 0.56974872827066525 1.3241533278196427 0.009751021712983152 1.1672008633511177 1.6014430465954312 1.3042398413207419 0.4049016383298894 0.12485642912366859
decision_type=8 10 10 8 2 10 8 10 10 10 10 10 8 10
left_child=1 9 4 -2 5 -3 7 -5 -9 -1 11 12 13 -11
right_child=3 2 -4 6 -6 -7 -8 8 -10 10 -12 -13 -14 -15
leaf_value=0.00021141213941074677 -0.012952622256153311 0.0075251238761031821 0.027045319592616791 -0.0023244150552077245 0.012567714578928408 -0.010904822314008916 -0.0026205763397160499 0.0023858849202616221 0.024495791746888602 0.0088387790607729819 0.0060214453220233345 0.0039907457332229793 -0.0027257354690163097 -0.016313676684281294
leaf_weight=45378.21968100965 403.93068984150887 240.70271021127701 124.06715263426304 343.98495410382748 368.97258195281029 257.16947127878666 2706.7320865988731 137.29226836562157 159.12113197147846 107.73638722300529 723.40134701132774 685.99769087135792 1331.7959121018648 964.91881760954857
leaf_count=197184 2020 1052 518 1602 1640 1117 12864 660 724 494 3164 3121 6086 4410
internal_value=-5.89429e-05 0.000112165 0.00735513 -0.0023423 0.00426068 -0.0020219 -0.00102708 0.0056448 0.014667 -3.52005e-05 -0.00296234 -0.00507788 -0.007671 -0.0137291
internal_weight=53934 50183 990.912 3751.06 866.845 497.872 3347.13 640.398 296.413 49192.1 3813.85 3090.45 2404.45 1072.66
internal_count=236656 218786 4327 17870 3809 2169 15850 2986 1384 214459 17275 14111 10990 4904
is_linear=0
shrinkage=0.03


Tree=148
num_leaves=15
num_cat=0
split_feature=2 10 30 41 37 30 5 34 8 2 11 40 34 11
split_gain=27.6024 42.394 27.2792 77.1822 76.4744 87.1582 81.652 63.9193 64.7396 63.1931 86.6993 60.7978 60.2599 54.9695
threshold=0.2514333905949715 -0.096947065690111592 3.5000000000000004 0.95000000000000007 0.39893679730922771 4.5000000000000009 0.29298836713980431 1.808794005741811 0.36009518114644828 1.018281365298487 -1.8016020315758714 1.6870672059675229 -1.0990423938225027 1.3558604360693731
decision_type=10 8 2 2 10 2 10 10 10 10 8 8 8 10
left_child=1 -1 3 11 9 -6 13 8 -5 12 -11 -2 -4 -7
right_child=2 -3 4 7 5 6 -8 -9 -10 10 -12 -13 -14 -15
leaf_value=0.022183011767422166 0.00029134664882839189 -0.001471350507143988 -0.0092966627924829359 -0.00081722108852065926 -0.0076726786458274684 -0.0058247509805203984 0.0033453680708366274 -0.0050889238528215369 0.0080140960048072397 -0.021933695733800638 0.0044731141214972552 -0.006513408071362534 -0.00011036387465772816 0.0047087293818901376
leaf_weight=117.6240605711937 25245.875925317407 143.94032219052315 676.63132920861244 1015.8223186582327 2576.6042809039354 2666.2358204126358 2276.5984727293253 564.03095479309559 2795.6622820794582 105.42297111451626 3880.3334637284279 1229.7002501040697 10042.508247256279 527.17330780625343
leaf_count=492 109359 603 2982 4391 12071 12139 10401 2665 12333 472 16835 5835 43446 2361
internal_value=5.07705e-05 0.00959104 2.43657e-06 0.000583546 -0.000785459 -0.00313478 -0.000987132 0.00426981 0.00566443 0.000501359 0.00372151 -2.70509e-05 -0.000698361 -0.0040766
internal_weight=53864.2 261.564 53602.6 30851.1 22751.5 8046.61 5470.01 4375.52 3811.48 14704.9 3985.76 26475.6 10719.1 3193.41
internal_count=236385 1095 235290 134583 100707 36972 24901 19389 16724 63735 17307 115194 46428 14500
is_linear=0
shrinkage=0.03


Tree=149
num_leaves=15
num_cat=1
split_feature=21 1 12 36 35 30 30 41 39 40 2 46 40 39
split_gain=29.0098 43.632 41.5112 49.6833 44.5692 78.5058 54.2084 107.506 61.3347 40.5085 38.9222 37.1317 36.7555 70.6861
threshold=-0.43173496227225799 0.032856810192967344 0.032500806749536253 0.02802544581814316 0.76898356273977397 4.5000000000000009 1.5000000000000002 0.75000000000000011 0.12281650618295892 0.75108364923937965 1.6918437907146679 0 -1.7429079314650811 -1.1521373970194577
decision_type=10 10 2 10 8 2 2 2 8 10 10 1 10 10
left_child=1 12 4 -4 -2 6 7 -6 -8 -10 -5 -3 -1 -14
right_child=2 11 3 10 5 -7 8 -9 9 -11 -12 -13 13 -15
leaf_value=0.0094021032865475758 0.00035414505445197813 -0.0046857759326304682 -0.0063842190579550383 -0.0015150592834971498 -0.0077753032721019476 0.0044889276874451418 -0.00026561293447064385 0.0050162399786308591 -0.013924254422113723 -0.0055701710694155719 0.0112086373718625 0.011843668946683277 -0.0063311105484109035 0.00082068906160953886
leaf_weight=400.03878550231457 22926.818679109216 150.14871616661549 2304.3380507826805 1438.9241900444031 1035.3141102641821 1203.0227178186178 965.28840316832066 1351.647981107235 962.00544385612011 1179.5118233710527 244.37702116370201 521.16377219557762 1326.5345366150141 17917.749998897314
leaf_count=1678 99698 641 10557 6290 4606 5548 4282 6038 4407 5740 1082 2232 5904 78001
internal_value=-0.000121419 0.000773342 -0.000662309 -0.00353189 -0.000274973 -0.00242611 -0.00394576 -0.000541219 -0.00655135 -0.00937024 0.000387417 0.00823717 0.000514217 0.000324674
internal_weight=53926.9 20315.6 33611.2 3987.64 29623.6 6696.79 5493.77 2386.96 3106.81 2141.52 1683.3 671.312 19644.3 19244.3
internal_count=236704 88456 148248 17929 130319 30621 25073 10644 14429 10147 7372 2873 85583 83905
cat_boundaries=0 1
cat_threshold=529
is_linear=0
shrinkage=0.03


Tree=150
num_leaves=15
num_cat=3
split_feature=38 39 11 46 0 46 8 45 44 38 16 37 11 46
split_gain=35.4713 38.0648 55.8581 37.6053 32.6906 31.4819 33.0009 27.7536 39.8858 36.1803 37.7446 47.8685 43.3438 40.3702
threshold=2.3167264682209381 2.1360955966638504 2.029749964309405 0 0.006472773496102942 1 1.0220485701578113 1.3035283162150055 -0.074236961727395537 0.84439789204142046 0.17057284664892011 -0.54309554111623137 0.49273298094685736 2
decision_type=8 10 10 1 10 1 10 8 8 10 8 10 10 1
left_child=1 7 3 -3 -2 6 -6 -1 -9 10 -10 -12 13 -13
right_child=4 2 -4 -5 5 -7 -8 8 9 -11 11 12 -14 -15
leaf_value=-0.00027508297578631477 0.0081595660173987977 -0.0086888065278891667 0.024613646463263809 0.0059999480416767226 -0.010934143934101083 -0.01246839729739173 0.007803370100715439 -0.0079279472506858691 0.010575976083961339 -0.0030278647420639852 -0.0032750741758395207 -0.0091076292387328693 0.0085654306943235819 0.0034542974216121647
leaf_weight=46503.662152573466 123.49641413986683 177.75741828978062 114.12625519931316 771.08619093894958 140.30493056774139 497.59998652338982 183.5255880355835 331.82852864265442 619.62217488884926 830.96199296414852 921.01450625061989 268.89628328382969 1288.1842250227928 1118.0344592928886
leaf_count=204171 595 786 474 3375 694 2522 933 1482 2612 3646 3908 1137 5473 4713
internal_value=-2.66516e-05 7.66903e-05 0.00566968 0.00315818 -0.00575717 -0.00792243 -0.000387703 -3.89702e-05 0.00199922 0.00266633 0.00379321 0.00259844 0.0046253 0.000930575
internal_weight=53890.1 52945.2 1062.97 948.844 944.927 821.431 323.831 51882.2 5378.54 5046.71 4215.75 3596.13 2675.11 1386.93
internal_count=236521 231777 4635 4161 4744 4149 1627 227142 22971 21489 17843 15231 11323 5850
cat_boundaries=0 1 2 3
cat_threshold=12 284 770
is_linear=0
shrinkage=0.03


Tree=151
num_leaves=15
num_cat=0
split_feature=40 30 39 2 37 45 12 30 40 35 37 35 40 39
split_gain=26.5291 74.6338 117.829 104.802 72.9592 52.9386 55.6663 60.8182 64.9154 66.0553 52.9056 85.685 55.076 52.4616
threshold=0.41210572229896647 2.5000000000000004 -0.098303521872467478 1.0907549129402832 -0.31444707574155178 1.7064686704748417 0.00844821109369546 4.5000000000000009 1.6263017757335707 1.0162387863668219 -0.034148891930878826 0.2170904173923949 0.63746147613584647 1.3452380648521873
decision_type=10 2 10 8 10 10 2 2 10 10 10 10 10 10
left_child=-1 3 4 10 -3 6 -4 8 9 -8 12 -12 -2 -11
right_child=1 2 5 -5 -6 -7 7 -9 -10 13 11 -13 -14 -15
leaf_value=-0.00049108940326290419 0.0095881086518899393 0.024176779234978969 -0.0084064776015638082 -0.001609167041421876 0.0025114967974542057 -0.017005000319152013 0.00093657790659096816 0.0020092544755313541 -0.010410427783865271 -0.013320852542388776 0.012816552512908662 0.0037144750106342952 -0.0033885207633237188 0.0031813442025738652
leaf_weight=35246.744651302695 410.80153381824493 251.98380191624165 866.35640724003315 2799.4744867831469 305.79207114875317 184.2743839174509 2899.9547733813524 4447.4149768203497 837.36804564297199 593.32685793936253 1545.4303818941116 2348.735493093729 969.82902808487415 238.62428657710552
leaf_count=153188 1737 1056 3975 12609 1340 812 12854 20108 4252 2822 6565 10167 4182 1135
internal_value=-6.54999e-06 0.000906541 -0.0007456 0.00307886 0.0125526 -0.0014941 -0.001188 -0.000485876 -0.00291355 -0.00120807 0.00556525 0.00735028 0.00051381 -0.00860604
internal_weight=53946.1 18699.4 10625.1 8074.27 557.776 10067.3 9883.05 9016.69 4569.27 3731.91 5274.8 3894.17 1380.63 831.951
internal_count=236802 83614 48354 35260 2396 45958 45146 41171 21063 16811 22651 16732 5919 3957
is_linear=0
shrinkage=0.03


Tree=152
num_leaves=15
num_cat=0
split_feature=23 11 37 40 36 40 12 40 40 37 37 35 37 30
split_gain=38.3149 32.4428 30.9436 58.0889 29.9242 84.1703 64.6698 71.7456 89.1043 66.7028 58.5128 58.4879 49.4928 46.4691
threshold=0.059816163208428315 -1.5686660065396432 0.043599681493739106 0.3695175657323152 -0.28805754310525838 -1.7429079314650811 0.035993864724723199 1.0676364887636098 -0.051672705047420879 -1.6673769028775485 0.38070963865079954 -0.92245401666519544 -0.32534323579996766 1.5000000000000002
decision_type=8 8 10 10 10 10 2 8 10 10 10 10 10 2
left_child=4 -2 -3 -4 6 12 7 8 9 13 -10 -9 -6 -1
right_child=1 2 3 -5 5 -7 -8 11 10 -11 -12 -13 -14 -15
leaf_value=-0.0039558896595839541 -0.0096633669455219503 0.01153027185156035 -0.0066890577880887783 0.011198669519452921 0.0044912606524102928 0.00015449926378214774 -0.0064965853119065796 -0.016320043572251544 0.0050466148864490986 -0.0028896433783739154 -0.0022686723004121108 -0.0029541728025169914 0.024251692291186303 0.0074085657760236219
leaf_weight=456.53289344906807 114.86909717321396 562.30335092544556 332.55952686071396 302.78707635402679 279.82594303786755 34688.523478895426 1839.6552307009697 416.09515692293644 3885.0817424207926 7494.8079244047403 1310.1783697605133 974.77191962301731 189.58485953509808 1061.8146952390671
leaf_count=1958 493 2386 1438 1338 1171 152493 8517 2014 16745 32599 5847 4428 774 4438
internal_value=-5.01183e-05 0.00499317 0.00646728 0.00187713 -0.000176895 0.000327083 -0.00119255 -0.000563275 7.53082e-05 -0.00172791 0.00320098 -0.0070407 0.0128115 0.003988
internal_weight=53909.4 1312.52 1197.65 635.347 52596.9 35157.9 17438.9 15599.3 14208.4 9013.16 5195.26 1390.87 469.411 1518.35
internal_count=236639 5655 5162 2776 230984 154438 76546 68029 61587 38995 22592 6442 1945 6396
is_linear=0
shrinkage=0.03


Tree=153
num_leaves=15
num_cat=1
split_feature=39 2 19 16 19 40 2 35 15 15 16 46 11 23
split_gain=26.3795 59.4147 85.3355 55.2472 53.2792 51.4242 49.0264 45.3403 42.2575 40.6507 42.029 39.5403 39.289 37.584
threshold=-1.1929641045859751 1.0265244579791959 -8.1869864002425263 0.086235233283700571 -5.9293941549236289 -1.4379943154183528 0.64555180700833992 -0.64654250107641476 0.13054944686843239 0.46958543464325253 0.21717934015120924 0 -0.90490900372469363 -0.022900763792645076
decision_type=8 10 2 8 2 10 10 10 10 10 8 1 8 10
left_child=1 2 5 13 6 -1 7 -5 -3 10 -9 12 -8 -2
right_child=3 8 -4 4 -6 -7 11 9 -10 -11 -12 -13 -14 -15
leaf_value=0.019998570196829289 0.011996466754833244 -0.0033654556567423821 -0.0075796065902854386 -0.016958923235993392 0.00034351448203870946 -0.004759418579213164 -0.0063115539209616751 0.0045407773552432855 0.0041670310160171684 0.017195410477468729 -0.011993665194899184 -0.013353175266428898 0.014944762996723414 0.0022700486043795835
leaf_weight=166.31938616931438 563.21805827319622 1134.52885453403 2067.9544595628977 106.86909836530685 45157.602820724249 126.47871568799019 337.83034607768059 477.08930484950542 1608.8712476044893 138.8261945694685 183.25777149200439 663.38738515973091 91.06691275537014 966.65725782513618
leaf_count=713 2349 5040 9203 485 198419 579 1489 2066 7015 600 790 2930 389 4097
internal_value=9.83389e-05 -0.00195134 -0.00543013 0.000313582 0.000130952 0.00949998 -0.00465027 0.000514221 0.00105107 0.00303152 -0.000158284 -0.00889999 -0.0015258 0.00590545
internal_weight=53790 5104.15 2360.75 48685.8 47155.9 292.798 1998.33 906.042 2743.4 799.173 660.347 1092.28 428.897 1529.88
internal_count=236164 22550 10495 213614 207168 1292 8749 3941 12055 3456 2856 4808 1878 6446
cat_boundaries=0 1
cat_threshold=108
is_linear=0
shrinkage=0.03


Tree=154
num_leaves=15
num_cat=0
split_feature=36 12 30 4 40 19 7 19 12 40 16 11 40 45
split_gain=27.052 65.889 54.6096 54.0495 37.7845 30.9759 28.153 62.5958 54.868 47.9335 51.5202 91.8224 84.2019 81.5178
threshold=-2.306956404212253 0.049666098080606604 1.5000000000000002 -0.37117476807848182 -1.5392883309559509 -5.5292545498163967 -0.80093068133492085 -0.25304151752490317 0.016945415816906891 -1.5799783755273065 0.31173926192634011 -0.29488630532927668 0.19402883115341471 1.2776982327279967
decision_type=8 2 2 10 10 2 8 2 2 8 8 10 10 10
left_child=1 2 5 4 -4 -1 7 -2 -9 -8 11 12 13 -11
right_child=6 -3 3 -5 -6 -7 9 8 -10 10 -12 -13 -14 -15
leaf_value=-0.012447432587664391 -0.00038737257511262953 -0.016411425414120089 -0.0092912225908873651 0.023371741899563311 0.011008621188946272 0.0054297916114422187 0.0064580454657114598 -0.00052615727806942553 -0.010483491199065265 -0.0055677331216644806 0.0005869531225494802 0.0042771053598689738 0.002010428542628204 0.0056644724768700498
leaf_weight=146.46941542625427 7152.0902363210917 110.2099511474371 107.85676229000092 236.94123521447182 272.38454486429691 188.12311738729477 1035.8843983113766 855.53427740931511 1185.6480402648449 6541.8162014037371 31193.714462667704 1875.3064010590315 2303.468250438571 630.15691152215004
leaf_count=645 30947 525 468 994 1155 807 4411 3758 5278 28656 137947 8108 9982 2663
internal_value=-0.000109431 0.00460863 0.00718796 0.0124128 0.00515996 -0.00253016 -0.00020523 -0.00171291 -0.00633292 0.000113135 -4.2834e-05 -0.00177259 -0.00297314 -0.00457432
internal_weight=53835.6 1061.99 951.775 617.183 380.241 334.593 52773.6 9193.27 2041.18 43580.3 42544.5 11350.7 9475.44 7171.97
internal_count=236344 4594 4069 2617 1623 1452 231750 39983 9036 191767 187356 49409 41301 31319
is_linear=0
shrinkage=0.03


Tree=155
num_leaves=15
num_cat=2
split_feature=45 44 19 19 19 46 24 15 46 45 15 45 16 16
split_gain=29.7049 40.0202 40.097 45.8494 71.7426 40.075 41.9999 43.6192 39.0958 35.0953 40.3667 41.0669 33.9352 31.9611
threshold=0.74908634428331589 0.038266802746112577 -7.9506579133339157 -2.9642337506471308 1.0000000180025095e-35 0 -0.0070661269435642318 0.29760287141705161 1 0.50047235117009803 0.2812395624582496 0.68155859086785398 0.54813574611043003 0.3708813777122229
decision_type=8 10 2 2 2 1 10 10 1 10 10 10 10 10
left_child=1 2 -1 8 5 12 -7 13 -4 -10 11 -11 -5 -8
right_child=-2 -3 3 4 -6 6 7 -9 9 10 -12 -13 -14 -15
leaf_value=0.014886761406291507 0.00040825843727414348 -0.007818446207590677 -0.014090265146273975 -0.0022638773536166113 -0.0022085455755480703 0.015552329803005834 0.0038608686542142509 0.0082115050633927902 -0.016626165785557805 0.008265638521027437 -0.0085770439716569245 -0.0046477791197418522 0.015337561567049194 -0.017862902043795741
leaf_weight=133.33404543995857 44552.384696438909 803.50668136775494 347.31464831531048 844.35692530870438 4223.1106746047735 425.79540212452412 117.35317826271057 592.70824927091599 143.95337295532227 469.32031507790089 459.76531407237053 403.38456396758556 101.44278678297997 110.61283099651337
leaf_count=570 194816 3616 1509 3689 19284 1845 514 2626 637 2040 2052 1756 444 487
internal_value=8.80676e-05 -0.00146532 -0.000847008 -0.00111937 7.62691e-05 0.0044677 0.00794648 0.00395623 -0.00530274 -0.00303944 -0.00148132 0.00231172 -0.000232863 -0.00698756
internal_weight=53728.3 9175.96 8372.45 8239.12 6415.38 2192.27 1246.47 820.674 1823.74 1476.42 1332.47 872.705 945.8 227.966
internal_count=235885 41069 37453 36883 28889 9605 5472 3627 7994 6485 5848 3796 4133 1001
cat_boundaries=0 1 2
cat_threshold=20 80
is_linear=0
shrinkage=0.03


Tree=156
num_leaves=15
num_cat=0
split_feature=37 38 37 36 14 10 9 2 2 1 9 38 11 1
split_gain=29.746 84.667 69.7408 64.0556 62.3991 58.9398 47.7237 60.4649 49.695 43.989 44.3919 57.9249 61.4663 60.272
threshold=0.3892068939431686 1.2384363113349923 0.29798375564135066 -0.75886522228618947 0.78594352950013902 -1.4202847520160071 -1.2096501290722765 0.47253882135031267 1.552667025640428 0.004940233674529575 -1.0207797847028848 -0.2155192213785255 -0.59564822891890634 0.007528984703684038
decision_type=8 10 10 8 8 8 8 10 10 10 10 10 10 10
left_child=1 2 4 -2 5 9 7 -7 -9 -1 -11 12 -12 -13
right_child=3 -3 -4 -5 -6 6 -8 8 -10 10 11 13 -14 -15
leaf_value=0.014819850763961518 -0.0086736070861086721 -0.013501618587130657 0.0059938206842466875 -0.00059105867938404142 -0.0043709502021769039 0.015019757465627939 0.0015472933196914154 -0.0047989480717449884 0.005206820249202518 -0.00046294607709171175 -0.019039441828030381 -0.021345408170582742 0.001348529641644573 0.0035127050072993908
leaf_weight=102.55362287163734 918.68368880450726 375.1241393238306 2051.9918821752071 17787.047323539853 2371.5529607981443 163.61106310784817 24319.859560891986 2708.3925571739674 526.01902203261852 1298.1656787693501 528.62758296728134 97.795734763145447 175.08134408295155 463.47467695176601
leaf_count=442 4187 1717 8901 79909 10418 693 104946 11839 2302 5708 2343 427 746 2013
internal_value=-2.61002e-05 0.000487817 0.000642419 -0.000992434 0.000305446 0.000671774 0.00108189 -0.00224379 -0.00316066 -0.00358072 -0.00437168 -0.00834786 -0.0140191 -0.0011164
internal_weight=53888 35182.2 34807.1 18705.7 32755.1 30383.6 27717.9 3398.02 3234.41 2665.7 2563.15 1264.98 703.709 561.27
internal_count=236591 152495 150778 84096 141877 131459 119780 14834 14141 11679 11237 5529 3089 2440
is_linear=0
shrinkage=0.03


Tree=157
num_leaves=15
num_cat=0
split_feature=39 11 20 35 1 45 11 40 1 40 45 39 44 19
split_gain=27.1558 111.906 43.8253 31.1547 60.9478 33.4435 47.9572 55.4719 47.5419 79.9746 46.9437 50.0432 44.9767 42.7919
threshold=-1.803152513603415 -0.34043551278931822 -0.75612627683744238 -2.0787232251000596 0.016905012004062251 0.74908634428331589 1.5713669345142782 0.41210572229896647 0.010310099878498282 1.3042398413207419 0.8396449799017941 1.647740635224237 0.040674985434343461 -7.9506579133339157
decision_type=8 8 10 8 10 8 10 10 10 10 10 10 10 2
left_child=1 2 -1 4 -2 12 -7 -8 9 -9 -10 -12 13 -5
right_child=3 -3 -4 5 -6 6 7 8 10 -11 11 -13 -14 -15
leaf_value=-0.0020916679600781547 0.0078853634184203325 -0.020974585275788802 0.016565985706827036 0.016615553750505212 -0.0098404327901673548 4.9386707223837786e-05 -0.00047921465775938434 0.02358234923349917 0.021597404391329268 -0.00082129846747931452 -0.0014423070174446112 0.011834778157147677 -0.0094331418073265189 -0.001354961665078697
leaf_weight=668.70668682456017 1003.194427922368 271.09588849544525 126.05639114975929 111.08214700222015 202.00860850512981 39339.557434767485 1525.5958336591721 328.79940409958363 116.72481076419353 186.86712831258774 881.12373293936253 348.82331910729408 616.6017469316721 8065.549006819725
leaf_count=2987 4215 1228 549 473 940 172085 6606 1427 506 862 3821 1509 2807 36173
internal_value=1.3647e-05 -0.0047047 0.00103668 0.000109903 0.00485775 -2.08272e-06 0.000344749 0.00376416 0.00722425 0.0148916 0.00420017 0.00238826 -0.00168586 -0.00109083
internal_weight=53791.8 1065.86 794.763 52725.9 1205.2 51520.7 42727.5 3387.93 1862.34 515.667 1346.67 1229.95 8793.23 8176.63
internal_count=236188 4764 3536 231424 5155 226269 186816 14731 8125 2289 5836 5330 39453 36646
is_linear=0
shrinkage=0.03


Tree=158
num_leaves=15
num_cat=0
split_feature=39 40 30 15 10 38 40 15 1 9 38 40 40 40
split_gain=28.617 86.8497 81.6073 76.7406 74.9599 82.7996 148.425 72.0965 72.3803 69.6629 63.2903 70.2775 65.9909 63.6486
threshold=-0.49569516541271452 -0.13812220152899193 1.5000000000000002 0.26136766515364096 -0.43307359721119126 -0.76099403164951085 -0.59643355968359335 0.43256196450428397 0.024470770073484541 -0.28373561209518766 0.42429723804142305 0.18458015527684832 -0.20762045808324994 -0.63618884327887537
decision_type=8 10 2 10 8 10 10 8 10 10 10 10 10 10
left_child=2 4 7 -3 -2 -6 -7 8 -1 -9 11 12 -4 -12
right_child=1 3 10 -5 5 6 -8 9 -10 -11 13 -13 -14 -15
leaf_value=-0.0029404061525010175 -0.0070643353984686302 0.0056500048063736139 0.0035296850739743773 -0.00010963270518498598 -0.0076431640941180407 0.010582558544131048 -0.0022378922184520043 0.016712406561728507 -0.021158338458596281 -0.0024583498947551769 0.0043602517660488145 0.016654357200169001 -0.0064408714066220398 -0.0093271470556019163
leaf_weight=3544.2022752314806 2851.1341505497694 2240.2802209556103 8553.1583081632853 27833.586549699306 1332.4386271983385 1061.9482816159725 3351.5363635569811 314.65325811505318 198.27517694234848 354.83232812583447 505.13371376693249 334.25698611140251 633.17255671322346 746.99687094986439
leaf_count=15524 12399 9536 36836 123727 5830 4544 14603 1356 916 1536 2236 1405 2719 3321
internal_value=-5.88384e-06 -0.000439228 0.00109728 0.000321153 -0.00309645 -0.00111872 0.000863844 -0.00233577 -0.0039594 0.00666512 0.00250415 0.00333831 0.0028362 -0.00381459
internal_weight=53855.6 38670.9 15184.7 30073.9 8597.06 5745.92 4413.48 4411.96 3742.48 669.486 10772.7 9520.59 9186.33 1252.13
internal_count=236488 170639 65849 133263 37376 24977 19147 19332 16440 2892 46517 40960 39555 5557
is_linear=0
shrinkage=0.03


Tree=159
num_leaves=15
num_cat=0
split_feature=39 1 23 24 40 34 1 38 9 34 2 15 40 15
split_gain=30.9537 29.2522 26.0603 42.6918 27.0901 50.6863 31.0037 31.0933 29.373 28.0643 27.4472 62.2523 53.3376 48.8492
threshold=2.5706467476917658 0.009751021712983152 0.064586133738958176 0.0078057829649987873 1.5956037031214281 0.20031104102813743 0.017046200527051535 0.21189263512999842 0.7980809134389264 1.808794005741811 0.45322819843201129 0.25810906110624027 -0.62106447713901247 0.47329329219881205
decision_type=10 10 10 10 8 10 10 10 10 10 8 10 10 10
left_child=2 -2 4 -4 10 -6 7 -7 -8 -9 11 -1 13 -13
right_child=1 -3 3 -5 5 6 8 9 -10 -11 -12 12 -14 -15
leaf_value=0.01024123978382486 0.021694110439345608 0.0033428930924923228 0.019815596671623595 0.00214173615756095 -0.0069178855754756519 -0.013236645243451762 -0.0023392702713555587 0.0026206301101532759 0.016709053103621758 -0.0073033488136794575 -0.0002394997313291562 0.0036786801185798236 -0.0014005789663367276 0.028222959989425402
leaf_weight=732.86321617662907 95.883106604218483 317.86199761927128 131.62918275594711 962.6450562030077 1498.2758795171976 162.20726348459721 116.34546619653702 1072.4727160334587 175.52615746855736 326.10434740781784 45807.781931519508 245.58013541996479 2166.5400767922401 96.150697261095047
leaf_count=3076 441 1396 553 4154 7197 768 534 5130 802 1668 200273 1040 9307 400
internal_value=-6.9035e-05 0.00800728 -0.000132985 0.0044279 -0.000229058 -0.00283464 0.000486959 -0.00120791 0.00929008 0.000271248 -5.05074e-05 0.00261309 0.000352491 0.0111906
internal_weight=53907.9 413.745 53494.1 1094.27 52399.8 3350.93 1852.66 1560.78 291.872 1398.58 49048.9 3241.13 2508.27 341.731
internal_count=236739 1837 234902 4707 230195 16099 8902 7566 1336 6798 214096 13823 10747 1440
is_linear=0
shrinkage=0.03


Tree=160
num_leaves=15
num_cat=0
split_feature=30 41 19 40 41 39 39 11 16 40 11 11 32 0
split_gain=29.4854 79.1776 98.0854 75.6522 65.4585 61.4655 83.6912 79.0439 79.8327 99.5694 77.2717 77.0661 63.8299 63.5909
threshold=3.5000000000000004 0.95000000000000007 3.4917613228338062 -0.58166541068976751 0.95000000000000007 0.61803854605345954 -0.05010911007173114 -1.7519302789099749 0.51265932584466911 0.30925414985748317 1.775606696789451 -1.2736527869483103 -0.62030741764758812 0.0090052186205137816
decision_type=2 2 2 10 2 10 8 8 10 10 10 8 8 8
left_child=4 5 3 -3 -1 6 7 -2 -9 -10 11 -7 -8 -13
right_child=1 2 -4 -5 -6 10 12 8 9 -11 -12 13 -14 -15
leaf_value=0.0001184156184227353 -0.012703974989355306 0.0050914256069300506 0.0013523668011132567 -0.011116459527943243 0.0040768953658051653 0.014463683006917673 -0.004106878003651099 0.0014970973254271923 -0.0073476366678345935 0.012049328598006776 0.0076071103558081766 -0.0095020017239258337 0.0057338363141875275 -0.0018390989774417009
leaf_weight=26567.208906963468 451.71638211607933 295.20830444991589 1385.0455218404531 1849.1096725612879 4369.5796189755201 177.12072889506817 689.34259498119354 7399.6297101229429 1941.2268091738224 262.15023818612099 538.41243992745876 1756.338281929493 3982.4379795193672 2188.16462251544
leaf_count=115660 2004 1307 6570 8581 19356 771 3022 31790 8418 1143 2377 8151 17207 10128
internal_value=7.45874e-05 -0.000740855 -0.00486702 -0.00887184 0.000678657 1.24452e-05 0.000962881 -0.000579288 3.66782e-06 -0.00499584 -0.00298672 -0.00438567 0.00427612 -0.0052665
internal_weight=53852.7 22915.9 3529.36 2144.32 30936.8 19386.5 14726.5 10054.7 9603.01 2203.38 4660.04 4121.62 4671.78 3944.5
internal_count=236485 101469 16458 9888 135016 85011 63584 43355 41351 9561 21427 19050 20229 18279
is_linear=0
shrinkage=0.03


Tree=161
num_leaves=15
num_cat=0
split_feature=30 37 16 11 2 37 37 10 45 2 11 34 12 25
split_gain=32.5484 74.5228 70.7833 77.343 64.572 60.8331 75.4094 60.2405 59.961 64.3547 82.3279 60.9306 62.9365 58.4146
threshold=3.5000000000000004 0.80404769041993718 0.31478472843449362 -0.15997268897982858 1.1106055509165067 -1.1946962695982244 -0.33516412983907512 -0.29018675981599501 0.54593558084106919 1.0015314470634704 -1.600517049591518 -1.0990423938225027 0.061538952946683795 -0.72673345399059097
decision_type=2 10 10 10 10 8 10 10 8 8 8 10 2 10
left_child=2 8 5 -4 -5 -1 7 -7 -2 11 -11 -10 -13 -8
right_child=1 -3 3 4 -6 6 13 -9 9 10 -12 12 -14 -15
leaf_value=0.0032233295518067362 -0.0090151084762261288 -0.0043445438828556586 0.0049148880324265207 0.0019042793227018583 -0.0022176733532509726 -0.0082034420769882873 0.0052604940333398249 0.0023407415316410857 -0.0095464115447993231 -0.014351988053583696 0.0041179217753547952 -0.00055693435724756782 0.021587008801224238 -0.0021187766643095507
leaf_weight=2028.4328715950251 640.16405594348907 4566.6718404144049 4825.3612414300442 10573.695230424404 5044.0963250696659 2562.9250283390284 1257.9221886396408 596.95735868811607 674.15050946176052 218.42631682753563 4540.3825530707836 12225.760092183948 106.61764918267727 4037.7265322208405
leaf_count=8805 2874 21461 20776 45833 22753 11223 5431 2574 2985 977 19825 53184 468 17571
internal_value=-6.35148e-05 -0.000918685 0.000571784 0.00159932 0.00057244 -0.00143148 -0.00255063 -0.00621036 -6.6782e-05 0.000260556 0.00324185 -0.000831886 -0.000348157 -0.000359302
internal_weight=53899.3 22972.2 30927.1 20443.2 15617.8 10484 8455.53 3159.88 18405.5 17765.3 4758.81 13006.5 12332.4 5295.65
internal_count=236740 101774 134966 89362 68586 45604 36799 13797 80313 77439 20802 56637 53652 23002
is_linear=0
shrinkage=0.03


Tree=162
num_leaves=15
num_cat=1
split_feature=24 23 1 46 1 45 44 15 11 12 15 19 11 18
split_gain=26.2684 38.2775 44.4453 35.7094 42.6699 74.6596 44.6837 34.5395 31.6228 30.6232 33.1673 29.7446 39.0797 38.8383
threshold=-0.0066537769831162821 0.035240478930546888 0.01181801425179178 0 0.015042494792206389 1.2259407135755567 0.015189829469879653 0.69683594591682818 -0.17090583472263671 0.030961047603232487 0.76448412244538644 -3.2630947733905447 0.51939010961883325 -1.3665559440765775
decision_type=10 10 8 1 10 10 10 10 10 2 8 2 8 2
left_child=1 9 -3 4 5 6 8 -6 -2 -1 -11 13 -13 -5
right_child=3 2 -4 11 7 -7 -8 -9 -10 10 -12 12 -14 -15
leaf_value=0.0010483145254449276 -0.0044010047919769623 0.023813549921943275 -0.0016104281019061353 0.00016381025582546958 -0.0013084044386206368 -0.016990588201552373 -0.0076252602042900476 0.0076040471331285915 0.00095989482739273916 -0.0044929161942430552 0.0048363666920333915 0.0016259354850705501 -0.0010823545351465113 -0.0043314657323642236
leaf_weight=17131.043662518263 1674.6603982299566 128.1381554454565 109.94831183552742 4029.1712883114815 1172.4685192704201 346.79575152695179 1300.100861787796 575.70521879196167 2395.874956548214 1776.631835475564 415.73640105128288 11556.873830288649 8181.6993920356035 3020.1220642179251
leaf_count=74310 7422 545 466 17541 5220 1539 5945 2549 10841 8004 1800 50678 36342 13154
internal_value=-0.000105441 0.000771399 0.0124811 -0.000606267 -0.00243805 -0.00369395 -0.00280537 0.00165318 -0.00125102 0.000620741 -0.00270989 -9.40972e-05 0.000503361 -0.0017655
internal_weight=53815 19561.5 238.086 34253.5 7465.61 5717.43 5370.64 1748.17 4070.54 19323.4 2192.37 26787.9 19738.6 7049.29
internal_count=236356 85125 1011 151231 33516 25747 24208 7769 18263 84114 9804 117715 87020 30695
cat_boundaries=0 1
cat_threshold=257
is_linear=0
shrinkage=0.03


Tree=163
num_leaves=15
num_cat=0
split_feature=31 38 36 39 0 7 1 36 39 36 0 40 38 39
split_gain=26.616 51.7979 41.4808 42.9369 82.8821 43.2681 39.929 36.3885 38.4882 36.43 31.5432 29.374 62.5595 73.1483
threshold=-0.44575809900348573 0.55300268084990456 -2.306956404212253 -1.803152513603415 0.010993670215326533 -0.78660077943992845 0.01678323449312492 0.86249239443466885 0.41545778425267871 0.72219816489747324 0.011697754260247861 -0.59643355968359335 -1.3567324343399301 0.4350645329509617
decision_type=8 10 8 8 10 10 10 10 10 10 10 10 10 10
left_child=1 7 6 4 -4 -6 -2 9 10 -1 -9 -5 13 -13
right_child=2 -3 3 11 5 -7 -8 8 -10 -11 -12 12 -14 -15
leaf_value=-0.00028826161830772078 0.01307598817807131 -0.0046021152729795543 -0.023196912151448788 0.0020266706089501763 -0.0070782582164625237 0.01744743804766365 -0.0077094265853019693 0.023441048969860739 -0.0059531186289603615 -0.014005342535721504 0.0043072132186855808 0.01386994681003067 -0.00021417409799185196 -0.01302601491389844
leaf_weight=10573.140457496047 399.32349690794945 3002.0848663151264 192.15580916404724 7938.3698036819696 158.20149111747742 95.505856454372406 97.26185841858387 145.5333047658205 117.72554287314415 167.18401156365871 165.7734346985817 519.28096421062946 30187.513639092445 101.63640719652176
leaf_count=46183 1670 13638 858 34296 708 410 451 630 528 727 721 2175 133150 451
internal_value=4.87728e-06 -0.00111072 0.000403392 0.000293066 -0.00886046 0.00246574 0.00893311 -0.00016903 0.00829687 -0.000514611 0.0137033 0.000400655 -1.88395e-05 0.00933073
internal_weight=53860.7 14171.4 39689.2 39192.7 445.863 253.707 496.585 11169.4 429.032 10740.3 311.307 38746.8 30808.4 620.917
internal_count=236596 62427 174169 172048 1976 1118 2121 48789 1879 46910 1351 170072 135776 2626
is_linear=0
shrinkage=0.03


Tree=164
num_leaves=15
num_cat=0
split_feature=30 12 37 33 30 16 2 16 1 2 37 13 45 38
split_gain=25.6422 73.3243 69.8266 83.3545 88.9237 67.8448 62.5248 61.305 64.0505 57.1426 57.768 55.6212 55.1869 50.9541
threshold=3.5000000000000004 0.067211349813508237 0.39893679730922771 0.31103695265358683 4.5000000000000009 0.3708813777122229 0.99728675485049123 0.26232741617356986 0.024470770073484541 0.79894806512284344 -0.23089833278160474 34.979574028757142 0.53142814199012101 -1.5020257269951001
decision_type=2 2 8 10 2 10 10 10 8 10 10 10 10 8
left_child=7 2 6 -4 -5 -3 11 8 13 10 -9 -2 -8 -1
right_child=1 5 3 4 -6 -7 12 9 -10 -11 -12 -13 -14 -15
leaf_value=0.0052740599989348188 -0.0078163557839695079 0.028028409307137288 -0.0061529716098437624 -0.00603254369579748 0.0033016280255054164 -0.0015632881422287899 -0.01489512473989292 -0.00083891988127571824 -0.011126685990567221 0.00037130670130997392 0.0050442726866202292 -0.00016589654869086635 0.0041339495545744823 -0.0017635903009680786
leaf_weight=1062.2185660153627 929.48482690751553 143.27698774635792 4004.1590214967728 1417.7618886232376 2565.5825846642256 126.08611015975475 132.3552657365799 2015.0616904050112 571.37857149541378 14619.824778392911 5861.4292684644461 9547.8399176746607 4022.4181635379791 6782.2255965024233
leaf_count=4563 4029 634 18390 6769 11710 559 584 8661 2566 64528 25029 41352 17425 29547
internal_value=0.00010134 -0.00065962 -0.000847915 -0.00310202 -2.74007e-05 0.0146167 0.000383856 0.000664825 -0.00151826 0.00148182 0.00354001 -0.000851405 0.00349345 -0.000805118
internal_weight=53801.1 22889 22619.6 7987.5 3983.34 269.363 14632.1 30912.1 8415.82 22496.3 7876.49 10477.3 4154.77 7844.44
internal_count=236346 101452 100259 36869 18479 1193 63390 134894 36676 98218 33690 45381 18009 34110
is_linear=0
shrinkage=0.03


Tree=165
num_leaves=15
num_cat=1
split_feature=38 0 38 2 36 45 38 46 20 12 11 25 12 0
split_gain=26.6437 31.1846 34.2443 30.678 33.5263 31.1337 32.8738 46.4319 37.8426 45.7182 30.1692 35.7828 35.1891 55.8623
threshold=2.4351927170351155 0.0075948029407906939 3.2421787129270565 1.7771103308217147 2.0305679195627162 1.2724157480147971 0.79825544721806396 0 -0.92090935796199325 0.015932723597587409 -0.71976763288972434 -0.24892297740114952 0.021050744426287332 0.0067550622043892694
decision_type=8 10 10 10 10 8 10 1 10 2 8 8 2 10
left_child=3 -2 -3 5 -5 -1 8 -8 9 -7 12 -12 13 -10
right_child=1 2 -4 4 -6 6 7 -9 10 -11 11 -13 -14 -15
leaf_value=-0.00027126273708193193 0.0064834209709182505 -0.012786065422369756 0.0035747596873294098 0.0030281248037480595 0.020178472542183117 0.011179577613719677 0.013111573212330356 -0.0046003709944884372 -0.0006934356851772145 -0.0084662205241256699 0.0055405231741837164 -0.00026912558430383703 0.0022200176534445991 0.02053853975371164
leaf_weight=44984.625801548362 146.61375164985657 439.1380909383297 149.82376864552498 1474.7346466481686 100.90189509093761 128.00076219439507 132.33461073040962 1079.1775506734848 161.32903125882149 467.15587508678436 1907.0678560435772 1897.8568126112223 427.0148883163929 346.71788167953491
leaf_count=197809 724 2243 789 6516 483 534 560 4760 668 1998 8042 8133 1822 1448
internal_value=5.76054e-05 -0.0055742 -0.0086339 0.000136645 0.00424674 1.01741e-05 0.0019415 -0.0025045 0.0029539 -0.00412607 0.00384968 0.00264962 0.00865323 0.0139131
internal_weight=53842.5 735.576 588.962 53106.9 1575.64 51531.3 6546.66 1211.51 5335.14 595.157 4739.99 3804.92 935.062 508.047
internal_count=236529 3756 3032 232773 6999 225774 27965 5320 22645 2532 20113 16175 3938 2116
cat_boundaries=0 1
cat_threshold=528
is_linear=0
shrinkage=0.03


Tree=166
num_leaves=15
num_cat=0
split_feature=7 1 39 40 15 39 16 40 11 40 38 39 38 39
split_gain=22.8728 94.7199 63.55 60.073 72.1897 62.4145 50.6907 70.4749 69.5803 67.1276 66.2454 62.4296 61.2394 60.9179
threshold=-0.74548600137883325 0.017663982984051793 0.45672440341936399 -1.7429079314650811 0.19486031339430446 -1.803152513603415 0.31173926192634011 -0.60736807929388492 -0.29488630532927668 0.17728031258484492 -0.43478171005674288 -0.30260405433218213 0.17962788836071458 -0.62780555007385153
decision_type=10 8 8 8 10 10 8 10 10 10 10 10 10 10
left_child=1 2 -1 4 -2 -5 8 10 9 -7 13 -12 -11 -8
right_child=3 -3 -4 5 -6 6 7 -9 -10 12 11 -13 -14 -15
leaf_value=0.0010088314136352638 -0.00072389506796456313 -0.0076737101308326679 -0.0059303004440346982 -0.019821052182556292 0.018648020807509075 -0.0040033199293773407 0.0060749789207710844 0.00035706952929140119 0.0037897388113648563 0.0078933130025073215 0.0054180038809611463 0.017916311448532229 -0.0020476310933434843 -0.0066198041565052983
leaf_weight=7934.8262561410666 341.06071582436562 1719.1282446682453 1386.6170627474785 130.20497451722622 340.12126892805099 7050.4801828116179 679.94382275640965 27468.998502105474 1860.2484933137894 910.47832259535789 1522.5825787484646 467.75837020576 1407.4789507091045 661.13346308469772
leaf_count=33974 1458 7839 6210 605 1407 30849 2920 121982 8029 3890 6519 1991 6165 2872
internal_value=-7.99737e-06 -0.00122493 -2.86524e-05 0.000305836 0.00907856 0.000161973 0.00022858 0.000857624 -0.00149612 -0.00254863 0.00497149 0.00843017 0.00187424 -0.000186057
internal_weight=53881.1 11040.6 9321.44 42840.5 681.182 42159.3 42029.1 30800.4 11228.7 9368.44 3331.42 1990.34 2317.96 1341.08
internal_count=236710 48023 40184 188687 2865 185822 185217 136284 48933 40904 14302 8510 10055 5792
is_linear=0
shrinkage=0.03


Tree=167
num_leaves=15
num_cat=1
split_feature=39 19 9 30 38 2 30 10 39 18 46 45 6 41
split_gain=27.975 27.0703 81.791 65.7846 54.0608 54.6433 45.9729 62.3902 62.3227 63.1921 52.8271 45.2278 66.8865 42.2129
threshold=2.3118968162019655 0.79056289368215882 0.47458503898057353 2.5000000000000004 -0.58576294356686487 1.0907549129402832 5.5000000000000009 0.58963867806423031 0.37093414621228415 -0.24668530983864198 0 0.97770640397097919 0.70619722662192175 0.95000000000000007
decision_type=10 2 8 2 10 10 2 10 8 2 1 10 10 2
left_child=1 2 -1 4 -3 11 8 -8 -5 -10 -11 13 -13 -6
right_child=-2 3 -4 6 5 -7 7 -9 9 10 -12 12 -14 -15
leaf_value=-0.00011053747629181876 0.005342571729139216 -0.0055084346127887377 0.0052305159663905681 -9.6944710308293167e-05 -0.0014898048187090118 -0.0018338169526882899 -0.0050072847497232833 0.0038081447355878275 -0.016823976599083582 -0.0085165530085354775 -0.0022824283023543065 0.008691915259209029 -0.0012983990824979922 0.0084458879956577932
leaf_weight=29209.84165237844 826.46360160410404 1042.2490211874247 2820.4528061002493 2975.3498485386372 1996.165475025773 2620.2138577252626 1121.2243209481239 1990.4808316081762 399.58811742067337 1922.5139727890491 3403.6479776650667 2151.7561929523945 833.27079257369041 466.22884738445282
leaf_count=126631 3694 4611 12198 13039 8658 11828 5033 8943 1826 9113 15971 9084 3635 2029
internal_value=-0.000100984 -0.000186937 0.000361259 -0.00102594 0.000889124 0.00172141 -0.00250231 0.000625863 -0.00362045 -0.00544805 -0.00456466 0.00343171 0.00590809 0.000417968
internal_weight=53779.4 52953 32030.3 20922.7 9109.88 8067.64 11812.8 3111.71 8701.1 5725.75 5326.16 5447.42 2985.03 2462.39
internal_count=236293 232599 138829 93770 39845 35234 53925 13976 39949 26910 25084 23406 12719 10687
cat_boundaries=0 1
cat_threshold=649
is_linear=0
shrinkage=0.03


Tree=168
num_leaves=15
num_cat=0
split_feature=30 41 19 12 11 45 34 30 16 2 43 11 39 16
split_gain=29.4964 76.7117 75.5819 57.7869 87.3144 53.3182 50.0931 82.6058 46.9536 67.8928 58.052 48.3967 51.6993 46.2656
threshold=3.5000000000000004 0.95000000000000007 3.4917613228338062 0.067211349813508237 0.17270973042270635 0.54593558084106919 -0.34637235604473554 5.5000000000000009 0.26232741617356986 1.0763244450922149 0.58571428571428574 -0.32873970316550244 -0.81625380385857838 0.12406011637031361
decision_type=2 2 2 2 10 8 8 2 8 8 10 8 10 8
left_child=8 3 -3 5 -5 -2 13 -8 10 -10 -1 -11 -13 -7
right_child=1 2 -4 4 -6 6 7 -9 9 11 -12 12 -14 -15
leaf_value=0.00041530284049730347 -0.0086426265192079254 -0.0085152392049016087 0.00049549388227188842 0.027931548090619165 -0.007421949065267424 0.0036191532810745256 -0.00080690325504901574 0.0041131469403994465 0.0023896389134092952 0.0037883293672684314 -0.0049061351054195245 0.0057949714947113972 -0.0031532231323554505 -0.0039910903663327654
leaf_weight=5312.0500650554895 662.47665272653103 2122.1044077575207 1378.3758205622435 147.37588959932327 98.952339291572571 866.35851196944714 8861.0320702493191 4688.3748187124729 15121.011939257383 1481.8023093044758 2815.743793413043 639.15583151578903 5590.3532703071833 4030.4786797314882
leaf_count=23148 3010 9847 6562 650 439 3727 38900 20352 65151 6482 12327 2774 25219 17857
internal_value=-7.84189e-05 -0.000895649 -0.0049758 -0.000155541 0.0139942 -0.000345168 -4.26521e-05 0.000897314 0.000524975 0.00122193 -0.00143199 -0.00106794 -0.00222731 -0.00264004
internal_weight=53815.6 22855.5 3500.48 19355 246.328 19108.7 18446.2 13549.4 30960.1 22832.3 8127.79 7711.31 6229.51 4896.84
internal_count=236445 101344 16409 84935 1089 83846 80836 59252 135101 99626 35475 34475 27993 21584
is_linear=0
shrinkage=0.03


Tree=169
num_leaves=15
num_cat=0
split_feature=7 1 40 39 37 36 40 41 10 38 11 41 35 40
split_gain=24.7646 75.3188 66.207 57.5372 69.4734 53.0998 52.3234 71.0702 47.7543 47.1767 64.9319 59.2299 42.7182 71.8144
threshold=-0.80093068133492085 0.017663982984051793 -1.5799783755273065 -1.2368476687161232 -1.2199158939915844 0.013275926448167547 0.88702837784254729 0.15000000000000005 -0.63417016313008434 -1.6815216540382689 -0.93081238233023833 0.45000000000000007 -1.339990669646183 0.3006998430004757
decision_type=8 8 8 8 10 10 8 2 8 10 8 2 10 10
left_child=1 6 9 4 5 -4 12 -8 -6 -2 -11 -12 -1 -14
right_child=2 -3 3 -5 8 -7 7 -9 -10 10 11 -13 13 -15
leaf_value=0.0036858483142704823 -0.0044168905883601589 -0.007357133837277304 -0.0035452720347647218 0.00041483128094611983 -0.012637645890916604 0.022233686962632525 -0.021014190875080916 -0.00084264984005888986 -0.00061402047567609113 0.022538932328386052 -0.0010930436920635958 0.020073354859879902 -0.0025046087851521713 0.0069954055878639681
leaf_weight=2578.1613750457764 222.87633584439754 1535.473935380578 156.22772151231766 41117.048127755523 824.7966131567955 119.6804211139679 236.42611391842365 436.59890922904015 463.37468303740025 278.3914383649826 414.48768198490143 156.3649215400219 4523.7572318464518 840.654790148139
leaf_count=10993 940 7052 691 180993 3813 516 1068 1970 2077 1172 1784 664 19512 3593
internal_value=7.55106e-05 -0.00125873 0.000385282 0.000199437 -0.00542957 0.00802339 -0.000164605 -0.0081326 -0.00835061 0.00771353 0.0109114 0.00495051 0.000519952 -0.00100562
internal_weight=53904.3 10151.1 43753.2 42681.1 1564.08 275.908 8615.6 673.025 1288.17 1072.12 849.244 570.853 7942.57 5364.41
internal_count=236838 44188 192650 188090 7097 1207 37136 3038 5890 4560 3620 2448 34098 23105
is_linear=0
shrinkage=0.03


Tree=170
num_leaves=15
num_cat=0
split_feature=24 23 45 10 11 13 37 7 1 11 1 15 11 10
split_gain=30.6134 38.3513 30.3988 33.1572 45.1386 48.0426 36.8716 35.5693 35.2148 65.4617 40.436 37.227 32.9837 32.1212
threshold=-0.0066537769831162821 0.042745031296641152 0.74908634428331589 0.72557170734075194 0.35796627258066155 57.4498306713053 -0.55529821760860043 1.4905714094072089 0.032856810192967344 -0.52699610973355837 0.028515281727605906 0.31108647541734263 -0.91775354655715802 -0.81835763788272076
decision_type=10 10 8 10 10 10 10 10 10 8 10 10 10 10
left_child=1 -1 13 8 5 -5 -6 -8 10 -10 -4 -11 -12 -2
right_child=2 -3 3 4 6 -7 7 -9 9 11 12 -13 -14 -15
leaf_value=0.00086121045541794809 -0.0073328248500580048 0.015185606646318609 -0.00070029940736252667 0.011174742543885438 -0.0079561176392824989 0.0010000680616303399 0.0024403019074130858 -0.0039667201318509034 -0.0051114629038347802 -0.0026466083134930899 -0.022027866217791334 0.018235249407134377 -0.0040938286528787952 -0.0014507823922429836
leaf_weight=19409.969550400972 1000.7671594768763 159.73499992489815 20509.38500161469 813.31124356389046 431.4697133153677 852.09691120684147 3740.504393145442 975.03617782890797 282.8100239187479 97.393224909901619 129.33775171637535 317.07915887236595 291.79663296043873 4869.2230380624533
leaf_count=84526 4476 673 89722 3522 1901 3879 16531 4571 1256 423 583 1352 1276 22075
internal_value=3.92602e-05 0.000985827 -0.000500769 -9.47625e-05 0.00172887 0.00600597 0.000335973 0.00110993 -0.000669711 0.00591483 -0.000891789 0.0133817 -0.00998486 -0.00246437
internal_weight=53879.9 19569.7 34310.2 28440.2 6812.42 1665.41 5147.01 4715.54 21627.8 697.282 20930.5 414.472 421.134 5869.99
internal_count=236766 85199 151567 125016 30404 7401 23003 21102 94612 3031 91581 1775 1859 26551
is_linear=0
shrinkage=0.03


Tree=171
num_leaves=15
num_cat=0
split_feature=27 31 38 24 23 1 34 2 45 8 23 1 8 11
split_gain=26.1797 31.5807 27.6095 25.4032 31.5968 28.9412 52.3225 39.7224 41.3377 34.0171 27.8512 25.8628 25.0246 30.7146
threshold=0.054545454545455528 -0.5431776449854574 1.3468833293474443 -0.0060515927755993284 0.028405054139043987 0.014947293940627016 -0.62055874321681859 0.46652176235024623 0.92312639260018814 0.41082724699448342 0.039468539231607098 0.014171956114303904 -0.74367014782807028 0.54488197310641284
decision_type=10 10 10 10 10 10 10 10 10 10 10 10 10 10
left_child=-1 2 -2 4 12 11 -7 8 -8 -9 -11 -5 13 -3
right_child=1 3 -4 5 -6 6 7 9 -10 10 -12 -13 -14 -15
leaf_value=0.0016067127571929058 -0.0014375988103683011 -0.00011925580931235557 -0.0078419337692490088 -0.00089651502093550557 0.012747941029573866 -0.0065635355124030216 0.023929814464923531 -0.00072191499602907187 0.0051107458010256354 0.0050256881611419031 -0.0085158736135530471 -0.0062020985257636935 0.0016625378718086628 -0.0083277727938271106
leaf_weight=7363.540949434042 8502.7037801146507 2507.1846025884151 643.26653473079205 16331.189541488886 197.39009234309196 701.07410359382629 123.24164532124996 3313.0945630818605 540.01882262527943 2005.2012933939695 137.70154368877411 861.50759224593639 9989.983063429594 480.59617213904858
leaf_count=32350 37367 10728 3071 72415 843 3149 521 14440 2264 8802 602 3790 43559 2095
internal_value=-5.36647e-05 -0.000317826 -0.00189611 7.07388e-05 0.0011288 -0.000510012 0.00114244 0.00203457 0.00891104 0.00118386 0.00412 -0.00116582 0.000942394 -0.001463
internal_weight=53697.7 46334.2 9145.97 37188.2 13175.2 24013 6820.33 6119.26 663.26 5456 2142.9 17192.7 12977.8 2987.78
internal_count=235996 203646 40438 163208 57225 105983 29778 26629 2785 23844 9404 76205 56382 12823
is_linear=0
shrinkage=0.03


Tree=172
num_leaves=15
num_cat=1
split_feature=39 11 37 0 38 12 1 11 12 37 12 20 38 46
split_gain=30.9353 93.7518 65.6301 65.2012 58.3775 45.8489 37.6873 31.6889 29.4536 29.9468 86.9291 32.9298 30.937 27.7327
threshold=-1.803152513603415 -0.32873970316550244 -2.284178335761283 0.0098014593065532032 -2.9303608724780625 0.038872087988195261 0.010659691111087333 -1.1267223570242348 0.091416869715538654 -1.9169856374564767 0.043544364269850776 -1.2475072779824814 -1.9647579263516317 0
decision_type=10 10 10 10 10 2 10 8 2 10 2 10 10 1
left_child=1 2 6 -4 -2 7 -1 -5 9 10 11 -6 -13 -11
right_child=4 -3 3 5 8 -7 -8 -9 -10 13 -12 12 -14 -15
leaf_value=0.0049709121367657013 0.019857298955371989 -0.02061529835584305 -0.011685832072470826 0.029253281823056781 -0.0012052337934494004 -0.0041605998005103595 -0.016449043815040438 0.0084553394608470733 0.011869438817696708 -0.00084598969370641784 -0.020745475629692429 0.0043265445368854075 0.016611124483181167 0.00057043758175574322
leaf_weight=100.34885808825493 125.48736208677292 250.50610011816025 120.26479847729206 132.21472318470478 280.52239453792572 100.03892095386982 234.97473026812077 144.51274092495441 181.96597480773926 21050.800205305219 98.330111667513847 363.59176348149776 385.4585980027914 30354.834464818239
leaf_count=422 527 1147 528 566 1176 464 1090 630 794 93620 455 1525 1612 132407
internal_value=8.70181e-05 -0.004909 6.59934e-06 0.00687655 0.00019031 0.0129507 -0.0100806 0.0190659 0.000139736 9.68556e-05 0.00491067 0.00753697 0.0107837 -9.70002e-06
internal_weight=53923.9 1082.86 832.355 497.031 52841 376.766 335.324 276.727 52715.5 52533.5 1127.9 1029.57 749.05 51405.6
internal_count=236963 4847 3700 2188 232116 1660 1512 1196 231589 230795 4768 4313 3137 226027
cat_boundaries=0 1
cat_threshold=387
is_linear=0
shrinkage=0.03


Tree=173
num_leaves=15
num_cat=1
split_feature=23 24 1 12 45 40 15 45 35 11 45 19 20 46
split_gain=27.6524 30.14 32.836 27.8592 39.1281 51.6565 60.8854 56.8195 69.0301 53.6948 50.4815 48.9427 48.5976 44.8663
threshold=0.059816163208428315 0.0057902009172376987 0.032856810192967344 0.016863392459373534 1.2150108939445896 -0.60736807929388492 0.67371932390273548 1.1226666377295169 -0.27091212372686685 0.51939010961883325 0.66232417191052229 -6.3913857754987928 -0.89570363582216028 0
decision_type=10 10 10 2 10 8 8 10 10 10 8 2 10 1
left_child=1 3 -3 -1 5 7 9 8 -5 11 -8 -7 -6 -12
right_child=-2 2 -4 4 12 6 10 -9 -10 -11 13 -13 -14 -15
leaf_value=0.0012844150327427858 0.004289059286278811 -0.001287863714003668 0.0063152281995080923 6.2459662874138249e-05 -0.0068828982429233881 -0.014287850863163788 -0.014548272819903573 -0.0052573649148019048 0.0098298562418168613 -0.0098472558392237383 0.00428813994425535 -0.0017477231616160604 0.0029388663800334488 -0.0025897085504302661
leaf_weight=16541.614865511656 1293.4064306616783 18692.809823811054 515.80576795339584 1745.5066368728876 498.95427894592285 297.11349150538445 183.98786614835262 815.46193619072437 1028.8729884773493 1359.3255331367254 1867.0050765275955 3242.8874800652266 4174.2920314073563 1541.6396603733301
leaf_count=72268 5567 82876 2232 7703 2156 1330 856 3589 4443 6072 8270 14201 17968 6927
internal_value=-2.73668e-05 -0.000134493 -0.00108052 0.000411423 -0.0004507 -0.00135216 -0.00262667 0.0016617 0.00370697 -0.00479847 0.00034013 -0.0028375 0.00187776 0.00118396
internal_weight=53798.7 52505.3 19208.6 33296.7 16755 12081.8 8491.96 3589.84 2774.38 4899.33 3592.63 3540 4673.25 3408.64
internal_count=236458 230891 85108 145783 73515 53391 37656 15735 12146 21603 16053 15531 20124 15197
cat_boundaries=0 1
cat_threshold=372
is_linear=0
shrinkage=0.03


Tree=174
num_leaves=15
num_cat=1
split_feature=36 12 36 39 20 35 10 30 35 39 8 46 34 33
split_gain=25.6717 58.2126 52.9336 97.021 46.1918 37.3019 37.1547 44.7312 36.6146 56.5865 63.5431 34.0602 32.8381 42.3624
threshold=-0.28805754310525838 0.027700012398471592 -1.2577761931790545 0.57985432841929452 -0.72412576498254488 -1.8338904903072317 -0.30084587126346246 3.5000000000000004 1.0726958192508407 2.0073191655261482 -0.56655378253730315 0 0.57321612309453063 -0.2904664636102447
decision_type=10 2 10 10 8 10 8 2 10 10 10 1 10 10
left_child=1 2 3 4 -1 -4 -7 -8 -2 10 -10 -3 13 -9
right_child=8 11 5 -5 -6 6 7 12 9 -11 -12 -13 -14 -15
leaf_value=0.00026217572631404094 0.0009637330721666156 -0.00098724953677760147 0.01110773368084605 -0.012562863671284182 0.0079311291704983224 -0.003347259292671865 0.0022471461479771681 -0.0060922812664994368 0.0064912922392266845 0.0062024391807396018 -0.0037982805116125126 -0.0068673742223834197 -0.019243370088976381 0.0021424862709332553
leaf_weight=1147.2718297541142 29895.72530554235 1618.6551976501942 214.13634259998798 303.46694447100163 1834.3358511179686 4447.3641918748617 3819.1444380581379 1185.9350377619267 599.43386708199978 730.18675771355629 4792.9249798357487 1987.410992026329 97.244465366005898 1053.6670963019133
leaf_count=4838 130123 7377 919 1416 7793 19330 16597 5311 2620 3384 22171 9121 439 4714
internal_value=7.10573e-05 -0.000863885 6.84119e-06 0.0033362 0.00499099 -0.00100637 -0.00126125 0.000248755 0.00053084 -0.00158105 -0.00264456 -0.00425971 -0.0030129 -0.00222576
internal_weight=53726.9 17708.6 14102.6 3285.07 2981.61 10817.5 10603.4 6155.99 36018.3 6122.55 5392.36 3606.07 2336.85 2239.6
internal_count=236153 77855 61357 14047 12631 47310 46391 27061 158298 28175 24791 16498 10464 10025
cat_boundaries=0 1
cat_threshold=103
is_linear=0
shrinkage=0.03


Tree=175
num_leaves=15
num_cat=1
split_feature=30 15 10 40 38 0 10 46 16 40 8 19 30 0
split_gain=30.2845 59.1391 67.1268 72.4653 138.54 76.671 59.6238 62.5607 57.4519 93.7244 65.6004 58.7112 57.9076 57.9619
threshold=3.5000000000000004 0.35960144433001157 0.80271598549440804 -1.002746323103848 -1.0242559484727565 0.0030685221796159672 -1.7487910044387387 0 0.26232741617356986 -1.6830330995217275 -1.5817451652695715 -1.2144415375117246 1.5000000000000002 0.021605821935525658
decision_type=2 10 10 8 8 10 10 1 8 10 10 2 2 10
left_child=8 2 3 6 -5 -6 -2 -8 9 12 -10 -12 -1 -14
right_child=1 -3 -4 4 5 -7 7 -9 10 -11 11 -13 13 -15
leaf_value=0.0010880326148528065 -0.018942452836757981 -0.0020592522095299018 -0.012608560907288418 0.013637937490816756 0.013463923762592677 2.8891253639016719e-05 -0.0080193750719697397 0.0020844562361359191 -0.010110180516034697 -0.0026871210307633894 0.0044560632444838634 0.00072918236007725359 0.024987306547796049 -0.0022153716963140405
leaf_weight=458.97732430696487 172.94931969046593 14462.677480131388 299.24070179462433 1002.2443726360798 412.9904528260231 3973.8220563828945 794.87448470294476 1690.5944009572268 433.93314604461193 7333.2422459870577 4848.8646029680967 17553.905887290835 239.84065210819244 96.067949160933495
leaf_count=2030 761 65318 1289 4212 1762 17078 3473 7331 1867 32052 20784 76975 1007 436
internal_value=-7.00033e-05 -0.0008993 0.00111065 0.00163581 0.00363307 0.00132146 -0.0024114 -0.00118981 0.000540968 -0.00162372 0.00131181 0.00153746 0.0080982 0.0173684
internal_weight=53774.2 22809.4 8346.72 8047.48 5389.06 4386.81 2658.42 2485.47 30964.8 8128.13 22836.7 22402.8 794.886 335.909
internal_count=236375 101224 35906 34617 23052 18840 11565 10804 135151 35525 99626 97759 3473 1443
cat_boundaries=0 1
cat_threshold=321
is_linear=0
shrinkage=0.03


Tree=176
num_leaves=15
num_cat=2
split_feature=45 38 46 10 18 39 46 40 39 1 15 1 40 1
split_gain=25.9073 41.7667 42.0158 33.7513 39.219 37.1868 37.0624 52.6122 51.9516 45.7512 34.786 32.7138 32.6213 30.3024
threshold=1.3035283162150055 0.87581737609428112 0 0.78895043881708304 1.2154752049261346 0.97031698375225173 1 0.49876807434176396 0.36011255718051532 0.013001434293082741 0.64266630977872963 0.018330904614227473 -1.4047547763865105 0.0089583260265666161
decision_type=8 8 1 10 2 10 1 10 10 10 10 8 10 10
left_child=-1 3 -3 4 5 12 7 8 -5 -8 -11 -6 -2 -14
right_child=1 2 -4 6 11 -7 9 -9 -10 10 -12 -13 13 -15
leaf_value=-0.00017336929791886179 -0.0056118923309291429 0.0069617866411693886 -0.006654837070566519 0.016114149817556902 -0.01483591913283948 -0.0089918660939238403 0.019796989640550815 0.026429619136326972 -0.0093512690197891084 -0.0096067528801937283 0.0053932879708181577 0.0023991481031831307 -0.0042635824613722418 0.0060273420815160914
leaf_weight=48242.636848554015 289.80540856719017 253.75513488054276 807.86612533032894 165.56981062889099 211.18568889796734 211.41263455152512 109.66333958506584 182.8820947855711 113.78232868015766 222.26849244534969 337.15242370963097 175.19768975675106 283.1911703646183 2267.5359125584364
leaf_count=212671 1258 1092 3653 689 922 922 466 768 487 947 1443 743 1181 9574
internal_value=5.15408e-05 0.00197522 -0.00336265 0.00321995 0.00173037 0.00287531 0.00769229 0.0140377 0.00577717 0.0029168 -0.000630558 -0.00715766 0.003787 0.00487262
internal_weight=53873.9 5631.27 1061.62 4569.65 3438.33 3051.95 1131.32 462.234 279.352 669.084 559.421 386.383 2840.53 2550.73
internal_count=236816 24145 4745 19400 14600 12935 4800 1944 1176 2856 2390 1665 12013 10755
cat_boundaries=0 1 2
cat_threshold=561 816
is_linear=0
shrinkage=0.03


Tree=177
num_leaves=15
num_cat=0
split_feature=23 30 2 11 37 11 41 8 39 34 33 37 30 38
split_gain=31.289 25.4909 71.5636 64.23 63.8698 65.8071 60.2801 54.9902 64.82 56.4812 52.3526 57.5106 88.5135 75.8621
threshold=0.091682838211805742 3.5000000000000004 1.0015314470634704 -1.8016020315758714 0.50467593419710299 1.867882537779463 0.95000000000000007 0.28005875594875423 -0.57937746911308408 1.6770006026333257 -0.021240508814904465 -0.23089833278160474 1.5000000000000002 0.68597461920336655
decision_type=8 2 8 8 10 10 2 10 10 10 8 10 2 10
left_child=1 6 -3 -4 -5 -6 10 -8 -9 -10 11 12 -1 -13
right_child=-2 2 3 4 5 -7 7 8 9 -11 -12 13 -14 -15
leaf_value=-0.0039449084917340714 0.0076265354842191824 -0.0019972205981659218 -0.018958302467506249 0.0042892363930729666 -0.0034922529157407319 0.014898001062658038 -0.0028290938465068962 0.022122882678457724 0.0060967686785185554 -0.0044822046349515436 -0.0015095832935450065 0.005180125513028727 0.0025721193424569824 -0.0028026027307589676
leaf_weight=3629.1890895366669 459.87743636965752 16008.820405334234 122.73467789590359 4247.7533986717463 2070.1904319226742 181.35318858921528 922.70005032420158 187.05260761082172 2757.3880889415741 535.83458949625492 12743.5068231076 4648.4431088119745 3860.8997949361801 1384.4278093725443
leaf_count=15936 1964 70720 560 18440 9925 826 4001 803 12123 2547 55599 20047 16662 6149
internal_value=-8.10867e-05 -0.000149007 -0.000912545 0.00170872 0.00212753 -0.00195166 0.000414519 0.00365881 0.00538208 0.00436712 -0.000130499 0.00116925 -0.00058664 0.00334664
internal_weight=53760.2 53300.3 22630.9 6622.03 6499.3 2251.54 30669.4 4402.98 3480.28 3293.22 26266.5 13523 7490.09 6032.87
internal_count=236302 234338 100471 29751 29191 10751 133867 19474 15473 14670 114393 58794 32598 26196
is_linear=0
shrinkage=0.03


Tree=178
num_leaves=15
num_cat=0
split_feature=7 8 10 40 16 42 40 10 16 40 40 40 11 1
split_gain=24.3955 40.3693 74.5063 38.6673 34.682 45.692 54.13 41.8551 41.5039 39.1483 48.8159 35.1416 35.0416 37.3367
threshold=1.3037140880886102 0.68684181169494185 -0.064493427522713906 2.8825564170788116 0.8592520716370875 0.31666666666666671 0.54262342722287671 1.958171133354899 0.71661233907151334 1.4733676904593993 2.1476766932995162 1.6870672059675229 0.71198754345113702 0.0084105395394901781
decision_type=10 8 10 10 10 10 10 10 10 10 10 8 10 10
left_child=3 -2 -3 4 7 6 -6 11 -9 12 -11 -1 -7 -14
right_child=1 2 -4 -5 5 9 -8 8 -10 10 -12 -13 13 -15
leaf_value=0.00019739995516554988 -0.0080414910327931341 0.0099147440688217396 -0.0023738941168568602 0.018039334025625815 -0.0040074632415968937 -0.0047008803290386394 0.014071923491086496 0.0063723220917094254 -0.01629526884129625 -0.0090483375049871927 0.0071262018272891725 -0.004481148123409006 0.012040541327791168 0.0025672894581503535
leaf_weight=42951.633107468486 816.84351561963558 503.04232014715672 3293.7509243488312 99.663463175296783 196.39917954802513 435.32856510579586 562.6098809838295 93.717693254351616 256.71027626097202 577.1667415201664 226.67828993499279 1485.2000502496958 461.8384802788496 1857.810817912221
leaf_count=186706 3691 2271 15483 485 865 1951 2537 396 1120 2700 1095 7096 2045 8148
internal_value=4.93352e-05 -0.00203414 -0.000723988 0.000245064 0.000205283 0.00276981 0.00940247 -4.252e-05 -0.0102245 0.00133285 -0.00445572 4.00571e-05 0.00303184 0.00449699
internal_weight=53818.4 4613.64 3796.79 49204.8 49105.1 4317.83 759.009 44787.3 350.428 3558.82 803.845 44436.8 2754.98 2319.65
internal_count=236589 21445 17754 215144 214659 19341 3402 195318 1516 15939 3795 193802 12144 10193
is_linear=0
shrinkage=0.03


Tree=179
num_leaves=15
num_cat=1
split_feature=46 7 1 12 14 40 45 43 11 9 23 45 45 11
split_gain=25.3748 35.0796 77.5074 48.5783 35.3882 53.1429 39.4737 35.1667 82.7026 57.2075 38.4277 34.1972 40.1611 38.4015
threshold=0 -0.78660077943992845 0.013330643205397079 0.067211349813508237 0.53604680581867781 1.2391643403162049 0.66232417191052229 0.73214285714285732 -0.43407399619699055 0.97390727386409448 0.044849457583086901 0.81993408457200434 0.77727318520839084 -0.9576767971917336
decision_type=1 10 8 2 8 10 10 10 10 10 10 10 10 10
left_child=1 2 -1 4 6 -6 -3 10 -9 -10 11 12 13 -8
right_child=-2 3 -4 -5 5 -7 7 8 9 -11 -12 -13 -14 -15
leaf_value=0.0011227483899799184 -0.00045277803244671245 -0.0040337835521959565 -0.0087756580029287046 0.018649709429278846 -0.00095238285360262781 0.0055284387893341728 -0.014390356529721225 -0.0023309717789407429 0.016568429770930405 -0.00071050617719029463 0.013094171518912897 0.00025621149073781302 0.016788956999053532 0.0062607012191304998
leaf_weight=2392.917970970273 35832.422921985388 619.53594152629375 1002.3998503237963 138.31751957535744 6953.4997344464064 1351.378746598959 90.844446018338203 480.04043199121952 772.67216856777668 220.15705591440201 275.00306202471256 3075.581672385335 255.22621574997902 405.79028795659542
leaf_count=10251 158098 2736 4486 600 30424 6249 399 2049 3299 949 1164 13220 1101 1787
internal_value=9.10186e-06 0.00092634 -0.00181675 0.00156404 0.00138832 0.000107564 0.00310236 0.00390114 0.00786438 0.012768 0.00246259 0.00166657 0.00735675 0.00227373
internal_weight=53865.8 18033.4 3395.32 14638 14499.7 8304.88 6194.85 5575.32 1472.87 992.829 4102.45 3827.44 751.861 496.635
internal_count=236812 78714 14737 63977 63377 36673 26704 23968 6297 4248 17671 16507 3287 2186
cat_boundaries=0 1
cat_threshold=52
is_linear=0
shrinkage=0.03


Tree=180
num_leaves=15
num_cat=2
split_feature=43 46 46 10 11 45 1 44 1 13 11 14 40 45
split_gain=25.126 47.786 40.2224 76.3364 90.754 64.2104 43.3876 43.0232 39.8074 39.0491 36.018 49.2271 39.9567 85.9553
threshold=0.41428571428571431 0 1 -0.79447927497369808 -0.60592446717876947 0.96939257414017044 0.0053105644832712922 -0.005351854053950565 0.0046453865518241745 41.120746275972316 -0.80296792993455124 0.32327268803006343 -0.63618884327887537 1.2150108939445896
decision_type=10 1 1 8 10 10 10 10 10 10 8 10 10 10
left_child=1 -1 3 4 5 9 -5 8 -4 -2 12 -12 -3 -14
right_child=2 10 7 6 -6 -7 -8 -9 -10 -11 11 -13 13 -15
leaf_value=-0.00090892391496350141 -0.0061194649283822034 0.0090319147125640393 -0.010452750191719852 0.015297858554503038 0.0046872294080144757 -0.0031220636531308116 0.001621797789596638 -0.0022687089511423271 0.0011148402701345603 -0.022195526116459915 -0.0024822699958151626 0.0024916310105758529 -0.00089115544309430065 0.012803793990697233
leaf_weight=8895.6050941497087 229.83269982039928 1177.0589217692614 269.41634005308151 203.62722581624985 657.74084083735943 792.67447844147682 9588.1412873119116 14668.148854508996 6416.689685985446 362.72847178578377 2607.477929353714 5663.8280793577433 1794.8686654567719 525.11079099774361
leaf_count=38825 1016 5152 1238 858 2826 3471 41796 65101 28275 1610 11349 25153 7855 2236
internal_value=-7.12579e-05 0.000749767 -0.000582512 0.000819721 -0.00444072 -0.00877741 0.00192152 -0.00135941 0.000633811 -0.0161653 0.00200234 0.000922536 0.00455212 0.00225025
internal_weight=53852.9 20663.9 33189 11834.7 2042.98 1385.24 9791.77 21354.3 6686.11 592.561 11768.3 8271.31 3497.04 2319.98
internal_count=236761 90570 146191 51577 8923 6097 42654 94614 29513 2626 51745 36502 15243 10091
cat_boundaries=0 1 2
cat_threshold=848 848
is_linear=0
shrinkage=0.03


Tree=181
num_leaves=15
num_cat=0
split_feature=24 45 19 1 15 16 7 40 40 40 10 10 11 40
split_gain=22.7216 28.0799 25.8089 37.4829 26.6506 24.7809 41.4154 49.8845 39.7803 46.1217 44.4591 37.3995 106.898 56.386
threshold=0.005599883616870944 0.75825209771169544 -2.7162067449069101 0.013673572041713719 0.31108647541734263 0.12406011637031361 -0.67723156668310414 -1.5799783755273065 1.0676364887636098 0.256921580556076 -0.38887735066557111 -0.65664148961875213 -0.43407399619699055 0.47975188265046376
decision_type=10 8 2 10 10 8 8 8 8 10 8 8 10 10
left_child=5 2 3 4 -2 -1 8 -8 9 -7 -10 12 13 -9
right_child=1 -3 -4 -5 -6 6 7 11 10 -11 -12 -13 -14 -15
leaf_value=0.0029254722797045093 -0.0058229920614005053 -0.00025698188447946692 -0.0017682151586575394 0.0087531984245759718 -0.017985789722290042 -0.0024819754575783615 0.012037925107498407 -0.0078252434186274911 0.0080691569678219329 0.0037049904241141384 -0.013052185044586875 0.0012129935899257763 0.0042982496687645885 0.0051042356564428857
leaf_weight=3393.7882060110569 479.80544549226761 16975.324726909399 2769.1665127575397 100.39130558073521 248.066890001297 4900.7679032087326 342.21146968007088 2046.3141340315342 102.65905550122261 1382.2708785831928 479.49063102900982 18791.902621850371 1480.8644567579031 349.02527460455894
leaf_count=14639 2117 74755 12636 449 1117 21339 1448 9037 458 5981 2210 82643 6395 1501
internal_value=1.55477e-05 -0.000767948 -0.00317166 -0.0077868 -0.0101558 0.000500123 0.000223723 0.000833871 -0.00181957 -0.00111712 -0.00925418 0.000659494 -0.0020201 -0.0059279
internal_weight=53842 20572.8 3597.43 828.264 727.872 33269.3 29875.5 23010.3 6865.19 6283.04 582.15 22668.1 3876.2 2395.34
internal_count=236725 91074 16319 3683 3234 145651 131012 101024 29988 27320 2668 99576 16933 10538
is_linear=0
shrinkage=0.03


Tree=182
num_leaves=15
num_cat=0
split_feature=39 1 9 38 19 37 39 39 20 1 35 38 30 30
split_gain=29.3797 31.9413 25.1835 37.6089 34.1862 49.3812 42.0365 27.0858 59.9031 48.8299 51.2595 45.191 45.5362 47.9207
threshold=2.5706467476917658 0.012162489931622817 -1.7189852790298679 -2.9303608724780625 -6.3913857754987928 -2.4114378402575984 -1.0559787094162867 0.93687248228760756 -0.040964844482474845 0.0042756671942933812 -1.2670852685522576 2.3167264682209381 2.5000000000000004 1.0000000180025095e-35
decision_type=10 10 8 8 2 10 10 10 10 8 10 10 2 2
left_child=2 -2 4 -4 5 -1 -6 -5 -9 -10 -11 12 13 -12
right_child=1 -3 3 7 6 -7 -8 8 9 10 11 -13 -14 -15
leaf_value=-0.01356297026628425 0.018507526339795806 0.0014379291358092921 0.015366972856950894 0.00045047622835979733 -0.014906004431541636 0.0052562167590351752 0.0021766979413192669 -0.0083962029225683882 -0.016336375877181248 -0.014077322781802048 -0.0011527084138464995 -0.0085296554943138196 -0.0012783251325627415 0.0060527183406030444
leaf_weight=157.2315214574337 151.32119339704514 258.83648434281349 136.00440952181816 42116.4242695719 390.3049875497818 492.86975188553333 188.33421911299229 955.12567500770092 162.37675888836384 223.52770544588566 1345.6412204653025 495.45610482990742 4489.0240125954151 2149.1371346563101
leaf_count=730 695 1122 575 182890 1798 2201 814 4383 793 1148 5892 2609 21103 9384
internal_value=0.000124143 0.00802609 6.18434e-05 0.000162379 -0.00416568 0.00056815 -0.00940344 0.000119613 -0.00129838 -0.000525066 -0.000211647 0.000170028 0.000719905 0.00328294
internal_weight=53711.6 410.158 53301.5 52072.7 1228.74 650.101 578.639 51936.7 9820.29 8865.16 8702.79 8479.26 7983.8 3494.78
internal_count=236137 1817 234320 228777 5543 2931 2612 228202 45312 40929 40136 38988 36379 15276
is_linear=0
shrinkage=0.03


Tree=183
num_leaves=15
num_cat=2
split_feature=43 46 46 1 10 11 15 44 45 41 1 10 0 38
split_gain=25.9622 62.5821 48.2127 69.7236 58.3749 67.0019 45.9434 44.6415 41.0895 52.3807 36.2899 48.4941 34.6689 32.007
threshold=0.41428571428571431 0 1 0.0053105644832712922 -1.0273715956442557 -0.62811081586591366 0.34546573937983743 0.0071832072310577142 0.96397882522266476 0.15000000000000005 0.0046453865518241745 0.3212470546711606 0.016056124658286101 -1.0242559484727565
decision_type=10 1 1 10 8 10 10 10 10 2 10 10 10 8
left_child=1 -1 3 6 5 8 -2 10 -5 -10 11 -4 13 -12
right_child=2 -3 7 4 -6 -7 -8 -9 9 -11 12 -13 -14 -15
leaf_value=-0.0010678141202081588 0.0015892183976253926 0.0022629441847109872 -0.012334447639450021 -0.017470027654720645 0.001385979031134734 0.0056316674586917997 0.025251133409279578 -0.0028363918408047858 -0.013422392419737288 0.0046619941858802782 0.0066207666670665124 0.0054734917466670082 -0.003412999138287031 0.00052067821681462323
leaf_weight=8873.8154201954603 130.57519519329071 11820.45431625843 444.77735491096973 357.20501497387886 10325.218085065484 350.25885234773159 164.38876539468765 9964.8130596280098 278.87305830419064 280.08518859744072 847.30877523124218 190.48726209998131 1830.9872058182955 8004.4106378704309
leaf_count=38731 550 51958 1990 1611 44983 1505 695 44435 1231 1228 3607 884 8129 35269
internal_value=1.82995e-06 0.000835448 -0.000518357 0.00101121 0.000638977 -0.00541452 0.015172 -0.00137254 -0.00965281 -0.00443792 -8.35436e-05 -0.00699258 0.000333469 0.00111141
internal_weight=53863.7 20694.3 33169.4 11886.6 11591.6 1266.42 294.964 21282.8 916.163 558.958 11318 635.265 10682.7 8851.72
internal_count=236806 90689 146117 51803 50558 5575 1245 94314 4070 2459 49879 2874 47005 38876
cat_boundaries=0 1 2
cat_threshold=848 848
is_linear=0
shrinkage=0.03


Tree=184
num_leaves=15
num_cat=2
split_feature=44 46 46 11 0 39 45 45 20 17 8 1 11 39
split_gain=27.9155 57.0187 45.1717 37.8474 37.4632 35.8357 37.9327 33.7261 32.5205 32.3343 71.2718 52.438 42.8707 42.7802
threshold=-0.005351854053950565 0 1 -1.3356796447404029 0.0022220728367105089 0.73085697152499984 1.0660501286280188 0.87448187337759242 -0.65451040514130687 -0.94995459494556556 -1.5423355382503889 0.020115278848828511 1.4542664686947069 0.93687248228760756
decision_type=8 1 1 10 10 10 10 8 8 2 10 10 10 10
left_child=1 -1 8 5 -3 6 7 -4 -2 11 -11 -6 13 -12
right_child=2 4 3 -5 9 -7 -8 -9 -10 10 12 -13 -14 -15
leaf_value=-0.00098625750946387727 -0.0035928880586916681 -0.010429894917279548 -0.003558560062007562 -0.00070663019372534119 0.001058314935936731 0.0090972471608372438 -0.00047912463706858754 -0.013248584680703886 0.0029579542652208145 0.024316600511730905 0.0031825193880565669 -0.0099814141684377283 0.0077647398149743828 -0.0014039984183427483
leaf_weight=9408.686450317502 794.5522802323103 205.39300879836082 600.32423041760921 21928.759744659066 3154.0053201019764 146.77175472676754 760.37033022940159 716.19866362214088 4507.9680147916079 129.34278832376003 7126.6737314462662 431.24324822425842 1317.5046401321888 2455.0498879551888
leaf_count=41165 3425 923 2643 96905 13657 634 3292 3131 19583 553 31007 1986 5766 11384
internal_value=8.53221e-05 0.000839445 -0.00053505 -0.00108547 0.00199778 -0.0048064 -0.00582784 -0.00889014 0.00196773 0.00218083 0.00298478 -0.000293642 0.00270958 0.00200711
internal_weight=53682.8 24227.9 29454.9 24152.4 14819.2 2223.66 2076.89 1316.52 5302.52 14613.8 11028.6 3585.25 10899.2 9581.72
internal_count=236054 106441 129613 106605 65276 9700 9066 5774 23008 64353 48710 15643 48157 42391
cat_boundaries=0 1 2
cat_threshold=912 144
is_linear=0
shrinkage=0.03


Tree=185
num_leaves=15
num_cat=1
split_feature=23 38 37 29 30 40 46 40 30 41 30 38 37 38
split_gain=25.7285 22.4632 31.7701 31.6095 26.2974 26.28 39.2857 38.146 40.2997 61.8177 48.3613 47.0077 55.8471 40.6778
threshold=0.091682838211805742 2.6300836929250067 1.727695215616428 17.000000000000004 3.5000000000000004 2.4305133542163921 0 1.8109724888670573 5.5000000000000009 0.75000000000000011 2.5000000000000004 0.33258583043738654 0.7373643411987213 0.29835299197284099
decision_type=8 8 10 2 2 10 1 10 2 2 2 10 10 10
left_child=1 5 -3 4 -4 7 -7 -1 10 -10 11 -9 -13 -12
right_child=-2 2 3 -5 -6 6 -8 8 9 -11 13 12 -14 -15
leaf_value=1.6928573239698457e-05 0.0069910960637823202 -0.016005221806740254 0.011197357985770727 -0.015792457632558606 -0.00761026062079646 -0.0033748297696834378 0.012751293507160146 0.016731865277761881 0.017897489139138148 -0.012796574198340634 -0.023942995444008793 -0.015782625064140823 0.0035223938841825115 -0.0074047090806018123
leaf_weight=50804.72069363296 452.30146843194962 181.84997974336147 170.14332534372807 84.331195026636124 97.733945548534393 218.41092501580715 322.31674136221409 101.48647816479206 146.28277611732483 86.028821304440498 192.15464520454407 223.02959182858467 313.38204345107079 441.83997695147991
leaf_count=222202 1927 939 870 437 537 1060 1476 469 685 404 963 1049 1459 2228
internal_value=-5.57431e-05 -0.000116747 -0.00618146 -0.000807478 0.00430854 -5.43034e-05 0.00646487 -0.000122916 -0.00481511 0.00647195 -0.0069111 -0.0010393 -0.0046462 -0.0127112
internal_weight=53836 53383.7 534.058 352.208 267.877 52849.7 540.728 52308.9 1504.2 232.312 1271.89 637.898 536.412 633.995
internal_count=236705 234778 2783 1844 1407 231995 2536 229459 7257 1089 6168 2977 2508 3191
cat_boundaries=0 1
cat_threshold=71
is_linear=0
shrinkage=0.03


Tree=186
num_leaves=15
num_cat=0
split_feature=38 40 16 35 40 0 11 40 37 11 20 30 41 11
split_gain=20.5242 36.0315 46.8946 35.7301 27.583 40.6806 34.3451 33.7525 55.0695 52.2635 84.4337 91.7729 96.8293 75.1209
threshold=2.6300836929250067 2.4305133542163921 0.66692918891433683 -0.18034269949706502 1.6870672059675229 0.010166786532881009 1.867882537779463 0.41210572229896647 2.0404739968946211 -0.5384129786358508 0.14280446310768538 3.5000000000000004 0.75000000000000011 0.4049016383298894
decision_type=8 10 10 10 10 10 8 10 10 8 10 2 2 10
left_child=1 4 -3 -4 7 -6 -7 8 -1 10 -9 -12 -13 -11
right_child=-2 2 3 -5 5 6 -8 9 -10 13 11 12 -14 -15
leaf_value=-0.00045891611609009313 -0.0056416108047284618 0.020947630898393039 -0.012620138603823191 0.0071264910446422946 -0.0081360312175934747 -0.0013246570230767587 0.016156989313574434 -0.00044809160361468034 0.015869169087599291 -0.0023219691081990709 0.015953876095641979 0.012873412929713484 -0.0099659444822097609 0.0023977210965764077
leaf_weight=34907.72139030695 559.17010129988194 157.08081643283367 101.72888660430908 306.40526492893696 900.43435899913311 1045.4452775120735 101.86953350901604 1390.6536095291376 176.90198962390423 5129.9255816042423 887.10083414614201 314.36423537135124 334.59759224951267 7402.3385206758976
leaf_count=151921 2891 739 495 1411 4408 5017 463 5952 805 22625 3761 1370 1537 32789
internal_value=2.49691e-05 8.56274e-05 0.0075533 0.00202046 3.94941e-06 -0.00340078 0.000353726 0.000142536 -0.000372089 0.00130998 0.00491231 0.00973678 0.00112516 0.000465464
internal_weight=53715.7 53156.6 565.215 408.134 52591.4 2047.75 1147.31 50543.6 35084.6 15459 2926.72 1536.06 648.962 12532.3
internal_count=236184 233293 2645 1906 230648 9888 5480 220760 152726 68034 12620 6668 2907 55414
is_linear=0
shrinkage=0.03


Tree=187
num_leaves=15
num_cat=0
split_feature=32 36 34 33 36 33 40 36 12 38 33 29 37 41
split_gain=22.7544 40.074 43.6624 32.8547 26.9056 35.8154 72.011 45.9733 35.6166 37.5733 36.8784 33.8018 31.5372 33.2631
threshold=-0.23342274625466639 -2.306956404212253 -1.3432783689053445 0.78300190101061251 -2.9178211828125371 -1.7543274513157352 0.99081699078832253 -0.29624314621525211 0.029321584212490922 -0.82582606571283668 -0.28077067896233193 11.000000000000002 -0.51905331574870583 0.45000000000000007
decision_type=10 10 10 10 8 8 10 10 2 10 10 2 10 2
left_child=3 -2 -3 4 -1 6 11 8 9 -7 12 -6 -11 -14
right_child=1 2 -4 -5 5 7 -8 -9 -10 10 -12 -13 13 -15
leaf_value=-0.0091641258592237724 0.010054026292300724 -0.005684648721316893 0.00054385216111517464 -0.004671519749650771 0.00098420157617198803 0.0022824614732037396 -0.016215586074315995 0.00078591492523510823 -0.0075022075867792644 -0.0065504149896856304 -0.0072974029934707689 0.010768447434328993 0.0042195040018194498 -0.0033483108954570949
leaf_weight=300.93353465199471 377.82601328194141 1034.4066363871098 33646.105399832129 1800.3263351023197 569.29606010019779 1621.5227803438902 129.87545876204967 8521.3499195128679 1076.6452535837889 715.52914543449879 1281.8965166211128 715.61369851231575 1116.2765202224255 965.71545825898647
leaf_count=1333 1605 4544 147661 8228 2504 6982 630 37333 5003 3134 5663 3115 4872 4300
internal_value=1.2198e-05 0.000463839 0.000356491 -0.000829154 -0.000420087 -0.000257263 0.00429238 -0.000680525 -0.0025227 -0.00157081 -0.00310427 0.00647449 -0.00116373 0.000710007
internal_weight=53873.3 35058.3 34680.5 18815 17014.7 16713.7 1414.79 15298.9 6777.59 5700.94 4079.42 1284.91 2797.52 2081.99
internal_count=236907 153810 152205 83097 74869 73536 6249 67287 29954 24951 17969 5619 12306 9172
is_linear=0
shrinkage=0.03


Tree=188
num_leaves=15
num_cat=0
split_feature=32 33 36 30 20 30 39 34 32 37 36 37 39 36
split_gain=25.1995 35.7282 34.1162 31.0257 38.8751 88.8087 30.9578 32.6269 42.2463 28.7922 35.8366 29.2515 30.9441 36.2935
threshold=-0.19069274966621272 2.7121522566027489 -2.306956404212253 3.5000000000000004 -0.62746814377197824 2.5000000000000004 -0.32369306244750168 -1.4855061487720291 -0.87433334921215256 0.53770606249899522 -0.28805754310525838 1.0145660928727878 1.0572137643356625 -0.28805754310525838
decision_type=10 10 10 2 8 2 8 10 10 10 8 10 10 10
left_child=3 2 -2 4 5 -1 7 -6 -9 10 -5 -11 13 -13
right_child=1 -3 -4 9 6 -7 -8 8 -10 11 -12 12 -14 -15
leaf_value=-0.0066238900919852713 0.0096469071966662594 -0.009356694829160711 0.00051675580462250538 -0.0036896024593734296 0.0106011202083903 0.0065010005347241285 -3.5334504544245018e-05 -0.0037824818205825957 0.0052070166814574314 -0.008917670639208914 0.0009924863479838981 0.018516654479159997 -0.0064126571726499954 -0.00079798814257756186
leaf_weight=1797.4599606394768 362.53235478699207 316.32960659265518 33078.592903241515 2772.8605224043131 500.39458937942982 615.34843446314335 7107.5820118039846 709.47409541904926 1354.2355583161116 1018.5140620023012 3114.6448102146387 106.92945486307144 552.45717340707779 345.56432235240936
leaf_count=7928 1537 1538 145028 12263 2159 2655 31188 3091 5869 4746 13546 506 2718 1645
internal_value=2.25007e-05 0.000522371 0.000618589 -0.000821247 0.000135139 -0.00326358 0.000985516 0.00380441 0.00211322 -0.00228051 -0.00121517 -0.00535902 -0.00170002 0.00406796
internal_weight=53752.9 33757.5 33441.1 19995.5 12084.5 2412.81 9671.69 2564.1 2063.71 7910.97 5887.51 2023.47 1004.95 452.494
internal_count=236417 148103 146565 88314 52890 10583 42307 11119 8960 35424 25809 9615 4869 2151
is_linear=0
shrinkage=0.03


Tree=189
num_leaves=15
num_cat=0
split_feature=21 40 15 16 39 30 8 39 40 40 15 1 1 12
split_gain=24.6521 37.8533 47.3709 34.1359 40.776 31.8489 64.5489 35.9783 105.208 106.802 97.0348 62.0624 53.9338 42.0013
threshold=-0.49696027205862731 -1.7429079314650811 0.21135119660952426 0.10638838318563694 -1.67967942116402 3.5000000000000004 0.036476153220535164 -0.011040579351153733 0.3695175657323152 -0.4450207499511829 0.27123101191667348 0.014171956114303904 0.0056776920365100786 0.0088852430578991969
decision_type=10 10 10 10 10 2 10 10 10 10 10 10 10 2
left_child=1 2 -1 -3 -5 6 -6 8 9 11 -9 12 -7 -14
right_child=-2 3 -4 4 5 7 -8 10 -10 -11 -12 -13 13 -15
leaf_value=0.0021800237854469268 -0.00053214116408545765 0.0057248844263993659 0.023898855162678288 -0.018272133051845302 -0.00067957375481977726 -0.011268976679023008 0.0049504424707149039 0.016467643048799215 0.014078994845536683 -0.0085071360222242313 -4.4262888175570699e-05 -0.0060953493845965377 0.020461524980558952 0.0042259338876772176
leaf_weight=256.13785748183727 34686.9599391222 1096.9280502796173 131.62736256420612 95.836856186389923 3987.6991549581289 171.02442649006844 3378.3056011348963 332.23201085627079 309.85933957993984 2171.0755280852318 5000.5913296043873 787.6483545601368 154.03333504498005 1227.8685355484486
leaf_count=1086 153280 4662 539 456 17201 756 14533 1410 1329 9461 22479 3411 661 5270
internal_value=-5.55883e-05 0.000809652 0.00996799 0.000614654 0.000293382 0.000405301 0.00190576 -0.000683943 -0.00255941 -0.00373074 0.00101332 0.000717109 0.0041893 0.00616963
internal_weight=53787.8 19100.9 387.765 18713.1 17616.2 17520.3 7366 10154.3 4821.51 4511.65 5332.82 2340.57 1552.93 1381.9
internal_count=236534 83254 1625 81629 76967 76511 31734 44777 20888 19559 23889 10098 6687 5931
is_linear=0
shrinkage=0.03


Tree=190
num_leaves=15
num_cat=1
split_feature=23 24 45 39 33 38 13 1 37 37 46 10 39 35
split_gain=29.9107 35.4258 26.7228 26.5016 55.1497 50.3486 49.6817 47.5385 71.8797 53.4348 38.0338 41.8446 31.0101 57.3788
threshold=0.059816163208428315 0.0042223107215883246 1.2575317535950044 -1.3513121520578169 -1.0416101677403018 -2.6065503240709633 31.61552667187534 0.010767392931347227 -1.5245958401120399 -1.9169856374564767 0 -1.2037492964534706 -0.5187481499629113 1.3237497373896316
decision_type=8 8 10 10 8 10 10 10 10 10 1 10 10 10
left_child=3 -2 -3 4 6 -5 -1 8 -6 -9 11 -11 13 -7
right_child=1 2 -4 5 7 12 -8 9 -10 10 -12 -13 -14 -15
leaf_value=-0.0020281004658817886 0.020064131513194298 0.0013477145815706361 0.015858614379268433 0.017753063075444334 0.0020192391772255818 0.0010182969249284296 0.010897741489302672 -0.013425876141100116 -0.015922184213755818 0.020179635869165373 -0.003100457808482701 0.0011092816449386051 -0.00036260405052232709 0.012331202757441002
leaf_weight=700.29991580545902 109.88730181753635 1072.6871666312218 118.18682746589184 134.85001085698605 287.17544901371002 10363.559994891286 420.67795041203499 275.65991060435772 643.83471903204918 152.03481858968735 749.12144190073013 290.40786005556583 38049.674703225493 410.01247249543667
leaf_count=3144 460 4637 493 568 1218 44693 1869 1229 2913 674 3317 1285 168215 1799
internal_value=2.2991e-05 0.00449926 0.0029079 -8.87988e-05 -0.00259955 9.21735e-05 0.00287615 -0.00516031 -0.0104254 -0.00177145 0.00101402 0.00779132 3.97686e-05 0.00145987
internal_weight=53778.1 1300.76 1190.87 52477.3 3519.21 48958.1 1120.98 2398.23 931.01 1467.22 1191.56 442.443 48823.2 10773.6
internal_count=236514 5590 5130 230924 15649 215275 5013 10636 4131 6505 5276 1959 214707 46492
cat_boundaries=0 1
cat_threshold=39
is_linear=0
shrinkage=0.03


Tree=191
num_leaves=15
num_cat=0
split_feature=36 40 30 37 1 40 20 35 36 7 40 39 40 39
split_gain=28.2056 59.3815 57.3427 52.4618 55.3018 74.5967 57.6663 63.6084 76.4643 56.4636 54.3713 50.6395 50.8216 71.6224
threshold=-0.2602020516406009 -1.9491247540910772 4.5000000000000009 0.13043531187207855 0.018147279195627006 1.0676364887636098 -0.29127962226870135 -1.3710502322534033 -0.64649801819029351 -0.37270365366081631 0.058412308027952123 -1.803152513603415 -0.4450207499511829 -0.68341046586759646
decision_type=10 10 2 10 8 10 10 10 8 8 10 10 10 10
left_child=3 2 -2 4 5 6 7 8 -1 -6 -5 -3 -13 -14
right_child=1 11 -4 10 9 -7 -8 -9 -10 -11 -12 12 13 -15
leaf_value=0.0025285559912403273 0.03107495344647538 -0.014755150935300507 0.00053704694691519871 -0.0075736393604289637 -0.0081047685691702526 -0.0094874080683690944 0.0042687058053147101 -0.0023329529288708211 0.027449527627872908 0.0020508500088221018 -0.0010383018863007419 0.0026912740814094621 -0.0072842199405740065 0.00023827876172442846
leaf_weight=2162.7500023692846 102.19952118396759 186.64612823724747 109.90929225087166 1884.9319563806057 1342.9708541035652 584.24576218426228 4025.2413017302752 4485.9126342833042 107.02246032655239 769.58472254872322 2907.4063912332058 7541.2284707129002 1180.7109282314777 26278.448117092252
leaf_count=9219 419 851 456 8357 6284 2713 17382 19411 456 3447 13139 32488 5139 116309
internal_value=3.01765e-05 0.000524228 0.0159876 -0.000926835 3.24799e-05 0.000861946 0.00143108 -0.00026348 0.00381886 -0.00441294 -0.00361921 0.000426498 0.000511648 -8.77137e-05
internal_weight=53669.2 35399.1 212.109 18270.1 13477.7 11365.2 10780.9 6755.69 2269.77 2112.56 4792.34 35187 35000.4 27459.2
internal_count=236070 155662 875 80408 58912 49181 46468 29086 9675 9731 21496 154787 153936 121448
is_linear=0
shrinkage=0.03


Tree=192
num_leaves=15
num_cat=2
split_feature=39 40 44 40 39 0 46 20 46 38 19 40 40 37
split_gain=22.477 33.021 23.9511 23.3496 25.1247 38.5322 43.8092 39.7988 51.507 40.8973 39.934 35.2511 33.9614 58.4687
threshold=2.1360955966638504 1.0278784270433972 -0.13770084031650745 2.8825564170788116 0.98644843202397803 0.027255901096250815 0 -0.032988546142665699 1 2.4351927170351155 0.098887300929857577 0.54262342722287671 0.46606760069135905 1.682362344695137
decision_type=10 10 8 10 8 8 1 10 1 8 2 10 10 10
left_child=2 -2 -1 4 12 7 -7 8 10 -9 -6 -10 13 -4
right_child=1 -3 3 -5 5 6 -8 9 11 -11 -12 -13 -14 -15
leaf_value=-0.011388653810550802 0.017227903853495423 0.002194944730627999 -0.00030908813048733096 0.012942196612379381 0.017376690539895673 0.017104618175566938 -0.00087815192127064005 -0.00088118074125102298 -0.024887708252594974 -0.012762252709192909 -0.0061339225490875896 -0.0082394875118350867 0.0018274098530539906 0.013720965112991375
leaf_weight=157.28496210277081 139.55269645154476 1129.1820979565382 34358.925277248025 114.79489861428738 95.321151852607727 186.61541648209095 300.75512936711311 6747.7791956216097 163.45791625976562 261.35398241877556 160.96014696359634 389.4725086838007 9459.6439033150673 259.42755900323391
leaf_count=730 586 5070 149249 577 433 858 1380 31107 754 1412 750 1790 41348 1176
internal_value=4.02922e-05 0.00397027 -5.5136e-05 -1.90184e-05 -4.98867e-05 -0.0015624 0.0065392 -0.00207513 -0.00833355 -0.00134175 0.00282855 -0.0132798 0.000235409 -0.000200016
internal_weight=53924.5 1268.73 52655.8 52498.5 52383.7 8305.72 487.371 7818.34 809.212 7009.13 256.281 552.93 44078 34618.4
internal_count=237220 5656 231564 230834 230257 38484 2238 36246 3727 32519 1183 2544 191773 150425
cat_boundaries=0 1 2
cat_threshold=781 13
is_linear=0
shrinkage=0.03


Tree=193
num_leaves=15
num_cat=1
split_feature=39 40 40 2 37 12 20 7 30 23 12 39 46 39
split_gain=24.5568 87.4052 45.4961 42.6342 42.3377 75.4318 42.9223 31.3178 31.0396 30.6484 29.4339 81.7724 40.8493 30.8922
threshold=-1.8897943041667877 -1.7429079314650811 -2.326509925832196 0.9533946248948959 -1.9169856374564767 0.044724601327451423 -1.320616546180241 -1.1121738175322953 1.5000000000000002 -0.0083456079570713975 0.076232337918469992 -0.7734553738432598 0 -1.0559787094162867
decision_type=10 10 10 10 10 2 10 10 2 8 2 10 1 10
left_child=1 2 9 -4 5 6 -2 -5 -8 -1 13 -12 -13 -6
right_child=4 -3 3 7 10 -7 8 -9 -10 -11 11 12 -14 -15
leaf_value=-0.019834032761361049 -0.0029988896630877425 -0.020435946553371248 -0.0083623075123092222 0.0042313608227607198 -0.0022991974148649308 -0.014993230679195037 0.0010933129619531512 0.02325809088460818 0.013705213963581434 0.00274619816173072 0.02643748807851834 0.010595196153087669 -0.013227162531118561 0.00023501000969533507
leaf_weight=119.55939970910549 256.71056446433067 227.02862820029259 124.80042408406734 207.90798065066338 4764.2333031147718 136.82466793060303 232.82178512215614 120.2495704293251 728.64811646938324 89.157110899686813 131.11251991987228 99.818571358919144 122.60956892371178 46432.753175362945
leaf_count=549 1079 1062 546 942 21080 644 1000 510 3035 395 575 434 535 204218
internal_value=0.000113781 -0.00480373 0.00078428 0.00610025 0.000197278 0.00541214 0.00780746 0.0116851 0.0106939 -0.0105039 5.91819e-05 0.00856532 -0.0026538 -1.21845e-06
internal_weight=53794.2 888.703 661.674 452.958 52905.5 1355.01 1218.18 328.158 961.47 208.717 51550.5 353.541 222.428 51197
internal_count=236604 4004 2942 1998 232600 5758 5114 1452 4035 944 226842 1544 969 225298
cat_boundaries=0 1
cat_threshold=148
is_linear=0
shrinkage=0.03


Tree=194
num_leaves=15
num_cat=0
split_feature=16 30 40 39 0 40 41 39 16 30 10 8 30 15
split_gain=22.328 75.7592 48.759 54.3112 44.9386 37.3914 73.2125 55.5787 46.0538 56.3262 57.8655 54.5478 55.7701 49.2922
threshold=0.10258892499482661 1.5000000000000002 -1.002746323103848 -0.030535922663856574 0.0092244980543440443 -1.8610102854390049 0.25000000000000006 -1.8897943041667877 0.31800449924325602 3.5000000000000004 -0.52175685352895351 0.42138244062798424 1.5000000000000002 0.25467365040341766
decision_type=10 2 10 10 8 10 2 10 8 2 10 10 2 10
left_child=1 -1 4 -4 -3 6 -2 -7 -9 10 11 12 -10 -12
right_child=5 2 3 -5 -6 7 -8 8 9 -11 13 -13 -14 -15
leaf_value=-0.0041968687320208886 0.0014971304847017255 -0.0095768519492896009 0.010690646370895975 -0.0020922932909625876 0.0034724296945433759 -0.016482439525931758 0.026471715544016141 -0.0016764953099720737 -0.0026408106123181918 -0.001033918106703554 -0.0044429684126875355 0.013158055877650324 0.0082780696544145008 0.0012880492242702468
leaf_weight=1208.428274333477 459.42649611830711 311.23158159852028 1357.2296925634146 379.16545341908932 901.36001062393188 179.59012514352798 127.71333403885365 13788.182968661189 817.78256426751614 14859.560997784138 1461.2955509573221 649.53054730594158 849.72693100571632 16498.708062931895
leaf_count=5331 1984 1349 5717 1614 3921 832 525 60217 3526 66855 6270 2777 3644 72332
internal_value=-3.15657e-06 0.0021061 0.00469437 0.00790332 7.21797e-05 -0.000180014 0.00728188 -0.000270701 -0.000207836 0.000368804 0.00139676 0.0058482 0.00293939 0.000819538
internal_weight=53848.9 4157.42 2948.99 1736.4 1212.59 49691.5 587.14 49104.4 48924.8 35136.6 20277 2317.04 1667.51 17960
internal_count=236894 17932 12601 7331 5270 218962 2509 216453 215621 155404 88549 9947 7170 78602
is_linear=0
shrinkage=0.03


Tree=195
num_leaves=15
num_cat=2
split_feature=7 8 10 23 24 44 16 16 0 16 46 10 46 7
split_gain=30.8553 42.0712 54.1035 27.9145 52.3753 30.8793 29.1839 33.8294 37.4442 27.1667 54.8839 43.2936 38.1832 34.9074
threshold=1.3325341180060308 0.8329337574497776 -0.043529431475104637 0.059816163208428315 0.0097364025196949051 -0.13770084031650745 0.32445266324071492 0.51265932584466911 0.0077483270923592515 0.85555754519457394 0 1.958171133354899 1 0.19248499458809937
decision_type=10 8 10 8 8 10 8 8 10 8 1 10 1 10
left_child=3 -2 -3 5 -5 -1 -6 8 -8 11 -11 -7 -13 -12
right_child=1 2 -4 4 6 9 7 -9 -10 10 13 12 -14 -15
leaf_value=-0.01094034435595103 -0.0078680247031104929 0.0090747219746092865 -0.0022957169991901175 0.02194028485808525 -0.0039594117181533028 -6.9029629338000203e-05 0.026494816789674736 0.0014158593605433682 0.0014677098192510721 -0.0028951838267997653 0.008393120552771291 0.00037129578560931784 -0.020131109963572941 0.0020501249452670582
leaf_weight=219.63691222667694 993.64746406674385 420.23923973739147 3016.4237357228994 129.77618759870529 400.25979728996754 42825.198812946677 116.53403687477112 445.70234130322933 95.754169166088104 1351.2567884027958 1175.8650120943785 155.93448050320148 162.8493095934391 2314.3210296034813
leaf_count=994 4512 1898 14224 543 1714 187071 490 1916 404 6135 5130 662 723 10350
internal_value=-6.83887e-05 -0.00246384 -0.000883031 0.000146927 0.0046704 3.44991e-05 0.00236699 0.00621704 0.01578 8.70017e-05 0.00221547 -0.000152304 -0.010997 0.00419301
internal_weight=53823.4 4430.31 3436.66 49393.1 1188.03 48205.1 1058.25 657.991 212.288 47985.4 4841.44 43144 318.784 3490.19
internal_count=236766 20634 16122 216132 5067 211065 4524 2810 894 210071 21615 188456 1385 15480
cat_boundaries=0 1 2
cat_threshold=9 496
is_linear=0
shrinkage=0.03


Tree=196
num_leaves=15
num_cat=1
split_feature=6 41 39 11 30 46 40 40 30 30 41 45 35 9
split_gain=23.5362 28.4304 25.9728 51.3309 39.5888 27.6462 26.4718 40.1944 42.0879 75.7101 52.7542 52.1154 43.0443 37.408
threshold=1.7515906354602111 0.75000000000000011 2.1360955966638504 2.029749964309405 1.0000000180025095e-35 0 2.8825564170788116 1.6870672059675229 4.5000000000000009 2.5000000000000004 0.95000000000000007 0.95211976407700494 -0.29974020524786654 1.0058811746578831
decision_type=10 2 10 10 2 1 10 8 2 2 2 10 8 10
left_child=2 -2 6 4 -4 -6 7 -1 9 10 11 -9 -10 -13
right_child=1 -3 3 -5 5 -7 -8 8 12 -11 -12 13 -14 -15
leaf_value=0.00011312895530233778 -0.0071437485363379976 -0.00020532141409818441 -0.01116787444186965 0.023385961387254559 -0.0056982783001266269 0.0078508250789911631 0.015101984914295796 -0.01415204287175423 -0.011678216446503938 -0.015113475308197125 0.011971710546042061 -0.0054752024008983373 0.0068694958940618573 0.014476851823028332
leaf_weight=48359.670040130615 904.68635442852974 1270.1801833212376 152.5804658383131 108.02329257130623 158.31601133942604 623.55031532049179 93.844607383012772 302.54166896641254 138.45001232624054 590.01658917963505 199.46903075277805 194.4833230227232 459.40050101280212 134.81162178516388
leaf_count=210855 4246 6119 662 448 713 2764 462 1454 702 3076 939 905 2216 617
internal_value=-6.13062e-05 -0.00311101 6.80249e-05 0.00473241 0.00235125 0.00509721 -2.92323e-05 -6.04099e-05 -0.00419678 -0.00699137 -0.00111561 -0.00536939 0.00245276 0.002879
internal_weight=53690 2174.87 51515.2 1042.47 934.447 781.866 50472.7 50378.8 2019.17 1421.32 831.306 631.837 597.851 329.295
internal_count=236178 10365 225813 4587 4139 3477 221226 220764 9909 6991 3915 2976 2918 1522
cat_boundaries=0 1
cat_threshold=12
is_linear=0
shrinkage=0.03


Tree=197
num_leaves=15
num_cat=2
split_feature=43 46 46 19 44 12 10 16 11 43 40 45 38 10
split_gain=25.8613 46.9554 42.5194 86.4362 42.5387 38.4976 35.2047 41.7991 35.769 77.5068 51.69 49.8021 40.7247 41.6689
threshold=0.41428571428571431 0 1 -4.7037714904691681 0.0071832072310577142 0.027472760818859195 -1.5064011847956291 0.26528558031134758 0.17270973042270635 0.70714285714285718 -0.73720395851841725 0.80511174921162454 -0.54882200044755758 0.073604706685167262
decision_type=10 1 1 2 10 2 10 10 10 10 10 10 10 8
left_child=1 -1 3 5 -4 -2 -5 -8 9 10 -9 -10 13 -13
right_child=2 -3 4 6 -6 -7 7 8 11 -11 -12 12 -14 -15
leaf_value=-0.0013136862197052782 -0.0037458901562123191 0.001758577298503961 -0.00011562565931501704 0.018759684193242653 -0.0027990919549838265 -0.016693580952279952 -0.0030107979440269867 0.012743803346691833 -0.0087106347474269433 0.0090315910976699332 -0.0015641269652942255 0.0058274357951773256 0.0030279693184127052 -0.0084084711628022307
leaf_weight=6548.5890981853008 1139.6595400124788 14061.513902753592 11377.568839430809 99.205842658877373 9971.7599700838327 245.30424742400646 1487.6104311943054 253.26299120485783 444.01983013749123 1829.1094707846642 1651.4077277481556 256.2482692450285 3812.3428213149309 605.92172449827194
leaf_count=28710 4933 61661 50182 429 44526 1144 6407 1079 1981 7855 7170 1102 16758 2686
internal_value=-5.19179e-05 0.000782458 -0.000570382 0.00087211 -0.00136909 -0.00614241 0.00180855 0.00162795 0.00240999 0.00463873 0.000395013 0.000778336 0.00169634 -0.00415907
internal_weight=53783.5 20610.1 33173.4 11824.1 21349.3 1384.96 10439.1 10339.9 8852.31 3733.78 1904.67 5118.53 4674.51 862.17
internal_count=236623 90371 146252 51544 94708 6077 45467 45038 38631 16104 8249 22527 20546 3788
cat_boundaries=0 1 2
cat_threshold=784 848
is_linear=0
shrinkage=0.03


Tree=198
num_leaves=15
num_cat=2
split_feature=43 46 46 19 15 45 12 11 9 9 11 11 12 45
split_gain=22.2313 50.4092 36.0846 73.4427 34.0331 52.7422 49.4915 46.5448 43.532 32.9763 53.8123 43.9617 32.6054 32.2134
threshold=0.41428571428571431 0 1 -4.7037714904691681 0.60431511983655939 0.54593558084106919 0.049666098080606604 0.77066631992934986 -0.74270485749179527 0.35388907716755491 -0.97106133768605185 2.1654184360741673 0.0060128678871447707 1.2526148992499326
decision_type=10 1 1 2 8 10 2 10 10 8 8 8 2 10
left_child=1 -1 3 -2 6 7 13 -6 -8 -3 -11 12 -12 -4
right_child=2 9 4 -5 5 -7 8 -9 -10 10 11 -13 -14 -15
leaf_value=-0.00087203079833126111 -0.0055944674427180806 0.0012971998225205443 -0.00011554625329041248 0.0017716476900969252 -0.020096728962593648 -0.0018813077916013928 0.0050848663844387503 -0.0018647743840830493 -0.01887558325998159 0.018222027241443287 -0.013568357544236043 0.01539043205749206 0.0030826821280453558 0.0058752783534940988
leaf_weight=8843.9754151254892 1368.7282358855009 9332.1790759116411 9566.5804365873337 10463.274675220251 266.90562388300896 10016.317962959409 93.156972765922546 235.39612349867821 213.07063409686089 246.02874824404716 102.18943125009537 246.08185775578022 1914.5769073069096 872.2708131223917
leaf_count=38653 6020 40650 41883 45563 1213 45021 436 1119 961 1070 481 1043 8772 3713
internal_value=6.97857e-05 0.000841082 -0.000412388 0.000914757 -0.00115084 -0.00236357 3.63549e-05 -0.0117558 -0.0116563 0.00211919 0.00516786 0.00367462 0.00217619 0.000390191
internal_weight=53780.7 20685 33095.7 11832 21263.7 10518.6 10745.1 502.302 306.228 11841.1 2508.88 2262.85 2016.77 10438.9
internal_count=236598 90669 145929 51583 94346 47353 46993 2332 1397 52016 11366 10296 9253 45596
cat_boundaries=0 1 2
cat_threshold=848 848
is_linear=0
shrinkage=0.03


Tree=199
num_leaves=15
num_cat=2
split_feature=5 15 46 24 14 12 30 15 10 45 11 46 41 11
split_gain=21.1433 34.2894 39.7889 37.4313 37.245 21.803 44.4705 116.906 81.8999 74.5724 75.1874 76.2979 65.2558 50.3738
threshold=1.6237573385336186 0.95390429884542682 0 0.02305323477302296 0.86867021173983072 0.016863392459373534 2.5000000000000004 0.33173076923076933 0.094694690099241988 1.0475926253791639 -0.80296792993455124 1 0.15000000000000005 -1.9147650664834674
decision_type=8 8 1 8 10 2 2 10 10 10 10 1 2 8
left_child=1 5 3 -3 -4 6 8 9 12 10 -8 -12 -1 -14
right_child=-2 2 4 -5 -6 -7 7 -9 -10 -11 11 -13 13 -15
leaf_value=-0.0043781282929913207 -0.0027447097887734334 0.0032070884583726058 0.024761098381745495 -0.018647713221826942 0.0062638217464721091 -0.00073126293445403725 -0.0064052629432515412 -0.0024708033300155537 0.0050283617504720554 0.0081372614490676162 0.012193151425731607 8.3811760368837556e-05 -0.010462062466085789 0.0029408222582340384
leaf_weight=2214.9731093645096 2611.9815035611391 234.52186493575573 112.05627582967281 89.537331461906433 563.93038928508759 24543.298026308417 987.10776948928833 9727.4628262221813 4570.0542697906494 1749.2740189284086 627.28640566766262 1704.9431437551975 261.00278310477734 3711.5490893870592
leaf_count=9589 12151 1074 470 398 2613 107779 4262 43722 19727 7373 2693 7346 1129 15977
internal_value=-0.000117304 1.75146e-05 0.00549015 -0.00311557 0.00950772 -9.28052e-05 0.000520455 -0.000546626 0.00198727 0.00314377 0.000495682 0.00343136 -0.000263339 0.00203617
internal_weight=53709 51097 1000.05 324.059 675.987 50097 25553.7 14796.1 10757.6 5068.61 3319.34 2332.23 6187.52 3972.55
internal_count=236303 224152 4555 1472 3083 219597 111818 65396 46422 21674 14301 10039 26695 17106
cat_boundaries=0 1 2
cat_threshold=546 524
is_linear=0
shrinkage=0.03


Tree=200
num_leaves=15
num_cat=2
split_feature=44 46 46 45 24 11 0 8 40 17 44 11 38 44
split_gain=24.4872 46.1699 40.3198 45.7978 42.4847 37.0001 33.6076 30.8362 30.2771 42.4866 29.8432 30.7892 40.3115 29.7401
threshold=-0.0026750264784648928 0 1 0.51727025333659349 -0.032968370023491088 -0.55015613235260041 0.0022220728367105089 -1.888106133488608 -1.2215412720843022 -1.3085707403829641 -0.0233349193669798 -1.600517049591518 -0.098351541399283718 -0.038524383864857147
decision_type=8 1 1 10 10 8 10 8 10 2 10 8 10 10
left_child=2 7 4 -4 5 -1 -6 -2 9 -8 -5 -12 -13 -11
right_child=1 -3 3 10 6 -7 8 -9 -10 13 11 12 -14 -15
leaf_value=0.014890500221753127 -0.015100308372982438 -0.001784442664721816 0.018495316295776641 -0.0025012775790803007 -0.01022192461407221 0.0034221976663126948 -0.0011141522026255695 0.00085980154735845618 0.00096269528424924096 0.023222805387333682 -0.0061858259011627397 0.003670998353297962 -0.00091083995489555703 0.0074549825695378264
leaf_weight=371.36795236170292 99.989081218838692 15180.201437607408 102.07190865278244 5277.9402777254581 217.0700199753046 779.21019177138805 432.15473183989525 11763.240815982223 11237.030923262239 132.45520836114883 576.09453128278255 2917.7920745909214 4210.5438336730003 522.80633386969566
leaf_count=1586 449 67445 442 23240 983 3405 1930 51321 49717 580 2500 12515 18414 2283
internal_value=-5.32064e-05 -0.000689824 0.000589774 -0.000600987 0.00172648 0.00722019 0.0012185 0.000712078 0.00142812 0.00618511 -0.000765711 0.000424944 0.000967127 0.0109435
internal_weight=53820 27043.4 26776.5 13084.4 13692.1 1150.58 12541.5 11863.2 12324.4 1087.42 12982.4 7704.43 7128.34 655.262
internal_count=236810 119215 117595 57111 60484 4991 55493 51770 54510 4793 56669 33429 30929 2863
cat_boundaries=0 1 2
cat_threshold=976 47
is_linear=0
shrinkage=0.03


Tree=201
num_leaves=15
num_cat=0
split_feature=23 37 19 42 44 45 44 45 1 45 10 20 39 10
split_gain=27.9197 22.582 39.9284 22.9627 22.4112 20.3705 67.953 61.2449 44.746 44.3724 43.2525 42.9065 46.3716 43.486
threshold=0.059816163208428315 0.087027320021287977 -2.5633297875179815 0.81666666666666676 -0.13770084031650745 1.0475926253791639 -0.074236961727395537 1.1002752897966654 0.0053105644832712922 0.95522984248596754 0.48709712577063907 0.74957973277821333 -0.56849317091620277 0.073604706685167262
decision_type=8 10 2 10 10 10 10 10 10 10 8 10 10 10
left_child=4 3 -3 -2 -1 6 9 11 -9 10 -6 12 -7 -14
right_child=1 2 -4 -5 5 7 -8 8 -10 -11 -12 -13 13 -15
leaf_value=-0.0091433940568902711 0.01150078133388807 -0.014179612572938698 0.0041710125626884349 -0.0013108160535363334 0.025314779716056085 0.0070644536652266455 -0.00064291133801082769 0.01742482284785515 -0.00014853531402751109 -0.0068979291745170567 0.0057984258033660441 0.010044034027212222 -0.0036833063848226849 0.0039589319898388946
leaf_weight=227.45894089341164 496.0023954808712 124.02589038014412 513.81336635351181 165.08212059736252 177.39140190184116 1315.9665310978889 28187.193935662508 121.32179896533489 18628.799713492393 103.71161477267742 242.43904989957809 806.34065766632557 1310.2134592831135 1350.8978365510702
leaf_count=1030 2085 537 2246 710 806 5713 125146 514 81024 471 1082 3634 5670 5921
internal_value=0.000160081 0.0044879 0.000438993 0.00832968 5.21123e-05 9.38894e-05 -0.000442369 0.00074803 -2.56001e-05 0.0101644 0.0144418 0.00377424 0.00248106 0.000196529
internal_weight=53770.7 1298.92 637.839 661.085 52471.7 52244.3 28710.7 23533.5 18750.1 523.542 419.83 4783.42 3977.08 2661.11
internal_count=236589 5578 2783 2795 231011 229981 127505 102476 81538 2359 1888 20938 17304 11591
is_linear=0
shrinkage=0.03


Tree=202
num_leaves=15
num_cat=0
split_feature=44 40 12 1 18 10 1 1 16 40 45 45 45 10
split_gain=24.415 37.6856 30.6299 47.9706 78.6065 39.2925 33.6677 41.1962 33.3521 33.3341 41.7168 30.4358 36.8584 60.061
threshold=-0.0020242792535779502 -2.326509925832196 0.032500806749536253 0.017806128950919504 -0.38694599699660681 2.2636450645458153 0.015526775863013145 0.032856810192967344 0.090561935131198854 -1.2929908372390331 1.042786884938993 0.87123853286870145 1.1791811602757998 -0.12873067444922534
decision_type=10 10 2 8 2 8 8 8 8 8 8 8 8 10
left_child=2 -2 3 5 8 -1 -4 9 -5 10 -8 -10 13 -13
right_child=1 -3 6 4 -6 -7 7 -9 11 -11 -12 12 -14 -15
leaf_value=0.00047658148383156879 -0.01665680867225949 -0.00050841818669210281 0.013152835459537127 0.014858739960115061 0.010111770125303881 0.01477888607070043 0.014360476895155292 0.0031121907607517944 0.012051241148846255 -0.0070679073879668444 -0.0051154011212600986 -0.018404065149118964 0.0015604639928974596 0.0038084827155554918
leaf_weight=22020.971928521991 120.72883199155331 26112.950083881617 112.59507851302624 103.73546260595322 1280.7934165000916 164.2626316100359 153.22835424542427 735.50273638963699 110.27550341188908 1605.3102666139603 242.60408070683479 281.08760331571102 511.45222480595112 170.94121858477592
leaf_count=96548 542 115165 506 450 5499 720 698 3217 489 7241 1149 1248 2191 746
internal_value=6.55224e-05 -0.000589053 0.000690107 0.00103077 0.00499831 0.000589089 -0.00224968 -0.00292897 -0.00060206 -0.00515379 0.00259187 -0.00221905 -0.00395937 -0.0101034
internal_weight=53726.4 26233.7 27492.8 24643.5 2458.29 22185.2 2849.24 2736.65 1177.49 2001.14 395.832 1073.76 963.481 452.029
internal_count=236409 115707 120702 107891 10623 97268 12811 12305 5124 9088 1847 4674 4185 1994
is_linear=0
shrinkage=0.03


Tree=203
num_leaves=15
num_cat=0
split_feature=32 30 40 11 37 12 37 38 37 40 37 37 39 10
split_gain=22.7086 32.9325 33.0961 78.5819 42.2488 38.4056 36.7879 30.1894 28.9169 33.0575 32.3399 42.5641 30.156 30.0542
threshold=-0.23342274625466639 3.5000000000000004 -1.7429079314650811 -0.82818974517078014 -2.1777408768672668 0.016863392459373534 -1.2199158939915844 -2.6065503240709633 0.53770606249899522 -1.6830330995217275 -1.9169856374564767 -2.284178335761283 -1.7382987568501616 -1.1681424311725912
decision_type=10 2 8 8 10 2 10 10 10 8 10 10 10 8
left_child=1 2 3 4 -1 -4 -6 -2 9 12 11 -11 -3 -12
right_child=7 8 5 -5 6 -7 -8 -9 -10 10 13 -13 -14 -15
leaf_value=0.0001287928550635668 0.012933441559267496 -0.0016885975818742292 0.0015892019321975268 -0.0075809280696986442 0.036512904737597711 -0.0019686633002251701 0.010120070192467877 0.00035831569974905623 -0.0056720247232325272 -0.0030083099494810106 -0.0074002943470481732 0.020880084292787853 -0.018679228755956605 -0.00034855091218626575
leaf_weight=92.13630299270153 162.68282639980316 198.63138516247272 5405.0254848599434 179.63031765818596 101.84949532151222 5498.2940558493137 101.08789175748825 34804.195606514812 1852.6777478903532 124.72498781979084 614.49315722286701 130.00432522594929 172.33652685582638 4226.3227828890085
leaf_count=431 684 887 23491 802 432 24251 426 152768 8837 539 2710 550 749 18577
internal_value=-3.0744e-05 -0.000874423 0.000135699 0.00780631 0.017115 -0.000205108 0.0244587 0.000420502 -0.00244275 -0.00133994 -0.000701198 0.00951163 -0.00986487 -0.00125711
internal_weight=53664.1 18697.2 11378 474.704 295.074 10903.3 202.937 34966.9 7319.19 5466.51 5095.55 254.729 370.968 4840.82
internal_count=236134 82682 49833 2091 1289 47742 858 153452 32849 24012 22376 1089 1636 21287
is_linear=0
shrinkage=0.03


Tree=204
num_leaves=15
num_cat=1
split_feature=1 25 14 12 14 9 45 11 40 46 1 35 39 40
split_gain=26.1885 53.7973 37.2958 33.9515 40.8765 72.822 49.1155 44.1034 40.2572 35.6824 40.6663 35.4835 47.7755 71.1826
threshold=0.032856810192967344 -0.34438302186978986 0.34446235921299567 0.035993864724723199 0.66541894044423466 -0.56173898116000165 1.0280141284734527 1.5110404442705443 -1.2718227186651552 0 0.027723178217689898 -2.0787232251000596 -1.0738947517226278 -1.5799783755273065
decision_type=8 10 10 2 10 10 8 10 8 1 10 8 10 10
left_child=3 -2 -3 11 7 -6 -7 8 -5 10 -10 -1 -13 -14
right_child=1 2 -4 4 5 6 -8 -9 9 -11 -12 12 13 -15
leaf_value=0.0050916392345274541 0.0095513506325320217 -0.012628896805177064 0.0021688513278676582 -0.00019078418975752672 0.021853468414950568 -0.011225225281052289 0.004710473494881128 0.0071192349685979409 0.0032875784341330782 -0.012855774218357643 -0.018340316203622042 -0.0028476996280401728 0.022253627605555871 0.00023595395462484931
leaf_weight=1247.8365325182676 755.42563709616661 195.03897668421268 599.11334571242332 572.45428471267223 133.83294175565243 275.74005949497223 435.9938488304615 219.14294935762882 312.52253983914852 928.96065506339073 93.45265531539917 4802.9258567243814 122.56137889623642 42966.948022171855
leaf_count=5269 3225 912 2608 2671 589 1237 1921 975 1425 4256 422 21171 512 188939
internal_value=4.38195e-05 0.00387445 -0.00157724 -7.0807e-05 -0.00317892 0.0023804 -0.00153333 -0.00539026 -0.00685712 -0.00969315 -0.00196499 0.000117786 -1.28431e-05 0.000303729
internal_weight=53661.9 1549.58 794.152 52112.4 2972.1 845.567 711.734 2126.53 1907.39 1334.94 405.975 49140.3 47892.4 43089.5
internal_count=236132 6745 3520 229387 13496 3747 3158 9749 8774 6103 1847 215891 210622 189451
cat_boundaries=0 1
cat_threshold=85
is_linear=0
shrinkage=0.03


Tree=205
num_leaves=15
num_cat=0
split_feature=7 29 41 30 35 38 7 39 12 11 19 11 44 38
split_gain=25.4285 34.2853 25.9267 36.3762 25.24 25.2365 23.4741 49.8222 50.4163 40.9309 40.7593 38.7396 41.3577 36.2309
threshold=1.3037140880886102 15.000000000000002 0.8500000000000002 1.5000000000000002 1.2650978834121303 0.19547345827769239 -0.66462517545743183 0.46772567244585855 0.026987738430966763 0.55833266937426196 -0.50397249591233662 -2.0739197901324373 -0.0024628866703029421 0.30647264110333333
decision_type=10 2 2 2 8 8 8 8 2 10 2 8 10 10
left_child=6 4 -3 -4 -2 -6 7 8 11 -10 13 -1 -13 -9
right_child=1 2 3 -5 5 -7 -8 10 9 -11 -12 12 -14 -15
leaf_value=-0.0090476593008509548 -0.00222348217556199 -0.009987225371686035 0.0064864092831913396 -0.0064240583137841556 -0.010286502546250456 0.0050928228741319841 0.00056325980437552949 -0.0027732151316964509 -0.0022952958895611159 -0.013270529006661225 -0.0082448642930645979 0.0032732645102735076 -0.0011420996252846547 0.014500746126610122
leaf_weight=323.46764615178108 2010.9432119876146 699.25014491379261 282.04288625717163 592.6181825697422 97.659294635057449 925.91326105594635 36903.672993332148 486.01656711101532 1792.5018049478531 360.41045053303242 1340.5677346736193 4476.6564334183931 3316.6196188181639 130.21763209998608
leaf_count=1427 9169 3236 1260 2854 451 4514 161626 2144 8153 1636 6112 19077 14223 583
internal_value=-1.4209e-05 -0.00214249 -0.00572026 -0.00223469 -0.000274109 0.00354015 0.00018582 -0.000952954 -0.000115105 -0.00418548 -0.0053272 0.000968356 0.00139514 0.00105025
internal_weight=53738.6 4608.43 1573.91 874.661 3034.52 1023.57 49130.1 12226.5 10269.7 2152.91 1956.8 8116.74 7793.28 616.234
internal_count=236465 21484 7350 4114 14134 4965 214981 53355 44516 9789 8839 34727 33300 2727
is_linear=0
shrinkage=0.03


Tree=206
num_leaves=15
num_cat=0
split_feature=40 40 38 39 0 11 11 39 11 11 40 39 11 40
split_gain=18.7831 44.4311 39.2611 53.582 55.1846 33.2251 25.9622 23.8481 53.8577 46.9059 46.1208 31.1264 80.9937 63.7391
threshold=2.23283889851727 1.8109724888670573 1.1093813034280668 1.8245438580862638 0.0081085709248571985 2.0921551643894545 -0.36365319412780772 1.9599887713377362 2.029749964309405 -0.1058736913444409 1.0278784270433972 1.1672008633511177 1.6665900934903779 1.3042398413207419
decision_type=10 10 10 10 10 8 10 10 10 10 10 8 10 8
left_child=1 7 3 4 -2 -3 -4 11 9 -9 -11 -1 13 -13
right_child=2 5 6 -5 -6 -7 -8 8 -10 10 -12 12 -14 -15
leaf_value=0.00013122236101998947 0.00052179387916813607 -0.0070444335195902893 -0.015648328299644056 -0.00078691597315681924 0.030855501228823905 0.010492364964098593 0.0015301980386311605 0.021063673872258042 0.022658036963152481 0.010775788266935872 -0.0051382288491529787 -0.006925507175705805 0.0064961077023311378 0.001319566440828053
leaf_weight=45684.953908190131 83.001301482319832 1185.2228720039129 80.449952974915504 195.25147230923176 146.23686687648296 97.062120676040649 626.26229870319366 91.495155200362206 119.11029252409935 219.37000866234303 564.3929181843996 2571.1764276772738 749.46124121546745 1249.5087894201279
leaf_count=199097 403 5868 404 877 675 446 3131 397 491 951 2504 11831 3269 5795
internal_value=-6.9514e-05 -0.000152203 0.00373816 0.0108352 0.0203533 -0.00564607 -0.000616403 -1.36693e-05 0.00456359 0.00187306 -0.000604361 -0.000105127 -0.00246289 -0.00423265
internal_weight=53663 52531.8 1131.2 424.49 229.238 1282.28 706.712 51249.5 994.368 875.258 783.763 50255.1 4570.15 3820.69
internal_count=236139 230649 5490 1955 1078 6314 3535 224335 4343 3852 3455 219992 20895 17626
is_linear=0
shrinkage=0.03


Tree=207
num_leaves=15
num_cat=0
split_feature=40 1 40 35 38 38 36 39 11 40 11 12 39 11
split_gain=19.8964 44.1828 30.4989 29.0545 34.1645 28.9176 42.9532 25.6406 37.4221 45.2089 37.9043 40.9891 29.6233 56.1059
threshold=2.23283889851727 0.0095371248327150732 1.6870672059675229 -0.18034269949706502 1.375365108375797 0.72519537864029304 -0.25208161887339237 1.9599887713377362 -0.020633832014961554 1.0465784018879136 1.9174994465480419 0.013539352613991111 1.1672008633511177 1.6665900934903779
decision_type=10 10 10 10 10 10 10 10 8 10 10 2 10 10
left_child=2 3 7 -2 -5 -4 -7 12 -9 -10 11 -11 -1 -14
right_child=1 -3 5 4 -6 6 -8 8 9 10 -12 -13 13 -15
leaf_value=0.00010165137000627758 -0.017036491345056547 0.0087752618196246957 -0.00836232444139616 0.011988257683306568 -0.0061167613416563708 -0.016768367057289856 0.0012011723025855707 0.021869130564390233 0.01291876258467531 0.009366886163540044 0.013745903201735675 -0.011261647112958824 -0.0040711027499844418 0.0050453105995913704
leaf_weight=45598.671171322465 95.705944433808327 662.33265754580498 763.90928284823895 140.64545832574368 238.71613353490829 125.24485470354557 1034.6316899806261 94.790920630097389 253.06500889360905 108.05938866734505 98.173649355769157 328.56434212625027 3533.7117820680141 724.41008615493774
leaf_count=198604 494 3102 3712 663 1236 653 5074 408 1089 489 406 1429 16260 3149
internal_value=-8.76444e-05 0.00382053 -0.000172761 -0.00312579 0.000731041 -0.00387051 -0.000865948 -3.18258e-05 0.00500772 0.00273039 -0.00223936 -0.0060609 -0.000122031 -0.00251199
internal_weight=53800.6 1137.4 52663.2 475.068 379.362 1923.79 1159.88 50739.4 882.653 787.862 534.797 436.624 49856.8 4258.12
internal_count=236768 5495 231273 2393 1899 9439 5727 221834 3821 3413 2324 1918 218013 19409
is_linear=0
shrinkage=0.03


Tree=208
num_leaves=15
num_cat=0
split_feature=35 30 8 30 41 29 12 1 10 39 30 20 12 39
split_gain=23.2652 61.1193 62.3878 54.3819 101.071 43.4233 39.255 38.7402 45.7028 37.2196 34.9335 79.7544 60.4372 69.1665
threshold=0.76898356273977397 4.5000000000000009 -0.6463776346648854 1.5000000000000002 0.75000000000000011 5.0000000000000009 0.0098586510510366137 0.0067627227096670297 -0.15002130496370089 -0.020343768163491007 3.5000000000000004 -0.19926378499292155 0.067211349813508237 -0.81625380385857838
decision_type=8 2 10 2 2 2 2 8 10 8 2 10 2 10
left_child=10 2 7 4 -4 -5 -3 -2 -9 -7 11 -1 -12 -14
right_child=1 6 3 5 -6 9 -8 8 -10 -11 12 -13 13 -15
leaf_value=-0.00090609067878412799 -0.012035814702012719 -0.0059701436152178721 -0.0066314508476360192 -0.00032971651987502836 0.0045830197177777554 -0.0016245604592805276 0.0046539484647703791 0.012834399033289137 -0.0035504715115483418 -0.0092406602632146544 -0.00089863137368207985 0.0025309220899851327 0.030346995813829658 -0.0027589688770361448
leaf_weight=10944.001961067319 92.411376744508743 363.97109910845757 1276.9325393289328 1037.4478082060814 1641.4736434370279 766.56140944361687 1939.4704434275627 483.4092638194561 216.92630845308304 2393.312359854579 18707.821098163724 13639.696541294456 109.75097860395908 105.12810470163822
leaf_count=47620 409 1686 5677 4816 7256 3390 8799 2092 944 11268 82506 59026 493 463
internal_value=-4.7074e-05 -0.001335 -0.00258715 -0.00347763 -0.000329699 -0.0056604 0.00295667 0.00534952 0.00778071 -0.00740401 0.000255468 0.00100111 -0.000713262 0.0147477
internal_weight=53718.3 10211.9 7908.47 7115.73 2918.41 4197.32 2303.44 792.747 700.336 3159.87 43506.4 24583.7 18922.7 214.879
internal_count=236445 46337 35852 32407 12933 19474 10485 3445 3036 14658 190108 106646 83462 956
is_linear=0
shrinkage=0.03


Tree=209
num_leaves=15
num_cat=0
split_feature=38 41 36 33 30 40 40 35 38 38 16 40 35 38
split_gain=21.8942 40.5914 42.3044 45.9806 43.359 39.0487 51.9 42.7795 38.3851 36.3415 31.8778 28.0204 99.6372 78.0341
threshold=1.291053530754555 0.8500000000000002 0.48517409480678003 -0.60028455113739854 3.5000000000000004 2.1476766932995162 1.8109724888670573 -0.439133993140781 0.99403871843179159 1.540317004513033 0.63291958437234797 0.76448683737830814 -0.67640617265540703 0.54124529018092982
decision_type=8 2 10 10 2 10 10 10 10 10 8 10 10 10
left_child=5 -2 3 -3 9 6 11 -7 -8 -5 -9 13 -13 -1
right_child=1 2 -4 4 -6 7 8 10 -10 -11 -12 12 -14 -15
leaf_value=0.00045957688497958398 -0.0056832958464429692 -0.0079908632422164422 -0.0024342171714760827 0.0022491188548224928 0.00071508764432829275 -0.010119975404919858 -0.011142381743807649 0.025385817068936632 0.0083204827436705077 0.019495439951445193 0.0070132990702939501 -0.006483028306286563 0.0033312430983833945 -0.0032155471039698891
leaf_weight=33823.044036522508 1678.583368614316 202.19483360648155 2146.0750824511051 170.40048366785049 447.09323006868362 92.724726259708405 569.24269798398018 103.72742533683777 100.67735080420971 315.51984582841396 392.83783224225044 1080.8837434500456 6359.4370538890362 6134.0361269265413
leaf_count=146659 7897 958 10212 737 2161 459 2779 467 484 1395 1802 4929 27954 27133
internal_value=-7.16282e-06 -0.00190386 4.09511e-05 0.00470057 0.00750653 0.000186531 9.16255e-05 0.00779708 -0.0081381 0.0136149 0.0112765 0.000209637 0.0018987 -0.000105275
internal_weight=53616.5 4959.87 3281.28 1135.21 933.014 48656.6 48067.3 589.29 669.92 485.92 496.565 47397.4 7440.32 39957.1
internal_count=236026 23360 15463 5251 4293 212666 209938 2728 3263 2132 2269 206675 32883 173792
is_linear=0
shrinkage=0.03


Tree=210
num_leaves=15
num_cat=0
split_feature=16 30 40 45 0 40 13 19 44 2 2 10 1 30
split_gain=21.1808 58.6894 49.0765 64.3203 38.1034 32.9242 60.3378 57.1798 47.6011 43.5745 50.1966 49.1321 51.4663 53.6217
threshold=0.094594594594594725 1.5000000000000002 -1.002746323103848 1.5929286176654769 0.0091667113980840268 -1.8610102854390049 31.61552667187534 -5.454417602712426 0.033983952977558872 1.1604300961202658 0.6117750854293037 -0.90714964795032194 0.020797413148565622 1.0000000180025095e-35
decision_type=10 2 10 10 8 10 10 2 10 10 10 10 10 2
left_child=1 -1 4 -4 -3 6 -2 9 -8 10 -7 12 13 -12
right_child=5 2 3 -5 -6 7 8 -9 -10 -11 11 -13 -14 -15
leaf_value=-0.0036779711039613993 -0.010939794441720432 -0.010085278797181577 0.0096457062623703117 -0.01450118204932116 0.0028919525728055137 -0.00080619258118832106 0.015755672670191897 -5.7975358723748092e-06 -0.0072675615079151341 0.0029251720034761267 0.0063152813888395203 -0.0013091207201213161 -0.025724562758237732 -0.012661512975704323
leaf_weight=1085.9100085049868 131.10796904563904 260.99402795732021 1435.3068912029266 97.869127243757248 809.28177538514137 1113.92882335186 402.29825752973557 46021.283546775579 94.227784261107445 644.513327434659 157.10804985463619 504.96518550813198 210.39018940925598 731.42790070176125
leaf_count=4801 588 1135 6031 422 3521 4877 1695 202898 404 2819 706 2216 1006 3283
internal_value=-3.27138e-05 0.00215776 0.00459662 0.00802033 -0.000336698 -0.000194705 0.00657879 -0.000282107 0.0113292 -0.0040528 -0.00571224 -0.00909346 -0.0126264 -0.00927316
internal_weight=53700.6 3689.36 2603.45 1533.18 1070.28 50011.3 627.634 49383.6 496.526 3362.33 2717.82 1603.89 1098.93 888.536
internal_count=236402 15910 11109 6453 4656 220492 2687 217805 2099 14907 12088 7211 4995 3989
is_linear=0
shrinkage=0.03


Tree=211
num_leaves=15
num_cat=0
split_feature=39 38 30 1 1 15 39 40 15 38 20 30 19 39
split_gain=24.4204 78.0549 46.52 71.0583 62.5454 45.2461 44.2771 53.4286 74.7985 67.2663 56.5989 56.2801 55.6713 67.1905
threshold=-1.1929641045859751 0.22796957868653941 1.5000000000000002 0.038320598074669719 0.021825119449646376 0.1024590163934427 -0.5187481499629113 -0.10329877603325589 0.28772332538321749 -0.93662088649887199 -0.87054649449250998 4.5000000000000009 2.6604755313790398 0.54486852180598511
decision_type=10 10 2 8 10 10 10 10 10 10 10 2 2 10
left_child=1 2 4 5 -1 -4 -2 12 9 -9 -11 -12 -8 -14
right_child=6 -3 3 -5 -6 -7 7 8 -10 10 11 -13 13 -15
leaf_value=-0.0030834133323617342 0.0020011455028020489 -0.013251274739912213 -0.0053065360413889259 0.025538952297462881 -0.023398930969561343 0.0026728704784684601 -0.0032661562320457321 0.016594859732919905 -0.00010940115904566239 -0.0085442734902989714 0.0017170869597415833 0.012931899567058909 0.0062061377817196235 -0.0075180954366651266
leaf_weight=1253.0107536911964 9624.7096322625875 490.60596740245819 885.1058740913868 94.574927479028702 143.75963924825191 2230.5204340219498 7907.2120374441147 386.51878908276558 26648.796347305179 310.32270416617393 1346.8872234970331 566.86355882883072 1256.4467387795448 420.78897853195667
leaf_count=5643 41342 2332 3930 420 693 9671 34401 1638 118914 1320 5779 2394 5464 1906
internal_value=-2.71988e-05 -0.00200025 -0.000775996 0.00121404 -0.00532581 0.000396308 0.000180682 -0.00027079 0.000366136 0.00520229 0.00315697 0.00508893 -0.00221355 0.00273882
internal_weight=53566.1 5097.58 4606.97 3210.2 1396.77 3115.63 48468.5 38843.8 29259.4 2610.59 2224.07 1913.75 9584.45 1677.24
internal_count=235847 22689 20357 14021 6336 13601 213158 171816 130045 11131 9493 8173 41771 7370
is_linear=0
shrinkage=0.03


Tree=212
num_leaves=15
num_cat=0
split_feature=24 23 42 45 10 9 39 38 11 16 39 40 39 15
split_gain=22.0128 41.9515 59.4221 27.4567 23.1853 39.6345 29.7185 37.1499 32.0736 24.977 41.6224 41.8643 28.2663 27.9611
threshold=0.005599883616870944 0.037907718847772505 0.61250000000000016 0.75825209771169544 -1.3460112815095653 0.38541373607991375 -0.28303095487587138 -0.32057504902469108 -0.61741069661293557 0.12061705451440315 -0.98884515999362288 -1.0782791749016345 -0.040975585168344326 0.11122397731808441
decision_type=10 10 8 8 8 10 10 10 10 8 10 10 10 8
left_child=1 4 -3 -2 5 6 -1 -8 -9 10 -6 -12 -13 -11
right_child=3 2 -4 -5 9 -7 7 8 -10 13 11 12 -14 -15
leaf_value=-0.0012180795467039848 -0.0031679366333784076 0.019796848454888761 -0.0032479977417774275 -0.00027283020343459578 -0.00073101530412471218 0.012904088036423905 -0.018062289773530294 -0.0077849917033729716 0.010975895414334675 -0.0041963534749535512 0.025593302534988378 0.0083675746679865021 -0.00400056263357764 0.00054190923884200328
leaf_weight=1660.5126678794622 3563.8965563178062 226.34930349886417 171.16452994942665 16854.498598217964 974.54618175327778 133.0440619289875 233.99609026312828 327.49169321358204 98.863936632871628 1158.973651945591 98.109985917806625 776.52763575315475 204.38064150512218 27265.383080020547
leaf_count=7317 16212 972 735 74281 4266 584 1049 1450 423 5036 411 3245 873 119734
internal_value=-3.99648e-06 0.00047116 0.0100378 -0.000779455 0.000352671 -0.00244676 -0.00337833 -0.00871128 -0.00328285 0.000578794 0.00376575 0.00779654 0.0057762 0.000347304
internal_weight=53747.7 33329.3 397.514 20418.4 32931.8 2453.91 2320.86 660.352 426.356 30477.9 2053.56 1079.02 980.908 28424.4
internal_count=236588 146095 1707 90493 144388 10823 10239 2922 1873 133565 8795 4529 4118 124770
is_linear=0
shrinkage=0.03


Tree=213
num_leaves=15
num_cat=0
split_feature=32 33 39 40 38 38 39 0 7 37 40 39 37 10
split_gain=24.1008 38.1186 34.271 67.0522 57.3956 29.5204 28.0248 62.3643 74.634 32.5893 58.1071 60.0994 59.8143 59.6806
threshold=-0.70378890079590828 -0.0068051173295692923 0.009680169040392787 -0.060167525232830039 0.024115709529727358 -2.9303608724780625 -1.803152513603415 0.010931090964593949 -0.71701516963528478 -1.730175991096025 -1.5799783755273065 -1.0738947517226278 -0.50870178842354929 -0.84280811379089537
decision_type=10 8 10 10 10 10 10 10 10 10 10 10 10 10
left_child=1 2 3 -1 -5 -2 7 -7 -9 -8 12 13 -11 -12
right_child=5 -3 -4 4 -6 6 9 8 -10 10 11 -13 -14 -15
leaf_value=-0.00030986173209923495 0.016091468127090447 -0.0049049730691707073 -0.0030215509722981929 0.017610291926377121 -0.00062523932812472822 -0.018462587597663865 0.0051926534635799819 -0.0072972855085515929 0.021618812232234448 0.00046511207576895838 -0.0091481707472675783 0.00028596739714833677 0.017011710635066339 -0.00030566474791438654
leaf_weight=3307.7822610735893 95.256543293595314 2199.7854246646166 2588.6967081874609 375.27084009349346 259.17235022783279 221.28807540237904 1169.0414261072874 256.94067075848579 104.96768417954445 421.8858377635479 1237.7626728862524 39625.342179477215 359.19068442285061 1530.0046558231115
leaf_count=14514 408 9890 11627 1602 1124 1018 4914 1162 446 1810 5649 174213 1514 6764
internal_value=-5.74534e-05 -0.00149904 -0.000346085 0.00141398 0.0102669 0.000222373 0.000185152 -0.00629244 0.00144531 0.000271744 0.000137328 -1.29956e-05 0.00819319 -0.00427879
internal_weight=53752.4 8730.71 6530.92 3942.23 634.443 45021.7 44926.4 583.196 361.908 44343.2 43174.2 42393.1 781.077 2767.77
internal_count=236655 38757 28867 17240 2726 197898 197490 2626 1608 194864 189950 186626 3324 12413
is_linear=0
shrinkage=0.03


Tree=214
num_leaves=15
num_cat=0
split_feature=39 0 13 11 10 37 12 20 36 40 30 41 33 36
split_gain=21.2656 88.4711 53.9181 35.3535 32.3088 28.2358 71.2088 52.2638 29.2561 71.9423 46.873 73.5999 93.9881 46.6902
threshold=-1.8897943041667877 0.010739399933000377 39.995453546024457 -0.87904540959591049 -1.1681424311725912 -1.9169856374564767 0.043544364269850776 -1.2814671814928065 -0.2795919952240164 -1.2215412720843022 5.5000000000000009 0.75000000000000011 0.053489450919805427 0.70914958870134448
decision_type=10 8 8 8 10 10 2 10 10 10 2 2 10 10
left_child=1 3 4 -1 -3 6 7 -2 -7 -10 -11 -12 -13 -14
right_child=5 2 -4 -5 -6 8 -8 -9 9 10 11 12 13 -15
leaf_value=-0.0031368737728497396 -0.0039355416510242422 -0.0084644719320724638 0.019097830872472916 -0.026263674326937644 0.0075386734884336261 -0.0010123143122520379 -0.014678475578973178 0.010460878147904305 0.0066029456459324913 -0.00025070221849250962 0.0054939585920879604 -0.011224228967903954 0.0064940148201974648 -0.0064574081745044669
leaf_weight=92.542839929461479 296.63501286506653 303.82185705006123 119.45045393705368 173.18802507221699 168.60201507806778 16124.777562618256 146.20826494693756 897.91059994697571 1662.1633982509375 28510.412230521441 3349.0251578837633 633.69858932495117 891.14446780085564 337.93265950679779
leaf_count=396 1248 1405 509 814 766 71167 693 3756 7183 125683 14508 2852 3966 1565
internal_value=8.2274e-05 -0.00457644 0.00193115 -0.0186155 -0.00271528 0.000158723 0.00444039 0.0068829 4.64339e-05 0.000529059 0.000227809 0.0028409 -0.00193281 0.00290967
internal_weight=53707.5 857.605 591.874 265.731 472.424 52849.9 1340.75 1194.55 51509.2 35384.4 33722.2 5211.8 1862.78 1229.08
internal_count=236511 3890 2680 1210 2171 232621 5697 5004 226924 155757 148574 22891 8383 5531
is_linear=0
shrinkage=0.03


Tree=215
num_leaves=15
num_cat=2
split_feature=43 46 45 45 1 43 46 10 45 11 9 45 9 23
split_gain=21.6784 39.9129 54.3944 43.9992 60.036 50.6521 39.0529 66.2431 68.7177 47.6846 38.9976 37.4568 42.3888 33.3715
threshold=0.5277777777777779 0 0.86839494414721008 1.0617877417095163 0.017046200527051535 0.13392857142857145 1 -0.84280811379089537 1.0256410119885893 -0.65193868336879113 1.6647187106457044 1.1024351850577789 -0.44417000014475355 0.035240478930546888
decision_type=10 1 8 10 8 10 1 8 10 10 8 10 10 10
left_child=1 2 -1 4 -4 -5 7 8 9 -2 13 12 -7 -3
right_child=6 10 3 5 -6 11 -8 -9 -10 -11 -12 -13 -14 -15
leaf_value=0.013986018853212321 -0.016277884625748803 0.00081963772538630388 -0.0041662547108717186 0.0070498085376628807 -0.02216962374682736 0.012035587420292863 -0.0012742434062792862 0.0021250722595971515 0.0021068424658919169 -0.00012717268452888499 0.01046072318095 -0.0037710373474503772 -0.0035863866645492746 0.0054767874924600748
leaf_weight=184.63759119808674 502.29141274094582 19041.445352211595 1179.1705704927444 652.30452974140644 185.78007194399834 312.61181584000587 17956.376198127866 8217.2127438336611 665.59413811564445 242.59802387654781 404.03125376999378 2428.7230838835239 296.36163485050201 1484.0351283252239
leaf_count=822 2266 83494 5227 2837 835 1362 79838 35751 2901 1042 1850 10679 1313 6480
internal_value=0.000138429 0.000756825 -0.00158108 -0.0021793 -0.00676007 -0.000471163 -0.000448308 0.00109204 -0.00489113 -0.0110892 0.0013427 -0.00210402 0.00449792 0.00115886
internal_weight=53753.2 26169.1 5239.59 5054.95 1364.95 3690 27584.1 9627.7 1410.48 744.889 20929.5 3037.7 608.973 20525.5
internal_count=236697 114899 23075 22253 6062 16191 121798 41960 6209 3308 91824 13354 2675 89974
cat_boundaries=0 1 2
cat_threshold=768 848
is_linear=0
shrinkage=0.03


Tree=216
num_leaves=15
num_cat=0
split_feature=39 30 37 40 10 33 40 33 37 38 30 33 16 30
split_gain=26.096 44.3155 25.3356 58.3437 82.6626 100.148 63.349 73.8438 57.3676 83.4274 45.1236 79.4352 62.7454 58.3953
threshold=2.1360955966638504 1.0000000180025095e-35 0.3892068939431686 -0.62106447713901247 -0.52175685352895351 0.34309434551727741 0.58900727151886045 -1.1764595465228662 0.287303141755061 0.62323991512193788 2.5000000000000004 0.64286222336813248 0.65410829105214174 1.0000000180025095e-35
decision_type=10 2 8 8 8 10 10 10 10 10 2 10 10 2
left_child=2 -2 8 4 5 -4 -5 -8 9 -1 11 12 13 -9
right_child=1 -3 3 6 -6 -7 7 10 -10 -11 -12 -13 -14 -15
leaf_value=0.00038567279063301982 -0.0088394922560561997 0.0066684618709251285 -0.011512631458434879 -0.0034413696582991033 0.011437829343074406 0.010665946970220799 -0.014306680832544353 -0.00031194066848986418 0.0048825221975646064 -0.0067083673930328578 -0.0010659949398350913 -0.0020782267412872654 0.0024453599816016765 0.017624417602366861
leaf_weight=31111.143493071198 187.38550500571728 1058.0438947379589 441.72788648307323 8007.8019275069237 766.77997934818268 298.66320137679577 288.49639146029949 214.88785283267498 2356.7234299629927 1557.113188713789 4436.8420929461718 1321.8388286232948 1049.1352509260178 666.78694342076778
leaf_count=134965 824 4725 1977 35641 3274 1305 1388 909 10244 6946 21107 5987 4602 2831
internal_value=8.85194e-06 0.00428333 -9.33108e-05 -0.00102536 0.00459822 -0.0025432 -0.0015581 0.000334142 0.000372353 4.55902e-05 0.000901309 0.00357989 0.00744421 0.0132984
internal_weight=53763.4 1245.43 52517.9 17493 1507.17 740.391 15985.8 7977.99 35025 32668.3 7689.49 3252.65 1930.81 881.675
internal_count=236725 5549 231176 79021 6556 3282 72465 36824 152155 141911 35436 14329 8342 3740
is_linear=0
shrinkage=0.03


Tree=217
num_leaves=15
num_cat=0
split_feature=38 11 36 39 11 33 40 40 38 40 38 36 40 40
split_gain=22.9328 43.1343 28.608 42.1731 33.5094 31.6639 28.1149 42.8076 29.9357 29.7555 48.1169 97.3492 49.4802 45.231
threshold=1.4686978965374144 1.9702095882467348 1.0423766941413952 -0.395725956710267 -0.64003368891998746 -0.58714859409565856 2.1476766932995162 1.8109724888670573 1.1093813034280668 0.43555503510842047 0.53075676730610744 0.29521145930586795 -0.62106447713901247 -0.56764810546917766
decision_type=8 10 10 8 8 8 10 10 10 10 10 10 10 10
left_child=6 2 3 -2 -5 -6 7 9 -9 10 -1 12 -12 -13
right_child=1 -3 -4 4 5 -7 -8 8 -10 -11 11 13 -14 -15
leaf_value=0.0002322950827851445 -0.019543026965883007 0.0096725536353461962 -0.0058830233828453581 0.012215118521106542 -0.0097388884205192906 0.0012129413478259624 0.0064485406696464815 -0.0098090187111581316 0.0062458429042958133 0.0014324411731411002 0.0038910611768641096 0.0096285237731352624 -0.0095641572493647634 -0.00090969576354665805
leaf_weight=30039.380377560854 88.515405252575874 246.50720122456551 1682.8148586302996 189.12858201563358 283.08738835155964 1246.5449550002813 633.41178414225578 597.44137935340405 119.067601531744 13641.191207259893 278.00809794664383 422.77387833595276 1845.7325006425381 2387.7138092815876
leaf_count=130417 407 1131 8269 845 1375 5816 2939 2927 565 59854 1227 1841 8224 10616
internal_value=4.81955e-05 -0.00221559 -0.00308049 -0.000452953 0.000637537 -0.000863992 0.000217902 0.00013661 -0.00709182 0.000244582 -0.00021901 -0.00296145 -0.00779282 0.000704057
internal_weight=53701.3 3736.6 3490.09 1807.28 1718.76 1529.63 49964.7 49331.3 716.509 48614.8 34973.6 4934.23 2123.74 2810.49
internal_count=236453 17843 16712 8443 8036 7191 218610 215671 3492 212179 152325 21908 9451 12457
is_linear=0
shrinkage=0.03


Tree=218
num_leaves=15
num_cat=0
split_feature=39 39 11 40 11 11 40 36 43 16 37 14 37 41
split_gain=23.4595 29.7644 55.2326 52.815 97.315 57.2602 66.5109 56.2912 43.8396 37.7822 50.3994 37.6545 36.3945 42.2208
threshold=2.1360955966638504 1.2073693646355614 1.6665900934903779 1.284513635804047 0.80121405714862692 0.45493113096107668 0.13329341652266261 -0.74254016210323537 0.95000000000000007 0.61221795898966347 1.3853480487701553 0.71641791044776004 0.49433619521893696 0.95000000000000007
decision_type=10 8 10 10 10 8 10 10 10 8 10 10 8 2
left_child=1 -1 3 5 7 6 -3 -5 -4 10 -9 -11 -7 -14
right_child=-2 2 8 4 -6 12 -8 9 -10 11 -12 -13 13 -15
leaf_value=0.00015069757626606174 0.0040168058671649137 0.0099745551252700178 0.0074483342167016584 -0.018705818793054201 -0.0082406064374897243 0.0048134362305990728 -0.013976865575283149 0.016477162765787447 -0.0093514810987812298 -0.0037592353743698187 -0.0032321451635500221 0.0078899374430789482 -0.0096096417206468221 0.0040744412580806218
leaf_weight=46484.865309432149 1262.4505851566792 109.36272463202477 784.57218547165394 83.257146671414375 891.01096162199974 429.92318730056286 990.55447608232498 429.99278585612774 160.70349177718163 525.82098975777626 154.99070450663567 458.45028720796108 678.29580713808537 281.11070491373539
leaf_count=203052 5615 499 3469 438 4368 1939 4597 1962 726 2477 772 2247 3124 1314
internal_value=-8.11178e-06 -0.000105713 -0.00209647 -0.0033465 -0.000301937 -0.0064438 -0.011527 0.0040023 0.00452425 0.0053179 0.0112886 0.00169146 -0.00236586 -0.00559947
internal_weight=53725.4 52462.9 5978.05 5032.77 2543.52 2489.25 1099.92 1652.51 945.276 1569.25 584.983 984.271 1389.33 959.407
internal_count=236599 230984 27932 23737 12264 11473 5096 7896 4195 7458 2734 4724 6377 4438
is_linear=0
shrinkage=0.03


Tree=219
num_leaves=15
num_cat=1
split_feature=39 11 37 11 32 46 12 10 37 12 35 2 12 1
split_gain=18.1554 86.2513 65.2418 42.237 37.2066 32.1331 31.2655 32.6282 31.6435 46.8026 30.9076 27.595 26.0152 59.1616
threshold=-1.803152513603415 -0.34043551278931822 -2.284178335761283 -1.0922631642876586 -0.40425187821661029 0 0.091416869715538654 -0.53393282375946016 -1.9169856374564767 0.044724601327451423 -1.1775941871991893 1.1903833201028431 0.016863392459373534 0.014673994727139301
decision_type=10 8 10 10 10 1 2 10 10 2 10 10 2 10
left_child=1 2 -1 4 -4 -5 8 -8 9 11 -3 -2 13 -10
right_child=6 10 3 5 -6 -7 7 -9 12 -11 -12 -13 -14 -15
leaf_value=-0.0096462859229028315 0.00060336869732579711 -0.007085557361639825 0.028325569303481037 -0.012826210742536226 0.0045100623850512327 0.0074649407868877162 0.023270730246809986 -0.0010776739932430951 0.0003925393574100413 -0.013393036497916212 -0.027101185352693312 0.010271809177496281 -0.0007551816238048531 0.010299342503748641
leaf_weight=291.75699864327908 428.14603652060032 145.26922614872456 115.83857491612434 95.279109567403793 119.72820135951042 159.89104029536247 96.739704445004463 90.840988144278526 26164.876814886928 106.52616445720196 142.30761744081974 695.84708902239799 24504.197641536593 544.04032315313816
leaf_count=1353 1791 659 507 436 520 709 418 400 115253 507 686 2904 108079 2291
internal_value=3.11411e-05 -0.00381911 0.00139178 0.00801581 0.0168978 -0.000511815 0.000110133 0.0120216 6.52443e-05 0.00479964 -0.0175682 0.00662675 -4.9426e-05 0.000598113
internal_weight=53701.3 1070.07 782.494 490.737 235.567 255.17 52631.2 187.581 52443.6 1230.52 287.577 1123.99 51213.1 26708.9
internal_count=236513 4870 3525 2172 1027 1145 231643 818 230825 5202 1345 4695 225623 117544
cat_boundaries=0 1
cat_threshold=537
is_linear=0
shrinkage=0.03


Tree=220
num_leaves=15
num_cat=0
split_feature=13 39 40 11 2 39 38 11 16 11 40 45 12 38
split_gain=19.6248 64.3122 48.4274 68.1421 43.638 41.1608 40.3872 60.0533 42.0494 64.3283 84.8586 76.125 106.347 64.7968
threshold=36.006583485429637 -0.030535922663856574 -1.7429079314650811 -0.37478337892071328 1.1544219625540169 -1.803152513603415 -1.3963147451623739 0.66850193543690939 0.31478472843449362 -0.26075576124562899 0.17728031258484492 1.2776982327279967 0.020808561427237696 0.13025709092514992
decision_type=10 8 8 8 10 8 8 10 8 10 10 10 2 10
left_child=1 -1 3 -2 -3 -4 7 -7 9 10 11 -8 -13 -12
right_child=2 4 5 -5 -6 6 8 -9 -10 -11 13 12 -14 -15
leaf_value=-0.00015753095858763344 0.012921558030756954 -0.011354696549367375 -0.016364471120572155 -0.0067277245906184864 0.0024799921434146932 0.0079403224841053961 -0.0049320315376385968 -0.0078742848436255865 0.00053518995381743025 0.0035162627311562124 0.0078067167392595425 0.017360791597026193 -0.0063860296907932781 -0.0016203399481027404
leaf_weight=5135.1591120660305 568.37664347887039 850.92831155657768 126.5806472748518 211.77668640017509 265.25689770281315 1173.9220825433731 7131.3832797855139 255.88943719863892 32753.973818540573 1925.5527297109365 1075.8616180121899 332.81620205938816 328.36119973659515 1651.6546404063702
leaf_count=22315 2373 3749 621 913 1180 4978 31496 1143 145117 8316 4611 1385 1410 7237
internal_value=-2.88767e-06 -0.00158168 0.000205024 0.00757002 -0.00807411 8.05423e-05 0.000128683 0.00507499 -2.88727e-05 -0.00151259 -0.00243552 -0.00402826 0.00564795 0.00211307
internal_weight=53787.5 6251.34 47536.1 780.153 1116.19 46756 46629.4 1429.81 45199.6 12445.6 10520.1 7792.56 661.177 2727.52
internal_count=236844 27244 209600 3286 4929 206314 205693 6121 199572 54455 46139 34291 2795 11848
is_linear=0
shrinkage=0.03


Tree=221
num_leaves=15
num_cat=0
split_feature=7 8 10 16 14 45 10 38 37 30 35 16 11 40
split_gain=21.7546 46.1607 66.0436 29.1048 44.6408 40.2594 38.1504 40.1111 42.4362 60.4859 57.3568 63.417 36.5871 36.3291
threshold=1.3037140880886102 0.86159146161713385 -0.11806200447276834 0.8592520716370875 0.60527789911990248 0.88894889947076583 1.958171133354899 1.291053530754555 0.62955219822134001 3.5000000000000004 0.75583933601764786 0.71241936070913137 1.0225509968622573 0.2033767778092114
decision_type=8 8 8 10 10 10 10 8 10 2 10 8 10 10
left_child=3 -2 -3 6 5 13 7 -1 -9 10 11 -10 -7 -5
right_child=1 2 -4 4 -6 12 -8 8 9 -11 -12 -13 -14 -15
leaf_value=0.000278232541028014 -0.0071785468106004783 0.011759032905188682 -0.0016460071792044112 -0.014487872243769927 0.00080476019254970975 -0.001186695593343276 -0.0097724013839243003 -0.011035313174958324 0.01311552615377283 -0.0082592308686218648 -0.0051282101960606601 -0.0063922517256662353 0.017093393211318003 0.0054739999136910493
leaf_weight=41797.624050602317 1133.0306237190962 359.9269048422575 3115.8669141978025 92.693555936217308 3281.8936728984118 123.89372487366199 348.35185043513775 533.66820266842842 535.55505269765854 749.39416453242302 518.47734461724758 199.85556504130363 449.0118456184864 399.61961588263512
leaf_count=182038 5169 1620 14731 406 14793 546 1512 2438 2327 3649 2361 907 1924 1796
internal_value=1.96214e-05 -0.00194866 -0.000228131 0.000204999 0.00254545 0.00785108 -2.32168e-05 5.55723e-05 -0.00359956 -0.00157373 0.00245564 0.00779945 0.0131877 0.00150194
internal_weight=53638.9 4608.82 3475.79 49030 4347.11 1065.22 44682.9 44334.6 2536.95 2003.28 1253.89 735.411 572.906 492.313
internal_count=236217 21520 16351 214697 19465 4672 195232 193720 11682 9244 5595 3234 2470 2202
is_linear=0
shrinkage=0.03


Tree=222
num_leaves=15
num_cat=0
split_feature=39 11 37 12 12 35 40 38 2 10 11 40 39 16
split_gain=28.1275 71.9918 63.7214 39.2732 50.4233 35.5474 32.1699 30.2747 27.3134 29.5042 30.0846 28.7496 42.1663 30.2401
threshold=-1.803152513603415 -0.34043551278931822 -2.284178335761283 0.018050612153338811 0.038872087988195261 -1.1207624351788015 -2.1679365440010758 -2.9303608724780625 0.37335188355977628 1.3087191181587219 0.66850193543690939 -0.62106447713901247 -0.040975585168344326 0.21401418293517957
decision_type=10 8 10 2 2 10 10 10 8 8 8 10 10 10
left_child=1 2 -1 -4 6 -3 -5 -2 9 10 11 -9 13 -13
right_child=7 5 3 4 -6 -7 -8 8 -10 -11 -12 12 -14 -15
leaf_value=-0.010858017634767058 0.014036650555278174 -0.0065480150753600879 -0.0094843531568438739 0.0022852089665417277 -0.0067181945727269642 -0.027775051926523117 0.023609636938893428 0.011505349350018573 -5.9272400857578465e-05 -0.0076599155076443153 0.015524019443754308 0.0066572750840199792 0.0066211412369628735 -0.011459290668829072
leaf_weight=295.48996004462242 129.8561524450779 151.54173429310322 101.80218848586082 95.351934850215912 104.39896807074547 138.64811715483665 196.74564781785011 287.78030440211296 50929.467714458704 165.64158192276955 213.81829072535038 107.50608691573143 478.89341746270657 286.68772721290588
leaf_count=1372 545 690 460 411 486 678 845 1201 224422 710 910 460 2040 1220
internal_value=-1.71309e-06 -0.00476288 -2.98592e-05 0.0064785 0.0107095 -0.0172774 0.0169546 9.72921e-05 6.01259e-05 0.00398283 0.00543091 0.00345516 0.000701484 -0.006476
internal_weight=53683.6 1083.98 793.789 498.299 396.497 290.19 292.098 52599.7 52469.8 1540.33 1374.69 1160.87 873.087 394.194
internal_count=236450 4942 3574 2202 1742 1368 1256 231508 230963 6541 5831 4921 3720 1680
is_linear=0
shrinkage=0.03


Tree=223
num_leaves=15
num_cat=1
split_feature=2 10 20 46 14 39 6 16 45 1 1 30 16 10
split_gain=22.9955 37.8324 18.0673 37.4613 34.1843 26.1472 20.3803 39.168 47.4849 59.3692 39.0611 33.4406 32.7684 33.8384
threshold=0.2514333905949715 -0.13939594149304521 1.620778464694675 0 0.81995948075875413 2.4115980245615991 0.92267637089513188 0.82876814825064449 0.75355126082330504 0.0069538446824112159 0.0055323784157181389 5.5000000000000009 0.76891211673843907 1.8910362610932796
decision_type=8 8 10 1 10 10 10 10 10 10 10 2 10 10
left_child=1 -1 5 -4 -5 6 7 12 9 10 -9 -11 -2 -14
right_child=2 -3 3 4 -6 -7 -8 8 -10 11 -12 -13 13 -15
leaf_value=0.02019180394957246 5.1335067963187367e-05 -0.003643918867875334 0.0032057650034546972 -0.014216816744635387 -0.0022541307010811042 0.0071660086043303893 -0.0016008129019731247 -0.002468175765019506 0.0044205719588678938 -0.011577549435490931 0.015850396787863708 0.0052892283516579458 -0.002707524651466725 -0.019327117709105307
leaf_weight=119.24401225149632 37443.893827989697 106.87778460979462 476.36176361143589 357.45865267515182 529.31288962066174 438.69947324693203 7084.0267383158207 219.31930413842201 3531.8174390047789 530.62363329529762 186.61582677066326 125.26119191944599 2402.3483083099127 106.02002014219761
leaf_count=499 163009 454 2194 1715 2593 1919 32409 1007 15567 2421 844 580 10671 469
internal_value=-9.30371e-05 0.00924852 -0.000134293 -0.00353102 -0.00710187 -4.47079e-05 -0.000107353 0.000130454 0.00275079 -0.00279266 0.00613182 -0.00832527 -0.00017144 -0.00348393
internal_weight=53657.9 226.122 53431.8 1363.13 886.772 52068.6 51629.9 44545.9 4593.64 1061.82 405.935 655.885 39952.3 2508.37
internal_count=236351 953 235398 6502 4308 228896 226977 194568 20419 4852 1851 3001 174149 11140
cat_boundaries=0 1
cat_threshold=564
is_linear=0
shrinkage=0.03


Tree=224
num_leaves=15
num_cat=0
split_feature=31 34 30 12 16 39 7 38 12 10 45 37 44 31
split_gain=20.7905 36.3713 35.3438 56.0362 52.18 49.2109 40.6516 42.2459 55.4875 38.0097 37.7979 35.5595 40.6954 34.1188
threshold=1.0091323800273175 -0.13910383154131514 3.5000000000000004 0.015704417712819278 0.094594594594594725 -1.0559787094162867 -0.40342013023878204 -0.77714535266038831 0.04148838854425508 0.38776543956185655 1.2150108939445896 0.40712520682647041 -0.069675069352657479 -0.44575809900348573
decision_type=8 10 2 2 8 10 8 10 2 10 10 10 10 10
left_child=1 2 3 9 5 -4 7 8 -6 -1 -5 -8 -13 -3
right_child=-2 13 4 10 6 -7 11 -9 -10 -11 -12 12 -14 -15
leaf_value=0.0012161853213819122 -0.0014659730191980155 -0.0011237884000164357 -0.0018741337026433663 -0.0026334296218501036 0.0008444107643509897 0.012716363018530375 0.00083409350502474874 -0.0093949698682555764 -0.021433773945536062 0.0070181682347888038 0.0024270194607416105 0.014315817984121123 -0.0055980240694710045 0.0015903973562168109
leaf_weight=3692.914975091815 6180.8306667655706 5109.2230292111635 440.01475335657597 5130.5868321806192 956.34554649889469 380.913345053792 2775.0723583996296 1434.8352039456367 102.36820276081562 1395.0563185960054 1782.562392771244 88.133188024163246 1724.9029022157192 22475.809351593256
leaf_count=15908 27654 22664 1935 22692 4127 1591 12135 6378 493 6070 7700 413 8089 98578
internal_value=0.000169286 0.000382385 -0.000594849 0.000431064 -0.00215141 0.00496747 -0.00298249 -0.00605807 -0.00149009 0.00281766 -0.00132697 -0.00130144 -0.00455678 0.00108746
internal_weight=53669.6 47488.7 19903.7 12001.1 7902.59 820.928 7081.66 2493.55 1058.71 5087.97 6913.15 4588.11 1813.04 27585
internal_count=236427 208773 87531 52370 35161 3526 31635 10998 4620 21978 30392 20637 8502 121242
is_linear=0
shrinkage=0.03


Tree=225
num_leaves=15
num_cat=1
split_feature=46 1 10 16 16 25 8 40 45 43 1 8 1 30
split_gain=21.556 47.0619 53.2406 33.715 51.2557 49.9928 46.7478 56.3459 39.1653 38.3146 35.5617 34.2037 43.5158 65.429
threshold=0 0.0053105644832712922 -1.3936847817495048 0.10638838318563694 0.2385979112292678 -0.35551254792324044 -0.90952232389152943 -0.81670002200679426 0.91569223589602222 0.95000000000000007 0.013877982198986638 -1.3841054725957638 0.010262827801882144 2.5000000000000004
decision_type=1 10 8 10 8 10 10 10 10 10 10 10 10 2
left_child=1 -1 -3 5 11 -4 10 -8 -9 -10 -6 -5 -13 -14
right_child=-2 2 3 4 6 -7 7 8 9 -11 -12 12 13 -15
leaf_value=0.0087371586476652236 -0.00036313512185333265 -0.0056990548120130153 0.015214201278881838 0.0070239655945123812 -0.00021734096391073983 0.0011001911171812429 0.0092064276067705415 -0.0013947372370774903 0.0037299037285059228 -0.0022870283476519285 -0.011074068235409901 -0.0090975389103867734 -0.0087521559416263005 0.0053610802638932985
leaf_weight=657.49519883096218 36659.194478586316 1111.7075632661581 357.28488394618034 251.85021886229515 747.46950325369835 591.06361378729343 918.37437069416046 2980.8385943770409 5675.8516950905323 1137.1015431135893 416.82585476338863 985.97212456166744 501.33645208179951 690.93810945749283
leaf_count=2824 162746 4921 1496 1097 3155 2538 3885 13141 24550 4896 1817 4239 2183 2977
internal_value=4.65302e-05 0.000928055 0.000609763 0.00107295 0.000707523 0.00652083 0.00152009 0.00214134 0.00147012 0.00272378 -0.00416533 -0.00325363 -0.0044686 -0.000596795
internal_weight=53683.3 17024.1 16366.6 15254.9 14306.6 948.348 11876.5 10712.2 9793.79 6812.95 1164.3 2430.1 2178.25 1192.27
internal_count=236465 73719 70895 65974 61940 4034 51444 46472 42587 29446 4972 10496 9399 5160
cat_boundaries=0 1
cat_threshold=112
is_linear=0
shrinkage=0.03


Tree=226
num_leaves=15
num_cat=1
split_feature=46 10 38 19 17 12 36 11 15 12 6 40 38 11
split_gain=23.2455 44.2905 39.2882 37.0301 25.2905 30.208 33.4855 32.0132 40.5281 28.4976 27.9258 27.3254 44.5597 32.6504
threshold=0 -1.3460112815095653 -2.9303608724780625 -3.0123346496768346 -1.3085707403829641 0.049666098080606604 1.4359488069466226 0.72677361645508265 0.59674224745798099 0.025487809616425633 0.90497983771542967 0.76448683737830814 0.55300268084990456 0.094784501507183191
decision_type=1 8 8 2 2 2 10 10 10 2 10 10 10 10
left_child=1 3 -2 -1 9 6 11 -7 -9 -3 -8 12 13 -6
right_child=2 4 -4 -5 5 7 10 8 -10 -11 -12 -13 -14 -15
leaf_value=-0.0059953146442121965 0.014437475673793641 9.302177886709101e-05 -0.00047106269500696573 0.011411538305086113 0.0037183520497215392 0.017503215367552755 0.0029852609287810382 -0.013142635348931397 0.011198090156122225 -0.0088757128775807277 -0.0070444150419374978 0.0044911178219490533 -0.002949451611254459 -0.00033218609894907885
leaf_weight=1172.7698689550161 149.79060427844524 1369.62438775599 36507.560782089829 112.03954668343067 4792.5149022042751 213.62227815389633 379.33503057062626 92.071027517318726 145.40349695086479 405.52473083138466 696.93098928034306 2961.8058820813894 1868.1125325262547 2853.8040161877871
leaf_count=5205 659 5810 162142 476 20285 934 1695 400 629 1849 3267 13076 8117 12145
internal_value=1.96424e-05 0.000933675 -0.000406111 -0.00440097 0.00137116 0.00179887 0.0015407 0.00935346 0.00161124 -0.00199409 -0.00351447 0.00197926 0.00119343 0.00220813
internal_weight=53720.9 17063.6 36657.4 1284.81 15778.7 14003.6 13552.5 451.097 237.475 1775.15 1076.27 12476.2 9514.43 7646.32
internal_count=236689 73888 162801 5681 68207 60548 58585 1963 1029 7659 4962 53623 40547 32430
cat_boundaries=0 1
cat_threshold=112
is_linear=0
shrinkage=0.03


Tree=227
num_leaves=15
num_cat=0
split_feature=27 37 38 40 36 38 8 23 16 18 44 37 2 2
split_gain=23.1588 25.0823 33.5904 26.2893 26.5091 29.3785 23.8484 21.4828 26.2743 34.8345 22.8897 22.673 20.1658 21.9363
threshold=0.11276023929392952 0.3892068939431686 0.92380806261291093 -0.051672705047420879 -1.0003122995209524 -0.97895998138937301 -0.69368162893072338 0.070797697818552732 0.32785632954211968 1.786720682343472 -0.13770084031650745 0.043599681493739106 0.4905114069339816 1.1662190715175242
decision_type=10 10 10 8 8 10 10 8 8 2 8 10 8 10
left_child=1 2 3 12 5 -5 -6 10 11 -10 -2 -9 -1 -14
right_child=7 -3 -4 4 6 -7 -8 8 9 -11 -12 -13 13 -15
leaf_value=0.0074665417755722836 -0.011913837758231564 -0.00084547191339171999 -0.0092560553157892082 0.019539217393061289 -0.0019068531817893716 0.0046848188837573818 0.0043392673230016774 0.0049380019662399605 0.014881413109021751 -0.0049204128545467267 -0.00045820159514200359 -0.012639719263306504 -0.0011050045283443803 0.0030821793006226327
leaf_weight=370.58438856899738 147.63637961447239 4467.4722839742899 228.07612280547619 186.57894453406334 686.98758029937744 330.0277876406908 2655.9612784832716 147.49247840046883 291.45117521286011 103.20807047188282 38849.902153789997 104.34023144841194 3339.2851474285126 1686.5271289050579
leaf_count=1579 679 20240 1031 809 2955 1473 11523 624 1229 462 171161 452 14553 7327
internal_value=-4.41854e-05 0.0010066 0.001879 0.00216307 0.0040504 0.0103188 0.00305381 -0.000414139 0.00496801 0.00970938 -0.000504613 -0.00254945 0.000808242 0.000303432
internal_weight=53595.5 13951.5 9484.03 9255.95 3859.56 516.607 3342.95 39644 646.492 394.659 38997.5 251.833 5396.4 5025.81
internal_count=236097 61490 41250 40219 16760 2282 14478 174607 2767 1691 171840 1076 23459 21880
is_linear=0
shrinkage=0.03


Tree=228
num_leaves=15
num_cat=2
split_feature=39 41 36 39 11 20 46 35 30 16 37 15 46 33
split_gain=20.9046 27.3109 36.5435 22.7802 65.3861 53.7327 45.5525 42.0277 46.5482 42.2232 66.0967 68.1936 40.7929 38.0497
threshold=2.3118968162019655 0.75000000000000011 0.22278144849609238 1.1672008633511177 1.775606696789451 0.0086084761969130157 0 2.189210682178691 2.5000000000000004 0.67116246248525646 1.3853480487701553 0.64266630977872963 1 -0.40379363798828627
decision_type=10 2 10 8 10 8 1 10 2 8 10 10 1 8
left_child=3 -2 -3 -1 5 6 -5 8 9 10 11 -7 -6 -10
right_child=1 2 -4 4 12 7 -8 -9 13 -11 -12 -13 -14 -15
leaf_value=0.00025230426728275237 0.011847013356062223 0.010191769326166722 -0.0057141911880397222 -0.00026773796561730773 0.011768217516598806 -0.0037653822525138335 -0.017951196218327883 -0.012756502133533897 -0.010710669576918476 -0.00044652735129157748 -0.0095726852706651943 0.02114008756764231 -0.0011103324562682015 -0.0019685651028105988
leaf_weight=46028.771147683263 300.66988345980644 205.47009958326817 317.800731793046 217.19026473164558 470.96371430158615 135.17029801011086 341.38674333691597 288.2323751449585 549.06071063876152 1592.9251495599747 129.72742423415184 333.61294403672218 404.43525382876396 2293.1131508350372
leaf_count=201036 1309 904 1452 1006 2074 610 1588 1483 2738 7145 582 1427 1774 11046
internal_value=8.78949e-05 0.0048006 0.000605519 1.34366e-05 -0.00161199 -0.00275242 -0.0115214 -0.00181215 -0.0011614 0.00211865 0.00884096 0.0140301 0.00599335 -0.00368903
internal_weight=53608.5 823.941 523.271 52784.6 6755.82 5880.42 558.577 5321.84 5033.61 2191.44 598.511 468.783 875.399 2842.17
internal_count=236174 3665 2356 232509 31473 27625 2594 25031 23548 9764 2619 2037 3848 13784
cat_boundaries=0 1 2
cat_threshold=141 173
is_linear=0
shrinkage=0.03


Tree=229
num_leaves=15
num_cat=1
split_feature=24 10 11 20 6 46 40 39 15 11 38 2 39 12
split_gain=24.326 27.3973 56.3636 40.8069 34.1623 39.2142 38.6474 71.5211 35.4855 34.7266 32.2665 31.8803 27.5702 26.602
threshold=-0.0066537769831162821 0.68744402378882452 0.817350685202065 -0.22945802462895087 1.4753423535118102 0 -0.10329877603325589 0.51082811155496677 0.94392460362051389 1.0225509968622573 2.3167264682209381 1.7448392408478404 -1.67967942116402 0.033404000373913043
decision_type=10 10 10 10 10 1 8 10 10 10 10 10 10 2
left_child=13 11 10 -4 5 8 7 -7 -5 -8 -3 -2 -13 -1
right_child=1 2 3 4 -6 6 9 -9 -10 -11 -12 12 -14 -15
leaf_value=0.0012279955604685784 -0.001144276483979281 0.0043139899986020134 -0.011268551368555412 -0.0067940764718396936 -0.0057186747667177457 0.0017408150289884973 -0.0032953979237815741 -0.023578840820319698 0.010856866832700023 0.0060416588207069721 -0.0099333412698624501 -0.0098176403204564035 0.0064181650138867051 -0.0026173826559228296
leaf_weight=17832.946748867631 24622.81784658134 3632.8712247312069 321.88588485121727 790.58680091798306 862.16129221022129 387.43404003977776 435.91930145025253 124.9708659350872 108.4329646229744 1874.1835023015738 139.66432443261147 97.459400445222855 803.15125328302383 1771.3334384411573
leaf_count=77444 108382 16290 1419 3608 4138 1673 1963 561 499 8263 745 449 3569 8032
internal_value=3.71091e-05 -0.000445802 0.00100957 -0.00111023 -0.000373889 0.000876338 0.00261161 -0.00476756 -0.00451942 0.00427313 0.00376167 -0.000940838 0.00457269 0.000879391
internal_weight=53805.8 34201.5 8678.11 4905.57 4583.69 3721.53 2822.51 512.405 899.02 2310.1 3772.54 25523.4 900.611 19604.3
internal_count=237035 151559 39159 22124 20705 16567 12460 2234 4107 10226 17035 112400 4018 85476
cat_boundaries=0 1
cat_threshold=9
is_linear=0
shrinkage=0.03


Tree=230
num_leaves=15
num_cat=0
split_feature=45 19 15 45 40 37 39 39 41 11 35 38 40 35
split_gain=25.8529 26.5627 47.0945 32.3074 25.0434 73.8122 64.9416 73.1053 63.9453 59.1052 50.5192 60.177 48.3227 47.6119
threshold=0.42396179803737616 -2.7162067449069101 0.51196345732813819 0.39203803183807612 0.46606760069135905 2.0404739968946211 0.4350645329509617 1.4518149305398589 0.95000000000000007 -1.6698038041527881 -1.1775941871991893 -1.0019074336547027 0.92195596613414355 -1.3710502322534033
decision_type=8 2 10 10 8 10 10 10 2 8 8 8 10 10
left_child=1 -1 -3 -4 5 6 13 9 -7 -8 12 -12 -6 -2
right_child=4 2 3 -5 10 8 7 -9 -10 -11 11 -13 -14 -15
leaf_value=-0.019124284090292765 0.0033356788213625426 0.012407715681380429 0.0018421840239376082 -0.021944349503862773 0.0014560706463716143 -0.0011681800175352504 0.012745616084639875 0.0091311358297283523 0.032436694287136629 -0.0055780836183315554 0.017091537026951546 0.0011156406761346836 -0.013332994198723771 -0.00043317398553590502
leaf_weight=113.34674550592899 3376.6976114213467 110.91532541811466 91.48539873957634 103.20591101050377 370.80314423143864 90.64339354634285 155.45197753608227 353.5568715929985 104.47138555347919 4163.0343753397465 205.04447476565838 16425.962560966611 414.37011636793613 27607.399751141667
leaf_count=508 14659 487 436 478 1632 410 680 1556 479 18639 876 73720 2065 119934
internal_value=-2.1738e-05 -0.00735723 -0.00252527 -0.0112231 3.73265e-05 -0.000416041 -0.000519127 -0.00381224 0.0175292 -0.00489057 0.000970288 0.00132276 -0.00641828 -2.14945e-05
internal_weight=53686.4 418.953 305.607 194.691 53267.4 35851.3 35656.1 4672.04 195.115 4318.49 17416.2 16631 785.173 30984.1
internal_count=236559 1909 1401 914 234650 156357 155468 20875 889 19319 78293 74596 3697 134593
is_linear=0
shrinkage=0.03


Tree=231
num_leaves=15
num_cat=0
split_feature=38 37 38 36 1 30 16 19 19 20 20 15 1 16
split_gain=19.6048 24.1032 30.3104 24.8858 18.1519 42.2221 49.7118 35.5587 38.74 58.0408 40.3283 31.9322 23.3469 48.2739
threshold=2.6300836929250067 1.9630878316870641 3.2421787129270565 2.0305679195627162 0.032856810192967344 1.5000000000000002 0.43194741456605174 -6.8284311189325146 1.2846654792110155 -0.024604177529957406 -0.51470482227639491 0.2910784345119633 0.028515281727605906 0.8366407625320712
decision_type=10 10 10 10 8 2 10 2 2 8 10 10 10 10
left_child=4 3 -3 -2 12 6 -6 -7 9 10 11 -9 -1 -14
right_child=1 2 -4 -5 5 7 -8 8 -10 -11 -12 -13 13 -15
leaf_value=-1.4527716770724083e-05 -0.0017519151365305043 -0.0082842592667998899 0.010933451285865909 -0.020982241615079663 -0.014601817114224482 -0.010357765279085159 0.0051673922903053716 0.0026630253493628324 0.0014885862274465294 0.027429519984897805 -0.0032224807042522947 0.027238209868082976 -0.0083114286753159759 0.01096060722062309
leaf_weight=50707.352428540587 110.38067662715912 156.54269307851791 122.73665173351765 129.74243451654911 214.52559508383274 95.977694630622864 225.75755335390568 90.980766013264656 454.68442349135876 169.46823719143867 190.76683238148689 95.600560337305069 683.360316619277 131.72038002312183
leaf_count=222996 553 831 655 706 953 440 968 402 1975 725 827 406 3048 572
internal_value=-5.71539e-05 -0.00580167 0.000247466 -0.0125658 1.6139e-07 0.0032013 -0.00457541 0.00633428 0.00802053 0.0133276 0.0064498 0.0159999 -9.59838e-05 -0.00510189
internal_weight=53579.6 519.402 279.279 240.123 53060.2 1537.76 440.283 1097.48 1001.5 546.816 377.348 186.581 51522.4 815.081
internal_count=236057 2745 1486 1259 233312 6696 1921 4775 4335 2360 1635 808 226616 3620
is_linear=0
shrinkage=0.03


Tree=232
num_leaves=15
num_cat=0
split_feature=43 2 11 39 19 40 40 15 39 15 30 11 39 1
split_gain=21.7376 36.6498 48.6317 42.1882 81.4185 37.7154 41.9011 63.8194 45.3238 39.6573 39.4781 44.9278 43.0465 53.594
threshold=0.41428571428571431 0.9533946248948959 -0.32873970316550244 -1.2368476687161232 -7.9506579133339157 -0.58166541068976751 0.28943420931787339 0.22828881697640085 -0.22554161254589913 0.47329329219881205 2.5000000000000004 2.3481420488183993 0.47863860281053228 0.0057492179587521897
decision_type=10 8 8 8 2 10 10 10 10 8 2 10 10 10
left_child=1 3 -3 4 -1 9 7 8 -7 -5 -8 12 -12 -14
right_child=-2 2 -4 5 -6 6 10 -9 -10 -11 11 -13 13 -15
leaf_value=0.0097607863564422668 -0.00041721545391831984 0.0048266668490410496 0.00017268815089130859 0.0027067786074527265 -0.013657742818405132 -0.0016456985440098601 0.0047301132469838034 -0.004675334513532298 0.0090806841400214999 0.018098631656174993 0.0034216619923996545 0.017671319716905231 -0.017332194021010969 -0.0021957529504576957
leaf_weight=173.99232867360115 33001.337139680982 3861.2553781718016 4229.0354471355677 1818.6594070792198 491.6547600030899 850.35903249680996 1947.9530546665192 3495.5679529905319 595.0025463104248 154.97977475821972 1048.8006775826216 105.06002576649189 231.65507912635803 1669.992497831583
leaf_count=779 145760 16880 19017 7784 2239 3608 8277 15297 2534 655 4476 447 1108 7607
internal_value=6.05941e-05 0.000823143 0.00239711 -0.000189892 -0.00748255 0.00022335 -0.000529571 -0.00248676 0.00280202 0.00400057 0.00140426 -0.000724559 -0.00143708 -0.00412067
internal_weight=53675.3 20674 8090.29 12583.7 665.647 11918 9944.39 4940.93 1445.36 1973.64 5003.46 3055.51 2950.45 1901.65
internal_count=236468 90708 35897 54811 3018 51793 43354 21439 6142 8439 21915 13638 13191 8715
is_linear=0
shrinkage=0.03


Tree=233
num_leaves=15
num_cat=0
split_feature=38 0 9 40 40 35 0 30 30 38 41 44 9 41
split_gain=22.8135 38.0381 37.1585 25.8216 48.1125 42.8299 33.7861 30.5631 42.6345 51.2005 37.0234 29.8839 28.9791 28.8676
threshold=2.3167264682209381 0.0072971100966304865 0.83933247990571547 2.23283889851727 1.8109724888670573 -0.18034269949706502 0.0092244980543440443 5.5000000000000009 2.5000000000000004 0.33258583043738654 0.75000000000000011 -0.041296621528079142 1.6647187106457044 0.65000000000000002
decision_type=10 10 10 10 10 10 10 2 2 10 2 10 10 2
left_child=3 2 -2 4 -1 6 -5 8 9 -6 -11 -7 -10 -9
right_child=1 -3 -4 5 7 11 -8 13 12 10 -12 -13 -14 -15
leaf_value=-1.2663165531729193e-06 0.021176471208141437 -0.0078682352119644559 -0.0056717525209246849 -0.020232157704107252 0.01726593789044811 -0.0066203940846261515 0.0034114496364410886 0.01543599718092661 -0.018821334792968658 -0.014956000761772231 0.0031875390357043944 0.011606936020259745 0.0005302002205252157 -0.0071258597138365793
leaf_weight=50834.533218249679 80.693091467022896 719.7752802670002 88.238875538110733 82.471935480833054 87.872995376586914 88.141778871417046 126.34022332727909 95.091860800981522 355.61193336546421 217.27121801674366 177.18659044802189 543.13920107483864 85.369825005531311 90.750356048345566
leaf_count=222524 380 3753 461 419 415 402 602 449 1845 1023 828 2507 439 429
internal_value=-0.000132582 -0.00487219 0.00761951 -5.18749e-05 -0.000136726 0.00513441 -0.00642464 -0.00628958 -0.00851084 -0.00225973 -0.00692879 0.00899842 -0.0151464 0.00461731
internal_weight=53672.5 888.707 168.932 52783.8 51943.7 840.093 208.812 1109.15 923.313 482.331 394.458 631.281 440.982 185.842
internal_count=236476 4594 841 231882 227952 3930 1021 5428 4550 2266 1851 2909 2284 878
is_linear=0
shrinkage=0.03


Tree=234
num_leaves=15
num_cat=2
split_feature=24 12 0 11 15 30 40 40 8 11 11 1 46 46
split_gain=21.0228 25.5981 47.2415 36.4632 56.8522 62.9887 49.1611 97.4883 48.982 47.415 46.8499 43.9823 43.2094 42.6347
threshold=0.005599883616870944 0.016158494519936391 0.007099967654281304 1.0225509968622573 0.34185204673878283 2.5000000000000004 0.43555503510842047 1.4733676904593993 -0.80934709127139026 -1.7098461523058881 -1.8016020315758714 0.0086993406182063783 0 1
decision_type=10 2 8 8 10 2 8 10 10 10 10 10 1 1
left_child=1 3 -3 4 8 -6 11 -8 -1 -7 -10 -5 -12 -11
right_child=-2 2 -4 6 5 9 7 -9 10 13 12 -13 -14 -15
leaf_value=-0.00035245496460855073 -0.00082695105988919032 -0.0091646404012878067 -0.0001058833407467788 -0.0052585017246858023 0.0022180937733825663 0.011763547248868571 0.014247353283956397 -0.0051605546665622493 -0.0079729123475971095 0.0018380386397888577 0.010817474339660653 0.0069037630154241917 0.0033009761949736958 -0.0053409755054254935
leaf_weight=2166.5713249891996 20419.739437386394 524.07406923174858 17351.457177847624 591.68539935350418 3328.3199227154255 173.60211411118507 855.28384172916412 312.79437001049519 207.28357397019863 940.65086652338505 1205.0789682865143 471.96223309636116 1672.5838203281164 3462.1337035223842
leaf_count=9251 90639 2264 76406 2592 14337 765 3738 1503 901 4171 5120 2043 7213 15624
internal_value=-6.946e-05 0.000395656 -0.000376443 0.00129223 0.000689048 -0.00091826 0.00482913 0.00905051 0.00310555 -0.00319913 0.00552742 0.000152182 0.00652411 -0.00381443
internal_weight=53683.2 33263.5 17875.5 15388 13156.2 7904.71 2231.73 1168.08 5251.52 4576.39 3084.95 1063.65 2877.66 4402.78
internal_count=236567 145928 78670 67258 57382 34897 9876 5241 22485 20560 13234 4635 12333 19795
cat_boundaries=0 1 2
cat_threshold=684 272
is_linear=0
shrinkage=0.03


Tree=235
num_leaves=15
num_cat=2
split_feature=33 30 39 35 11 44 43 46 11 11 13 13 16 46
split_gain=25.3066 24.2541 21.3896 57.3539 20.2569 19.9711 43.1392 35.5885 39.5732 32.198 27.665 27.3133 30.1673 26.085
threshold=2.0171145763090483 4.5000000000000009 -0.059868311926509453 1.2950099254518375 1.6665900934903779 -0.00090676017468920478 0.31666666666666671 0 -1.3356796447404029 -1.3576549778172691 46.711185657572827 36.495969951083929 0.22347575662840016 1
decision_type=10 2 10 10 8 8 8 1 10 8 10 10 10 1
left_child=5 2 3 -2 -4 13 9 8 -8 -7 -10 12 -11 -1
right_child=1 -3 4 -5 -6 6 7 -9 10 11 -12 -13 -14 -15
leaf_value=-0.00042132319843397095 -0.013939736629781926 0.0049716389140886524 -0.010500335636205897 0.015119315056623776 0.0045709679056185198 -0.005013142274040254 -0.0090879049350407314 0.00016373419888888942 0.00080912673811127768 0.0052915483545111766 -0.0028509888315171295 0.0047061044413932631 -0.015184111824780924 0.0014640210518050627
leaf_weight=10771.42107643187 103.73069523274899 203.00645737349987 649.63017199933529 122.32895328104496 85.675152018666267 414.84087257087231 705.68582187592983 11854.847680062056 2656.3035014420748 115.10396964848042 6150.1438232660294 2688.2781249582767 127.43462251126766 17034.023598968983
leaf_count=47103 460 967 3195 556 404 1818 3106 52150 11609 497 27560 11707 556 74874
internal_value=8.53933e-05 -0.00427009 -0.00625271 0.0017595 -0.00870651 0.000182753 -0.000437701 -0.000933943 -0.00229846 0.00272488 -0.00174732 0.00383348 -0.00564202 0.000734152
internal_weight=53682.5 1164.37 961.365 226.06 735.305 52518.1 24712.6 21367 9512.13 3345.66 8806.45 2930.82 242.539 27805.4
internal_count=236562 5582 4615 1016 3599 230980 109003 94425 42275 14578 39169 12760 1053 121977
cat_boundaries=0 1 2
cat_threshold=45 912
is_linear=0
shrinkage=0.03


Tree=236
num_leaves=15
num_cat=0
split_feature=30 36 2 38 16 36 30 12 2 0 8 16 30 10
split_gain=19.8527 54.6889 54.9807 49.2571 79.8689 43.2527 38.1763 94.8928 50.5544 48.1618 44.6357 66.4682 50.6542 76.3222
threshold=5.5000000000000009 -0.28805754310525838 0.93450359389207704 0.42429723804142305 0.82876814825064449 0.57435507117338103 3.5000000000000004 0.076232337918469992 0.9850176662970741 0.0074977914447814627 0.36009518114644828 0.69614060145775503 2.5000000000000004 0.011306598920156756
decision_type=2 8 8 8 10 10 2 2 8 10 10 10 2 8
left_child=6 -2 3 5 -5 -3 10 8 -8 -10 12 -12 13 -1
right_child=1 2 -4 4 -6 -7 7 -9 9 -11 11 -13 -14 -15
leaf_value=-0.0030779309650651445 -0.0029593272053818733 0.0046321738349492207 0.0086750489019599732 -0.0069567139694892205 0.010219799377176174 -0.0065928881889875434 -0.0030492807275461762 0.022188769388855167 -0.0080007702556879941 0.0015297008013175678 0.0041938162980597257 -0.00055438185486105006 0.0020788324213769234 0.0012784996236255377
leaf_weight=9213.6308570206165 1955.0735618472099 2855.853413566947 1150.1258158534765 1119.1932396143675 301.25834845006466 337.44029568135738 9615.4829986318946 140.56327703595161 519.57169258594513 4821.0892162024975 5487.8475230485201 5124.4969992637634 5122.9255359023809 5949.4926115125418
leaf_count=40255 8736 12265 5124 5034 1368 1467 42856 610 2404 21757 23853 23056 22280 25651
internal_value=-4.0717e-05 0.00136615 0.00283591 0.0013647 -0.00326783 0.00342913 -0.000277064 -0.00151303 -0.00175046 0.000589299 0.000327112 0.00190264 -0.000497634 -0.0013689
internal_weight=53714 7718.94 5763.87 4613.75 1420.45 3193.29 45995.1 15096.7 14956.1 5340.66 30898.4 10612.3 20286 15163.1
internal_count=236716 33994 25258 20134 6402 13732 202722 67627 67017 24161 135095 46909 88186 65906
is_linear=0
shrinkage=0.03


Tree=237
num_leaves=15
num_cat=1
split_feature=33 45 38 37 16 30 46 16 12 11 30 16 20 44
split_gain=19.8513 20.0424 33.3565 33.0641 32.27 41.4803 30.2445 29.7767 27.7038 71.7694 73.213 69.2324 57.1506 54.4704
threshold=2.0171145763090483 1.3035283162150055 0.87581737609428112 -0.49774531446037856 0.17356377560290323 2.5000000000000004 0 0.8592520716370875 0.017030468507553253 0.66850193543690939 1.5000000000000002 0.81678125004281255 0.85958933102589963 -0.079702725284289552
decision_type=10 10 10 10 10 2 1 10 2 10 2 10 10 8
left_child=1 8 3 4 5 -3 -4 -8 13 10 12 -11 -10 -1
right_child=-2 2 6 -5 -6 -7 7 -9 9 11 -12 -13 -14 -15
leaf_value=0.022476087558543887 -0.0037903019327226784 -0.0050404503249463183 0.0062771457888162671 0.0047677567913560993 -0.0037297511968688384 0.014366940687625064 -0.0090558753128822424 0.0064329759741906705 -0.0042489222008450433 -0.0070727297967174202 0.0015012518384442553 -0.00054074138073448828 0.0077937752679387616 0.00052081690193698637
leaf_weight=92.109016805887222 1167.5404176712036 162.99334646761417 216.05426880717278 2984.451156899333 986.29118587076664 227.91214507818222 589.00331300497055 129.71896710991859 3825.6450937688351 2802.196074038744 11114.300430551171 3041.7155345678329 381.6222723275423 25937.871551111341
leaf_count=416 5602 708 929 12634 4230 968 2663 602 16868 12501 48938 13695 1667 114087
internal_value=6.1936e-05 0.000148324 0.00189639 0.00299818 -0.000843293 0.00635089 -0.00322187 -0.00612638 -4.82096e-05 -0.000854047 0.000225367 -0.00367961 -0.00314069 0.000607109
internal_weight=53659.4 52491.9 5296.42 4361.65 1377.2 390.905 934.777 718.722 47195.5 21165.5 15321.6 5843.91 4207.27 26030
internal_count=236508 230906 22734 18540 5906 1676 4194 3265 208172 93669 67473 26196 18535 114503
cat_boundaries=0 1
cat_threshold=560
is_linear=0
shrinkage=0.03


Tree=238
num_leaves=15
num_cat=0
split_feature=2 0 45 9 32 36 34 34 32 39 39 40 30 11
split_gain=22.4379 33.5439 21.5461 20.8936 19.9542 28.6136 26.8843 26.9273 26.417 25.2681 30.0903 25.9848 25.5425 28.8731
threshold=0.28864698770703151 0.0019853556166209503 0.97770640397097919 -0.30278267884544124 -0.19069274966621272 -2.306956404212253 -1.3432783689053445 -1.7943470259060021 0.71167040831159123 1.0408956234629654 1.9599887713377362 1.0676364887636098 2.5000000000000004 1.6665900934903779
decision_type=8 10 8 10 8 8 8 10 10 10 10 10 2 8
left_child=1 -1 -3 -4 9 -6 7 8 -7 -2 12 -12 -11 -14
right_child=4 2 3 -5 5 6 -8 -9 -10 10 11 -13 13 -15
leaf_value=-0.0063043146832030428 -0.00030525049957515015 0.021248803321898678 0.014521046271187048 -0.0038607314586802891 0.0087583389743462678 0.0051116485787468472 0.00050379160538991199 -0.0088100442912515554 -0.011663648985473828 -0.0014143221935473554 0.015083896426763013 -0.00042633884604927687 -0.0095021287834117975 0.0029405973602065687
leaf_weight=123.36035607755184 16850.319122746587 119.85749146342278 99.411767080426216 106.56804464757442 358.54776173830032 338.37275440990925 32055.965738639235 555.44986137747765 101.60386002063751 1106.8345871642232 112.85868267714977 463.25507056713104 1096.6127804964781 193.06013378500938
leaf_count=538 73896 503 408 443 1519 1487 140945 2451 453 4953 488 2147 5474 886
internal_value=5.48373e-05 0.00665793 0.011607 0.00527242 -2.12198e-06 0.000445238 0.000352435 -0.00447829 0.00106461 -0.000755956 -0.00330119 0.00281758 -0.00477772 -0.0076312
internal_weight=53682.1 449.198 325.837 205.98 53232.9 33409.9 33051.4 995.426 439.977 19822.9 2972.62 576.114 2396.51 1289.67
internal_count=236591 1892 1354 851 234699 146855 145336 4391 1940 87844 13948 2635 11313 6360
is_linear=0
shrinkage=0.03


Tree=239
num_leaves=15
num_cat=2
split_feature=36 1 46 21 46 1 39 16 1 15 9 19 11 16
split_gain=20.3354 77.2673 32.2485 23.2156 32.3012 44.5361 32.3443 29.3365 26.2208 24.4175 36.2629 25.4539 30.0556 22.6945
threshold=-1.5597693486653632 0.017517397864015846 0 -0.43173496227225799 1 0.015042494792206389 1.9201927824785854 0.1309523809523809 0.032856810192967344 0.38461538461538519 -0.56173898116000165 -5.1686599641595325 0.11678314611735284 0.032872673740418266
decision_type=8 8 1 10 1 10 8 8 8 10 10 2 8 8
left_child=1 2 -1 4 5 6 -2 -7 -6 11 -11 -9 -13 -5
right_child=3 -3 -4 13 8 7 -8 9 -10 10 -12 12 -14 -15
leaf_value=0.008277305076519817 -0.0025890418534941077 -0.0081673822317342038 0.0013480575451490248 0.0067767244871879294 0.0012551685746858511 0.017284072359599841 0.0096129718305194376 -0.014488659240128522 0.0081111738240361442 0.020459909006467724 0.0026664903262469584 0.0070245032994230112 -0.0089689199345821136 -0.00084395089312820214
leaf_weight=1104.1255266666412 5879.4261509478092 513.63932380080223 1348.3268626779318 345.8980858027935 11236.468614935875 110.69272138178349 192.56998300552368 128.149846971035 516.07603475451469 102.61421233415604 1286.5437328368425 243.82310964167118 171.2923004925251 30558.414514541626
leaf_count=4714 26126 2478 5799 1514 48633 487 863 590 2190 447 5610 1060 751 135570
internal_value=-0.000100999 0.00230925 0.00452773 -0.000242232 0.00055768 -0.000897091 -0.00218689 0.00292372 0.00156154 0.00201639 0.00411769 -0.00333406 0.000369277 -0.000756492
internal_weight=53738.1 2966.09 2452.45 50772 19867.7 8115.11 6072 2043.12 11752.5 1932.42 1389.16 543.265 415.115 30904.3
internal_count=236832 12991 10513 223841 86757 35934 26989 8945 50823 8458 6057 2401 1811 137084
cat_boundaries=0 1 2
cat_threshold=682 771
is_linear=0
shrinkage=0.03


Tree=240
num_leaves=15
num_cat=0
split_feature=9 15 39 19 16 19 40 30 11 11 8 9 1 9
split_gain=18.4564 40.4871 31.1438 46.4344 25.0869 49.6927 53.1585 42.6583 43.8733 39.4277 38.958 46.0998 42.3223 35.3589
threshold=-1.7189852790298679 0.18465909090909013 -1.0559787094162867 -7.0917947096868552 0.094594594594594725 -5.5292545498163967 -1.7976266053651186 1.5000000000000002 -2.0739197901324373 -0.71976763288972434 0.50908146077987204 -1.2964148857240689 0.016397090262465192 0.3748837583420454
decision_type=8 8 10 2 8 2 10 2 10 10 10 10 10 10
left_child=1 2 3 -1 7 6 -6 8 -2 10 11 12 -8 -13
right_child=4 -3 -4 -5 5 -7 9 -9 -10 -11 -12 13 -14 -15
leaf_value=-0.0012072503443969252 -0.020949447071630094 0.0085539849470999251 0.0046444984357681468 -0.015275546753198496 0.0097221142389046934 0.00013888190330348796 0.0078270585018490723 0.005220355598706687 -0.00024332808268703036 0.0022209519858716943 0.0073778285911171053 -0.010432159441395731 -0.013821920739907295 0.0078297574453634177
leaf_weight=408.89949165284634 97.656256392598152 195.61262175440788 192.96969236433506 430.77053658664227 236.06557027995586 46566.628612279892 283.51950772106647 1922.0256407111883 638.91906386613846 575.02838400006294 162.1142565459013 1762.1862907856703 102.53016231954098 93.846007913351059
leaf_count=1875 428 856 836 2030 990 205387 1235 8112 2808 2484 718 7930 485 415
internal_value=-4.40986e-05 -0.00366422 -0.00603855 -0.00851946 4.13737e-05 -0.000110511 -0.00371167 0.00287515 -0.00323241 -0.00480509 -0.00648779 -0.00751866 0.00187353 -0.00947178
internal_weight=53668.8 1228.25 1032.64 839.67 52440.5 49781.9 3215.29 2658.6 736.575 2979.22 2404.2 2242.08 386.05 1856.03
internal_count=236589 5597 4741 3905 230992 219644 14257 11348 3236 13267 10783 10065 1720 8345
is_linear=0
shrinkage=0.03


Tree=241
num_leaves=15
num_cat=0
split_feature=39 30 20 30 35 35 8 39 2 19 30 37 20 37
split_gain=23.1416 30.3527 25.7804 36.3985 24.577 20.3066 54.5535 36.0821 42.3683 60.0949 55.1008 62.9881 45.477 42.3119
threshold=2.1360955966638504 1.0000000180025095e-35 1.620778464694675 3.5000000000000004 0.8525931177801892 1.0162387863668219 -0.56655378253730315 -1.0559787094162867 1.0265244579791959 -8.1869864002425263 1.5000000000000002 -0.33516412983907512 -0.82303431289593132 -1.8421263120617273
decision_type=10 2 10 2 10 8 10 10 10 2 2 10 10 10
left_child=5 4 -3 -4 -2 7 -7 8 9 -1 12 13 -10 -12
right_child=1 2 3 -5 -6 6 -8 -9 10 -11 11 -13 -14 -15
leaf_value=0.0068360567778221748 -0.017232387743995166 0.0086081235886310975 0.0098029200129427698 -0.011376186418482502 0.0037466968950850403 0.006063089299854562 -0.002712545373990002 0.00045115351652801148 -0.010535553424313962 -0.006021376301734647 0.0061163398461594066 0.016366891877995587 0.0024623235450230234 -0.0030159529748829401
leaf_weight=363.22482518851757 91.439735412597656 803.98627062141895 122.54074445366859 153.06360533833504 93.805621922016144 711.11947827041149 5518.8616808503866 39903.262019149959 591.60238140821457 2723.312907576561 832.63415458798409 274.18786890804768 400.2650591135025 987.49418471753597
leaf_count=1613 393 3525 559 721 423 3095 25656 174381 2710 12198 3598 1197 1791 4316
internal_value=6.66946e-07 0.00399425 0.0059207 -0.00194589 -0.00696109 -9.66489e-05 -0.00170274 0.000120835 -0.00201177 -0.00449112 0.00047436 0.00322989 -0.00531808 0.00117229
internal_weight=53570.8 1264.84 1079.59 275.604 185.245 52306 6229.98 46076 6172.72 3086.54 3086.18 2094.32 991.867 1820.13
internal_count=236176 5621 4805 1280 816 230555 28751 201804 27423 13811 13612 9111 4501 7914
is_linear=0
shrinkage=0.03


Tree=242
num_leaves=15
num_cat=0
split_feature=33 35 18 1 25 1 11 45 45 19 40 11 36 30
split_gain=22.2402 44.9661 50.3839 23.899 44.2773 27.2436 43.9944 33.0316 57.7831 33.9419 24.7719 26.6521 24.2755 57.5279
threshold=-2.5210552553321848 -2.9176194786609888 -1.6113807010004149 0.032856810192967344 -0.27039532866739674 0.027723178217689898 -0.91775354655715802 1.0256410119885893 1.1761763692939937 1.5894269786428974 -1.1569456281477239 -0.27244711471949573 -2.4596546283169203 1.5000000000000002
decision_type=8 10 2 10 10 10 8 8 10 2 10 10 8 2
left_child=1 -1 -3 5 -5 12 -7 -8 -9 -10 -6 -12 13 -2
right_child=3 2 -4 4 10 6 7 8 9 -11 11 -13 -14 -15
leaf_value=-0.0062560859566123594 -0.0059987315697483451 0.013251059952588708 -0.0081363013461729933 0.0087331692325357899 0.009793968052284439 -0.017608190149269298 -0.010265157955531698 0.017113457035972182 -0.011888631667405421 0.0048334213375963043 -0.01364638002382953 -1.4025932225027873e-05 -0.00015376217674734953 0.013927262420433123
leaf_weight=230.79310549795628 205.9739992171526 489.61098411679268 116.44309565424919 750.53308914601803 129.92287138104439 190.55580811202526 277.95213042199612 156.66995507478714 212.06284625828266 206.90058805048466 176.68173338472843 418.31928983330727 49729.515078336 325.30493654310703
leaf_count=1035 905 2118 543 3209 582 884 1241 698 930 896 799 1833 219280 1381
internal_value=8.11209e-07 0.00482398 0.00907647 -7.65607e-05 0.00367478 -0.000185139 -0.00495821 -0.00196301 0.00215262 -0.00371046 -0.00160988 -0.00422072 -8.50145e-05 0.00623396
internal_weight=53617.2 836.847 606.054 52780.4 1475.46 51304.9 1044.14 853.586 575.633 418.963 724.924 595.001 50260.8 531.279
internal_count=236334 3696 2661 232638 6423 226215 4649 3765 2524 1826 3214 2632 221566 2286
is_linear=0
shrinkage=0.03


Tree=243
num_leaves=15
num_cat=1
split_feature=43 46 11 13 11 20 0 40 39 37 39 11 10 30
split_gain=20.6882 48.7998 35.8781 27.8501 44.1963 25.6503 26.2116 23.085 42.5149 22.216 22.8876 84.362 71.5297 65.5403
threshold=0.2678571428571429 0 1.5110404442705443 35.248684421414161 -0.65193868336879113 0.76254972859556103 0.011199135110459651 1.2191512137265172 0.22992703174873902 -2.853962678139657 0.41545778425267871 -0.35145433270903931 0.42103305746688113 3.5000000000000004
decision_type=10 1 10 10 8 8 8 10 8 10 10 8 8 2
left_child=1 2 5 4 -3 6 7 8 -1 -2 12 13 -11 -12
right_child=9 3 -4 -5 -6 -7 -8 -9 -10 10 11 -13 -14 -15
leaf_value=-0.0032203186896426514 -0.010572343908106753 0.00361235839878254 0.0089665591801437947 0.0032666061832127423 -0.0080352759232998911 0.010659989470403294 -0.00017534211595152376 0.0057358055129222698 -0.014214532698912355 -0.00053788939841721453 0.0076453108629832818 -0.0022061781495143528 0.0031813411744238723 -0.0018864056778265619
leaf_weight=824.80191867053509 178.91854760050774 625.47982469201088 230.63662597537041 6251.5176820904016 535.1325406730175 106.54088377952576 1063.1431724429131 122.6881922185421 512.03715087473392 21924.007623836398 1543.3209152370691 12715.773579418659 5897.465799331665 1109.8464114516973
leaf_count=3553 817 2728 997 27400 2345 489 4703 567 2254 95369 6658 57986 25564 5030
internal_value=-2.01417e-05 0.00118978 -0.00213064 0.00247159 -0.00178087 -0.00314246 -0.00376517 -0.00636107 -0.00750561 -0.000306918 -0.000261956 -0.00119073 0.000251356 0.00366599
internal_weight=53641.3 10272 2859.85 7412.13 1160.61 2629.21 2522.67 1459.53 1336.84 43369.3 43190.4 15368.9 27821.5 2653.17
internal_count=236460 45036 12563 32473 5073 11566 11077 6374 5807 191424 190607 69674 120933 11688
cat_boundaries=0 1
cat_threshold=322
is_linear=0
shrinkage=0.03


Tree=244
num_leaves=15
num_cat=2
split_feature=2 18 0 23 43 46 46 19 39 11 37 11 40 33
split_gain=22.9132 38.2729 22.8023 20.9484 18.6588 37.9231 32.8255 62.1315 40.4284 62.7289 46.232 44.2444 45.2311 44.3205
threshold=0.28864698770703151 -0.96994419760255657 0.0028372961527044602 0.11404359245810593 0.41428571428571431 0 1 -4.7037714904691681 0.46772567244585855 -0.81624010835502825 -1.0890162926216673 -0.31744374586258611 -1.7429079314650811 -2.2302763204397791
decision_type=8 2 10 8 10 1 1 2 8 8 10 8 10 10
left_child=1 -1 -3 4 5 -2 7 -6 11 -10 -11 12 -8 -14
right_child=3 2 -4 -5 6 -7 8 -9 9 10 -12 -13 13 -15
leaf_value=0.017464387969809429 -0.00088379476495520435 -0.0089287841283904375 0.0075721754467197077 0.0088435775954286387 -0.0053694490747568345 0.0017286259763959538 0.0069488604500964361 0.0015095841227433791 0.007317258932147192 -0.024064896267772022 -0.0035872126272866118 0.0010921545183023894 0.011025248842503966 -0.0035783043939420713
leaf_weight=169.78515355288982 8744.5096547007561 132.93635030090809 149.4569057226181 226.56102462112904 1323.8833808749914 11635.374035552144 429.4040354937315 10354.529142856598 471.84227286279202 91.177110001444817 6340.1444181203842 8172.5620027780533 184.40344531834126 5252.1362073719501
leaf_count=704 38351 580 619 961 5863 51157 1839 45146 2055 428 29234 35795 790 23123
internal_value=-6.25521e-06 0.00664468 -0.000235341 -6.39948e-05 -0.000103733 0.000608231 -0.000548594 0.000725219 -0.00125871 -0.00313726 -0.00391444 -0.000334285 -0.00232011 -0.00306363
internal_weight=53678.7 452.178 282.393 53226.5 53000 20379.9 32620.1 11678.4 20941.7 6903.16 6431.32 14038.5 5865.94 5436.54
internal_count=236645 1903 1199 234742 233781 89508 144273 51009 93264 31717 29662 61547 25752 23913
cat_boundaries=0 1 2
cat_threshold=848 848
is_linear=0
shrinkage=0.03


Tree=245
num_leaves=15
num_cat=0
split_feature=9 39 38 19 40 2 40 11 37 39 7 19 11 37
split_gain=21.7574 37.5201 36.6889 31.4886 31.7937 31.4821 26.335 79.0501 87.6181 43.9509 36.6063 35.0505 34.8149 33.6559
threshold=-1.6691652982158918 -1.0559787094162867 -2.9303608724780625 -4.3413424881476841 -0.91692436407124134 1.5369621323867606 -1.7429079314650811 -0.93081238233023833 0.016212478573641258 -1.8897943041667877 -0.73066870678396489 -8.7724866231415977 -1.6323180237845316 -1.730175991096025
decision_type=8 10 8 2 10 10 8 8 10 8 10 2 10 8
left_child=1 3 -2 4 5 -1 7 -4 10 -8 -9 12 -11 -13
right_child=2 -3 6 -5 -6 -7 9 8 -10 11 -12 13 -14 -15
leaf_value=-0.0093250432210701378 0.015394057879576147 0.0053709282590738002 0.016114605201696372 -0.019242008614248313 0.010192981467857964 0.0042043890926624708 -0.016931358472579656 -0.015400553489600571 0.022781048764864486 -0.013861008700236724 0.00097818406650347287 0.0046853227959732383 0.0017768164287101714 1.9478417692853408e-05
leaf_weight=653.49850890040398 131.86354529857635 317.01457892358303 350.83841492235661 135.93049709498882 112.43256944417953 195.43560302257538 127.19775354862213 232.59285616874695 97.599305957555771 308.95080868899822 246.45741185545921 1421.89491507411 210.73556523025036 49166.152688473463
leaf_count=3000 558 1365 1473 647 510 907 600 1026 404 1406 1044 5991 933 216904
internal_value=5.86873e-05 -0.0035997 0.000158299 -0.00621646 -0.0041956 -0.00619771 0.00011684 0.00509958 -0.00176251 2.5662e-05 -0.00712647 7.11688e-05 -0.00760596 0.000151523
internal_weight=53708.6 1414.31 52294.3 1097.3 961.367 848.934 52162.4 927.488 576.65 51234.9 479.05 51107.7 519.686 50588
internal_count=236768 6429 230339 5064 4417 3907 229781 3947 2474 225834 2070 225234 2339 222895
is_linear=0
shrinkage=0.03


Tree=246
num_leaves=15
num_cat=3
split_feature=16 30 46 45 46 1 45 7 45 38 30 1 46 45
split_gain=17.0927 57.2448 30.7103 27.9738 81.7502 58.0991 59.9089 50.6577 45.5022 33.0603 29.2758 37.9621 42.0944 28.4744
threshold=0.10638838318563694 1.5000000000000002 0 1.0229456804513275 1 0.010816341799779356 1.2259407135755567 -0.37270365366081631 1.1002752897966654 -0.037429087992958382 3.5000000000000004 0.014673994727139301 2 0.69596932946612766
decision_type=8 2 1 10 1 10 10 10 10 10 2 10 1 10
left_child=1 2 -1 4 7 6 8 -3 -5 10 -7 12 -12 -6
right_child=-2 3 -4 5 13 9 -8 -9 -10 -11 11 -13 -14 -15
leaf_value=0.0050625415482965118 -0.00028041173808931942 0.0037331531965485647 -0.0066038933638936622 0.01980735782438036 0.0037643745537879192 0.012981634437419926 0.034512690168033225 0.023761762012721517 -0.0008368080495223325 -0.008390555150442798 0.0094613651450312485 0.010326468809634858 -0.012779953422282608 -0.010391634578387942
leaf_weight=250.28943254053593 49804.173822015524 482.68953537940979 853.59053190052509 177.91479097306728 167.84197998046875 281.48698483407497 104.7105085849762 140.78637769818306 195.05609649419785 185.83366917073727 99.240110501646996 222.0099712908268 208.45520958304405 474.41298206150532
leaf_count=1115 219887 2072 3812 742 719 1210 430 601 817 798 416 976 877 2055
internal_value=-0.000131511 0.00179326 -0.00395083 0.00411299 0.000829216 0.00690686 0.0153983 0.00842648 0.00927095 0.00272604 0.00534387 0.00111982 -0.00563896 -0.00659018
internal_weight=53648.5 3844.32 1103.88 2740.44 1265.73 1474.71 477.681 623.476 372.971 997.026 811.192 529.705 307.695 642.255
internal_count=236527 16640 4927 11713 5447 6266 1989 2673 1559 4277 3479 2269 1293 2774
cat_boundaries=0 1 2 3
cat_threshold=34 22 160
is_linear=0
shrinkage=0.03


Tree=247
num_leaves=15
num_cat=1
split_feature=38 37 37 39 11 9 37 1 11 7 11 46 10 16
split_gain=17.5235 81.5391 57.7542 55.7908 72.5196 76.5781 58.8464 47.5568 63.2472 53.9302 50.2856 48.2092 65.7919 61.9704
threshold=0.54124529018092982 0.035143559500035497 2.1180737053391039 0.46772567244585855 -1.5083559917932037 0.34309379796121758 -0.91897746177833295 0.014171956114303904 -1.9147650664834674 -1.0724423782378942 0.41699278658799216 0 0.91485828904316613 0.13463233177686551
decision_type=10 10 10 10 8 10 10 8 8 8 10 1 10 10
left_child=2 -2 3 7 5 -5 -6 8 -1 10 -9 13 -13 -11
right_child=1 -3 -4 4 6 -7 -8 9 -10 11 -12 12 -14 -15
leaf_value=-0.0059957199731464792 -0.0096642707104200865 -0.00030494112398996395 0.022708344806909281 -0.0008001745092170681 -0.013396710691224946 0.028576016682296028 -0.0016542590588690016 -0.0032339841512486751 0.0020981444204481729 0.017551826691053714 -0.01670570381410353 -0.002350414564967439 0.0078006800681632987 0.0020896022573158265
leaf_weight=900.05026176571846 882.71875577419996 13621.102097660303 93.608933687210083 177.86938227713108 391.39869539439678 134.1713659465313 9087.0917900800705 1283.6652134358883 19435.720063954592 267.06206454336643 301.83191494643688 4942.3818030953407 640.22957269847393 1500.9210426062346
leaf_count=3963 3951 62092 410 778 1808 572 40467 5870 83402 1179 1376 21445 2739 6534
internal_value=9.5861e-06 -0.000880827 0.000339546 0.000280143 -0.00167918 0.0123261 -0.00215275 0.000935825 0.00173714 -0.000887629 -0.00588723 0.000197301 -0.0011723 0.0044856
internal_weight=53659.8 14503.8 39156 39062.4 9790.53 312.041 9478.49 29271.9 20335.8 8936.09 1585.5 7350.59 5582.61 1767.98
internal_count=236586 66043 170543 170133 43625 1350 42275 126508 87365 39143 7246 31897 24184 7713
cat_boundaries=0 1
cat_threshold=67
is_linear=0
shrinkage=0.03


Tree=248
num_leaves=15
num_cat=0
split_feature=30 2 41 19 13 40 41 8 14 20 2 41 19 30
split_gain=19.2217 50.622 51.0781 62.2104 55.0823 53.4116 44.157 54.3143 47.8173 45.9416 57.1299 60.1914 56.8758 54.0953
threshold=3.5000000000000004 1.018281365298487 0.95000000000000007 3.2034288398153925 35.248684421414161 -0.58166541068976751 0.95000000000000007 0.36009518114644828 0.74459548873973225 -0.19926378499292155 1.5369621323867606 1.0000000180025095e-35 -0.45159028349718083 2.5000000000000004
decision_type=2 8 2 2 10 10 2 10 8 10 10 2 2 2
left_child=6 2 4 5 -2 -4 8 -8 9 10 11 13 -13 -1
right_child=1 -3 3 -5 -6 -7 7 -9 -10 -11 -12 12 -14 -15
leaf_value=-0.0062649478874791361 -0.0074620770826291389 0.0015598528263288146 0.0036443259461155235 0.00098447367938365332 -0.00035725041245729378 -0.011327161224665297 -0.0025156591721690108 0.0051442403774308951 -0.0026966320757404365 0.0020506489179963889 0.0054711570108848303 0.0019561958250278785 -0.0049838943525003015 0.0015682588612316553
leaf_weight=3062.0343758314848 1052.7806067913771 6303.2140540480614 249.09341983497143 852.26817819476128 12951.378643319011 1366.9308631271124 1108.8379229009151 3279.471246227622 4942.8280711323023 10067.820931896567 1190.4331212937832 4823.6548463702202 1352.3622896373272 1065.0886823087931
leaf_count=13498 4610 28447 1118 4015 56914 6403 4819 14593 21988 43590 5215 20978 5892 4576
internal_value=-6.38297e-05 -0.000724883 -0.00159956 -0.00556981 -0.000896308 -0.00901124 0.000423612 0.00320742 -3.83393e-05 0.000572027 -0.000723832 -0.00144422 0.000430924 -0.00424452
internal_weight=53668.2 22775.7 16472.5 2468.29 14004.2 1616.02 30892.5 4388.31 26504.2 21561.4 11493.6 10303.1 6176.02 4127.12
internal_count=236656 101507 73060 11536 61524 7521 135149 19412 115737 93749 50159 44944 26870 18074
is_linear=0
shrinkage=0.03


Tree=249
num_leaves=15
num_cat=0
split_feature=2 30 37 13 40 33 15 39 39 35 37 9 37 45
split_gain=18.918 52.0272 66.6106 47.5913 50.7135 45.2267 40.2075 55.8303 45.6792 38.2231 37.9607 37.3699 35.1728 35.0899
threshold=0.65249376741959175 1.5000000000000002 -0.23089833278160474 35.248684421414161 -0.70711651716964619 -0.19218347207388622 0.26136766515364096 -0.22554161254589913 0.086109014388072211 0.82423854238592853 -0.042404105354127815 -0.49628436002012394 -0.57894086925139032 1.3530086981928648
decision_type=8 2 10 10 8 10 10 10 10 10 10 10 8 10
left_child=1 2 -1 -3 5 10 7 12 13 -10 -5 -4 -6 -8
right_child=-2 3 11 4 6 -7 8 -9 9 -11 -12 -13 -14 -15
leaf_value=-0.0031022592730087098 -0.00034115355953397337 -0.0090071215325675351 0.014026021915214092 0.0051511413606634823 0.0099650127438021298 0.008951509028396587 -0.0054985621033243259 0.011387338271907301 0.0016815597640242156 -0.0063278173895735699 -0.010562307321163329 0.0048680176156906743 -0.0058549452143039577 0.0074234622866628779
leaf_weight=750.66056033968925 40663.401772662997 495.61753888428211 538.97357051074505 310.23444858193398 163.3908686041832 1042.5506569296122 2433.5037148743868 556.04677133262157 3652.327212959528 618.30032995343208 233.98515409231186 1567.9833916723728 458.9579906463623 196.42422939836979
leaf_count=3254 180356 2181 2303 1330 686 4445 10644 2338 16013 2798 1015 6577 1957 819
internal_value=-2.2473e-05 0.000972392 0.00454098 -3.46614e-05 0.000434242 0.00531977 -0.000530704 0.00456741 -0.00140665 0.000509891 -0.00167348 0.00726589 -0.00160968 -0.00450898
internal_weight=53682.4 13019 2857.62 10161.3 9665.72 1586.77 8078.95 1178.4 6900.56 4270.63 544.22 2106.96 622.349 2629.93
internal_count=236716 56360 12134 44226 42045 6790 35255 4981 30274 18811 2345 8880 2643 11463
is_linear=0
shrinkage=0.03


Tree=250
num_leaves=15
num_cat=0
split_feature=13 38 14 10 2 30 0 45 16 15 45 9 10 36
split_gain=22.8323 40.2795 49.5461 51.9991 39.2238 52.1943 30.8091 29.6243 26.8709 41.9969 41.5329 40.7835 40.0065 62.7012
threshold=36.006583485429637 -1.3963147451623739 0.5863265917167092 0.76376542078322884 0.86327330291056026 1.5000000000000002 0.0059055328694556644 1.1398839561287359 0.32785632954211968 0.2081474494946482 2.0398666272980539 -0.7787368138952796 -1.5064011847956291 -0.38503696430608519
decision_type=10 8 8 10 10 2 10 10 10 10 10 8 8 10
left_child=4 2 3 6 -1 -6 -2 -7 9 11 -10 -3 13 -11
right_child=1 8 -4 -5 5 7 -8 -9 10 12 -12 -13 -14 -15
leaf_value=-0.0052284970355805076 -0.0046700620374134838 -0.0005966514193331393 -0.0094530657581339984 -0.013193985244172413 -0.0048344451279769534 0.00027613726894244332 0.0095638590991387988 0.0070323351286567968 0.00044830825041450637 -0.011776635027435858 0.019734478486122666 0.0062463702452985334 -0.0025598008033073222 0.0077390756139335565
leaf_weight=1967.2988852262497 147.36550582945347 2210.5310544669628 188.2918872833252 102.93220134079456 1398.1591544151306 2024.735590621829 1261.7326467931271 811.41859310865402 31583.92757127434 174.85436402261257 90.82221557199955 1203.2060149759054 9729.2339146584272 746.95121578872204
leaf_count=8645 621 9674 818 466 6245 8707 5374 3502 140268 797 385 5135 42573 3336
internal_value=-2.9579e-05 0.000194324 0.00471448 0.00652926 -0.0017399 -0.000110574 0.00805284 0.00222699 2.52983e-05 -0.00106546 0.000509819 0.00182644 -0.00199318 0.00395055
internal_weight=53641.5 47439.8 1700.32 1512.03 6201.61 4234.31 1409.1 2836.15 45739.5 14064.8 31674.7 3413.74 10651 921.806
internal_count=236546 209447 7279 6461 27099 18454 5995 12209 202168 61515 140653 14809 46706 4133
is_linear=0
shrinkage=0.03


Tree=251
num_leaves=15
num_cat=0
split_feature=5 31 39 40 37 12 16 36 41 7 39 34 37 7
split_gain=15.7753 17.1073 39.2571 31.5997 28.6173 32.4249 50.4731 28.9205 28.7961 45.2186 46.2234 32.5201 27.9324 26.2649
threshold=2.0451403195037252 -0.46723007007793149 -1.803152513603415 -1.7429079314650811 -1.5659205117258168 0.030300343105986026 0.33728044345980918 -2.306956404212253 1.0000000180025095e-35 -0.62624123523642172 0.10432956778589324 1.2882713637576153 0.3892068939431686 -0.27690331812469776
decision_type=10 8 8 10 8 2 10 8 2 8 8 8 10 10
left_child=1 12 3 -3 5 -4 -7 -6 9 10 -9 -11 13 -1
right_child=-2 2 4 -5 7 6 -8 8 -10 11 -12 -13 -14 -15
leaf_value=-0.0011538391736813233 -0.0030654742272764554 -0.0021773150701163155 0.0073353421615668622 -0.017687157391074997 0.011324296372601256 0.0063108803980741349 -0.017570212383208397 -0.0024325758483079371 0.00072284728273575005 0.00035597503527896147 -0.012376140404878855 0.016342174115939662 -0.0030598331770751597 0.0019993396883127039
leaf_weight=6147.8801473081112 1373.181105107069 341.00082416832447 1059.8060133606195 173.75593814253807 208.94596464931965 184.77788214385509 125.38787551224232 1978.1556776612997 31682.439663946629 2407.9210657775402 527.07127420604229 110.27385880053043 3459.7442538663745 3862.7513483092189
leaf_count=26993 6553 1506 4386 845 893 814 558 8624 139546 10389 2330 473 15803 16875
internal_value=9.68352e-05 0.000180483 0.000500256 -0.00764994 0.000611808 0.00485359 -0.00359056 0.000453117 0.000388166 -0.00171989 -0.00456548 0.00111789 -0.000740268 6.36429e-05
internal_weight=53643.1 52269.9 38799.5 514.757 38284.8 1369.97 310.166 36914.8 36705.9 5023.42 2505.23 2518.19 13470.4 10010.6
internal_count=236588 230035 170364 2351 168013 5758 1372 162255 161362 21816 10954 10862 59671 43868
is_linear=0
shrinkage=0.03


Tree=252
num_leaves=15
num_cat=1
split_feature=39 40 11 15 45 40 15 46 39 40 40 37 13 39
split_gain=18.9107 68.7357 57.5611 80.5194 64.8746 55.0875 54.4201 59.7876 53.1078 54.9329 50.5322 47.4593 46.5014 50.7145
threshold=-0.49569516541271452 -0.15465797741729187 -0.42224763612007898 0.58544186564462886 1.2724157480147971 -1.2718227186651552 0.24453110014033191 0 -1.023661760372365 -0.34695794430289834 -0.94838891393250169 -1.279992707317583 34.684653684386994 -0.059868311926509453
decision_type=8 10 10 10 8 10 10 1 10 10 10 10 10 10
left_child=8 2 3 4 -2 -4 7 -3 9 10 -1 -12 -7 -14
right_child=1 6 5 -5 -6 12 -8 -9 -10 -11 11 -13 13 -15
leaf_value=-0.0018804633655256299 -0.0057816388613185967 -0.00055492672315251277 0.01750431370796993 -0.017436386556197992 0.0097000997764439909 -0.011353567542313512 -0.00012061008458370172 0.0097040573895010879 0.0024566206546486409 -0.011968418315801062 0.012067250781753384 0.00069130462824829617 -0.0035052479182661397 0.002607252929095155
leaf_weight=5101.7374029159546 2101.2733533531427 959.64400441944599 130.4121990352869 476.75367167592049 266.22602966427803 391.39101442694664 28231.96496064961 1079.8016240745783 8138.7162226140499 385.3857613503933 477.53300802409649 1025.9467571526766 2680.5282091796398 2228.0688698589802
leaf_count=22708 9195 4050 575 2089 1121 1724 126047 4607 34883 1723 2032 4556 11604 9817
internal_value=-8.78056e-05 -0.000440578 -0.00286187 -0.00631143 -0.00400724 -0.00104683 0.000222006 0.00494227 0.000810675 -0.00110637 -0.00045548 0.00436037 -0.0015354 -0.000731053
internal_weight=53675.4 38546.1 8274.65 2844.25 2367.5 5430.4 30271.4 2039.45 15129.3 6990.6 6605.22 1503.48 5299.99 4908.6
internal_count=236731 170829 36125 12405 10316 23720 134704 8657 65902 31019 29296 6588 23145 21421
cat_boundaries=0 1
cat_threshold=676
is_linear=0
shrinkage=0.03


Tree=253
num_leaves=15
num_cat=2
split_feature=2 15 39 11 14 1 36 35 46 27 38 37 46 36
split_gain=23.097 45.5474 25.3931 24.9374 31.0222 35.1203 28.4926 28.0069 23.0971 21.7916 22.2666 30.0104 23.522 34.1556
threshold=0.42331143839496865 0.25810906110624027 -0.22554161254589913 -1.0290090832524517 0.40517255159331955 0.023693942911538968 -0.21986217602774574 0.26878608087147476 0 0.068965517241371663 2.3167264682209381 2.7290928358271018 1 1.4783302867448456
decision_type=8 10 10 8 10 10 10 10 1 10 10 10 1 10
left_child=1 2 -1 7 5 6 -5 8 -3 -2 11 -11 13 -12
right_child=9 3 -4 4 -6 -7 -8 -9 -10 10 12 -13 -14 -15
leaf_value=0.0058356428848150106 0.001287625818882316 -0.008099058489103951 0.0195691961675338 -0.0094457504251096499 -0.0036957482803587315 0.020704005532656847 0.0067133984672396018 0.019375801148483907 0.0084770325195853077 -0.0003267587669278079 0.014562967723763165 0.011754083706817502 -0.0090552960296174795 -0.007215001239808237
leaf_weight=413.15953789651394 8625.2716084420681 106.76555216312408 170.43532086908817 139.54100163280964 1142.4911462068558 94.264028280973434 276.53356450796127 112.10056722164154 170.1920156031847 41602.185791432858 103.94328401982784 175.89482732117176 498.7902520224452 140.86964897811413
leaf_count=1727 38078 467 708 601 4931 395 1174 481 728 183197 511 821 2613 736
internal_value=5.47041e-05 0.0027935 0.0101085 0.000663697 -0.000955929 0.00513083 0.00119952 0.00739586 0.00204066 -8.64026e-05 -0.000365353 -0.000273095 -0.00547632 0.00215559
internal_weight=53772.4 2625.48 583.595 2041.89 1652.83 510.339 416.075 389.058 276.958 51147 42521.7 41778.1 743.603 244.813
internal_count=237168 11212 2435 8777 7101 2170 1775 1676 1195 225956 187878 184018 3860 1247
cat_boundaries=0 1 2
cat_threshold=293 276
is_linear=0
shrinkage=0.03


Tree=254
num_leaves=15
num_cat=1
split_feature=30 8 12 11 40 11 39 8 10 45 35 46 38 40
split_gain=18.367 54.065 50.4681 73.7138 47.7836 184.444 50.3556 48.8801 43.6082 40.3445 39.8111 46.2095 37.3261 54.9516
threshold=3.5000000000000004 0.29009472410122294 0.067211349813508237 0.1848170736172729 -1.7429079314650811 -0.91775354655715802 -1.803152513603415 -1.9648366136074229 -1.3033368680847055 0.42396179803737616 0.7831125544186831 0 2.213966976848003 2.6645802179636413
decision_type=2 10 2 10 8 8 8 10 8 8 8 1 10 10
left_child=1 4 9 -4 5 7 -6 -1 -3 -2 11 -10 13 -11
right_child=2 8 3 -5 6 -7 -8 -9 10 12 -12 -13 -14 -15
leaf_value=0.00015081038106541086 -0.015002953365713972 0.013428708500539602 0.023986229423606158 -0.0070529061284524347 -0.017043739474672828 -0.008586968457128254 -0.00064342823509015137 0.025232461928946744 0.00040227049661898089 -0.00064177064082739945 -0.00072427834886405924 0.0051642006008333022 -0.010502352355508216 0.020133910648140404
leaf_weight=88.063271373510361 168.61121398210526 288.79641103744507 165.39173348248005 107.30848141014576 160.07113406062126 371.9666989594698 18441.715685755014 331.88429462909698 3286.8242229148746 21887.526226907969 3719.819380491972 4161.2215465903282 333.34678784012794 105.19025572389364
leaf_count=412 793 1259 717 479 771 1672 80167 1405 14458 97211 16963 17860 1803 505
internal_value=3.43808e-06 0.000480369 -0.000642742 0.0119548 -0.000484937 0.0066858 -0.000793637 0.0200987 0.00211342 -0.000800705 0.00180906 0.00307358 -0.000686778 -0.000533296
internal_weight=53617.7 30850.4 22767.4 272.7 19393.7 791.914 18601.8 419.948 11456.7 22494.7 11167.9 7448.05 22326.1 21992.7
internal_count=236475 134967 101508 1196 84427 3489 80938 1817 50540 100312 49281 32318 99519 97716
cat_boundaries=0 1
cat_threshold=269
is_linear=0
shrinkage=0.03


Tree=255
num_leaves=15
num_cat=0
split_feature=34 30 20 7 30 0 16 36 41 35 32 36 31 9
split_gain=22.2472 32.1614 31.8766 45.1583 34.2857 44.1376 32.666 30.2339 37.3259 29.1581 28.888 40.8492 30.0047 29.2327
threshold=-0.15367655600746669 3.5000000000000004 -0.3625124831711552 0.37819764912049919 1.5000000000000002 0.0040165114114547656 0.11699999247734146 1.1100396809608222 0.95000000000000007 0.71954590263181339 -0.72002286934776005 -0.29624314621525211 1.0091323800273175 1.9036140703441284
decision_type=10 2 10 8 2 8 8 8 2 8 10 10 10 8
left_child=1 2 4 9 5 -1 -6 -5 -9 -4 11 -2 -12 -14
right_child=10 -3 3 7 6 -7 -8 8 -10 -11 12 -13 13 -15
leaf_value=0.013720785193684014 -0.010409821990317638 -0.0021296696916233418 0.0033378552622119308 -0.0028556837342753509 0.0063921298444363905 -0.0053503976249968744 -0.0015306555291925274 -0.0018770156695823289 0.02157204127826369 -0.006974013126917443 0.0012350610263911885 -0.0005468122028106521 -0.0018933753247235027 0.008865897054034115
leaf_weight=105.69615593552589 475.79183739423752 8163.4331695586443 5446.9270282387733 2428.6149002686143 663.51765727996826 2123.7807533591986 1528.9697954803705 139.96833164989948 96.464768752455711 249.3306972682476 25760.871285364032 1707.6747253239155 4525.3033428788185 229.43726816773415
leaf_count=458 2147 36434 23660 10634 2835 9500 6637 639 436 1086 113140 7664 20297 1083
internal_value=0.000103232 -0.000659892 0.000279644 0.00136862 -0.00177789 -0.00438903 0.000885172 -0.00184996 0.00817735 0.00287506 0.000592134 -0.00273369 0.000830922 -0.00135668
internal_weight=53645.8 20946.7 12783.3 8361.31 4421.96 2229.48 2192.49 2665.05 236.433 5696.26 32699.1 2183.47 30515.6 4754.74
internal_count=236650 92319 55885 36455 19430 9958 9472 11709 1075 24746 144331 9811 134520 21380
is_linear=0
shrinkage=0.03


Tree=256
num_leaves=15
num_cat=1
split_feature=24 23 16 46 11 1 38 1 39 19 9 18 0 11
split_gain=19.843 33.4267 31.6836 40.7608 35.2514 60.1511 41.4753 34.4069 56.3085 36.1656 33.2986 41.1814 58.4574 41.3407
threshold=-0.0066537769831162821 0.022169054949827963 0.29588789822391387 0 0.89422694295813121 0.025368915252497036 -0.59942202167851144 0.0059081172735392156 0.70561701472339544 -3.2630947733905447 0.74617516567049613 -1.4625871627928779 0.021605821935525658 -0.22645677562955183
decision_type=10 8 8 1 8 10 10 10 10 2 10 2 10 10
left_child=1 -1 10 4 5 7 -7 8 -4 -9 11 -2 13 -13
right_child=2 -3 3 -5 -6 6 -8 9 -10 -11 -12 12 -14 -15
leaf_value=0.00064343354615252555 0.00014598170482588548 0.0092356580384483095 0.018096627538250309 -0.00073551788354952726 -0.0012648598992419423 -0.0028030981103426469 0.020057063629631444 -0.0058772248758691961 -0.0059409325725859148 0.0023961776274729696 0.010755907586358542 -0.0038156304239623478 -0.014009112769655409 0.0042011109273975746
leaf_weight=19063.524132460356 4491.884195998311 406.49060650169849 272.21374279260635 14872.404675677419 2421.0421884208918 91.663286656141281 281.20312969386578 513.05881963670254 121.38350708782673 5270.8206697702408 177.94642221927643 4506.5607166141272 446.14316713809967 655.63664309680462
leaf_count=83248 19751 1741 1147 66974 10615 402 1183 2184 568 22995 778 19908 2004 2848
internal_value=6.3504e-05 0.000827469 -0.00037253 0.000227778 0.00182252 0.0029666 0.0145108 0.00224748 0.01072 0.00165341 -0.00176402 -0.00199502 -0.00370702 -0.00279129
internal_weight=53592 19470 34122 23843.8 8971.39 6550.34 372.866 6177.48 393.597 5783.88 10278.2 10100.2 5608.34 5162.2
internal_count=236346 84989 151357 106068 39094 28479 1585 26894 1715 25179 45289 44511 24760 22756
cat_boundaries=0 1
cat_threshold=624
is_linear=0
shrinkage=0.03


Tree=257
num_leaves=15
num_cat=1
split_feature=39 19 16 46 0 37 39 0 11 30 0 35 37 35
split_gain=23.0246 35.6329 42.1889 30.8526 29.4254 39.7208 70.2014 60.8038 56.2866 47.6134 46.955 43.1652 40.3751 39.4205
threshold=-1.3513121520578169 -9.1492635282092873 0.032872673740418266 0 0.010931090964593949 -2.4114378402575984 -1.6370688608182868 0.021919913609868589 -1.0145555769667107 3.5000000000000004 0.026548090438384225 -1.3710502322534033 -1.6116599334566053 0.45810286259797661
decision_type=10 2 8 1 8 8 8 10 8 2 8 10 10 8
left_child=4 3 -3 -2 13 -6 7 8 12 -10 11 -8 -7 -1
right_child=1 2 -4 -5 5 6 10 -9 9 -11 -12 -13 -14 -15
leaf_value=-0.0036347531483743737 -0.016737611509930167 0.011980270690430785 0.00025053813089931761 -0.0002376760444622085 -0.0087571327548720389 0.0079425127028156552 0.0054982052104652259 -0.0032038222503823952 -0.0073061753260821229 0.015556378146680396 0.010066648688192381 -0.010367785114365268 0.033955911137517975 -0.018477541229969328
leaf_weight=1187.9205201715231 186.4189624786377 267.53376868367195 49244.204471148551 213.34336832165718 383.44024881720543 93.685064047574997 196.21414043009281 278.53625792264938 143.16395699977875 168.7094284594059 177.02621681988239 631.1328119635582 145.62175007164478 178.00077648460865
leaf_count=5352 857 1129 216935 947 1762 400 844 1290 650 731 791 2823 623 815
internal_value=7.65356e-05 0.000243474 0.000316325 -0.00856697 -0.00224284 -0.000103968 0.00174277 0.00815086 0.0138437 0.0051605 -0.00357915 -0.00658427 0.0244991 -0.00568923
internal_weight=53495 49911.5 49511.7 399.762 3583.45 2217.53 1834.09 829.716 551.18 311.873 1004.37 827.347 239.307 1365.92
internal_count=235949 219868 218064 1804 16081 9914 8152 3694 2404 1381 4458 3667 1023 6167
cat_boundaries=0 1
cat_threshold=688
is_linear=0
shrinkage=0.03


Tree=258
num_leaves=15
num_cat=0
split_feature=40 37 39 39 11 20 30 39 35 11 37 0 1 16
split_gain=20.6944 55.1986 49.8866 100.727 47.222 58.0536 70.2546 54.7097 73.0773 55.5692 48.236 42.1244 41.3957 38.835
threshold=0.41210572229896647 2.0404739968946211 0.85801550348664568 1.4100528253347444 -0.52699610973355837 0.13447708007188089 3.5000000000000004 0.28987623926954742 -1.0989719752276288 1.5713669345142782 0.59813473193761446 0.0033652294297954704 0.020346186321557134 0.70433791423252778
decision_type=10 10 10 10 8 10 2 10 10 10 10 10 8 8
left_child=1 2 -1 -4 5 -2 -7 10 -9 11 12 -10 13 -6
right_child=4 -3 3 -5 7 6 -8 8 9 -11 -12 -13 -14 -15
leaf_value=-0.0002402496043330923 -0.00016070266485836612 0.015813439471653843 -0.0096037056907311048 0.0079903698332961463 0.0048676087248971361 0.013025411459194593 0.00075124713435815321 -0.010819436548411812 -0.010435968934980661 0.0043541575949079979 -0.0033250841884766096 -0.00063034864429543903 -0.0075037406495207081 0.014798417656717737
leaf_weight=33250.301473900676 1516.2862082719803 177.84758131206036 1266.5477297157049 371.73295168578625 1067.6669269055128 992.66993881762028 724.05682379007339 592.65555579960346 400.60759247839451 2069.3456817567348 550.04559101164341 9986.3660050705075 157.85618568956852 533.42446240782738
leaf_count=144814 6551 803 5906 1643 4524 4227 3284 2912 1820 9127 2445 45650 674 2309
internal_value=2.32835e-05 -0.000405676 -0.000492862 -0.00558728 0.000832172 0.00412159 0.00788292 0.000137484 -0.000616655 -0.00012293 0.00438368 -0.00101821 0.00679949 0.0082475
internal_weight=53657.4 35066.4 34888.6 1638.28 18591 3233.01 1716.73 15358 13049 12456.3 2308.99 10387 1758.95 1601.09
internal_count=236689 153166 152363 7549 83523 14062 7511 69461 59509 56597 9952 47470 7507 6833
is_linear=0
shrinkage=0.03


Tree=259
num_leaves=15
num_cat=0
split_feature=27 40 11 39 6 39 39 37 38 37 38 1 11 11
split_gain=18.2091 25.1354 39.396 40.8401 34.9269 34.5853 57.0053 42.8071 51.5328 39.371 33.4236 34.4871 60.8932 43.4123
threshold=0.092307692307690578 0.45615283491819963 -0.89260586820772703 -0.040975585168344326 -1.2570472995369923 0.85801550348664568 1.4518149305398589 1.634672281255747 1.5031408212335216 0.41619527541451323 -1.0019074336547027 0.013464312461151044 1.0730325648191528 0.92507532073345267
decision_type=10 10 8 10 10 8 10 10 10 8 10 8 8 8
left_child=-1 5 3 -3 -4 7 9 -2 -9 -7 -6 12 -12 -13
right_child=1 2 4 -5 10 6 -8 8 -10 -11 11 13 -14 -15
leaf_value=0.00098345339926580295 -0.0007325585074921334 -0.011116305191848081 -0.0080504648454459427 0.0073823659942843668 0.013177946368470672 -0.0022903050323857424 0.0059287577117766149 0.028439633784027273 -0.00026467259070588549 -0.013169522940820117 -0.0023587915882658209 0.0053283585532956082 0.0035240790628359919 -0.001025975076024232
leaf_weight=11665.801325254142 26275.280765265226 109.45360185205936 437.94602331519127 1156.2954644709826 173.71748019754887 556.52791798114777 317.12053588032722 90.138481542468071 128.13568209111691 650.86716651916504 6055.8198626190424 2234.8445058017969 2133.3709139227867 1695.8903585374355
leaf_count=51482 114395 471 2016 4994 747 2567 1393 405 578 3064 27629 9896 9741 7432
internal_value=-6.46185e-05 -0.000355786 0.000682037 0.00570813 0.000178265 -0.000874323 -0.00525339 -0.000620451 0.0123156 -0.00821494 0.000477709 0.00028496 -0.000823813 0.00259118
internal_weight=53681.2 42015.4 13997.3 1265.75 12731.6 28018.1 1524.52 26493.6 218.274 1207.4 12293.6 12119.9 8189.19 3930.73
internal_count=236810 185328 62926 5465 57461 122402 7024 115378 983 5631 55445 54698 37370 17328
is_linear=0
shrinkage=0.03


Tree=260
num_leaves=15
num_cat=0
split_feature=2 0 43 27 37 31 40 37 11 35 36 40 40 35
split_gain=19.5841 41.0946 30.0807 19.3121 28.1422 27.5943 21.7611 36.9843 31.9119 30.8195 39.2754 41.8908 31.375 32.1145
threshold=0.31279342163208884 0.0016401704781389495 0.84523809523809534 0.11276023929392952 0.3892068939431686 -1.9090030743842792 0.45615283491819963 2.0404739968946211 2.6073999179504002 -1.0279333444544734 0.45299478762445411 1.5306922998718455 1.3042398413207419 1.5047477180910007
decision_type=8 10 10 10 10 10 8 10 10 8 8 10 8 10
left_child=1 -1 -3 4 -2 -6 7 8 -5 -8 11 -11 13 -12
right_child=3 2 -4 6 5 -7 9 -9 -10 10 12 -13 -14 -15
leaf_value=-0.012164149221251036 0.0018812286122684256 0.011783838279163529 -0.0047193066485772088 -0.0008441421928136911 -0.012213832215497392 -0.00051379359699576133 -0.0053035503357386953 0.013762453890641084 -0.012080283636034262 0.0035642548671451727 -0.0013179114302446094 -0.0024242809462328005 0.0018161581898759457 -0.008832851630477298
leaf_weight=95.991258695721626 9391.0064043030143 445.25942578911781 121.19952341914177 25590.796375915408 179.51685176789761 4277.9578237533569 731.53890956193209 144.85099424421787 219.60035648941994 5745.0393356084824 2581.9691490978003 1278.7908904924989 2218.2689998820424 629.88171850144863
leaf_count=425 40878 1860 513 111881 845 19386 3428 655 943 24975 11343 6015 10506 3023
internal_value=5.22678e-05 0.00513977 0.00823221 -1.22919e-05 0.000950147 -0.00101128 -0.00035297 -0.000857039 -0.000944383 0.000639171 0.000992218 0.00247206 -0.000922972 -0.00281452
internal_weight=53651.7 662.45 566.459 52989.2 13848.5 4457.47 39140.7 25955.2 25810.4 13185.5 12454 7023.83 5430.12 3211.85
internal_count=236676 2798 2373 233878 61109 20231 172769 113479 112824 59290 55862 30990 24872 14366
is_linear=0
shrinkage=0.03


Tree=261
num_leaves=15
num_cat=0
split_feature=40 37 30 39 2 37 36 45 12 39 39 33 30 37
split_gain=19.7382 57.2469 54.4661 77.4289 76.1267 73.0531 57.2017 48.2464 49.1246 46.7284 90.699 52.5828 42.626 48.3531
threshold=0.41210572229896647 2.0404739968946211 2.5000000000000004 -0.10855294356849236 1.0907549129402832 -0.31444707574155178 -1.4077248600905017 1.7064686704748417 0.0082106952421859541 1.4518149305398589 0.85801550348664568 0.31953414365873295 4.5000000000000009 -0.15218584006543648
decision_type=10 10 2 10 8 10 10 10 2 10 10 10 2 10
left_child=1 9 4 5 -2 -4 -5 8 -8 10 -1 -12 -10 -14
right_child=2 -3 3 6 -6 -7 7 -9 12 -11 11 -13 13 -15
leaf_value=-0.00032101732659703614 0.0047616367683311215 0.016124515434911342 0.022241454096731682 -0.019931133366710003 -0.0013624527360014539 0.00028424804551086593 -0.0078037233092915631 -0.016113165810185386 -0.0021145444096157553 0.01090681375635086 -0.0031749854548301245 -0.015324588971845092 -0.0058510484639066156 0.0032626147147672637
leaf_weight=33152.79470667243 5244.6507735550404 176.90545991063118 241.20213758945465 135.31773211061954 2794.751449264586 298.90434990823269 788.86702510714531 175.77016158401966 4444.0796854421496 308.97892811894417 767.34610797464848 549.25626178085804 596.60543276369572 3861.5510141253471
leaf_count=144418 22409 793 1006 640 12661 1315 3674 782 20726 1351 3576 2596 2615 17640
internal_value=-1.4515e-05 -0.000434473 0.000775304 -0.000643004 0.00263366 0.010316 -0.00124449 -0.000968295 -0.000677282 -0.000523313 -0.000628905 -0.00832083 -3.77288e-05 0.00203263
internal_weight=53537 34955.3 18581.7 10542.3 8039.4 540.106 10002.2 9866.87 9691.1 34778.4 34469.4 1316.6 8902.24 4458.16
internal_count=236202 152734 83468 48398 35070 2321 46077 45437 44655 151941 150590 6172 40981 20255
is_linear=0
shrinkage=0.03


Tree=262
num_leaves=15
num_cat=0
split_feature=32 36 34 0 36 37 32 31 11 36 0 31 37 10
split_gain=17.9436 23.7485 29.5587 31.8061 30.8894 28.2913 30.915 36.5653 22.7172 23.9252 22.9288 22.1456 23.8163 26.8049
threshold=-0.23342274625466639 -2.9178211828125371 -1.3878521493006064 0.030638594220554861 -0.21986217602774574 0.11295923165391399 -0.3952635232834229 -0.4560234160859114 1.4826077082928479 -0.024771655620412499 0.025296127844378988 0.11254988746171173 -1.5659205117258168 -0.81835763788272076
decision_type=8 10 10 8 10 10 10 10 8 10 10 8 8 8
left_child=1 -1 3 5 -4 6 7 -3 9 -6 -11 -2 -13 -14
right_child=11 2 4 -5 8 -7 -8 -9 -10 10 -12 12 13 -15
leaf_value=-0.0091137201019228196 0.0013874109227326157 0.004164771364440158 -0.0026540928965859121 -0.011159168158344746 0.0024258814311801961 -0.0054252953942560168 -0.0082628954955974877 0.016855080785777389 0.0042154896806494251 -0.0018717299255623836 0.0055417094995189034 0.0043902256532692254 -0.0026739430377586463 6.142837584852252e-05
leaf_weight=296.89276176691055 11586.307499319315 1402.5422459095716 6919.2768008485436 132.38846322894096 1892.2089826613665 267.70895226299763 139.25369539856911 232.00955317914486 1011.0979935377836 5972.4921557158232 391.03264275193214 958.26145827770233 3895.019584685564 18491.180720746517
leaf_count=1331 50617 6111 30814 646 8269 1232 612 1007 4461 26615 1724 4063 17143 81770
internal_value=-8.5387e-05 -0.000836291 -0.000697552 0.0025794 -0.00113899 0.00352037 0.00489332 0.00605758 -6.0626e-06 -0.00052756 -0.0014082 0.000315804 -0.000216422 -0.000415486
internal_weight=53587.7 18656.9 18360 2173.9 16186.1 2041.51 1773.81 1634.55 9266.83 8255.73 6363.52 34930.8 23344.5 22386.2
internal_count=236415 82822 81491 9608 71883 8962 7730 7118 41069 36608 28339 153593 102976 98913
is_linear=0
shrinkage=0.03


Tree=263
num_leaves=15
num_cat=2
split_feature=44 46 40 12 14 8 46 1 10 0 1 11 0 33
split_gain=19.972 35.7486 41.9622 46.8279 32.8435 40.526 32.302 55.6827 34.0503 59.3537 31.1622 35.0804 38.1823 34.3428
threshold=-0.005351854053950565 0 -1.2215412720843022 0.032500806749536253 0.22908579111515587 -1.193691681568122 1 0.0046453865518241745 -0.73643609831724544 0.021605821935525658 0.032856810192967344 -0.50321449207147173 0.036373034461173986 -1.8405751112261801
decision_type=8 1 10 2 10 10 1 8 10 10 8 8 8 8
left_child=1 2 4 -4 -1 -6 7 -2 9 -9 13 -12 -13 -8
right_child=6 -3 3 -5 5 -7 10 8 -10 -11 11 12 -14 -15
leaf_value=0.0012177643394889683 0.022811702738071205 -0.00054528470808256507 0.0017814357619147334 -0.0053671583954314666 0.022385853629463635 0.0061818107196301968 0.0045845700882441998 -0.0010145764136002676 0.0015176100344296739 -0.01711520069686014 -0.0078917451014203482 0.020204521752399725 0.0012839621710991947 -0.0017377570774689793
leaf_weight=459.94962178170681 92.580781802535057 11889.968112766743 10328.751016393304 886.54765145480633 206.07996383309364 422.54140903055668 798.90693839639425 2029.8074771314859 7961.4311488568783 219.55688604712486 115.22423487901688 177.51006449759007 199.65837278962135 17815.412068672478
leaf_count=2048 390 52119 45717 3997 894 1851 3508 8869 34886 1007 517 754 864 79124
internal_value=-1.05239e-05 0.000627789 0.00175994 0.00121208 0.00735802 0.0117613 -0.000535659 0.000817476 0.000596732 -0.00265493 -0.00126515 0.00610978 0.0104806 -0.00146409
internal_weight=53603.9 24193.8 12303.9 11215.3 1088.57 628.621 29410.1 10303.4 10210.8 2249.36 19106.7 492.393 377.168 18614.3
internal_count=236545 106626 54507 49714 4793 2745 129919 45152 44762 9876 84767 2135 1618 82632
cat_boundaries=0 1 2
cat_threshold=47 912
is_linear=0
shrinkage=0.03


Tree=264
num_leaves=15
num_cat=0
split_feature=32 36 31 31 37 37 41 30 37 11 35 7 36 36
split_gain=20.7726 34.4622 29.1754 29.524 42.8911 25.7672 26.6803 42.4007 47.7274 28.8125 23.7751 22.6589 22.5794 31.0598
threshold=-0.23342274625466639 -2.306956404212253 0.11254988746171173 -0.4560234160859114 0.48426603659211115 -1.5659205117258168 1.0000000180025095e-35 1.5000000000000002 -1.279992707317583 -0.89260586820772703 0.64897868178260376 -0.99576552641402516 -2.9178211828125371 -2.4596546283169203
decision_type=10 10 10 10 10 10 2 2 10 10 10 10 10 10
left_child=12 -2 3 4 10 -4 7 8 -7 -10 -3 -9 -1 -14
right_child=1 2 5 -5 -6 6 -8 11 9 -11 -12 -13 13 -15
leaf_value=-0.0083973842475459273 0.0094795702462983911 -0.00028466526509708889 0.0050131055829349428 0.0022023251251999335 -0.0091116525535974036 0.0060421546749826237 -9.1116637072079999e-05 -0.0059548399680956956 -0.0029410290739603374 -0.017071007617556571 0.013869165432775594 0.0010438537885988316 0.0092868127336820337 -0.0008300793084042602
leaf_weight=337.55407847464085 363.74221558868885 1143.2733561992645 784.42652428150177 9730.2110695838928 524.37286250293255 143.56866507232189 19447.552262254059 571.18169002234936 191.87212017178535 425.70228688418865 107.77779138088226 1460.1401844024658 267.35880322754383 18038.412578999996
leaf_count=1510 1542 4954 3324 42459 2394 639 86143 2491 856 1881 474 6311 1162 80096
internal_value=-1.33432e-05 0.000418576 0.00032041 0.0015533 -0.00199607 -0.000296091 -0.000485521 -0.00322214 -0.00921191 -0.0127978 0.001035 -0.00094362 -0.000821536 -0.000677331
internal_weight=53537.1 34893.8 34530.1 11505.6 1775.42 23024.4 22240 2792.46 761.143 617.574 1251.05 2031.32 18643.3 18305.8
internal_count=236236 153468 151926 50281 7822 101645 98321 12178 3376 2737 5428 8802 82768 81258
is_linear=0
shrinkage=0.03


Tree=265
num_leaves=15
num_cat=0
split_feature=24 43 39 8 16 16 11 30 36 1 38 11 39 39
split_gain=21.8063 25.1249 25.5506 38.0177 24.0261 23.8251 23.5479 23.2889 22.6325 32.3032 39.9575 55.752 49.3042 44.4509
threshold=-0.027728459694611182 0.95000000000000007 -0.56849317091620277 1.2372154182121531 0.85555754519457394 0.086235233283700571 1.4037111515892116 4.5000000000000009 -0.2051895091241602 0.014947293940627016 -0.18935220003206435 2.0921551643894545 0.77126209975786997 0.20050060788924068
decision_type=10 10 8 10 10 8 10 2 10 10 10 8 10 10
left_child=1 4 -3 -4 5 7 -6 -1 -2 10 12 -12 13 -10
right_child=8 2 3 -5 6 -7 -8 -9 9 -11 11 -13 -14 -15
leaf_value=0.0041924816121809896 -0.0011167340913593592 0.0059473035148887576 -0.010959035474833142 0.0095688660468474986 0.0026449973293396194 0.0012665158705984397 0.019954834915345585 0.019848136663785966 0.0014336567170308739 0.0018163324435661122 -0.0014008754307193434 0.0076484536111285743 -0.0063509738944718301 0.0085970221374181578
leaf_weight=316.88307321071625 16875.789079993963 176.63682225346565 408.81734579801559 92.514691665768623 154.16723439097404 4209.0674053132534 126.53273466229439 111.322136759758 3966.4226704090834 8552.0999734997749 16443.619659140706 626.58137933909893 577.37566815316677 962.20542176067829
leaf_count=1344 74739 761 1780 413 711 18206 539 467 17035 37123 73892 2741 2627 4132
internal_value=-2.56601e-05 0.0017449 -0.00363228 -0.00705781 0.00249204 0.00196287 0.0108659 0.0086226 -0.000232378 0.000247268 -0.000347651 -0.00106443 0.00187246 0.00284672
internal_weight=53600 5595.94 677.969 501.332 4917.97 4637.27 280.7 428.205 48004.1 31128.3 22576.2 17070.2 5506 4928.63
internal_count=236510 24221 2954 2193 21267 20017 1250 1811 212289 137550 100427 76633 23794 21167
is_linear=0
shrinkage=0.03


Tree=266
num_leaves=15
num_cat=1
split_feature=39 11 16 12 46 8 30 2 11 0 8 36 45 41
split_gain=18.1779 21.6671 25.7628 23.2654 24.1761 26.4436 17.0696 57.6374 56.5136 47.9172 47.7011 57.2771 52.58 46.9068
threshold=2.3118968162019655 2.029749964309405 0.72853813896657393 0.014827792157800314 0 1.2372154182121531 3.5000000000000004 1.0015314470634704 -1.7519302789099749 0.0074977914447814627 0.17563582221160903 -0.29624314621525211 1.1421478189097927 0.95000000000000007
decision_type=10 8 10 2 1 10 2 8 8 8 10 10 8 2
left_child=6 2 -2 -4 -5 -6 13 -8 -9 -10 -11 -12 -13 -1
right_child=1 -3 3 4 5 -7 7 8 9 10 11 12 -14 -15
leaf_value=-0.0001297517514146879 0.016525687782475589 0.01711449877485053 0.01136450072349727 -0.010996264024953756 0.010723105486949699 -0.0056619606094496606 -0.0017124940938147621 -0.016436832856686734 -0.0062765502695819216 0.005289529224017933 -0.0078781717742874898 0.0059294223546040225 -0.0047376493816959518 0.0032592989762141723
leaf_weight=26107.150035783648 91.335323944687843 94.962023690342903 124.34867566823959 175.82903797924519 160.50952717661858 175.4400260746479 15935.577467247844 142.00697146356106 553.69319749623537 3244.0803966522217 641.45409099757671 1259.8904128447175 609.56744489073753 4267.6858115196228
leaf_count=114085 395 396 561 806 693 798 70785 652 2574 13996 3029 6012 2824 18856
internal_value=-4.65016e-05 0.00435218 0.00247672 0.000235024 -0.00263512 0.00218693 -0.000115879 -0.000744256 0.0016466 0.00207902 0.00289241 -0.000213353 0.00244455 0.000347328
internal_weight=53583.5 822.425 727.463 636.127 511.779 335.95 52761.1 22386.3 6450.69 6308.69 5754.99 2510.91 1869.46 30374.8
internal_count=236462 3649 3253 2858 2297 1491 232813 99872 29087 28435 25861 11865 8836 132941
cat_boundaries=0 1
cat_threshold=75
is_linear=0
shrinkage=0.03


Tree=267
num_leaves=15
num_cat=0
split_feature=27 13 36 40 1 10 20 45 24 1 11 30 11 41
split_gain=15.6457 24.8228 21.5234 46.6487 68.0029 90.574 45.1171 42.2018 38.3741 34.5472 57.1767 51.2139 49.8196 43.6631
threshold=0.09609350259350008 55.370331361362481 -0.11999110862890781 -0.56764810546917766 0.0099286366371126814 -0.34426156886098175 0.13447708007188089 1.0980637986233952 -0.00037200134373741029 0.012701597206060707 0.68287685906617768 2.5000000000000004 2.0921551643894545 0.65000000000000002
decision_type=10 8 10 10 8 10 8 10 8 8 8 2 8 2
left_child=1 -1 -2 4 5 -4 -5 8 -6 11 -11 13 -13 -8
right_child=2 -3 3 6 7 -7 9 -9 -10 10 -12 12 -14 -15
leaf_value=0.0017672983560108177 -0.0011303637367108697 -0.0012897018591183117 -0.0074319186036803653 -0.0019421893187657013 0.015244341050648758 0.007317257394881164 -0.00297667193150485 0.0017844407594678371 0.0054966795044341958 0.0062371104889317004 -0.00056832123489594969 -0.003535482144504545 0.012216982461779883 0.0047493086899853491
leaf_weight=8775.0644573494792 16552.256286874413 3276.065302297473 1016.9169742316008 9009.7241719067097 548.84283326566219 580.50365300476551 934.33382088690996 1443.5882747918367 1099.156357884407 2298.2075602710247 2139.380392305553 3623.2449027821422 180.49033752083778 2174.537090703845
leaf_count=38304 73011 14843 4464 39199 2344 2494 4119 6153 4783 10085 9403 17100 802 9612
internal_value=-1.55037e-05 0.000935881 -0.000291262 0.000263444 0.00295778 -0.00205988 -0.000358224 0.00554868 0.00881536 0.000899722 0.00296228 -0.000426716 -0.00275794 0.00242526
internal_weight=53652.3 12051.1 41601.2 25048.9 4689.01 1597.42 20359.9 3091.59 1648 11350.2 4437.59 6912.61 3803.74 3108.87
internal_count=236716 53147 183569 110558 20238 6958 90320 13280 7127 51121 19488 31633 17902 13731
is_linear=0
shrinkage=0.03


Tree=268
num_leaves=15
num_cat=0
split_feature=24 45 45 9 2 40 7 31 15 12 1 15 16 39
split_gain=21.3507 28.3273 25.8516 40.0292 26.2201 25.1729 24.7377 23.8479 22.8509 20.8954 37.1365 28.1109 45.2984 51.3088
threshold=0.005599883616870944 0.75825209771169544 0.51727025333659349 -0.42320693938309334 0.82571338793537252 -0.4450207499511829 -0.39319125179032716 0.95342958155923918 0.21135119660952426 0.016158494519936391 0.015320855957013402 0.68132973025893528 0.68771762408958714 0.2714214375877993
decision_type=10 8 10 10 10 10 10 10 10 2 10 8 10 10
left_child=9 2 3 -2 -5 6 -4 -3 -7 10 -1 12 -11 -14
right_child=1 7 5 4 -6 8 -8 -9 -10 11 -12 -13 13 -15
leaf_value=0.0010821482796605953 -0.010332567445239468 0.00016026678393161008 -0.0069295200916650139 -0.00106970020535953 0.014221028869186766 0.0074467257205853635 0.003903144731025637 -0.0030889957340896616 -0.0066679387036990357 -0.00033532723949707133 0.015645661747000165 0.001552200210984496 0.00074515944011366796 -0.009861959180618083
leaf_weight=15196.86606708914 144.31791500747204 14489.395658671856 279.75648237764835 175.7759068608284 222.95355731993914 100.53868715465069 539.61152219772339 2354.56479626894 2094.6466008424759 10764.429267674685 149.30703443288803 5294.5394693091512 684.42461329698563 1010.3126142472029
leaf_count=66526 651 63835 1238 802 1055 438 2403 10634 9670 47168 622 23543 2959 4575
internal_value=-4.68953e-05 -0.000810027 -0.00323846 0.00274771 0.00761901 -0.00432235 0.000165596 -0.000295501 -0.00599065 0.000423574 0.00123394 -0.000277199 -0.00105523 -0.005599
internal_weight=53501.4 20401.6 3557.6 543.047 398.729 3014.55 819.368 16844 2195.19 33099.9 15346.2 17753.7 12459.2 1694.74
internal_count=236119 90726 16257 2508 1857 13749 3641 74469 10108 145393 67148 78245 54702 7534
is_linear=0
shrinkage=0.03


Tree=269
num_leaves=15
num_cat=1
split_feature=25 6 21 46 1 7 30 40 39 37 38 39 12 10
split_gain=16.8542 26.7984 18.1022 19.2954 23.709 20.4163 21.6106 18.7449 17.9313 20.1438 21.8611 26.8578 17.8904 35.3306
threshold=-1.5667270175419075 0.20962347588091368 -0.57458711896540782 0 0.019092042951547157 -0.073507033185649981 1.5000000000000002 2.3172362961127733 -0.49569516541271452 0.078406780505797719 -0.51377552345346711 -0.83421230609737285 0.016945415816906891 0.29898657342060692
decision_type=8 10 10 1 8 8 2 10 10 10 10 10 2 10
left_child=1 8 3 7 -5 -6 -7 -2 9 10 -1 -12 13 -4
right_child=2 -3 12 4 5 6 -8 -9 -10 -11 11 -13 -14 -15
leaf_value=0.00031441680349985447 0.001962332416148768 -0.0064912679493631907 -0.00056488632046663989 -0.0007202835562493098 -0.00069702306691605848 -0.0025583448527558309 0.010679897929368805 0.014747912190037906 -0.0020180376328399756 -0.0049671561044716235 0.0224444780825491 0.0015600442972722079 -0.00089418068064938338 0.0021945227123334877
leaf_weight=206.57790888845921 6956.9855409413576 894.94060260057449 11421.063737273216 6439.2611990645528 458.32251645624638 140.07205779850483 468.82082988321781 95.04542838037014 1540.2904850691557 153.71293759346008 124.39767813682556 97.022693231701851 17983.225005455315 6570.3457872569561
leaf_count=884 29933 3919 49908 28609 2026 600 2032 429 6725 675 536 414 80033 29596
internal_value=5.76372e-06 -0.00216866 0.000135985 0.00102817 -3.21408e-05 0.00408775 0.00764239 0.00215224 -0.000323729 0.00412085 0.00742364 0.0137561 -0.000225255 0.000443491
internal_weight=53550.1 3016.94 50533.1 14558.5 7506.48 1067.22 608.893 7052.03 2122 581.711 427.998 221.42 35974.6 17991.4
internal_count=236319 13153 223166 63629 33267 4658 2632 30362 9234 2509 1834 950 159537 79504
cat_boundaries=0 1
cat_threshold=632
is_linear=0
shrinkage=0.03


Tree=270
num_leaves=15
num_cat=0
split_feature=24 25 39 20 1 16 19 40 11 40 41 39 38 35
split_gain=19.0834 18.8053 18.3546 38.8268 25.4053 30.1497 33.2349 24.6108 27.8919 23.6553 25.8577 66.6881 41.7805 25.1666
threshold=0.005599883616870944 -1.7958847937080713 1.1672008633511177 -1.0000000180025095e-35 0.011009381043227589 0.68771762408958714 3.1505659306118106 1.0859989737695608 1.2888686652602501 0.75108364923937965 0.95000000000000007 0.44698073876507471 1.0892983449787896 1.5887278257402191
decision_type=10 10 10 8 10 10 2 10 10 10 2 10 10 10
left_child=-1 -2 9 -4 7 6 -6 8 -5 -3 12 -12 -11 -13
right_child=1 2 3 4 5 -7 -8 -9 -10 10 11 13 -14 -15
leaf_value=0.00049187078342826176 -0.0061408545051153639 -0.00059764535595288734 -0.01525811610258155 -0.014049901891812575 0.0019381570545539196 -0.0011706114269209066 0.022990508337649495 -0.0017485841547777582 0.0036304174100571756 0.0034139776829146934 -0.0091397457111563572 0.016285178367496187 -0.0071426745267248069 0.00084477430481045743
leaf_weight=33177.219935290515 541.10805477201939 14503.844322621822 196.40317189693451 357.94780857861042 188.64657033979893 1094.5137371122837 96.922459200024605 911.49358312785625 98.1688312292099 1273.3581850975752 157.91836340725422 395.51145921647549 447.83684107661247 125.55592086911201
leaf_count=145690 2365 63644 922 1709 868 5014 427 4457 445 5574 714 1802 2097 655
internal_value=4.80228e-05 -0.000674091 -0.000522036 -0.00270381 -0.00175436 0.00111522 0.00961944 -0.00463719 -0.0102484 -0.000140673 0.00261175 0.00752354 0.000641855 0.0126506
internal_weight=53566.4 20389.2 19848.1 2944.1 2747.69 1380.08 285.569 1367.61 456.117 16904 2400.18 678.986 1721.2 521.067
internal_count=236383 90693 88328 13842 12920 6309 1295 6611 2154 74486 10842 3171 7671 2457
is_linear=0
shrinkage=0.03


Tree=271
num_leaves=15
num_cat=3
split_feature=9 38 46 11 41 45 23 44 44 45 19 46 46 45
split_gain=20.6534 30.9682 27.8665 35.8865 21.4271 21.1312 16.591 18.057 20.8082 95.8445 42.5059 26.4789 20.159 18.1805
threshold=-1.7189852790298679 -2.9303608724780625 0 -0.91775354655715802 1.0000000180025095e-35 0.95847612091199619 0.070797697818552732 -0.13770084031650745 -0.079702725284289552 0.95522984248596754 0.30399012044575635 1 2 0.78455725568877199
decision_type=8 8 1 8 2 10 10 8 8 10 2 1 1 10
left_child=2 -2 3 5 -5 -1 7 -3 9 10 -9 -12 -11 -10
right_child=1 6 -4 4 -6 -7 -8 8 13 12 11 -13 -14 -15
leaf_value=0.0023971222581235111 0.013791590339441235 -0.0089821170336653287 -0.007711892787321763 -0.013544453585830205 0.003981403599392236 0.019277870935785167 0.0042244087218606986 0.032429162130130515 -0.0011237233097220831 0.0011498082655192411 0.016456682272855357 -0.0027262234720145922 -0.011394980154374994 0.00027893505176175906
leaf_weight=191.15780889987946 139.05853886902332 189.37349499762058 682.48490926623344 151.39948618412018 96.721913620829582 95.443335101008415 852.461012378335 97.270876750349998 10488.245105013251 267.06624838709831 146.41542474925518 103.78888082504272 182.06809522211552 40009.183174967766
leaf_count=834 591 871 3181 706 437 424 3651 433 47257 1211 650 472 817 175410
internal_value=4.68814e-05 0.000136827 -0.00380028 0.0013588 -0.00682301 0.00847914 9.7918e-05 2.87846e-05 6.37964e-05 0.00484421 0.0164483 0.00922802 -0.00429611 -1.25599e-05
internal_weight=53692.1 52474.9 1217.21 534.723 248.121 286.601 52335.9 51483.4 51294 796.61 347.475 250.204 449.134 50497.4
internal_count=236945 231363 5582 2401 1143 1258 230772 227121 226250 3583 1555 1122 2028 222667
cat_boundaries=0 1 2 3
cat_threshold=519 107 944
is_linear=0
shrinkage=0.03


Tree=272
num_leaves=15
num_cat=0
split_feature=30 2 11 40 11 16 0 8 40 16 12 36 11 19
split_gain=20.8446 57.4697 59.8584 51.0726 144.368 78.1321 49.8674 45.5976 70.7829 68.577 50.36 48.44 45.2415 58.1022
threshold=3.5000000000000004 0.99319122843762553 -1.8016020315758714 -1.7429079314650811 -0.80296792993455124 0.31478472843449362 0.0074501196618411182 0.15607457547375672 -1.4047547763865105 0.51698635540752558 0.013262758612550224 -1.1907052434819716 -0.38705603214783946 -1.6926286139178275
decision_type=2 8 8 8 8 10 8 10 8 10 2 10 10 2
left_child=3 -2 -3 4 -1 -5 -4 8 -8 10 -10 -9 -7 -14
right_child=1 2 6 5 -6 12 7 11 9 -11 -12 -13 13 -15
leaf_value=0.018315807752848867 -0.0015547966252787621 -0.018186517890240467 -0.0062225657294099849 -0.0017890003545790133 -0.0068717294461342242 0.0046556279007134724 -0.0028704545749086386 -0.016122175755275685 -0.0013808189981718195 -0.0006173682594585809 0.012497720046390581 0.0010582416535510845 0.0069266920149649502 0.00034508126704149911
leaf_weight=485.04510051012039 15886.819479413331 123.17189784348011 577.78668934106827 9692.0380640923977 342.19241322577 3364.0015010535717 736.38372121751308 146.39963982999325 272.33031465113163 669.87876453995705 1637.596390157938 2645.3150462582707 1297.8991374522448 15693.764236971736
leaf_count=2101 70561 572 2697 42473 1544 14360 3175 688 1161 2973 6984 12469 5587 69050
internal_value=0.000123336 -0.000566738 0.00173755 0.000630619 0.00793918 0.000426834 0.00213123 0.00293035 0.00530311 0.00763826 0.0105219 0.000102959 0.00148223 0.000851593
internal_weight=53570.6 22695.7 6808.86 30874.9 827.238 30047.7 6685.69 6107.9 3316.19 2579.81 1909.93 2791.71 20355.7 16991.7
internal_count=236395 101280 30719 135115 3645 131470 30147 27450 14293 11118 8145 13157 88997 74637
is_linear=0
shrinkage=0.03


Tree=273
num_leaves=15
num_cat=0
split_feature=7 1 40 41 40 39 11 41 30 40 9 40 41 10
split_gain=17.4801 65.019 49.1498 52.6166 38.8322 48.8743 69.5159 60.8231 54.0415 49.139 43.0711 39.7657 38.9197 42.2794
threshold=-0.74548600137883325 0.017968769433121149 1.0278784270433972 0.15000000000000005 -1.4379943154183528 -1.2368476687161232 -0.71976763288972434 0.65000000000000002 1.5000000000000002 -1.0377526376513082 -0.7191036157695806 -0.62106447713901247 0.8500000000000002 -0.53393282375946016
decision_type=8 8 10 2 8 8 8 2 2 10 10 8 2 10
left_child=1 2 -1 -4 -2 6 10 8 -8 -10 -6 12 -7 -14
right_child=4 -3 3 -5 5 11 7 -9 9 -11 -12 -13 13 -15
leaf_value=0.0003640172243253606 0.0048921219447060835 -0.0067979411475564506 -0.021665952867044643 -0.0023977254147096163 -0.017770290960866325 0.0014909558499090329 -0.0095655210371215042 -0.017377040879582466 0.017813668472865692 -0.0033523842335692056 0.0045406515588181451 -0.00017126389013363176 0.0015881909976550649 0.01500405176399891
leaf_weight=8748.6629807651043 1516.0895606279373 1561.6454843878746 178.38090105354786 404.24030651152134 438.31411483883858 4515.2507856637239 165.27727635204792 131.00918284058571 265.01481209695339 149.6686724871397 89.931608781218529 34594.689699091017 414.8046295940876 426.84798240661621
leaf_count=37766 6562 7312 840 1857 2070 19386 771 636 1177 665 415 153526 1799 1797
internal_value=-8.07884e-05 -0.00115293 -0.00020194 -0.00856312 0.000192881 1.87732e-05 -0.00582454 0.000328462 0.00455477 0.0102753 -0.0139582 0.000201433 0.00260413 0.00848839
internal_weight=53599.8 10892.9 9331.28 582.621 42706.9 41190.8 1239.22 710.97 579.961 414.683 528.246 39951.6 5356.9 841.653
internal_count=236579 47775 40463 2697 188804 182242 5734 3249 2613 1842 2485 176508 22982 3596
is_linear=0
shrinkage=0.03


Tree=274
num_leaves=15
num_cat=0
split_feature=39 38 15 1 11 23 16 45 15 2 9 10 30 1
split_gain=20.4747 69.9711 42.8682 54.8072 47.2437 41.3666 38.8256 37.7167 39.1448 35.6601 43.0619 43.0463 27.5237 26.8494
threshold=-1.1929641045859751 0.22796957868653941 0.12686609696303641 0.01281659241451428 -1.7519302789099749 0.00022648389534607463 0.077444765745572769 0.82360945734686519 0.26136766515364096 1.5369621323867606 -1.5142443323625432 -1.6100666638675551 1.5000000000000002 0.0094511772330750764
decision_type=10 10 10 10 8 10 8 8 10 8 8 10 2 10
left_child=1 2 9 4 -4 -5 12 13 -9 10 11 -1 -2 -6
right_child=6 -3 3 5 7 -7 -8 8 -10 -11 -12 -13 -14 -15
leaf_value=0.00011232659371134964 -0.0019150142374959886 -0.012495340924827734 -0.01364404594966304 -0.0067598340218660959 0.0052422503431989367 0.0041693855190051915 0.00011507010241988645 0.0073217384252858772 0.022571011068170971 0.0050440786096159484 -0.0010755717377604031 -0.015747003438629632 0.0081242328431087897 -0.0094851913933457748
leaf_weight=216.56131936609745 330.39549249410629 482.59156203269958 95.035063475370407 813.71794773638248 382.09575687348843 492.90734076499939 47269.862410634756 596.86141133308411 201.84513472020626 308.58541202545166 781.20253005623817 522.2586899548769 913.49299037456512 145.73253962397575
leaf_count=988 1429 2338 418 3638 1687 2173 208540 2573 858 1390 3464 2439 3810 640
internal_value=6.41265e-05 -0.00175397 -0.000591528 0.00178901 0.00584676 -0.00263658 0.000253305 0.00733475 0.0114069 -0.00413359 -0.00601758 -0.0111589 0.00546365 0.00107527
internal_weight=53553.1 5039.39 4556.8 2728.2 1421.57 1306.63 48513.8 1326.53 798.707 1828.61 1520.02 738.82 1243.89 527.828
internal_count=236385 22606 20268 11987 6176 5811 213779 5758 3431 8281 6891 3427 5239 2327
is_linear=0
shrinkage=0.03


Tree=275
num_leaves=15
num_cat=0
split_feature=39 35 39 38 45 0 15 12 10 2 19 9 37 10
split_gain=20.4427 41.7028 38.1844 65.8658 52.2329 60.5881 93.4049 49.197 49.0249 44.4522 57.9992 49.0599 46.9446 43.1112
threshold=-0.49569516541271452 1.3575833627006249 -1.0559787094162867 -0.85810509697790727 1.5291989292955839 0.013252497247421327 0.50479998408659632 0.035993864724723199 -0.35531196903066858 1.0353902859949629 -7.9506579133339157 -1.5480352123768319 -0.34623961964722716 -0.667928752126981
decision_type=8 10 10 10 8 10 10 2 10 10 2 10 10 8
left_child=1 2 9 7 5 -5 8 -4 -7 10 -1 -12 -11 -13
right_child=-2 -3 3 4 -6 6 -8 -9 -10 12 11 13 -14 -15
leaf_value=0.0066983109588202097 -0.0004044210713777187 0.0094087680378200141 0.0081029140864923542 0.0016368142780798676 0.016405552971309641 -0.0046517235661612793 0.010064226999242117 -0.0069870628227449664 -0.017600908968337103 -8.5668335744598905e-05 -0.01424179688288061 -0.0073524746297849615 0.010431298728615106 0.00072919146065875541
leaf_weight=418.5412085801363 38509.013862773776 491.05313603579998 1868.870474845171 4513.4154446274042 167.97802849113941 800.52704200148582 277.44042152166367 209.23616133630276 390.23248906433582 2696.1394289880991 441.07968340814114 1209.0889024436474 435.00806985795498 1155.4772897362709
leaf_count=1869 170781 2154 7816 19402 701 3503 1191 940 1678 11916 2077 5483 1916 5079
internal_value=-3.78068e-05 0.000898411 0.000605592 0.00195375 0.000389942 -8.64453e-05 -0.00535918 0.00655738 -0.00900664 -0.00114008 -0.00360744 -0.00516317 0.001404 -0.00341682
internal_weight=53583.1 15074.1 14583 8227.7 6149.59 5981.62 1468.2 2078.11 1190.76 6355.33 3224.19 2805.65 3131.15 2364.57
internal_count=236506 65725 63571 35231 26475 25774 6372 8756 5181 28340 14508 12639 13832 10562
is_linear=0
shrinkage=0.03


Tree=276
num_leaves=15
num_cat=2
split_feature=46 1 45 1 1 1 10 37 11 20 42 46 37 20
split_gain=19.1939 62.3448 41.3473 55.8302 35.3974 44.8032 34.8123 43.3146 28.8324 47.9974 42.4512 37.3502 36.5793 31.6028
threshold=0 0.0048546617483577479 0.74409656860861739 0.010363474768918671 0.0076802269852155707 0.0089118199853492341 -2.3758599994586125 -0.36789539546367611 1.3798151279066984 -0.4806727043486495 0.81666666666666676 1 1.4478568162985219 1.4821551061581835
decision_type=1 8 10 8 10 8 10 10 10 10 10 1 10 10
left_child=1 -1 3 4 -3 -6 7 -2 13 -10 12 -12 -11 -8
right_child=6 2 -4 -5 5 -7 8 -9 9 10 11 -13 -14 -15
leaf_value=0.014205433689146861 -0.0023977820815231049 -0.0071124042820401275 0.0008433395175477833 -0.016663898743500629 0.018731674764443641 -0.0039969740261123132 -0.00065378489440499682 0.023061467993408222 -0.011068996873486458 0.0032747695937443738 0.0053424237909851062 -0.0058762130294979231 0.012933123405866154 -0.0064389641343457404
leaf_weight=295.25028109550476 111.58383578062057 349.56687268614769 19234.425326935947 275.9393100887537 137.1335383951664 160.18503050506115 28163.594536811113 116.26464582979679 231.24238255620003 2135.5967854708433 390.08539181947708 753.97828805446625 416.06143923103809 866.48348388075829
leaf_count=1262 492 1555 83705 1207 605 715 125020 494 1027 9376 1740 3449 1889 4230
internal_value=2.58298e-05 0.000748291 0.000544604 -0.00562422 -0.000733084 0.00675466 -0.000419627 0.0110167 -0.000502138 0.00190734 0.00274695 -0.00204253 0.00489396 -0.000828617
internal_weight=53637.4 20452.5 20157.3 922.825 646.885 297.319 33184.9 227.848 32957 3926.96 3695.72 1144.06 2551.66 29030.1
internal_count=236766 89049 87787 4082 2875 1320 147717 986 146731 17481 16454 5189 11265 129250
cat_boundaries=0 1 2
cat_threshold=688 260
is_linear=0
shrinkage=0.03


Tree=277
num_leaves=15
num_cat=1
split_feature=19 16 7 9 11 13 46 45 14 40 18 11 39 38
split_gain=19.4715 62.8726 47.7296 44.0943 63.5376 45.5427 44.3887 37.6671 35.5261 32.6293 32.5854 31.4523 89.8054 66.5073
threshold=0.35134972824789346 0.69187827827864534 -0.99576552641402516 0.56934414299835401 -1.0290090832524517 46.236652908079812 0 0.81993408457200434 0.76190476190476264 0.93870415328479206 0.063195903274327184 -0.22645677562955183 -1.7382987568501616 -0.82582606571283668
decision_type=2 10 8 8 8 10 1 10 10 10 2 8 10 10
left_child=1 3 9 11 5 -5 10 -8 -7 -2 -6 13 -13 -1
right_child=2 -3 -4 4 6 8 7 -9 -10 -11 -12 12 -14 -15
leaf_value=0.0025167706685912234 -0.004248402802080449 0.017650043677465876 -0.00031473589251604644 -0.0042007576820980597 0.020150529615442475 0.021913963464709679 -0.015360284496022336 0.00021699693254227334 0.0050441863207559374 -0.017964946359023379 0.0023067053123872875 -0.015334247458131119 0.0021575867810306065 -0.0015604185193960098
leaf_weight=4803.5949705988169 768.82993860542774 182.45884370803833 22592.071368299425 114.87747386097908 140.4225055128336 338.50439850986004 169.96818822622299 623.30972518026829 176.65065391361713 189.39149256050587 245.41338905692101 262.57929775118828 8638.359629034996 14283.169733822346
leaf_count=20759 3434 786 101540 501 595 1438 733 2692 775 902 1053 1270 37294 62551
internal_value=5.10073e-05 0.000558047 -0.000594412 0.000447499 0.00497341 0.0125838 0.000835345 -0.00323006 0.0163354 -0.00711701 0.00892049 0.000153269 0.00162495 -0.000533526
internal_weight=53529.6 29979.3 23550.3 29796.8 1809.15 630.033 1179.11 793.278 515.155 958.221 385.836 27987.7 8900.94 19086.8
internal_count=236323 130447 105876 129661 7787 2714 5073 3425 2213 4336 1648 121874 38564 83310
cat_boundaries=0 1
cat_threshold=81
is_linear=0
shrinkage=0.03


Tree=278
num_leaves=15
num_cat=3
split_feature=44 12 10 11 14 19 36 46 38 46 46 0 19 12
split_gain=22.2737 32.1069 31.8341 49.8703 46.0892 45.4114 32.8512 32.5797 39.3838 32.2871 29.8064 34.2877 40.1615 39.9076
threshold=-0.0035607179457895115 0.034818532602005729 0.90030119454612201 -0.64003368891998746 0.30952380952380948 0.50042620504889246 -1.2577761931790545 0 0.15609581703962142 1 2 0.0076455415088244544 -4.831036419006467 0.030622690316962031
decision_type=8 2 8 10 10 2 10 1 10 1 1 8 2 2
left_child=1 2 5 -4 -5 6 -1 8 -8 -6 11 -2 13 -13
right_child=10 -3 3 4 9 -7 7 -9 -10 -11 -12 12 -14 -15
leaf_value=0.0056448091256517232 -0.0020505080672529341 -0.0027467957424043695 0.017729445906384481 -0.0038626598298624856 0.014516612486666984 -0.0018446563591281884 0.00014648474528397421 0.0014073317116835237 -0.010851397246689007 0.0033561283114337303 -0.001422711970930328 -0.00099820413040688965 0.0022716704871437363 -0.015466849084880949
leaf_weight=1456.5751386731863 3290.5527219474316 2245.8837533742189 199.77108211815357 761.02056144922972 241.27276676893234 5352.2256605029106 858.48040352761745 11687.016525045037 434.72707724571228 2640.4257419407368 15492.952906847 845.45233714580536 7819.2979399263859 205.77005495131016
leaf_count=6225 14169 10211 843 3356 1034 24183 3746 50579 1946 11889 69142 3699 34316 984
internal_value=4.08312e-05 0.000673302 0.000999365 0.00349448 0.00266742 0.000513361 0.00138823 0.000906602 -0.00357803 0.00439933 -0.000551036 0.000560425 0.00153081 -0.00394941
internal_weight=53531.4 25877.4 23631.5 3842.49 3642.72 19789 14436.8 12980.2 1293.21 2881.7 27654 12161.1 8870.52 1051.22
internal_count=236322 114012 103801 17122 16279 86679 62496 56271 5692 12923 122310 53168 38999 4683
cat_boundaries=0 1 2 3
cat_threshold=256 32 976
is_linear=0
shrinkage=0.03


Tree=279
num_leaves=15
num_cat=0
split_feature=35 1 38 37 13 16 1 40 15 39 12 5 38 41
split_gain=22.9134 43.2205 33.433 29.3916 26.9604 40.7766 33.0724 29.2608 45.8994 41.9489 38.4604 36.4571 29.8263 39.467
threshold=-1.9878571511154044 0.017206827580497627 -1.5369391869857034 -1.7842672868464209 34.979574028757142 0.17653106759441564 0.013877982198986638 -1.7429079314650811 0.19486031339430446 -1.803152513603415 0.035993864724723199 -0.17006845344527957 -1.3963147451623739 1.0000000180025095e-35
decision_type=8 8 10 10 8 8 8 8 10 8 2 10 8 2
left_child=1 2 -1 -4 5 -2 -7 8 11 -9 -10 -6 -11 -14
right_child=4 -3 3 -5 7 6 -8 9 10 12 -12 -13 13 -15
leaf_value=0.00033576844778250309 0.00082576403698756047 -0.0068478471474405587 0.021355621761216408 0.0066471026214763142 0.0072505378856647217 -0.0028847552321985184 -0.011044538575474534 -0.016957173890206536 0.018300116048277228 0.0041718583188531753 -0.0025694051098021776 -0.0099906093838941414 -0.0026171451354514478 0.00017645102870474734
leaf_weight=623.5263165384531 1789.5358494371176 298.57573534548283 146.69117887318134 646.01620844006538 214.44165331125259 1541.0774903893471 626.32853597402573 121.70068691670895 291.02181801199913 1481.6914052218199 104.92401212453842 207.40204048156738 5121.609767600894 40249.794359840453
leaf_count=2639 7824 1475 607 2766 925 6691 2853 620 1195 6331 455 891 22348 178411
internal_value=-3.51121e-05 0.00336645 0.00555278 0.00960106 -0.000148457 -0.00252498 -0.00528263 4.87915e-05 0.00564007 -4.97274e-05 0.0128427 -0.00126123 -2.20131e-06 -0.000139403
internal_weight=53464.3 1714.81 1416.23 792.707 51749.5 3956.94 2167.41 47792.6 817.79 46974.8 395.946 421.844 46853.1 45371.4
internal_count=236031 7487 6012 3373 228544 17368 9544 211176 3466 207710 1650 1816 207090 200759
is_linear=0
shrinkage=0.03


Tree=280
num_leaves=15
num_cat=0
split_feature=10 19 11 15 39 37 33 9 11 1 39 11 16 10
split_gain=17.2088 62.8873 56.5968 55.4199 51.3946 62.7992 52.2917 48.4075 53.3958 47.3754 44.1063 42.5231 47.0314 51.0491
threshold=0.68744402378882452 0.59687268363701451 -0.14910472758952523 0.45454545454545453 0.47863860281053228 0.069168544999095985 -1.473529021532556 0.4186564839373843 -1.480644299009876 0.019471781734455924 0.28987623926954742 -1.600517049591518 0.2897524320742732 -0.24567665790606505
decision_type=10 2 10 10 10 10 10 10 8 8 10 8 8 10
left_child=1 7 3 -2 -4 -6 -7 11 10 -3 -9 12 13 -1
right_child=2 9 4 -5 5 6 -8 8 -10 -11 -12 -13 -14 -15
leaf_value=-0.004015447364421324 -0.0063070610732722833 -0.0032051145804228459 0.0030331677376554734 0.008826720413772169 -0.0064800949310662489 -0.017520277586610553 0.00056151918894265375 0.0012963613547064142 0.0024319174984779673 0.0030201650378824368 0.022482037477767447 0.00032415989339336322 -0.014450527712856034 0.0088348521536328606
leaf_weight=1931.4237141162157 254.50176261365414 8692.6134150773287 3845.0941233187914 1279.9560362994671 1599.361449636519 137.31736129522324 6276.6555922850966 143.16432157158852 2441.7063130289316 1251.4144062101841 226.94824738800526 24867.733294531703 312.43042856454849 315.16541428864002
leaf_count=8620 1083 39203 16677 5654 7285 688 28810 627 10578 5486 972 108129 1353 1381
internal_value=-4.07165e-05 -0.000351135 0.000890198 0.00629208 0.000186492 -0.00118153 0.000147734 0.000329608 0.00407113 -0.00241944 0.0145368 -5.53208e-05 -0.0037299 -0.00218157
internal_weight=53575.5 40182.6 13392.9 1534.46 11858.4 8013.33 6413.97 30238.6 2811.82 9944.03 370.113 27426.8 2559.02 2246.59
internal_count=236546 176349 60197 6737 53460 36783 29498 131660 12177 44689 1599 119483 11354 10001
is_linear=0
shrinkage=0.03


Tree=281
num_leaves=15
num_cat=1
split_feature=33 40 13 40 39 11 39 38 39 38 10 46 14 33
split_gain=23.8962 56.4939 41.2519 49.2253 48.7744 47.1948 46.9921 40.9847 40.3398 61.425 56.4889 37.0607 36.2362 37.2819
threshold=-1.6896884625929116 1.0074796076896464 35.76229400586373 -1.5799783755273065 -0.030535922663856574 -0.84078337260247815 -1.67967942116402 -1.9647579263516317 -1.2368476687161232 0.22796957868653941 -0.7827492180492247 0 0.47978981076433624 -0.31644760681199674
decision_type=8 10 8 8 8 8 10 10 10 10 8 1 10 10
left_child=1 7 4 5 -2 12 -7 -1 9 10 11 -5 13 -4
right_child=2 -3 3 8 -6 6 -8 -9 -10 -11 -12 -13 -14 -15
leaf_value=-0.0039917704083710752 -0.0013727365998253927 -0.012132447868547676 0.018455482473151125 -0.00095386260761482703 -0.0094721450299819418 -0.01107974973726329 0.0061330039914233069 0.0060775261272606211 0.00015865500123158439 -0.015939233568232292 0.0041860761084674776 -0.015159704379953993 0.024861927921958678 -0.0020853555981127417
leaf_weight=441.97412443161011 3517.4899427890778 198.63724651932716 133.63057851791382 352.59392796456814 817.78644078224897 191.34174525737762 481.01578433811665 1900.613243535161 43856.629985041916 330.80555111169815 705.9650830924511 307.31600686907768 156.94948107004166 174.1567919254303
leaf_count=1962 15364 1004 560 1615 3640 863 2046 8329 193552 1657 3138 1435 653 742
internal_value=1.86326e-05 0.0028521 -0.000123013 0.000137154 -0.00291885 0.00627499 0.00114395 0.00416887 -1.74011e-05 -0.00454245 -0.00168644 -0.00793751 0.0135179 0.00713288
internal_weight=53566.9 2541.22 51025.7 46690.4 4335.28 1137.09 672.358 2342.59 45553.3 1696.68 1365.88 659.91 464.737 307.787
internal_count=236560 11295 225265 206261 19004 4864 2909 10291 201397 7845 6188 3050 1955 1302
cat_boundaries=0 1
cat_threshold=182
is_linear=0
shrinkage=0.03


Tree=282
num_leaves=15
num_cat=0
split_feature=30 12 11 41 19 1 20 19 45 39 38 40 11 11
split_gain=24.3206 54.7189 70.2352 37.3119 70.4794 44.018 86.798 47.4848 42.634 44.281 86.6923 87.4174 79.2246 68.1726
threshold=3.5000000000000004 0.067211349813508237 0.19579238990829287 0.95000000000000007 3.4917613228338062 0.025368915252497036 -0.0079106756569919234 2.2458606612433378 0.54593558084106919 0.62878750701685149 1.0892983449787896 0.46606760069135905 -1.5375078327488063 1.6325345996922713
decision_type=2 2 10 2 2 10 10 2 10 10 10 10 8 8
left_child=-1 3 -3 5 -5 8 -7 -8 -2 10 11 -10 -11 -14
right_child=1 2 -4 4 -6 6 7 -9 9 12 -12 -13 13 -15
leaf_value=0.00056947449833037614 -0.0071784662221794247 0.02426775971144458 -0.0061724281672263428 -0.0072039692154047758 0.0015746937306857106 -0.014228059121931619 0.015078011233672866 -0.0037518607265546 0.00058331799038827451 0.023742254261055428 -0.013047870718424108 0.0079178988097174247 -0.0047094683209033409 0.0066017736078068509
leaf_weight=30835.066797733307 706.79291624575853 163.54467785358429 106.85443134605885 2086.2414513975382 1350.1853905692697 566.12415824830532 171.86501218378544 349.08638249337673 11123.395155593753 91.417850390076637 367.06712809205055 1674.2335349917412 3395.5941067636013 549.17015570402145
leaf_count=135004 3239 710 480 9872 6496 2554 757 1538 48057 398 1715 7143 15997 2453
internal_value=2.09074e-05 -0.000724122 0.0124475 -0.000888377 -0.00376024 -0.00036711 -0.00620031 0.00262721 -9.74629e-06 0.00028882 0.00113171 0.00154829 -0.00245642 -0.00312206
internal_weight=53536.6 22701.6 270.399 22431.2 3436.43 18994.7 1087.08 520.951 17907.7 17200.9 13164.7 12797.6 4036.18 3944.76
internal_count=236413 101409 1190 100219 16368 83851 4849 2295 79002 75763 56915 55200 18848 18450
is_linear=0
shrinkage=0.03


Tree=283
num_leaves=15
num_cat=1
split_feature=44 46 1 19 2 11 45 1 11 0 11 38 38 30
split_gain=19.7957 31.0378 47.5806 38.9205 32.0688 30.2151 35.0741 29.9039 45.1386 34.7507 29.5434 37.6749 30.9608 28.487
threshold=-0.005351854053950565 0 0.004753353578648466 -3.5696212644743395 0.46012147477445281 0.92507532073345267 1.2150108939445896 0.032856810192967344 -0.52699610973355837 0.034625229883268369 1.6325345996922713 0.11464522952817142 0.43542087389563283 4.5000000000000009
decision_type=8 1 8 2 10 10 10 10 8 10 10 10 10 2
left_child=-1 2 -2 4 -4 -5 10 -3 -9 -10 11 -7 -12 -8
right_child=1 7 3 5 -6 6 13 8 9 -11 12 -13 -14 -15
leaf_value=0.00078190114981624718 0.020140050298327744 -0.0011240924078738501 0.0088096844178923231 0.003364625603149725 -0.0043705782619805934 -0.01630919681467221 0.010594160953833733 -0.0090600264054675455 0.020399278069542916 0.0028470298664477109 0.012124845598358157 -0.0017987678947200998 -0.0092436515491218698 -0.0063391618833395381
leaf_weight=24102.980343177915 108.6315016746521 21377.309110805392 176.78334337472916 4385.58987185359 1535.6268146187067 290.16379371285439 278.40894328057766 127.86662362515926 177.97671359777451 229.06773662567139 144.1128246486187 353.53087870776653 91.852576151490211 121.69745640456676
leaf_count=106269 455 95033 751 19008 6753 1289 1194 577 755 996 626 1604 403 521
internal_value=0.000144756 -0.000377706 0.00128788 0.000985156 -0.00296665 0.00218275 -0.00186207 -0.000947244 0.00599391 0.0108267 -0.00519551 -0.00848919 0.00376925 0.00541469
internal_weight=53501.6 29398.6 7486.4 7377.77 1712.41 5665.36 1279.77 21912.2 534.911 407.044 879.66 643.695 235.965 400.106
internal_count=236234 129965 32604 32149 7504 24645 5637 97361 2328 1751 3922 2893 1029 1715
cat_boundaries=0 1
cat_threshold=656
is_linear=0
shrinkage=0.03


Tree=284
num_leaves=15
num_cat=0
split_feature=36 40 40 35 35 36 35 40 1 40 12 37 35 36
split_gain=18.0468 46.1512 86.8588 66.0814 52.5024 98.7803 50.5595 43.5533 39.8584 44.8291 41.9971 38.8903 49.2916 36.1447
threshold=-0.2051895091241602 -0.060167525232830039 1.0676364887636098 -0.98616625277180636 -1.3710502322534033 -0.62132452350279899 0.047466605551266812 -0.4450207499511829 0.0059081172735392156 -0.73720395851841725 0.0083257567661919937 0.56667576382910678 0.089818802114886728 -0.82507542405983569
decision_type=10 10 10 10 8 10 10 10 8 8 2 10 10 10
left_child=1 4 6 -4 5 -1 -3 8 9 -2 -10 -12 -13 -5
right_child=7 2 3 13 -6 -7 -8 -9 10 -11 11 12 -14 -15
leaf_value=0.00045992731866206695 -0.011559314104669633 0.0035338336158698565 -0.015257713061312175 -0.013515280960790042 -0.0031566026257897548 0.030152575131152777 -0.0044842221464322296 -0.0001214865694959823 0.016434927574730061 0.0049000562750937844 0.001759805995701957 -0.0076567544955194978 0.011094050456811696 0.00029065656354422325
leaf_weight=2793.5506214797497 356.3099111020565 5856.7809753417969 411.02666319906712 188.93940399587154 8316.6380702108145 94.626506730914116 796.22627355158329 26266.829259924591 196.57561501860619 243.45187270641327 5831.0016562789679 141.66879276931286 814.28366304934025 1198.278561770916
leaf_count=12210 1595 25539 2092 890 36715 410 3556 116623 844 1063 25114 627 3510 5481
internal_value=3.71587e-05 -0.000685658 0.000987501 -0.00484527 -0.0019474 0.00153344 0.00256895 0.000456962 0.0024581 -0.00490743 0.00309678 0.00268685 0.00826475 -0.00167299
internal_weight=53506.2 19656.1 8451.25 1798.24 11204.8 2888.18 6653.01 33850.1 7583.29 599.762 6983.53 6786.95 955.952 1387.22
internal_count=236269 86893 37558 8463 49335 12620 29095 149376 32753 2658 30095 29251 4137 6371
is_linear=0
shrinkage=0.03


Tree=285
num_leaves=15
num_cat=0
split_feature=27 44 30 11 34 39 41 39 0 32 39 39 11 12
split_gain=19.7411 19.4086 17.6874 40.0312 44.216 42.5904 41.1245 66.8406 29.1047 26.8312 24.3677 23.4331 22.325 29.3554
threshold=0.11276023929392952 -0.13770084031650745 5.5000000000000009 -1.1098243633166844 -0.33753157107994697 -1.0378702006561367 0.95000000000000007 0.34070642721254157 0.0054674948997367164 -0.38523951593335676 0.98644843202397803 2.5706467476917658 1.4286666993409831 0.035398828211268503
decision_type=10 8 2 10 10 8 2 10 10 10 10 10 10 2
left_child=-1 -2 11 5 9 -4 12 -8 -9 -5 -10 -3 13 -6
right_child=1 2 3 4 6 -7 7 8 10 -11 -12 -13 -14 -15
leaf_value=0.00095434339735888968 -0.01086339193714694 -0.00064439169290657946 -0.0059287888056574582 0.00089490663162919697 0.0029864789191223068 0.010547364219702095 -0.015632800372515437 -0.010823103826522752 0.016160457568609374 -0.0091210982438525833 -0.0012110178568097557 0.008246690171094008 0.0099961869115618284 -0.0097458595350022569
leaf_weight=13936.861285440624 147.65643113851547 33608.616201117635 170.64491751790047 383.2471674233675 2533.8427226543427 678.35772792994976 288.77326989173889 88.361500024795532 146.02122864127159 629.76223056018353 133.60846979916096 258.96293750405312 366.13718846440315 164.46049305796623
leaf_count=61527 687 148453 754 1745 11064 2934 1304 424 670 2823 614 1146 1589 722
internal_value=-1.63063e-05 -0.000358086 -0.000316023 0.00124704 0.000165593 0.00720528 0.00168016 -0.00508092 0.00339396 -0.00536008 0.00810505 -0.000573993 0.003141 0.00217733
internal_weight=53535.3 39598.5 39450.8 5583.22 4734.21 849.003 3721.2 656.764 367.991 1013.01 279.63 33867.6 3064.44 2698.3
internal_count=236456 174929 174242 24643 20955 3688 16387 3012 1708 4568 1284 149599 13375 11786
is_linear=0
shrinkage=0.03


Tree=286
num_leaves=15
num_cat=0
split_feature=33 30 9 37 39 39 41 38 36 37 31 37 34 38
split_gain=22.7952 50.1652 42.8645 38.8291 33.5086 37.3073 49.8355 50.6468 56.3157 32.5129 31.9545 35.9825 28.7834 28.3542
threshold=0.6313793022544395 4.5000000000000009 2.1569744593485942 0.16280418104185593 -1.3768709061050497 -0.57937746911308408 0.95000000000000007 -0.19736312802167114 1.0423766941413952 -1.3710234464120932 1.0940256108019666 -0.55529821760860043 1.0011637693491982 2.6300836929250067
decision_type=8 2 8 10 10 10 2 10 10 8 10 10 10 10
left_child=13 2 4 9 -2 6 7 8 -6 -3 -7 -12 -11 -1
right_child=1 3 -4 -5 5 10 -8 -9 -10 12 11 -13 -14 -15
leaf_value=0.00056603201731401443 -0.011147769433028084 0.013327405704441493 0.010955734062967992 0.005093954917665307 0.0018259768745592818 -0.0016351246891463927 0.018022999973345083 -0.0065751864678581049 0.024596180530838882 -0.0079250087165568493 0.0084226421300236214 -0.0073115372352959137 0.004634842771269394 -0.010386389526953761
leaf_weight=41367.253856673837 364.47568503022194 94.200094267725945 213.32244035601616 1826.3517908453941 554.1847221404314 5401.7145631462336 155.93365748226643 510.74215678870678 109.20633664727211 585.38336801528931 133.06038095057011 1755.769005343318 219.17273201048374 203.85633818805218
leaf_count=181498 1663 400 1002 8361 2392 24268 672 2253 472 2553 578 8090 951 1077
internal_value=0.000178172 -0.000977637 -0.00203655 0.00259104 -0.00235685 -0.00197269 0.00263334 0.000454537 0.00588396 -0.00249519 -0.00281546 -0.00616461 -0.00448863 0.000509839
internal_weight=53494.6 11923.5 9198.41 2725.11 8985.09 8620.61 1330.07 1174.13 663.391 898.756 7290.54 1888.83 804.556 41571.1
internal_count=236230 53655 41390 12265 40388 38725 5789 5117 2864 3904 32936 8668 3504 182575
is_linear=0
shrinkage=0.03


Tree=287
num_leaves=15
num_cat=2
split_feature=43 46 24 45 45 2 13 30 37 46 45 1 39 2
split_gain=17.8709 30.3442 37.6114 37.06 35.8065 34.5404 38.0172 33.3732 29.7322 31.2683 28.2504 55.4203 30.4697 29.1639
threshold=0.5277777777777779 0 -0.04440509519112109 0.86839494414721008 0.93413492284882205 0.60795480744043229 36.006583485429637 2.5000000000000004 1.2515648197586415 1 1.3928570176581683 0.021290873333464699 1.9599887713377362 1.7448392408478404
decision_type=10 1 10 8 10 10 10 2 10 1 10 10 10 10
left_child=1 3 -3 -1 -5 6 -4 -8 9 -9 12 -12 13 -6
right_child=-2 2 5 4 10 -7 7 8 -10 -11 11 -13 -14 -15
leaf_value=0.011123414243201422 -0.00058914055624745873 0.0069216003369114553 -0.007286475830706597 -0.012912122379553298 -0.0027986200015305959 9.7451602996060418e-05 0.0080319522847788934 0.007094350335292602 -0.010656689381140404 0.00025155046670129975 -0.004547209656832996 0.023972478285690234 0.012967359185888143 0.011405833258691187
leaf_weight=190.26802977919579 27490.141009822488 918.54149261116982 283.2734517455101 248.81764179468155 4306.0124806165695 15726.718754671514 1217.473766207695 943.40166072547436 146.50768476724625 1613.8836603611708 128.94746248424053 102.56837022304535 109.81506238877773 124.42784233391285
leaf_count=847 121783 3961 1250 1115 19055 69565 5140 4139 685 6935 559 444 496 548
internal_value=-5.56448e-05 0.000507124 0.00101872 -0.00153692 -0.00204093 0.00074386 0.00315573 0.00392669 0.00205537 0.00282232 -0.00144825 0.00855728 -0.00197614 -0.0023749
internal_weight=53550.8 26060.7 20849.8 5210.86 5020.59 19931.3 4204.54 3921.27 2703.79 2557.29 4771.77 231.516 4540.26 4430.44
internal_count=236522 114739 91675 23064 22217 87714 18149 16899 11759 11074 21102 1003 20099 19603
cat_boundaries=0 1 2
cat_threshold=768 69
is_linear=0
shrinkage=0.03


Tree=288
num_leaves=15
num_cat=0
split_feature=33 37 8 13 39 34 36 30 2 0 39 16 11 19
split_gain=22.2109 44.9403 39.7902 34.159 43.1055 28.4082 34.2823 26.4002 43.2032 26.5754 26.1795 24.4733 44.4412 48.8039
threshold=-1.6896884625929116 0.24312390724133057 -1.7080435143541488 36.495969951083929 -0.030535922663856574 -0.95755743139335181 -0.43569940320754957 1.5000000000000002 0.87017585963737154 0.018891885182541823 -1.1929641045859751 0.33096406604598194 -0.29488630532927668 -1.117961676083026
decision_type=8 10 10 10 8 10 10 2 8 10 10 10 10 2
left_child=1 2 -1 4 7 6 -4 -2 10 -10 -9 12 13 -5
right_child=3 -3 5 11 -6 -7 -8 8 9 -11 -12 -13 -14 -15
leaf_value=-0.0037931394202598947 -0.0048784677838300643 -0.011304126929608825 0.005741709552526242 -0.0011512528348713526 -0.0081176772573185556 0.017977807975005308 -0.011282695532707315 -0.013511205296491424 0.0053242442862850925 -0.0034879009473259143 -0.0018513935568582524 0.00052618150333266485 0.002612547433296984 -0.0081126224207543375
leaf_weight=484.14809222519398 1177.4766754060984 181.85418201982975 1605.2950627356768 11073.736037388444 995.0934142023325 149.03151897341013 104.81293050944805 215.04911917448044 1342.7729787230492 391.18789698183537 772.54415865242481 31569.714638978243 2575.33060310781 977.81919239461422
leaf_count=2168 5256 901 7019 48554 4434 656 458 979 5697 1742 3343 140155 11155 4290
internal_value=-6.05367e-05 0.00268035 0.00380906 -0.000196502 -0.00257709 0.00579849 0.00463875 -0.0011459 0.000480938 0.00332759 -0.00450031 5.62035e-05 -0.000957833 -0.00172233
internal_weight=53615.9 2525.14 2343.29 51090.7 4894.12 1859.14 1710.11 3899.03 2721.55 1733.96 987.593 46196.6 14626.9 12051.6
internal_count=236807 11202 10301 225605 21451 8133 7477 17017 11761 7439 4322 204154 63999 52844
is_linear=0
shrinkage=0.03


Tree=289
num_leaves=15
num_cat=0
split_feature=23 11 24 14 32 38 39 38 36 30 30 39 16 39
split_gain=20.2217 24.696 31.8216 43.938 19.5522 41.6462 28.2377 30.9277 24.0986 22.9091 26.7163 64.5189 42.05 40.0534
threshold=0.059816163208428315 -1.6323180237845316 0.030424131129146773 0.69083651399491164 -0.19069274966621272 -2.6065503240709633 1.2658079318628903 0.10696832760134535 -0.82507542405983569 3.5000000000000004 2.5000000000000004 -0.41816540389960805 0.24162537428098219 -0.7436944821696625
decision_type=10 8 10 10 10 10 8 8 10 2 2 10 8 10
left_child=4 -2 3 -3 6 -6 9 -8 -9 10 12 13 -1 -12
right_child=1 2 -4 -5 5 -7 7 8 -10 -11 11 -13 -14 -15
leaf_value=-0.0040241059035061588 -0.010265635856578746 0.019037195115718466 0.0014304988260216609 -0.0021805100490963096 0.015673988569409405 0.00017195307123867406 0.001300669500968787 -0.020294569287293691 -0.005430097429178082 -0.0019077445155568616 0.0045198378965845502 -0.00062687830928783285 0.00083056609403242738 0.017199992560494981
leaf_weight=2248.7452610880136 97.904687970876694 247.60108509659767 834.70056197047234 130.41719698905945 146.72026880085468 32663.260053195059 645.75793611258268 97.634316623210907 1413.9415149763227 6787.1412124186754 670.90059565007687 1752.3928105086088 5546.5178322643042 335.14987874031067
leaf_count=10029 424 1035 3605 569 620 143878 2976 499 6719 30329 2917 7743 24060 1426
internal_value=-0.000108574 0.00355775 0.00474857 0.0118495 -0.0002011 0.00024603 -0.000953234 -0.00418192 -0.00651728 -0.000549383 0.000325166 0.00285696 -0.000573251 0.00887174
internal_weight=53618.8 1310.62 1212.72 378.018 52308.2 32810 19498.2 2157.33 1511.58 17340.8 10553.7 2758.44 7795.26 1006.05
internal_count=236829 5633 5209 1604 231196 144498 86698 10194 7218 76504 46175 12086 34089 4343
is_linear=0
shrinkage=0.03


Tree=290
num_leaves=15
num_cat=0
split_feature=27 38 32 40 39 33 38 37 40 0 38 35 12 39
split_gain=18.6549 25.8915 26.1639 23.7174 44.7645 29.8012 28.3652 41.557 21.2262 21.056 20.4081 27.2517 19.5001 56.9699
threshold=0.11276023929392952 0.54124529018092982 2.5327972979714315 -0.051672705047420879 -0.19703656759905311 -0.42453603646394528 -1.0019074336547027 -1.0618984746628379 0.54262342722287671 0.011063466436233561 1.3468833293474443 -0.74783702491892645 0.016158494519936391 -1.5985108934726602
decision_type=10 8 10 10 10 10 10 10 10 8 10 10 2 8
left_child=1 2 3 -1 5 -5 -6 -8 9 -3 11 -10 13 -2
right_child=12 8 -4 4 6 -7 7 -9 10 -11 -12 -13 -14 -15
leaf_value=0.0001689206135456265 -0.012071024245644447 -0.007158859321769958 0.015286568865490784 0.017645653708542562 0.010471852336033963 0.0043435572199433947 -0.016686479434856519 0.0016926740235725189 -0.0099229259864028994 0.00018422555390755388 -0.0029127862304823503 0.0046509919993790692 -0.001042714564151521 0.00051197260838824058
leaf_weight=5750.3592160195112 319.6093188226223 844.76874558627605 114.64405143260956 277.54631249606609 307.85020339488983 339.36360916495323 104.3347080424428 3532.0447918474674 119.78894996643066 596.01824925839901 858.31574884057045 1075.5569073855877 20691.387449607253 18482.429282702506
leaf_count=25039 1485 3787 501 1176 1347 1449 463 15495 565 2664 4150 4816 91531 81484
internal_value=-7.4619e-05 0.000869331 0.00161803 0.0014514 0.00306435 0.0105141 0.0018755 0.00112103 -0.00136276 -0.00414087 0.000596906 0.00312029 -0.000407477 0.000291776
internal_weight=53414 13920.6 10426.1 10311.5 4561.14 616.91 3944.23 3636.38 3494.45 1440.79 2053.66 1195.35 39493.4 18802
internal_count=235952 61452 45470 44969 19930 2625 17305 15958 15982 6451 9531 5381 174500 82969
is_linear=0
shrinkage=0.03


Tree=291
num_leaves=15
num_cat=1
split_feature=25 46 35 8 37 0 32 32 40 33 33 37 39 0
split_gain=17.6294 27.9324 20.9376 20.2499 21.9206 17.9066 17.8931 23.8841 53.8183 27.8757 21.146 25.9151 20.2924 35.6251
threshold=-1.8415148878881882 0 -0.45102892379754805 -0.36784472664654738 0.069168544999095985 0.0088944274076753187 -0.19069274966621272 -0.15015571941913608 -1.2215412720843022 0.077043454380193097 2.7121522566027489 2.7290928358271018 -1.803152513603415 0.011130495772657139
decision_type=8 1 10 10 10 10 10 10 10 10 10 10 10 10
left_child=1 -1 -3 -4 -5 -6 -2 8 -8 -10 11 12 13 -9
right_child=6 2 3 4 5 -7 7 10 9 -11 -12 -13 -14 -15
leaf_value=-0.008399817032025152 -0.00074015161592933367 0.010360350009088824 -0.0086493067118701399 0.010858610203607453 -0.012189666690502582 0.0039763560782696524 0.024843537560396232 -0.01788747675346512 -0.0019764854175364425 0.0073421261657532827 -0.0075466315909968806 0.010463957334041842 0.00033867806533708684 0.00033665208264163101
leaf_weight=568.79241721332073 19532.447760991752 140.66577804088593 243.91860812902451 148.78649878501892 104.00987626612186 126.49679630994797 96.926346391439438 142.24730528891087 589.63660930097103 550.30794982612133 300.35684379935265 215.17136378586292 30567.198363475502 262.85504774749279
leaf_count=2508 86822 617 1046 638 463 549 418 690 2562 2414 1488 1051 134299 1179
internal_value=-0.000109043 -0.00350332 0.000308656 -0.00208303 0.00225336 -0.00352166 -2.18276e-05 0.000407015 0.0044793 0.0025468 0.00024568 0.000323121 0.000249315 -0.00633931
internal_weight=53589.8 1332.67 763.878 623.212 379.293 230.507 52257.1 32724.7 1236.87 1139.94 31487.8 31187.5 30972.3 405.102
internal_count=236744 5821 3313 2696 1650 1012 230923 144101 5394 4976 138707 137219 136168 1869
cat_boundaries=0 1
cat_threshold=531
is_linear=0
shrinkage=0.03


Tree=292
num_leaves=15
num_cat=0
split_feature=38 39 38 41 39 30 16 39 38 6 30 38 39 33
split_gain=17.1591 46.6293 16.4153 32.6294 46.6212 37.1181 60.7188 50.0222 49.6888 37.5153 35.8792 43.4847 34.4506 36.813
threshold=-2.9303608724780625 -1.5592038279691527 1.4686978965374144 0.8500000000000002 2.066749340359169 3.5000000000000004 0.51698635540752558 0.90522502107544822 1.8811553297327281 0.17728889618118013 4.5000000000000009 2.213966976848003 0.14280430051939261 0.68873707464977796
decision_type=8 10 8 2 10 2 10 10 10 10 2 10 10 10
left_child=1 -1 -2 4 -4 7 -7 8 12 -10 11 -8 -5 -14
right_child=2 -3 3 5 -6 6 10 -9 9 -11 -12 -13 13 -15
leaf_value=-0.0038022104598345982 0.00021646878866572093 0.023061253848266072 -0.0080942509025248213 -0.0077911749804147803 0.0099257194801995983 -0.017486108344581655 0.0017326518439117777 -0.0026972856773960349 0.030017892018022577 0.0089882577983142857 0.0057232806956963797 -0.023331048686559691 0.016472663887761706 -0.0051008220002884295
leaf_weight=125.13907282054424 49712.525370925665 94.924084961414337 1049.1882058903575 201.82979062199593 138.56388452649117 236.94229152798653 146.87669119238853 777.00322197377682 110.39471505582333 247.71727426350117 384.88125875592232 96.59738701581955 171.21643587946892 110.99186104536057
leaf_count=579 218173 398 5092 891 662 1206 753 3744 473 1125 1903 562 738 506
internal_value=0.000108598 0.00828405 7.33517e-05 -0.00185943 -0.00592671 0.000101004 -0.00488206 0.00277764 0.00780142 0.0161104 7.01806e-05 -0.00873942 0.00145243 0.00810367
internal_weight=53604.8 220.063 53384.7 3672.2 1187.75 2484.45 865.298 1619.15 842.15 358.112 628.355 243.474 484.038 282.208
internal_count=236805 977 235828 17655 5754 11901 4424 7477 3733 1598 3218 1315 2135 1244
is_linear=0
shrinkage=0.03


Tree=293
num_leaves=15
num_cat=0
split_feature=24 23 0 16 8 9 30 30 38 10 18 12 37 10
split_gain=17.3117 30.6517 28.5508 26.7658 45.5285 37.6643 34.1812 34.0871 38.7372 40.4274 36.3846 33.069 32.9622 28.3094
threshold=-0.0070661269435642318 0.042745031296641152 0.0016401704781389495 0.17356377560290323 -1.4123183397798826 -1.0834280835211236 1.5000000000000002 2.5000000000000004 -0.67409129023219028 0.53174705819705426 -1.2500899263411405 0.061538952946683795 -0.80184479156815536 1.0000000180025095e-35
decision_type=10 10 10 8 8 8 2 2 8 8 2 2 10 10
left_child=1 3 -2 6 5 -5 -1 13 9 -9 -11 12 -10 -6
right_child=2 -3 -4 4 7 -7 -8 8 11 10 -12 -13 -14 -15
leaf_value=-0.0018601912950643696 -0.014365527510367458 0.01315279548544919 -0.000333261159823947 -0.014688296910125794 -0.00034476108490541789 -0.00096909307910146081 0.0050412654047280138 0.0065343573439195814 -0.012289666302488362 -0.017022562844961141 0.0022825163447786267 0.014693798816893535 -0.0015282360199033597 0.0037159842155265049
leaf_weight=889.51949465274811 121.00234423577785 167.371785774827 34421.864078715444 320.9293572306633 2550.8799016326666 398.49623674154282 2306.3658616542816 1092.9552982598543 256.60631628334522 129.86332143843174 231.00096568465233 99.356655269861221 6748.7487322762609 3902.6761314272881
leaf_count=3937 555 702 152962 1414 10962 1712 9851 4711 1135 573 1024 432 30136 16837
internal_value=1.41293e-05 0.000738806 -0.000386559 0.000622144 0.000112928 -0.00720657 0.00312055 0.000468265 -0.000772856 0.00367283 -0.00493642 -0.00168645 -0.00193938 0.00211285
internal_weight=53637.6 19094.8 34542.9 18927.4 15731.5 719.426 3195.89 15012.1 8558.53 1453.82 360.864 7104.71 7005.36 6453.56
internal_count=236943 83426 153517 82724 68936 3126 13788 65810 38011 6308 1597 31703 31271 27799
is_linear=0
shrinkage=0.03


Tree=294
num_leaves=15
num_cat=0
split_feature=40 37 38 40 12 39 11 39 35 40 41 38 39 40
split_gain=18.2904 48.4976 46.5489 63.7021 47.5802 53.6875 46.1239 64.0381 45.5463 49.2291 44.1977 40.774 54.7356 40.6404
threshold=0.41210572229896647 2.0404739968946211 0.52001646135868784 -0.62106447713901247 0.029641223504094111 -0.078403728797820635 -0.90490900372469363 0.037822852753321416 -1.0989719752276288 1.0676364887636098 0.95000000000000007 -1.0019074336547027 0.41545778425267871 -0.73720395851841725
decision_type=10 10 8 8 2 8 8 10 10 10 2 10 10 10
left_child=1 2 -1 10 -5 -6 7 -2 9 -8 13 12 -10 -4
right_child=6 -3 3 4 5 -7 8 -9 11 -11 -12 -13 -14 -15
leaf_value=-4.1149563818064531e-05 -0.01021765548174593 0.014747874194818269 -0.0081842014762301303 -0.0055428537389230811 0.014101545187792346 -0.0040500619306370689 -0.00033666031373119154 0.0074046603954137733 0.027068030464557104 -0.014430470255415119 0.012849418781331107 0.00044349322172374255 -0.0018301534433842414 0.013677673322797882
leaf_weight=29486.819045707583 201.62571401894093 178.59579113125801 261.68624050915241 4010.8281703144312 241.92415268719196 343.12736012041569 532.75932048261166 1561.133289501071 111.14800314605236 374.3064796179533 341.40446081757545 15670.613231003284 112.65832206606865 96.708787709474564
leaf_count=128447 868 799 1183 18058 1061 1510 2375 6732 458 1941 1489 70606 497 412
internal_value=-2.04285e-05 -0.00042451 -0.000506631 -0.00309351 -0.004378 0.00356664 0.000740377 0.00534274 0.000254621 -0.0062465 0.00528506 0.000629322 0.0130653 -0.00207388
internal_weight=53525.3 34961.1 34782.5 5295.68 4595.88 585.052 18564.2 1762.76 16801.5 907.066 699.799 15894.4 223.806 358.395
internal_count=236436 152959 152160 23713 20629 2571 83477 7600 75877 4316 3084 71561 955 1595
is_linear=0
shrinkage=0.03


Tree=295
num_leaves=15
num_cat=0
split_feature=12 1 37 36 40 40 30 45 16 45 10 19 18 40
split_gain=18.4323 53.4446 51.3129 40.7071 73.4038 54.1305 58.259 53.8898 52.096 50.597 39.8849 58.5984 54.9584 51.3592
threshold=0.01662048384045765 0.014673994727139301 -0.17897400872450384 -0.085426179730152499 -0.56764810546917766 -0.10329877603325589 5.5000000000000009 1.1002752897966654 0.42105260637558367 1.0356267648996507 0.42103305746688113 0.54778596159345694 1.6957849032880923 1.1231835728210227
decision_type=2 8 8 10 10 10 2 10 8 10 10 2 2 10
left_child=1 10 -3 -2 7 8 -7 9 -6 -5 11 -1 -12 -13
right_child=3 2 -4 4 5 6 -8 -9 -10 -11 12 13 -14 -15
leaf_value=0.00038648423180209334 -0.0018653917261114564 -0.0080772169533806469 0.015274968485302737 0.0051790032572012019 -0.0094190041054281835 -0.00046239909187350322 0.007205793198180062 0.00026590398118536961 -0.00039138221243800953 0.017345749186555681 0.0040408609423248018 -0.0056178193604437612 -0.0010372698555679277 0.0036859871302650817
leaf_weight=14481.133750513196 12408.824282407761 101.24865184724331 380.75800533592701 1327.1632991880178 1106.1835507154465 8071.9050162136555 992.31925748288631 1478.1069271862507 1189.1110904961824 396.9382030069828 4945.6687495037913 2895.3409624397755 3123.720200560987 646.89707711338997
leaf_count=62873 55258 430 1590 5759 4865 35932 4364 6316 5174 1709 21652 12926 14663 3057
internal_value=-5.11349e-05 0.000509507 0.0103052 -0.000603533 0.000472305 -0.000659413 0.000384103 0.00447652 -0.0047641 0.00806402 0.000324674 -0.000460245 0.00207623 -0.00391313
internal_weight=53545.3 26574.8 482.007 26970.6 14561.7 11359.5 9064.22 3202.21 2295.29 1724.1 26092.8 18023.4 8069.39 3542.24
internal_count=236568 117191 2020 119377 64119 50335 40296 13784 10039 7468 115171 78856 36315 15983
is_linear=0
shrinkage=0.03


Tree=296
num_leaves=15
num_cat=0
split_feature=19 9 20 16 11 11 16 40 38 39 10 39 31 45
split_gain=20.2233 66.8094 51.8132 51.8234 79.7032 49.7524 48.4987 47.2957 57.6817 40.4996 35.4676 35.3288 33.8411 32.6785
threshold=0.54778596159345694 0.56934414299835401 -0.072835079134865144 0.34044896276364905 -0.44534022397179818 -1.6698038041527881 0.68348116335536846 -0.42099012061987595 -0.63648361543120247 -0.30260405433218213 0.85796315936754086 0.77126209975786997 -1.9090030743842792 0.75355126082330504
decision_type=2 10 8 10 10 8 10 10 10 10 10 10 10 10
left_child=1 6 11 -4 10 -3 -1 8 -6 -10 -5 -2 -9 -14
right_child=2 5 3 4 7 -7 -8 12 9 -11 -12 -13 13 -15
leaf_value=6.2962386068973812e-05 -0.0025829698074289844 0.020351393194615937 -0.011667517757132548 0.0044134515821873822 -0.0055413799962915726 0.0043139488240599988 0.012344212228903107 -0.008855255289712545 0.0020487015432540641 0.013772259138388877 0.016501151369117374 -0.010479993207274101 -0.0032098145924139374 0.00015755505539737308
leaf_weight=28620.95221927762 2683.7821003943682 185.2419174015522 328.92359679937363 695.39996114373207 347.83451551198959 1723.0077326148748 282.35000364482403 440.46078912168741 495.46958844363689 570.88868953287601 316.42321436107159 622.97000995278358 3234.6202605739236 12925.191990762949
leaf_count=124735 11675 794 1459 3122 1547 7433 1217 2090 2125 2464 1381 2903 15131 58195
internal_value=4.67812e-05 0.000547054 -0.000633339 -3.96355e-05 0.000167409 0.00596875 0.000187163 -0.000294753 0.00495214 0.0083947 0.00831808 -0.00409783 -0.000744453 -0.000518041
internal_weight=53473.5 30811.6 22662 19355.2 19026.3 1908.25 28903.3 18014.5 1414.19 1066.36 1011.82 3306.75 16600.3 16159.8
internal_count=236271 134179 102092 87514 86055 8227 125952 81552 6136 4589 4503 14578 75416 73326
is_linear=0
shrinkage=0.03


Tree=297
num_leaves=15
num_cat=0
split_feature=38 1 37 9 17 37 0 35 38 7 8 1 15 9
split_gain=16.3706 40.4543 23.3683 31.1189 20.9118 17.4397 45.1718 39.4695 64.8571 25.4897 34.2224 32.4442 64.9356 74.8163
threshold=-2.6065503240709633 0.011110623945481285 -2.4114378402575984 -1.3688233286577385 -2.6206668316277795 -1.9169856374564767 0.033064095622787192 -1.339990669646183 -1.5804255627066601 -0.65176636362223561 -1.4438267219280834 0.018525181555048433 0.31458894274872157 -0.56173898116000165
decision_type=8 10 8 10 2 8 10 10 10 8 8 8 8 8
left_child=1 -1 3 4 -2 6 7 8 -4 -7 -11 -12 -13 -14
right_child=2 -3 5 -5 -6 9 -8 -9 -10 10 11 12 13 -15
leaf_value=0.016942011376011541 -0.0030717822549518473 -0.0013537655086250438 0.0041763590811950049 0.0027092025601404479 -0.02206636506023997 -0.001301595158895054 -0.014474410615631032 -0.00064839967632804958 0.027775723477602529 0.0079104411200582106 -0.00014988041216583206 -0.0044630333227109681 0.013453058967831881 0.0022309664439514889
leaf_weight=167.02461987733841 91.287656426429749 278.63445861637592 323.91088062524796 157.47413848340511 124.40391698479652 10829.904736913741 97.045335993170738 408.95424562692642 148.20485898852348 519.68204993009567 33563.602615259588 1122.5929753780365 587.33820678293705 5171.2564419955015
leaf_count=688 425 1273 1367 671 575 47580 460 1731 625 2241 149089 4996 2546 22544
internal_value=6.23524e-05 0.00572448 1.3804e-05 -0.00736814 -0.0145195 6.73894e-05 0.00401544 0.00619159 0.012007 -7.92866e-06 0.000334316 0.000235038 0.00211 0.00339688
internal_weight=53591.3 445.659 53145.7 373.166 215.692 52772.5 978.115 881.07 472.116 51794.4 40964.5 40444.8 6881.19 5758.59
internal_count=236811 1961 234850 1671 1000 233179 4183 3723 1992 228996 181416 179175 30086 25090
is_linear=0
shrinkage=0.03


Tree=298
num_leaves=15
num_cat=0
split_feature=33 7 1 37 38 37 44 37 39 39 38 34 34 37
split_gain=21.6397 37.4256 45.8047 37.2719 44.3213 38.5283 33.4803 44.1031 41.3552 41.8913 31.5536 29.7018 34.243 28.8421
threshold=-1.6896884625929116 -0.65176636362223561 0.01678323449312492 -0.17080221823557104 -1.9647579263516317 -1.9932604932324511 0.003796355583072506 -1.7842672868464209 -1.3513121520578169 0.46772567244585855 0.43542087389563283 -0.84123564504636095 -1.9692718473459017 -0.97896194213365595
decision_type=8 8 8 10 10 10 10 10 10 10 10 10 10 10
left_child=3 2 6 4 5 -1 7 -2 -9 -10 -11 12 -6 -14
right_child=1 -3 -4 -5 11 -7 -8 8 9 10 -12 -13 13 -15
leaf_value=0.00085692657291796647 0.0081735056868121325 0.00028452202981914054 -0.0059744250615480967 -0.0057090794501837294 0.009382595759003437 -0.019331732703982602 -0.0038065583799793529 -0.0097784757523226001 0.0016667356328028233 -0.0072250079268826057 0.0045500611068268332 0.019818986907666723 -0.0039884093485549965 0.0079945671449069503
leaf_weight=345.09981332719326 577.78820456564426 40423.301287375391 1864.1294109150767 392.34108959883451 831.80945475399494 102.57673911750317 2404.4899679422379 388.43791684508324 4143.938056692481 936.45674884319305 253.95445555448532 128.67853799462318 467.57504403591156 280.93816807866096
leaf_count=1549 2431 178822 8587 1856 3618 439 10478 1763 17732 4227 1174 564 2065 1236
internal_value=3.92042e-06 -0.000131151 -0.00171972 0.00269595 0.00424428 -0.00409024 -0.000802789 0.000347756 -0.000455232 0.000240697 -0.00469601 0.00643861 0.00523134 0.000555244
internal_weight=53541.5 50992.5 10569.2 2549.02 2156.68 447.677 8705.07 6300.58 5722.79 5334.35 1190.41 1709 1580.32 748.513
internal_count=236541 225214 46392 11327 9471 1988 37805 27327 24896 23133 5401 7483 6919 3301
is_linear=0
shrinkage=0.03


Tree=299
num_leaves=15
num_cat=1
split_feature=40 40 1 37 46 43 39 35 11 40 41 39 11 40
split_gain=16.8295 40.7475 38.3891 33.1609 31.3064 22.2817 19.8779 43.7885 36.4318 36.4334 30.5252 25.8493 65.1733 66.3121
threshold=2.23283889851727 1.8109724888670573 0.0094511772330750764 1.2011929946605318 0 0.64583333333333337 1.9599887713377362 -0.024413879946295392 1.9702095882467348 1.1231835728210227 0.8500000000000002 1.1672008633511177 1.6665900934903779 1.3729840941476266
decision_type=10 8 10 8 1 10 10 10 10 10 2 10 10 10
left_child=1 6 -2 -3 -5 -4 11 -8 9 10 -9 -1 13 -13
right_child=2 3 5 4 -6 -7 7 8 -10 -11 -12 12 -14 -15
leaf_value=0.00018806346252395331 -0.0030202687684469619 -0.0091091458425671783 0.013235065174431362 0.011923881944045455 -0.0037335511247252938 0.0023554556663579495 0.016839810407081567 -0.0011707038788203131 0.015848061502599296 -0.0065975000710667212 0.019354831691240762 -0.0062480700691194433 0.0057617865160338923 0.0026424318021861324
leaf_weight=45611.148990258574 465.43636041134596 792.0682420656085 350.86163684725761 136.58938703685999 412.3393639177084 329.22632935643196 188.72185422480106 155.32394257187843 118.33395381271839 450.80145512521267 101.09118369221687 2732.8255984634161 762.606824234128 1035.3585567250848
leaf_count=199461 2377 3952 1637 692 2056 1547 817 667 487 2004 446 12714 3310 4874
internal_value=7.24843e-07 -7.80888e-05 0.00358202 -0.00522071 0.000452638 0.00807877 5.77127e-05 0.00419493 0.00113735 -0.00151075 0.0073442 -2.67948e-05 -0.00218541 -0.00380476
internal_weight=53642.7 52497.2 1145.52 1341 548.929 680.088 51156.2 1014.27 825.551 707.217 256.415 50141.9 4530.79 3768.18
internal_count=237041 231480 5561 6700 2748 3184 224780 4421 3604 3117 1113 220359 20898 17588
cat_boundaries=0 1
cat_threshold=5
is_linear=0
shrinkage=0.03


end of trees

feature_importances:
mkt_ret_72=378
btc_ret_72=367
ret_256=297
dow=239
vol_w=234
btc_ret_24=234
mkt_ret_24=188
beta=180
sym=177
stoch_288=159
ret_128=137
mkt_ret_8=128
stoch_96=123
btc_ret_8=123
vol_ratio=119
atr_pct=115
ema_dist_200=101
vol_d=80
ret_64=77
breadth_24=72
ema_slope_50=60
mkt_ret_4=54
taker_dev=52
rel_ret_24=50
taker_8=48
ret_16=47
ret_32=47
btc_ret_4=44
btc_ret_1=35
xs_rank_72=35
ret_8=33
rsi=33
stoch_24=30
ema_dist_50=22
mkt_ret_1=21
ema_dist_20=15
trades_z=10
vol_z=9
upper_wick=8
xs_rank_24=8
ret_4=6
hour=4
ret_2=1

parameters:
[boosting: gbdt]
[objective: binary]
[metric: binary_logloss]
[tree_learner: serial]
[device_type: cpu]
[data_sample_strategy: bagging]
[data: ]
[valid: ]
[num_iterations: 300]
[learning_rate: 0.03]
[num_leaves: 15]
[num_threads: 4]
[seed: 7]
[deterministic: 0]
[force_col_wise: 0]
[force_row_wise: 0]
[histogram_pool_size: -1]
[max_depth: -1]
[min_data_in_leaf: 400]
[min_sum_hessian_in_leaf: 0.001]
[bagging_fraction: 0.7]
[pos_bagging_fraction: 1]
[neg_bagging_fraction: 1]
[bagging_freq: 1]
[bagging_seed: 17422]
[bagging_by_query: 0]
[feature_fraction: 0.7]
[feature_fraction_bynode: 1]
[feature_fraction_seed: 7040]
[extra_trees: 0]
[extra_seed: 6516]
[early_stopping_round: 0]
[early_stopping_min_delta: 0]
[first_metric_only: 0]
[max_delta_step: 0]
[lambda_l1: 0]
[lambda_l2: 10]
[linear_lambda: 0]
[min_gain_to_split: 0]
[drop_rate: 0.1]
[max_drop: 50]
[skip_drop: 0.5]
[xgboost_dart_mode: 0]
[uniform_drop: 0]
[drop_seed: 15215]
[top_rate: 0.2]
[other_rate: 0.1]
[min_data_per_group: 100]
[max_cat_threshold: 32]
[cat_l2: 10]
[cat_smooth: 10]
[max_cat_to_onehot: 4]
[top_k: 20]
[monotone_constraints: ]
[monotone_constraints_method: basic]
[monotone_penalty: 0]
[feature_contri: ]
[forcedsplits_filename: ]
[refit_decay_rate: 0.9]
[cegb_tradeoff: 1]
[cegb_penalty_split: 0]
[cegb_penalty_feature_lazy: ]
[cegb_penalty_feature_coupled: ]
[path_smooth: 0]
[interaction_constraints: ]
[verbosity: -1]
[saved_feature_importance_type: 0]
[use_quantized_grad: 0]
[num_grad_quant_bins: 4]
[quant_train_renew_leaf: 0]
[stochastic_rounding: 1]
[linear_tree: 0]
[max_bin: 255]
[max_bin_by_feature: ]
[min_data_in_bin: 3]
[bin_construct_sample_cnt: 200000]
[data_random_seed: 61]
[is_enable_sparse: 1]
[enable_bundle: 1]
[use_missing: 1]
[zero_as_missing: 0]
[feature_pre_filter: 1]
[pre_partition: 0]
[two_round: 0]
[header: 0]
[label_column: ]
[weight_column: ]
[group_column: ]
[ignore_column: ]
[categorical_feature: 46]
[forcedbins_filename: ]
[precise_float_parser: 0]
[parser_config_file: ]
[objective_seed: 15521]
[num_class: 1]
[is_unbalance: 0]
[scale_pos_weight: 1]
[sigmoid: 1]
[boost_from_average: 1]
[reg_sqrt: 0]
[alpha: 0.9]
[fair_c: 1]
[poisson_max_delta_step: 0.7]
[tweedie_variance_power: 1.5]
[lambdarank_truncation_level: 30]
[lambdarank_norm: 1]
[label_gain: ]
[lambdarank_position_bias_regularization: 0]
[eval_at: ]
[multi_error_top_k: 1]
[auc_mu_weights: ]
[num_machines: 1]
[local_listen_port: 12400]
[time_out: 120]
[machine_list_filename: ]
[machines: ]
[gpu_platform_id: -1]
[gpu_device_id: -1]
[gpu_device_id_list: ]
[gpu_use_dp: 0]
[num_gpu: 1]

end of parameters

pandas_categorical:[]
